gene_id,true_label,predicted_label,prob_class_1,prob_class_0,confidence,is_correct
essential_PSMG2|HGNC:24929,1,0,0.4725003,0.5274997,0.5274997,False
essential_UPF1|HGNC:9962,1,0,0.6440625,0.35593748,0.6440625,False
essential_ATP6AP2|HGNC:18305,1,0,0.5158455,0.48415452,0.5158455,False
essential_DPH1|HGNC:3003,1,0,0.8081453,0.19185472,0.8081453,False
essential_ANAPC11|HGNC:14452,1,0,0.616513,0.383487,0.616513,False
essential_CTC1|HGNC:26169,1,0,0.59777355,0.40222645,0.59777355,False
essential_GTF2E1|HGNC:4650,1,0,0.55022174,0.44977826,0.55022174,False
essential_DTL|HGNC:30288,1,0,0.5872736,0.4127264,0.5872736,False
essential_CRKL|HGNC:2363,1,0,0.5575223,0.4424777,0.5575223,False
essential_CHD4|HGNC:1919,1,0,0.6083826,0.39161742,0.6083826,False
essential_MRPL28|HGNC:14484,1,0,0.60793555,0.39206445,0.60793555,False
essential_PRC1|HGNC:9341,1,0,0.52300185,0.47699815,0.52300185,False
essential_PMF1|HGNC:9112,1,0,0.6006955,0.3993045,0.6006955,False
essential_DGCR8|HGNC:2847,1,0,0.5979664,0.40203363,0.5979664,False
essential_PMPCA|HGNC:18667,1,0,0.6667823,0.33321768,0.6667823,False
essential_DHX35|HGNC:15861,1,0,0.5732848,0.4267152,0.5732848,False
essential_PLRG1|HGNC:9089,1,0,0.5018719,0.49812812,0.5018719,False
essential_NDUFA13|HGNC:17194,1,0,0.7722947,0.2277053,0.7722947,False
essential_LUC7L3|HGNC:24309,1,0,0.50193405,0.49806595,0.50193405,False
essential_WDR12|HGNC:14098,1,0,0.5006291,0.49937087,0.5006291,False
essential_NAE1|HGNC:621,1,0,0.5559998,0.44400018,0.5559998,False
essential_WDR75|HGNC:25725,1,0,0.55792373,0.44207627,0.55792373,False
essential_MRPL22|HGNC:14480,1,0,0.53167725,0.46832275,0.53167725,False
essential_HSCB|HGNC:28913,1,0,0.6402146,0.35978538,0.6402146,False
essential_TUBB|HGNC:20778,1,0,0.72683114,0.27316886,0.72683114,False
essential_VARS2|HGNC:21642,1,0,0.65935427,0.34064573,0.65935427,False
essential_PABPN1|HGNC:8565,1,0,0.66414005,0.33585995,0.66414005,False
essential_SSRP1|HGNC:11327,1,0,0.64264673,0.35735327,0.64264673,False
essential_SNRNP35|HGNC:30852,1,0,0.6269839,0.37301612,0.6269839,False
essential_NSL1|HGNC:24548,1,0,0.515797,0.48420298,0.515797,False
essential_TLN1|HGNC:11845,1,0,0.65744865,0.34255135,0.65744865,False
essential_NDUFB8|HGNC:7703,1,0,0.57069105,0.42930895,0.57069105,False
essential_TXN2|HGNC:17772,1,0,0.6553092,0.3446908,0.6553092,False
essential_RPS16|HGNC:10396,1,0,0.6846505,0.31534952,0.6846505,False
essential_WDR4|HGNC:12756,1,0,0.75786346,0.24213654,0.75786346,False
essential_DDOST|HGNC:2728,1,0,0.6610512,0.3389488,0.6610512,False
essential_NR2C2AP|HGNC:30763,1,0,0.6086692,0.39133078,0.6086692,False
essential_WDR5|HGNC:12757,1,0,0.5602038,0.4397962,0.5602038,False
essential_MED7|HGNC:2378,1,0,0.46779373,0.5322063,0.5322063,False
essential_HNRNPM|HGNC:5046,1,0,0.6198508,0.3801492,0.6198508,False
essential_STRIP1|HGNC:25916,1,0,0.6165366,0.38346338,0.6165366,False
essential_TBCC|HGNC:11580,1,0,0.7034329,0.29656708,0.7034329,False
essential_NRDE2|HGNC:20186,1,0,0.5836391,0.4163609,0.5836391,False
essential_ADSS|HGNC:292,1,0,0.5268516,0.4731484,0.5268516,False
essential_GTF2H4|HGNC:4658,1,0,0.6624348,0.33756518,0.6624348,False
essential_VPS29|HGNC:14340,1,0,0.49693847,0.50306153,0.50306153,False
essential_ATP6V1G1|HGNC:864,1,0,0.6072522,0.39274782,0.6072522,False
essential_MED23|HGNC:2372,1,0,0.5937746,0.40622538,0.5937746,False
essential_RBMX|HGNC:9910,1,0,0.51904184,0.48095816,0.51904184,False
essential_RBM22|HGNC:25503,1,0,0.59354514,0.40645486,0.59354514,False
essential_DONSON|HGNC:2993,1,0,0.568092,0.431908,0.568092,False
essential_RABGGTA|HGNC:9795,1,0,0.63804466,0.36195534,0.63804466,False
essential_TYMS|HGNC:12441,1,0,0.6983026,0.30169737,0.6983026,False
essential_DHX9|HGNC:2750,1,0,0.52750623,0.47249377,0.52750623,False
essential_GCN1|HGNC:4199,1,0,0.63922316,0.36077684,0.63922316,False
essential_DDX21|HGNC:2744,1,0,0.54084235,0.45915765,0.54084235,False
essential_CSNK1A1|HGNC:2451,1,0,0.56370234,0.43629766,0.56370234,False
essential_PHAX|HGNC:10241,1,0,0.5215707,0.47842932,0.5215707,False
essential_EIF3G|HGNC:3274,1,0,0.9228633,0.077136695,0.9228633,False
essential_BUB3|HGNC:1151,1,0,0.64768857,0.35231143,0.64768857,False
essential_MRPL17|HGNC:14053,1,0,0.84998393,0.15001607,0.84998393,False
essential_RHEB|HGNC:10011,1,0,0.45495012,0.5450499,0.5450499,False
essential_CDC37|HGNC:1735,1,0,0.77384514,0.22615486,0.77384514,False
essential_SON|HGNC:11183,1,0,0.5860884,0.41391158,0.5860884,False
essential_MAGOH|HGNC:6815,1,0,0.50197685,0.49802315,0.50197685,False
essential_RPSA|HGNC:6502,1,0,0.60147834,0.39852166,0.60147834,False
essential_FTSJ3|HGNC:17136,1,0,0.64243144,0.35756856,0.64243144,False
essential_SMG5|HGNC:24644,1,0,0.58815414,0.41184586,0.58815414,False
essential_ABCF1|HGNC:70,1,0,0.64178264,0.35821736,0.64178264,False
essential_PGM3|HGNC:8907,1,0,0.5057818,0.49421817,0.5057818,False
essential_ARGLU1|HGNC:25482,1,0,0.6530646,0.3469354,0.6530646,False
essential_AARS2|HGNC:21022,1,0,0.62940896,0.37059104,0.62940896,False
essential_RPS14|HGNC:10387,1,0,0.52030945,0.47969055,0.52030945,False
essential_ATP6V1D|HGNC:13527,1,0,0.5448907,0.4551093,0.5448907,False
essential_MTHFD1|HGNC:7432,1,0,0.6087998,0.39120018,0.6087998,False
essential_SKIV2L2|HGNC:18734,1,0,0.6047966,0.3952034,0.6047966,False
essential_RPAIN|HGNC:28641,1,0,0.5747442,0.42525578,0.5747442,False
essential_XAB2|HGNC:14089,1,0,0.88813835,0.111861646,0.88813835,False
essential_DDX41|HGNC:18674,1,0,0.65008414,0.34991586,0.65008414,False
essential_TTI1|HGNC:29029,1,0,0.5954908,0.4045092,0.5954908,False
essential_INTS5|HGNC:29352,1,0,0.63205963,0.36794037,0.63205963,False
essential_PHB|HGNC:8912,1,0,0.7487201,0.2512799,0.7487201,False
essential_SRRM2|HGNC:16639,1,0,0.62504154,0.37495846,0.62504154,False
essential_YARS2|HGNC:24249,1,0,0.65597713,0.34402287,0.65597713,False
essential_PCNA|HGNC:8729,1,0,0.6417287,0.3582713,0.6417287,False
essential_FKBPL|HGNC:13949,1,0,0.62900364,0.37099636,0.62900364,False
essential_GPS1|HGNC:4549,1,0,0.68552625,0.31447375,0.68552625,False
essential_UBR4|HGNC:30313,1,0,0.6378831,0.36211687,0.6378831,False
essential_KIAA0391|HGNC:19958,1,0,0.56429815,0.43570185,0.56429815,False
essential_EIF2S3|HGNC:3267,1,0,0.5415606,0.4584394,0.5415606,False
essential_SNRPF|HGNC:11162,1,0,0.40422678,0.5957732,0.5957732,False
essential_SMNDC1|HGNC:16900,1,0,0.5576929,0.4423071,0.5576929,False
essential_TAF13|HGNC:11546,1,0,0.52531725,0.47468275,0.52531725,False
essential_ATL2|HGNC:24047,1,0,0.5680499,0.4319501,0.5680499,False
essential_PSMD7|HGNC:9565,1,0,0.5901658,0.4098342,0.5901658,False
essential_FNBP4|HGNC:19752,1,0,0.5408183,0.45918173,0.5408183,False
essential_GBF1|HGNC:4181,1,0,0.60883707,0.39116293,0.60883707,False
essential_TAF3|HGNC:17303,1,0,0.6498893,0.3501107,0.6498893,False
essential_PCID2|HGNC:25653,1,0,0.61805123,0.38194877,0.61805123,False
essential_ESPL1|HGNC:16856,1,0,0.65133977,0.34866023,0.65133977,False
essential_TRAPPC1|HGNC:19894,1,0,0.5916758,0.40832418,0.5916758,False
essential_SRRM1|HGNC:16638,1,0,0.61840534,0.38159466,0.61840534,False
essential_MRPL48|HGNC:16653,1,0,0.5145841,0.48541588,0.5145841,False
essential_AKIRIN2|HGNC:21407,1,0,0.63521814,0.36478186,0.63521814,False
essential_NUP43|HGNC:21182,1,0,0.5482067,0.4517933,0.5482067,False
essential_PAF1|HGNC:25459,1,0,0.6152603,0.3847397,0.6152603,False
essential_VPS18|HGNC:15972,1,0,0.74211776,0.25788224,0.74211776,False
essential_RUVBL1|HGNC:10474,1,0,0.56835806,0.43164194,0.56835806,False
essential_TBCA|HGNC:11579,1,0,0.50729614,0.49270386,0.50729614,False
essential_SF3B5|HGNC:21083,1,0,0.6480378,0.3519622,0.6480378,False
essential_FAM98B|HGNC:26773,1,0,0.5808831,0.4191169,0.5808831,False
essential_LEO1|HGNC:30401,1,0,0.53383446,0.46616554,0.53383446,False
essential_PPIE|HGNC:9258,1,0,0.6976584,0.30234158,0.6976584,False
essential_BIRC5|HGNC:593,1,0,0.70320654,0.29679346,0.70320654,False
essential_GUK1|HGNC:4693,1,0,0.5784796,0.4215204,0.5784796,False
essential_ZNF830|HGNC:28291,1,0,0.6183729,0.38162708,0.6183729,False
essential_NOP2|HGNC:7867,1,0,0.58930534,0.41069466,0.58930534,False
essential_SCO2|HGNC:10604,1,0,0.7699665,0.23003352,0.7699665,False
essential_ATP5A1|HGNC:823,1,0,0.5944782,0.4055218,0.5944782,False
essential_BMS1|HGNC:23505,1,0,0.5996452,0.4003548,0.5996452,False
essential_CDC7|HGNC:1745,1,0,0.49634883,0.50365114,0.50365114,False
essential_TTI2|HGNC:26262,1,0,0.5696166,0.43038338,0.5696166,False
essential_PSMD14|HGNC:16889,1,0,0.5035044,0.4964956,0.5035044,False
essential_VPS52|HGNC:10518,1,0,0.6223195,0.37768048,0.6223195,False
essential_PPP1R15B|HGNC:14951,1,0,0.5813727,0.41862732,0.5813727,False
essential_TOP3A|HGNC:11992,1,0,0.6005964,0.39940357,0.6005964,False
essential_WDR83|HGNC:32672,1,0,0.6787854,0.32121462,0.6787854,False
essential_CTNNBL1|HGNC:15879,1,0,0.59953564,0.40046436,0.59953564,False
essential_TPI1|HGNC:12009,1,0,0.7371135,0.26288652,0.7371135,False
essential_ARIH1|HGNC:689,1,0,0.5005965,0.49940348,0.5005965,False
essential_SLC7A6OS|HGNC:25807,1,0,0.83888906,0.16111094,0.83888906,False
essential_PLK4|HGNC:11397,1,0,0.49858555,0.5014144,0.5014144,False
essential_DDX56|HGNC:18193,1,0,0.6799763,0.32002372,0.6799763,False
essential_PRPF40A|HGNC:16463,1,0,0.5738845,0.4261155,0.5738845,False
essential_ERCC2|HGNC:3434,1,0,0.76095283,0.23904717,0.76095283,False
essential_QARS|HGNC:9751,1,0,0.61581445,0.38418555,0.61581445,False
essential_SMC2|HGNC:14011,1,0,0.59999424,0.40000576,0.59999424,False
essential_PPP1R7|HGNC:9295,1,0,0.68785715,0.31214285,0.68785715,False
essential_DHPS|HGNC:2869,1,0,0.73398477,0.26601523,0.73398477,False
essential_ILK|HGNC:6040,1,0,0.5474505,0.45254952,0.5474505,False
essential_MAK16|HGNC:13703,1,0,0.5194844,0.4805156,0.5194844,False
essential_UROD|HGNC:12591,1,0,0.61000794,0.38999206,0.61000794,False
essential_TAF6|HGNC:11540,1,0,0.719458,0.28054202,0.719458,False
essential_AIFM1|HGNC:8768,1,0,0.5802333,0.41976672,0.5802333,False
essential_CCT6A|HGNC:1620,1,0,0.54498756,0.45501244,0.54498756,False
essential_USP36|HGNC:20062,1,0,0.6260871,0.37391287,0.6260871,False
essential_BRIX1|HGNC:24170,1,0,0.52771735,0.47228265,0.52771735,False
essential_PSMA7|HGNC:9536,1,0,0.66749316,0.33250684,0.66749316,False
essential_PPA1|HGNC:9226,1,0,0.517175,0.48282498,0.517175,False
essential_SOD2|HGNC:11180,1,0,0.60277253,0.39722747,0.60277253,False
essential_RBM25|HGNC:23244,1,0,0.5464423,0.45355773,0.5464423,False
essential_BLM|HGNC:1058,1,0,0.55977297,0.44022703,0.55977297,False
essential_XPO1|HGNC:12825,1,0,0.51787955,0.48212045,0.51787955,False
essential_HYOU1|HGNC:16931,1,0,0.67414963,0.32585037,0.67414963,False
essential_DMAP1|HGNC:18291,1,0,0.7377619,0.2622381,0.7377619,False
essential_MCRS1|HGNC:6960,1,0,0.6966947,0.30330533,0.6966947,False
essential_IARS2|HGNC:29685,1,0,0.60850275,0.39149725,0.60850275,False
essential_COQ3|HGNC:18175,1,0,0.5889376,0.41106242,0.5889376,False
essential_YARS|HGNC:12840,1,0,0.58179986,0.41820014,0.58179986,False
essential_AAMP|HGNC:18,1,0,0.54669434,0.45330566,0.54669434,False
essential_CCNH|HGNC:1594,1,0,0.57357144,0.42642856,0.57357144,False
essential_VPS72|HGNC:11644,1,0,0.58858657,0.41141343,0.58858657,False
essential_COQ2|HGNC:25223,1,0,0.5708443,0.4291557,0.5708443,False
essential_TNPO1|HGNC:6401,1,0,0.5821283,0.4178717,0.5821283,False
essential_RRP1|HGNC:18785,1,0,0.6850598,0.3149402,0.6850598,False
essential_SNRNP70|HGNC:11150,1,0,0.8096962,0.1903038,0.8096962,False
essential_IARS|HGNC:5330,1,0,0.6051833,0.3948167,0.6051833,False
essential_YEATS2|HGNC:25489,1,0,0.6354599,0.3645401,0.6354599,False
essential_ILF2|HGNC:6037,1,0,0.46717578,0.5328242,0.5328242,False
essential_EIF2B1|HGNC:3257,1,0,0.6923827,0.3076173,0.6923827,False
essential_PSMB3|HGNC:9540,1,0,0.534564,0.46543598,0.534564,False
essential_LARS2|HGNC:17095,1,0,0.601624,0.398376,0.601624,False
essential_RACK1|HGNC:4399,1,0,0.6308296,0.36917043,0.6308296,False
essential_METTL14|HGNC:29330,1,0,0.5909042,0.40909582,0.5909042,False
essential_MTG1|HGNC:32159,1,0,0.7727221,0.22727787,0.7727221,False
essential_EXOSC9|HGNC:9137,1,0,0.5373843,0.46261573,0.5373843,False
essential_UTP6|HGNC:18279,1,0,0.54408115,0.45591885,0.54408115,False
essential_TUBGCP6|HGNC:18127,1,0,0.64022195,0.35977805,0.64022195,False
essential_EMC1|HGNC:28957,1,0,0.64404213,0.35595787,0.64404213,False
essential_EIF3I|HGNC:3272,1,0,0.6563238,0.3436762,0.6563238,False
essential_COASY|HGNC:29932,1,0,0.62746406,0.37253594,0.62746406,False
essential_C1orf131|HGNC:25332,1,0,0.5112475,0.48875248,0.5112475,False
essential_MFN2|HGNC:16877,1,0,0.6300399,0.36996013,0.6300399,False
essential_NAT10|HGNC:29830,1,0,0.63996863,0.36003137,0.63996863,False
essential_GTPBP8|HGNC:25007,1,0,0.5615284,0.43847162,0.5615284,False
essential_PPP2CA|HGNC:9299,1,0,0.5600755,0.43992448,0.5600755,False
essential_NIPBL|HGNC:28862,1,0,0.5592817,0.4407183,0.5592817,False
essential_SOD1|HGNC:11179,1,0,0.6714864,0.32851362,0.6714864,False
essential_NKAP|HGNC:29873,1,0,0.6367832,0.36321682,0.6367832,False
essential_MIS18BP1|HGNC:20190,1,0,0.5026317,0.49736828,0.5026317,False
essential_RPL10A|HGNC:10299,1,0,0.70316434,0.29683566,0.70316434,False
essential_BYSL|HGNC:1157,1,0,0.6953773,0.3046227,0.6953773,False
essential_PRPF4B|HGNC:17346,1,0,0.55679256,0.44320744,0.55679256,False
essential_NSMCE4A|HGNC:25935,1,0,0.5458996,0.45410037,0.5458996,False
essential_NUMA1|HGNC:8059,1,0,0.6925185,0.30748153,0.6925185,False
essential_SAP30BP|HGNC:30785,1,0,0.6331246,0.3668754,0.6331246,False
essential_EIF4A3|HGNC:18683,1,0,0.8055874,0.19441259,0.8055874,False
essential_POLR2E|HGNC:9192,1,0,0.8187569,0.18124312,0.8187569,False
essential_PSMB6|HGNC:9543,1,0,0.6875306,0.31246942,0.6875306,False
essential_MCM2|HGNC:6944,1,0,0.6270133,0.37298667,0.6270133,False
essential_CEP97|HGNC:26244,1,0,0.53004897,0.46995103,0.53004897,False
essential_ATP6V1H|HGNC:18303,1,0,0.60448134,0.39551866,0.60448134,False
essential_SUPV3L1|HGNC:11471,1,0,0.6348274,0.36517262,0.6348274,False
essential_BCS1L|HGNC:1020,1,0,0.6589316,0.3410684,0.6589316,False
essential_PPP1R8|HGNC:9296,1,0,0.52072835,0.47927165,0.52072835,False
essential_RPP40|HGNC:20992,1,0,0.5389537,0.46104628,0.5389537,False
essential_CENPC|HGNC:1854,1,0,0.5335322,0.4664678,0.5335322,False
essential_ATP6V1E1|HGNC:857,1,0,0.506939,0.493061,0.506939,False
essential_POLA1|HGNC:9173,1,0,0.60257995,0.39742005,0.60257995,False
essential_SPRTN|HGNC:25356,1,0,0.5925974,0.40740258,0.5925974,False
essential_PSMA3|HGNC:9532,1,0,0.47600594,0.5239941,0.5239941,False
essential_DR1|HGNC:3017,1,0,0.5251848,0.4748152,0.5251848,False
essential_RPP21|HGNC:21300,1,0,0.8992909,0.10070908,0.8992909,False
essential_ZNF207|HGNC:12998,1,0,0.51827717,0.48172283,0.51827717,False
essential_MED17|HGNC:2375,1,0,0.6412351,0.3587649,0.6412351,False
essential_POLR1A|HGNC:17264,1,0,0.61855346,0.38144654,0.61855346,False
essential_SDHB|HGNC:10681,1,0,0.5924928,0.40750718,0.5924928,False
essential_USP5|HGNC:12628,1,0,0.6350833,0.36491668,0.6350833,False
essential_RPL8|HGNC:10368,1,0,0.75347453,0.24652547,0.75347453,False
essential_NCAPH|HGNC:1112,1,0,0.6609938,0.3390062,0.6609938,False
essential_GMPS|HGNC:4378,1,0,0.500041,0.499959,0.500041,False
essential_NUF2|HGNC:14621,1,0,0.5064055,0.49359453,0.5064055,False
essential_PRPF19|HGNC:17896,1,0,0.73638463,0.26361537,0.73638463,False
essential_MRTO4|HGNC:18477,1,0,0.8115348,0.18846518,0.8115348,False
essential_NMD3|HGNC:24250,1,0,0.51935273,0.48064727,0.51935273,False
essential_RAD51C|HGNC:9820,1,0,0.4887987,0.51120126,0.51120126,False
essential_KIF18A|HGNC:29441,1,0,0.5248589,0.4751411,0.5248589,False
essential_C18orf21|HGNC:28802,1,0,0.5711197,0.42888027,0.5711197,False
essential_BRD8|HGNC:19874,1,0,0.569845,0.43015498,0.569845,False
essential_NEDD1|HGNC:7723,1,0,0.5055698,0.49443018,0.5055698,False
essential_MTOR|HGNC:3942,1,0,0.61756337,0.38243663,0.61756337,False
essential_ABCE1|HGNC:69,1,0,0.5776318,0.42236823,0.5776318,False
essential_NUDCD3|HGNC:22208,1,0,0.6525051,0.3474949,0.6525051,False
essential_SLC35B1|HGNC:20798,1,0,0.6224807,0.3775193,0.6224807,False
essential_PPP2R4|HGNC:9308,1,0,0.61432195,0.38567805,0.61432195,False
essential_BRF2|HGNC:17298,1,0,0.6007944,0.39920563,0.6007944,False
essential_MRPL37|HGNC:14034,1,0,0.6410165,0.35898352,0.6410165,False
essential_BUD13|HGNC:28199,1,0,0.62924373,0.37075627,0.62924373,False
essential_DNAJA3|HGNC:11808,1,0,0.65582675,0.34417325,0.65582675,False
essential_BUD31|HGNC:29629,1,0,0.6005663,0.39943367,0.6005663,False
essential_COG4|HGNC:18620,1,0,0.6104607,0.3895393,0.6104607,False
essential_DHX36|HGNC:14410,1,0,0.6174699,0.3825301,0.6174699,False
essential_COPS5|HGNC:2240,1,0,0.5487896,0.45121038,0.5487896,False
essential_MYH9|HGNC:7579,1,0,0.7584032,0.24159682,0.7584032,False
essential_HUS1|HGNC:5309,1,0,0.48217443,0.5178256,0.5178256,False
essential_FARS2|HGNC:21062,1,0,0.6332458,0.36675417,0.6332458,False
essential_USP37|HGNC:20063,1,0,0.5047853,0.4952147,0.5047853,False
essential_C9orf78|HGNC:24932,1,0,0.6502485,0.34975147,0.6502485,False
essential_MED20|HGNC:16840,1,0,0.5019594,0.49804062,0.5019594,False
essential_ACTR3|HGNC:170,1,0,0.57083434,0.42916566,0.57083434,False
essential_ELP3|HGNC:20696,1,0,0.6294255,0.37057447,0.6294255,False
essential_ACO2|HGNC:118,1,0,0.6929876,0.30701238,0.6929876,False
essential_ZC3H8|HGNC:30941,1,0,0.5304237,0.4695763,0.5304237,False
essential_NAA30|HGNC:19844,1,0,0.61622655,0.38377345,0.61622655,False
essential_CDC73|HGNC:16783,1,0,0.5423598,0.45764017,0.5423598,False
essential_POLR3F|HGNC:15763,1,0,0.51797503,0.48202497,0.51797503,False
essential_GARS|HGNC:4162,1,0,0.5916556,0.4083444,0.5916556,False
essential_SRP68|HGNC:11302,1,0,0.64542174,0.35457826,0.64542174,False
essential_SEH1L|HGNC:30379,1,0,0.59855014,0.40144986,0.59855014,False
essential_MIS18A|HGNC:1286,1,0,0.6678011,0.33219892,0.6678011,False
essential_POLD1|HGNC:9175,1,0,0.8623301,0.13766992,0.8623301,False
essential_RPS11|HGNC:10384,1,0,0.7730209,0.22697908,0.7730209,False
essential_EIF6|HGNC:6159,1,0,0.64136183,0.35863817,0.64136183,False
essential_GNB1L|HGNC:4397,1,0,0.9343898,0.06561017,0.9343898,False
essential_NOP56|HGNC:15911,1,0,0.6776036,0.3223964,0.6776036,False
essential_MRPL4|HGNC:14276,1,0,0.7742041,0.22579592,0.7742041,False
essential_URB1|HGNC:17344,1,0,0.62692916,0.37307084,0.62692916,False
essential_PPP4C|HGNC:9319,1,0,0.7230166,0.27698338,0.7230166,False
essential_FBXW11|HGNC:13607,1,0,0.5283012,0.47169882,0.5283012,False
essential_COQ4|HGNC:19693,1,0,0.7364172,0.26358283,0.7364172,False
essential_MRPL47|HGNC:16652,1,0,0.49954727,0.50045276,0.50045276,False
essential_MED10|HGNC:28760,1,0,0.5567214,0.4432786,0.5567214,False
essential_SKA1|HGNC:28109,1,0,0.56300306,0.43699694,0.56300306,False
essential_SRF|HGNC:11291,1,0,0.6979656,0.30203438,0.6979656,False
essential_MCM4|HGNC:6947,1,0,0.5986291,0.40137088,0.5986291,False
essential_ELL|HGNC:23114,1,0,0.74612725,0.25387275,0.74612725,False
essential_XRCC5|HGNC:12833,1,0,0.5145474,0.4854526,0.5145474,False
essential_SMG7|HGNC:16792,1,0,0.5969345,0.4030655,0.5969345,False
essential_C14orf80|HGNC:20127,1,0,0.80681586,0.19318414,0.80681586,False
essential_ESF1|HGNC:15898,1,0,0.5362486,0.46375138,0.5362486,False
essential_HEATR1|HGNC:25517,1,0,0.6213278,0.37867218,0.6213278,False
essential_POLR2H|HGNC:9195,1,0,0.46479636,0.53520364,0.53520364,False
essential_NUP62|HGNC:8066,1,0,0.6932689,0.3067311,0.6932689,False
essential_TUBGCP2|HGNC:18599,1,0,0.68777376,0.31222624,0.68777376,False
essential_MYC|HGNC:7553,1,0,0.7138559,0.28614408,0.7138559,False
essential_CCDC130|HGNC:28118,1,1,0.97414905,0.025850952,0.97414905,True
essential_PAXBP1|HGNC:13579,1,0,0.5853244,0.4146756,0.5853244,False
essential_TACC3|HGNC:11524,1,0,0.63757825,0.36242175,0.63757825,False
essential_PELO|HGNC:8829,1,0,0.6198313,0.38016868,0.6198313,False
essential_TICRR|HGNC:28704,1,0,0.6450366,0.35496342,0.6450366,False
essential_MIOS|HGNC:21905,1,0,0.542158,0.457842,0.542158,False
essential_DNM2|HGNC:2974,1,0,0.7380889,0.2619111,0.7380889,False
essential_TUFM|HGNC:12420,1,0,0.6386154,0.36138457,0.6386154,False
essential_RRP12|HGNC:29100,1,0,0.7022335,0.2977665,0.7022335,False
essential_TUBGCP3|HGNC:18598,1,0,0.61158913,0.38841087,0.61158913,False
essential_RPL13A|HGNC:10304,1,0,0.8562471,0.14375287,0.8562471,False
essential_RPLP1|HGNC:10372,1,0,0.4746259,0.5253741,0.5253741,False
essential_POLE2|HGNC:9178,1,0,0.5258262,0.47417378,0.5258262,False
essential_PRPF18|HGNC:17351,1,0,0.55219233,0.44780767,0.55219233,False
essential_LENG1|HGNC:15502,1,0,0.8223152,0.17768478,0.8223152,False
essential_RPF2|HGNC:20870,1,0,0.51767564,0.48232436,0.51767564,False
essential_SARS|HGNC:10537,1,0,0.59410805,0.40589195,0.59410805,False
essential_CLASRP|HGNC:17731,1,0,0.75156254,0.24843746,0.75156254,False
essential_ALG13|HGNC:30881,1,0,0.552919,0.44708103,0.552919,False
essential_TUBD1|HGNC:16811,1,0,0.5018868,0.49811321,0.5018868,False
essential_TFAM|HGNC:11741,1,0,0.51177293,0.48822707,0.51177293,False
essential_PSMD12|HGNC:9557,1,0,0.6021428,0.3978572,0.6021428,False
essential_KIF11|HGNC:6388,1,0,0.58540666,0.41459334,0.58540666,False
essential_HNRNPL|HGNC:5045,1,0,0.6715414,0.3284586,0.6715414,False
essential_ATP5D|HGNC:837,1,0,0.7998602,0.20013982,0.7998602,False
essential_CCT5|HGNC:1618,1,0,0.7022538,0.29774618,0.7022538,False
essential_RBBP4|HGNC:9887,1,0,0.50012887,0.49987113,0.50012887,False
essential_RNGTT|HGNC:10073,1,0,0.5791428,0.4208572,0.5791428,False
essential_NCBP1|HGNC:7658,1,0,0.61416227,0.38583773,0.61416227,False
essential_GTPBP4|HGNC:21535,1,0,0.5798407,0.42015928,0.5798407,False
essential_UQCRC2|HGNC:12586,1,0,0.5046551,0.49534488,0.5046551,False
essential_SEC13|HGNC:10697,1,0,0.6801568,0.31984317,0.6801568,False
essential_RNF8|HGNC:10071,1,0,0.6378361,0.3621639,0.6378361,False
essential_ETF1|HGNC:3477,1,0,0.53079736,0.46920264,0.53079736,False
essential_WEE1|HGNC:12761,1,0,0.5824576,0.4175424,0.5824576,False
essential_PSMA4|HGNC:9533,1,0,0.51630336,0.48369664,0.51630336,False
essential_NCAPD3|HGNC:28952,1,0,0.584429,0.41557097,0.584429,False
essential_EIF3L|HGNC:18138,1,0,0.6393868,0.36061323,0.6393868,False
essential_NFYC|HGNC:7806,1,0,0.6444376,0.3555624,0.6444376,False
essential_EXOSC1|HGNC:17286,1,0,0.54417634,0.45582366,0.54417634,False
essential_MRPL23|HGNC:10322,1,0,0.7553582,0.24464178,0.7553582,False
essential_RABGGTB|HGNC:9796,1,0,0.46263918,0.5373608,0.5373608,False
essential_MRPL9|HGNC:14277,1,0,0.58210856,0.41789144,0.58210856,False
essential_DDX6|HGNC:2747,1,0,0.55146813,0.44853187,0.55146813,False
essential_TRNAU1AP|HGNC:30813,1,0,0.5420488,0.4579512,0.5420488,False
essential_COPB1|HGNC:2231,1,0,0.5720693,0.4279307,0.5720693,False
essential_EIF2B5|HGNC:3261,1,0,0.59403473,0.40596527,0.59403473,False
essential_MRPL24|HGNC:14037,1,0,0.5212221,0.4787779,0.5212221,False
essential_PFN1|HGNC:8881,1,0,0.6120701,0.38792992,0.6120701,False
essential_ELP2|HGNC:18248,1,0,0.5404419,0.45955813,0.5404419,False
essential_PPAN|HGNC:9227,1,0,0.7718171,0.22818291,0.7718171,False
essential_UTP20|HGNC:17897,1,0,0.5986498,0.4013502,0.5986498,False
essential_MRPS12|HGNC:10380,1,0,0.6949754,0.30502462,0.6949754,False
essential_METTL16|HGNC:28484,1,0,0.5938758,0.40612417,0.5938758,False
essential_CHMP6|HGNC:25675,1,0,0.8555357,0.14446431,0.8555357,False
essential_ECD|HGNC:17029,1,0,0.57112396,0.42887604,0.57112396,False
essential_DCTN5|HGNC:24594,1,0,0.6121112,0.3878888,0.6121112,False
essential_VPS54|HGNC:18652,1,0,0.52734977,0.47265023,0.52734977,False
essential_COA3|HGNC:24990,1,0,0.5937673,0.4062327,0.5937673,False
essential_MED11|HGNC:32687,1,0,0.6787905,0.3212095,0.6787905,False
essential_ELP6|HGNC:25976,1,0,0.7069925,0.2930075,0.7069925,False
essential_MEPCE|HGNC:20247,1,0,0.64185673,0.35814327,0.64185673,False
essential_MDN1|HGNC:18302,1,0,0.62670124,0.37329876,0.62670124,False
essential_POLD3|HGNC:20932,1,0,0.5892464,0.4107536,0.5892464,False
essential_TBCD|HGNC:11581,1,0,0.6603899,0.3396101,0.6603899,False
essential_CCT3|HGNC:1616,1,0,0.55313534,0.44686466,0.55313534,False
essential_TAF8|HGNC:17300,1,0,0.8955738,0.104426205,0.8955738,False
essential_MRPL11|HGNC:14042,1,0,0.59150124,0.40849876,0.59150124,False
essential_INTS7|HGNC:24484,1,0,0.5600563,0.43994367,0.5600563,False
essential_POLR1E|HGNC:17631,1,0,0.50593925,0.49406075,0.50593925,False
essential_WDR82|HGNC:28826,1,0,0.60151047,0.39848953,0.60151047,False
essential_PSMB5|HGNC:9542,1,0,0.6312708,0.36872917,0.6312708,False
essential_SMARCB1|HGNC:11103,1,0,0.727145,0.27285498,0.727145,False
essential_DHX8|HGNC:2749,1,0,0.6376285,0.3623715,0.6376285,False
essential_RPL27A|HGNC:10329,1,0,0.5466415,0.45335847,0.5466415,False
essential_MRPL10|HGNC:14055,1,0,0.64689887,0.35310113,0.64689887,False
essential_SACM1L|HGNC:17059,1,0,0.5682983,0.43170172,0.5682983,False
essential_EIF2B3|HGNC:3259,1,0,0.50006276,0.49993724,0.50006276,False
essential_PES1|HGNC:8848,1,0,0.75244635,0.24755365,0.75244635,False
essential_DOHH|HGNC:28662,1,1,0.9650492,0.034950793,0.9650492,True
essential_CHORDC1|HGNC:14525,1,0,0.45584416,0.54415584,0.54415584,False
essential_COX7C|HGNC:2292,1,0,0.5074931,0.49250692,0.5074931,False
essential_NELFB|HGNC:24324,1,0,0.8124424,0.18755758,0.8124424,False
essential_UQCRFS1|HGNC:12587,1,0,0.64569354,0.35430646,0.64569354,False
essential_ASNA1|HGNC:752,1,0,0.69700795,0.30299205,0.69700795,False
essential_SNRPC|HGNC:11157,1,0,0.50373775,0.49626225,0.50373775,False
essential_SNF8|HGNC:17028,1,0,0.71160465,0.28839535,0.71160465,False
essential_DNAJC9|HGNC:19123,1,0,0.5736906,0.4263094,0.5736906,False
essential_ZFC3H1|HGNC:28328,1,0,0.62653226,0.37346774,0.62653226,False
essential_PPIL2|HGNC:9261,1,0,0.7095983,0.2904017,0.7095983,False
essential_RBX1|HGNC:9928,1,0,0.49691197,0.503088,0.503088,False
essential_SFSWAP|HGNC:10790,1,0,0.6345602,0.36543977,0.6345602,False
essential_TMEM199|HGNC:18085,1,0,0.62437767,0.37562233,0.62437767,False
essential_HAUS1|HGNC:25174,1,0,0.5935478,0.40645218,0.5935478,False
essential_PGK1|HGNC:8896,1,0,0.54411435,0.45588565,0.54411435,False
essential_CWC22|HGNC:29322,1,0,0.5955881,0.4044119,0.5955881,False
essential_CHEK1|HGNC:1925,1,0,0.48333612,0.5166639,0.5166639,False
essential_PPP6C|HGNC:9323,1,0,0.5086558,0.4913442,0.5086558,False
essential_HINFP|HGNC:17850,1,0,0.6259206,0.3740794,0.6259206,False
essential_PAK1IP1|HGNC:20882,1,0,0.58049893,0.41950107,0.58049893,False
essential_MRPL38|HGNC:14033,1,0,0.8973542,0.102645814,0.8973542,False
essential_UTP4|HGNC:1983,1,0,0.66160357,0.33839643,0.66160357,False
essential_MARS|HGNC:6898,1,0,0.5922724,0.4077276,0.5922724,False
essential_POLR2F|HGNC:9193,1,0,0.78875995,0.21124005,0.78875995,False
essential_MVK|HGNC:7530,1,0,0.66067004,0.33932996,0.66067004,False
essential_NOP9|HGNC:19826,1,0,0.6241113,0.3758887,0.6241113,False
essential_TNPO3|HGNC:17103,1,0,0.62312037,0.37687963,0.62312037,False
essential_BRF1|HGNC:11551,1,0,0.74254024,0.25745976,0.74254024,False
essential_CUL2|HGNC:2552,1,0,0.547224,0.452776,0.547224,False
essential_DDX20|HGNC:2743,1,0,0.59031594,0.40968406,0.59031594,False
essential_YKT6|HGNC:16959,1,0,0.5165705,0.4834295,0.5165705,False
essential_RHOA|HGNC:667,1,0,0.44432992,0.5556701,0.5556701,False
essential_TXN|HGNC:12435,1,0,0.4956006,0.5043994,0.5043994,False
essential_UTP14A|HGNC:10665,1,0,0.5532294,0.4467706,0.5532294,False
essential_NAA50|HGNC:29533,1,0,0.48412797,0.515872,0.515872,False
essential_THG1L|HGNC:26053,1,0,0.5700059,0.4299941,0.5700059,False
essential_PARS2|HGNC:30563,1,0,0.60564315,0.39435685,0.60564315,False
essential_EIF4G1|HGNC:3296,1,0,0.645093,0.35490698,0.645093,False
essential_COX5B|HGNC:2269,1,0,0.58948624,0.41051376,0.58948624,False
essential_PI4KA|HGNC:8983,1,0,0.62126374,0.37873626,0.62126374,False
essential_GRWD1|HGNC:21270,1,0,0.8384787,0.16152132,0.8384787,False
essential_GSPT1|HGNC:4621,1,0,0.58292264,0.41707736,0.58292264,False
essential_NARS|HGNC:7643,1,0,0.5389075,0.46109247,0.5389075,False
essential_RPLP2|HGNC:10377,1,0,0.640826,0.359174,0.640826,False
essential_GTF2A1|HGNC:4646,1,0,0.50999075,0.49000925,0.50999075,False
essential_CPSF1|HGNC:2324,1,0,0.6474963,0.35250372,0.6474963,False
essential_PSMA2|HGNC:9531,1,0,0.5317687,0.46823132,0.5317687,False
essential_RPL4|HGNC:10353,1,0,0.57529575,0.42470425,0.57529575,False
essential_RTEL1|HGNC:15888,1,0,0.6677272,0.33227283,0.6677272,False
essential_DCTN6|HGNC:16964,1,0,0.48616642,0.5138336,0.5138336,False
essential_CWF19L2|HGNC:26508,1,0,0.52339697,0.47660303,0.52339697,False
essential_HAUS5|HGNC:29130,1,0,0.8758125,0.12418753,0.8758125,False
essential_RNPC3|HGNC:18666,1,0,0.51986134,0.48013866,0.51986134,False
essential_ANAPC2|HGNC:19989,1,0,0.721161,0.278839,0.721161,False
essential_XPO5|HGNC:17675,1,0,0.6090623,0.3909377,0.6090623,False
essential_RPS13|HGNC:10386,1,0,0.5119719,0.4880281,0.5119719,False
essential_LYRM4|HGNC:21365,1,0,0.49794334,0.50205666,0.50205666,False
essential_ERAL1|HGNC:3424,1,0,0.62184525,0.37815475,0.62184525,False
essential_ATP5B|HGNC:830,1,0,0.73194855,0.26805145,0.73194855,False
essential_EBNA1BP2|HGNC:15531,1,0,0.6329488,0.36705118,0.6329488,False
essential_RPL18|HGNC:10310,1,0,0.712284,0.28771597,0.712284,False
essential_MRPL46|HGNC:1192,1,0,0.6369984,0.36300159,0.6369984,False
essential_RRM2|HGNC:10452,1,0,0.5854477,0.41455227,0.5854477,False
essential_NDUFB7|HGNC:7702,1,0,0.7608064,0.23919362,0.7608064,False
essential_DIS3|HGNC:20604,1,0,0.6174387,0.38256133,0.6174387,False
essential_POLR2B|HGNC:9188,1,0,0.61217016,0.38782984,0.61217016,False
essential_ATP5F1|HGNC:840,1,0,0.54904604,0.45095396,0.54904604,False
essential_POLRMT|HGNC:9200,1,0,0.7374509,0.2625491,0.7374509,False
essential_HNRNPC|HGNC:5035,1,0,0.50746787,0.49253213,0.50746787,False
essential_CRCP|HGNC:17888,1,0,0.5891747,0.4108253,0.5891747,False
essential_COPS3|HGNC:2239,1,0,0.55715823,0.44284177,0.55715823,False
essential_AARS|HGNC:20,1,0,0.6156682,0.38433182,0.6156682,False
essential_TFIP11|HGNC:17165,1,0,0.66235805,0.33764195,0.66235805,False
essential_OXA1L|HGNC:8526,1,0,0.62768316,0.37231684,0.62768316,False
essential_SNU13|HGNC:7819,1,0,0.7671409,0.23285908,0.7671409,False
essential_STX18|HGNC:15942,1,0,0.6272543,0.3727457,0.6272543,False
essential_THOC5|HGNC:19074,1,0,0.62813884,0.37186116,0.62813884,False
essential_PSMB1|HGNC:9537,1,0,0.51529825,0.48470175,0.51529825,False
essential_EXOSC8|HGNC:17035,1,0,0.4615539,0.53844607,0.53844607,False
essential_UQCRB|HGNC:12582,1,0,0.46537337,0.5346266,0.5346266,False
essential_PIK3C3|HGNC:8974,1,0,0.54377294,0.45622706,0.54377294,False
essential_SPATA5|HGNC:18119,1,0,0.57131404,0.42868596,0.57131404,False
essential_ZMAT2|HGNC:26433,1,0,0.64994514,0.35005486,0.64994514,False
essential_CTCF|HGNC:13723,1,0,0.53033125,0.46966875,0.53033125,False
essential_NOC3L|HGNC:24034,1,0,0.50415903,0.49584097,0.50415903,False
essential_CTDP1|HGNC:2498,1,0,0.72284055,0.27715945,0.72284055,False
essential_RRP36|HGNC:21374,1,0,0.58353096,0.41646904,0.58353096,False
essential_CLP1|HGNC:16999,1,0,0.5685279,0.43147212,0.5685279,False
essential_SNRNP200|HGNC:30859,1,0,0.65536726,0.34463274,0.65536726,False
essential_ISY1|HGNC:29201,1,0,0.56105363,0.43894637,0.56105363,False
essential_ANAPC4|HGNC:19990,1,0,0.6325291,0.36747092,0.6325291,False
essential_SNAPC2|HGNC:11135,1,0,0.7455072,0.25449282,0.7455072,False
essential_CACTIN|HGNC:29938,1,0,0.8982176,0.10178238,0.8982176,False
essential_ZBTB8OS|HGNC:24094,1,0,0.4785935,0.52140653,0.52140653,False
essential_HMGCS1|HGNC:5007,1,0,0.4946751,0.5053249,0.5053249,False
essential_RARS|HGNC:9870,1,0,0.55082595,0.44917405,0.55082595,False
essential_ELP4|HGNC:1171,1,0,0.5215054,0.47849458,0.5215054,False
essential_TXNL4A|HGNC:30551,1,0,0.59545463,0.40454537,0.59545463,False
essential_CPSF2|HGNC:2325,1,0,0.6239985,0.37600148,0.6239985,False
essential_ZNRD1|HGNC:13182,1,0,0.46752226,0.53247774,0.53247774,False
essential_WBSCR22|HGNC:16405,1,0,0.6374153,0.3625847,0.6374153,False
essential_UBL5|HGNC:13736,1,0,0.5289679,0.47103208,0.5289679,False
essential_MAD2L2|HGNC:6764,1,0,0.79426473,0.20573527,0.79426473,False
essential_RBBP6|HGNC:9889,1,0,0.6229567,0.3770433,0.6229567,False
essential_DOLK|HGNC:23406,1,0,0.60180336,0.39819664,0.60180336,False
essential_PNPT1|HGNC:23166,1,0,0.5783267,0.4216733,0.5783267,False
essential_IBA57|HGNC:27302,1,0,0.7697327,0.23026729,0.7697327,False
essential_EEF2|HGNC:3214,1,0,0.8556018,0.14439821,0.8556018,False
essential_NCAPD2|HGNC:24305,1,0,0.5889194,0.4110806,0.5889194,False
essential_TTK|HGNC:12401,1,0,0.4941002,0.5058998,0.5058998,False
essential_MAU2|HGNC:29140,1,0,0.7282204,0.2717796,0.7282204,False
essential_SMC5|HGNC:20465,1,0,0.5890703,0.41092968,0.5890703,False
essential_SHQ1|HGNC:25543,1,0,0.5894052,0.41059482,0.5894052,False
essential_NSMCE2|HGNC:26513,1,0,0.5035784,0.49642158,0.5035784,False
essential_MRPS6|HGNC:14051,1,0,0.51635987,0.48364013,0.51635987,False
essential_PSTK|HGNC:28578,1,0,0.61355686,0.38644314,0.61355686,False
essential_DGCR14|HGNC:16817,1,0,0.72360724,0.27639276,0.72360724,False
essential_SYVN1|HGNC:20738,1,0,0.90755206,0.09244794,0.90755206,False
essential_NOL6|HGNC:19910,1,0,0.66075224,0.33924776,0.66075224,False
essential_TTC27|HGNC:25986,1,0,0.54367596,0.45632404,0.54367596,False
essential_POLR2I|HGNC:9196,1,0,0.6296814,0.3703186,0.6296814,False
essential_MRPS25|HGNC:14511,1,0,0.60413855,0.39586145,0.60413855,False
essential_CENPA|HGNC:1851,1,0,0.56332004,0.43667996,0.56332004,False
essential_MATR3|HGNC:6912,1,0,0.54851854,0.45148146,0.54851854,False
essential_TELO2|HGNC:29099,1,0,0.6850895,0.31491047,0.6850895,False
essential_PGS1|HGNC:30029,1,0,0.6979401,0.3020599,0.6979401,False
essential_TAF1A|HGNC:11532,1,0,0.49763572,0.5023643,0.5023643,False
essential_TRAIP|HGNC:30764,1,0,0.6512892,0.34871078,0.6512892,False
essential_USP39|HGNC:20071,1,0,0.67083997,0.32916003,0.67083997,False
essential_TOP1|HGNC:11986,1,0,0.52606136,0.47393864,0.52606136,False
essential_SNRNP27|HGNC:30240,1,0,0.6088974,0.3911026,0.6088974,False
essential_ORC5|HGNC:8491,1,0,0.516493,0.48350698,0.516493,False
essential_CCT7|HGNC:1622,1,0,0.66032004,0.33967996,0.66032004,False
essential_AFG3L2|HGNC:315,1,0,0.58287114,0.41712886,0.58287114,False
essential_CDCA8|HGNC:14629,1,0,0.56579655,0.43420345,0.56579655,False
essential_ALYREF|HGNC:19071,1,0,0.73416376,0.26583624,0.73416376,False
essential_ZNF335|HGNC:15807,1,0,0.6334672,0.3665328,0.6334672,False
essential_TFRC|HGNC:11763,1,0,0.6095013,0.3904987,0.6095013,False
essential_ZC3H18|HGNC:25091,1,0,0.5929164,0.40708357,0.5929164,False
essential_FARSB|HGNC:17800,1,0,0.58740515,0.41259485,0.58740515,False
essential_COX10|HGNC:2260,1,0,0.6739539,0.3260461,0.6739539,False
essential_DDX23|HGNC:17347,1,0,0.61881095,0.38118905,0.61881095,False
essential_ROMO1|HGNC:16185,1,0,0.52122116,0.47877884,0.52122116,False
essential_HCFC1|HGNC:4839,1,0,0.5870259,0.41297412,0.5870259,False
essential_ATP5C1|HGNC:833,1,0,0.6133625,0.3866375,0.6133625,False
essential_CPSF3|HGNC:2326,1,0,0.5224587,0.47754133,0.5224587,False
essential_MPHOSPH10|HGNC:7213,1,0,0.5323343,0.46766567,0.5323343,False
essential_NCAPG2|HGNC:21904,1,0,0.5418163,0.4581837,0.5418163,False
essential_MRPL41|HGNC:14492,1,0,0.8509089,0.14909112,0.8509089,False
essential_PSMD6|HGNC:9564,1,0,0.6243784,0.37562162,0.6243784,False
essential_PCBP1|HGNC:8647,1,0,0.6232498,0.37675017,0.6232498,False
essential_ORC2|HGNC:8488,1,0,0.51856285,0.48143715,0.51856285,False
essential_PPP1CB|HGNC:9282,1,0,0.4902033,0.50979674,0.50979674,False
essential_RAD21|HGNC:9811,1,0,0.5848178,0.41518217,0.5848178,False
essential_GTF3C2|HGNC:4665,1,0,0.5858338,0.4141662,0.5858338,False
essential_MMS22L|HGNC:21475,1,0,0.51999235,0.48000765,0.51999235,False
essential_GLRX5|HGNC:20134,1,0,0.73115844,0.26884156,0.73115844,False
essential_DDX54|HGNC:20084,1,0,0.7327879,0.2672121,0.7327879,False
essential_RPS4X|HGNC:10424,1,0,0.6032763,0.3967237,0.6032763,False
essential_AHCTF1|HGNC:24618,1,0,0.5834612,0.41653877,0.5834612,False
essential_COPA|HGNC:2230,1,0,0.6202809,0.37971908,0.6202809,False
essential_ACTR10|HGNC:17372,1,0,0.5391478,0.4608522,0.5391478,False
essential_INTS9|HGNC:25592,1,0,0.6039347,0.3960653,0.6039347,False
essential_ZNF622|HGNC:30958,1,0,0.65311116,0.34688884,0.65311116,False
essential_TAF5|HGNC:11539,1,0,0.6286094,0.37139058,0.6286094,False
essential_TIMELESS|HGNC:11813,1,0,0.6060572,0.39394277,0.6060572,False
essential_ANAPC5|HGNC:15713,1,0,0.6372218,0.3627782,0.6372218,False
essential_DBR1|HGNC:15594,1,0,0.51465374,0.48534626,0.51465374,False
essential_NUP88|HGNC:8067,1,0,0.5825665,0.4174335,0.5825665,False
essential_SRPRB|HGNC:24085,1,0,0.53956366,0.46043634,0.53956366,False
essential_IPO13|HGNC:16853,1,0,0.7132645,0.28673548,0.7132645,False
essential_DARS2|HGNC:25538,1,0,0.5374894,0.4625106,0.5374894,False
essential_RPL36|HGNC:13631,1,0,0.89148706,0.10851294,0.89148706,False
essential_PKM|HGNC:9021,1,0,0.5687775,0.4312225,0.5687775,False
essential_TONSL|HGNC:7801,1,0,0.6558322,0.34416783,0.6558322,False
essential_TRUB2|HGNC:17170,1,0,0.8181245,0.18187553,0.8181245,False
essential_SLC25A3|HGNC:10989,1,0,0.66754544,0.33245456,0.66754544,False
essential_CENPM|HGNC:18352,1,0,0.6810784,0.31892163,0.6810784,False
essential_NOP16|HGNC:26934,1,0,0.70843184,0.29156816,0.70843184,False
essential_PSMA5|HGNC:9534,1,0,0.4797098,0.5202902,0.5202902,False
essential_CPSF6|HGNC:13871,1,0,0.62189263,0.37810737,0.62189263,False
essential_RPS10|HGNC:10383,1,0,0.56653947,0.43346053,0.56653947,False
essential_MCM3AP|HGNC:6946,1,0,0.6157895,0.38421053,0.6157895,False
essential_MRPS27|HGNC:14512,1,0,0.533051,0.466949,0.533051,False
essential_NFS1|HGNC:15910,1,0,0.56116253,0.43883747,0.56116253,False
essential_DDX47|HGNC:18682,1,0,0.5728079,0.4271921,0.5728079,False
essential_DDX39B|HGNC:13917,1,0,0.5932502,0.40674978,0.5932502,False
essential_ALG2|HGNC:23159,1,0,0.6326714,0.36732858,0.6326714,False
essential_MTIF2|HGNC:7441,1,0,0.5125094,0.4874906,0.5125094,False
essential_CMTR1|HGNC:21077,1,0,0.63168204,0.36831796,0.63168204,False
essential_CDC45|HGNC:1739,1,0,0.6041792,0.3958208,0.6041792,False
essential_PFDN2|HGNC:8867,1,0,0.7630833,0.23691672,0.7630833,False
essential_MRPL12|HGNC:10378,1,0,0.67677236,0.32322764,0.67677236,False
essential_RCC1L|HGNC:14948,1,0,0.7281234,0.27187657,0.7281234,False
essential_PCF11|HGNC:30097,1,0,0.53915006,0.46084994,0.53915006,False
essential_SYMPK|HGNC:22935,1,0,0.6405453,0.3594547,0.6405453,False
essential_GART|HGNC:4163,1,0,0.60306805,0.39693195,0.60306805,False
essential_PSMD2|HGNC:9559,1,0,0.57483906,0.42516094,0.57483906,False
essential_ALG1|HGNC:18294,1,0,0.63469434,0.36530566,0.63469434,False
essential_PSMD4|HGNC:9561,1,0,0.68420386,0.31579614,0.68420386,False
essential_SF3B1|HGNC:10768,1,0,0.5791742,0.42082578,0.5791742,False
essential_BAP1|HGNC:950,1,0,0.61273336,0.38726664,0.61273336,False
essential_HAUS4|HGNC:20163,1,0,0.55483764,0.44516236,0.55483764,False
essential_DNAJC17|HGNC:25556,1,0,0.7285971,0.2714029,0.7285971,False
essential_MRPS16|HGNC:14048,1,0,0.6418927,0.35810733,0.6418927,False
essential_ZC3H4|HGNC:17808,1,0,0.75864637,0.24135363,0.75864637,False
essential_EWSR1|HGNC:3508,1,0,0.5668673,0.4331327,0.5668673,False
essential_INTS8|HGNC:26048,1,0,0.5951107,0.4048893,0.5951107,False
essential_SRPRA|HGNC:11307,1,0,0.6066682,0.39333183,0.6066682,False
essential_UBTF|HGNC:12511,1,0,0.7709293,0.22907072,0.7709293,False
essential_NSMCE3|HGNC:7677,1,0,0.61622906,0.38377094,0.61622906,False
essential_TIMM23|HGNC:17312,1,0,0.5603851,0.4396149,0.5603851,False
essential_TIMM10|HGNC:11814,1,0,0.6462026,0.35379738,0.6462026,False
essential_URM1|HGNC:28378,1,0,0.54979205,0.45020795,0.54979205,False
essential_RTFDC1|HGNC:15890,1,0,0.5607578,0.43924218,0.5607578,False
essential_KAT7|HGNC:17016,1,0,0.56889683,0.43110317,0.56889683,False
essential_MED18|HGNC:25944,1,0,0.4667432,0.53325677,0.53325677,False
essential_ATP5O|HGNC:850,1,0,0.68996626,0.31003374,0.68996626,False
essential_C12orf45|HGNC:28628,1,0,0.50897545,0.49102455,0.50897545,False
essential_SUPT6H|HGNC:11470,1,0,0.6459706,0.35402942,0.6459706,False
essential_TAF10|HGNC:11543,1,0,0.74996114,0.25003886,0.74996114,False
essential_SPCS3|HGNC:26212,1,0,0.4781459,0.5218541,0.5218541,False
essential_SDE2|HGNC:26643,1,0,0.5421114,0.4578886,0.5421114,False
essential_GEMIN8|HGNC:26044,1,0,0.5351078,0.4648922,0.5351078,False
essential_COPB2|HGNC:2232,1,0,0.585526,0.414474,0.585526,False
essential_RRP9|HGNC:16829,1,0,0.7361029,0.26389712,0.7361029,False
essential_CAPZB|HGNC:1491,1,0,0.6161833,0.38381672,0.6161833,False
essential_PDCD2|HGNC:8762,1,0,0.61370426,0.38629574,0.61370426,False
essential_ATP6V1A|HGNC:851,1,0,0.5826298,0.4173702,0.5826298,False
essential_TUBE1|HGNC:20775,1,0,0.50524646,0.49475354,0.50524646,False
essential_C10orf2|HGNC:1160,1,0,0.6334252,0.36657482,0.6334252,False
essential_NPAT|HGNC:7896,1,0,0.5620313,0.43796867,0.5620313,False
essential_EXOC4|HGNC:30389,1,0,0.62579596,0.37420404,0.62579596,False
essential_RPL23A|HGNC:10317,1,0,0.62419605,0.37580395,0.62419605,False
essential_OGDH|HGNC:8124,1,0,0.6567619,0.34323812,0.6567619,False
essential_RFC3|HGNC:9971,1,0,0.5083796,0.49162042,0.5083796,False
essential_KLF16|HGNC:16857,1,0,0.7026988,0.29730117,0.7026988,False
essential_TSG101|HGNC:15971,1,0,0.5089169,0.4910831,0.5089169,False
essential_NOL8|HGNC:23387,1,0,0.5618462,0.4381538,0.5618462,False
essential_RPP30|HGNC:17688,1,0,0.5078009,0.49219912,0.5078009,False
essential_CNOT3|HGNC:7879,1,0,0.63737386,0.36262614,0.63737386,False
essential_GINS1|HGNC:28980,1,0,0.6266625,0.3733375,0.6266625,False
essential_RPS12|HGNC:10385,1,0,0.4656966,0.5343034,0.5343034,False
essential_METTL17|HGNC:19280,1,0,0.59449255,0.40550745,0.59449255,False
essential_GTF2A2|HGNC:4647,1,0,0.4411387,0.55886126,0.55886126,False
essential_PSMC6|HGNC:9553,1,0,0.58857256,0.41142744,0.58857256,False
essential_THAP1|HGNC:20856,1,0,0.5098008,0.4901992,0.5098008,False
essential_PNO1|HGNC:32790,1,0,0.51315033,0.48684967,0.51315033,False
essential_MCM3|HGNC:6945,1,0,0.5872567,0.41274327,0.5872567,False
essential_INTS2|HGNC:29241,1,0,0.5842343,0.4157657,0.5842343,False
essential_CCDC115|HGNC:28178,1,0,0.6570029,0.34299707,0.6570029,False
essential_TBL3|HGNC:11587,1,0,0.66903317,0.33096683,0.66903317,False
essential_PGGT1B|HGNC:8895,1,0,0.5054883,0.49451172,0.5054883,False
essential_RANGAP1|HGNC:9854,1,0,0.7167185,0.2832815,0.7167185,False
essential_FEN1|HGNC:3650,1,0,0.5781798,0.42182022,0.5781798,False
essential_NOL10|HGNC:25862,1,0,0.58663464,0.41336536,0.58663464,False
essential_RNF20|HGNC:10062,1,0,0.5934451,0.40655488,0.5934451,False
essential_EIF2B4|HGNC:3260,1,0,0.55588377,0.44411623,0.55588377,False
essential_EIF5|HGNC:3299,1,0,0.5444964,0.45550358,0.5444964,False
essential_DIMT1|HGNC:30217,1,0,0.5058708,0.49412918,0.5058708,False
essential_MED14|HGNC:2370,1,0,0.61534065,0.38465935,0.61534065,False
essential_DDB1|HGNC:2717,1,0,0.62788785,0.37211215,0.62788785,False
essential_POP4|HGNC:30081,1,0,0.6066926,0.3933074,0.6066926,False
essential_HMGCR|HGNC:5006,1,0,0.54906917,0.45093083,0.54906917,False
essential_PET117|HGNC:40045,1,0,0.5051129,0.4948871,0.5051129,False
essential_MRPS23|HGNC:14509,1,0,0.56181455,0.43818545,0.56181455,False
essential_YME1L1|HGNC:12843,1,0,0.59767765,0.40232235,0.59767765,False
essential_RPA2|HGNC:10290,1,0,0.5626438,0.43735617,0.5626438,False
essential_FDXR|HGNC:3642,1,0,0.6429214,0.3570786,0.6429214,False
essential_ZZZ3|HGNC:24523,1,0,0.5224003,0.47759968,0.5224003,False
essential_KRI1|HGNC:25769,1,0,0.87713504,0.12286496,0.87713504,False
essential_GAPDH|HGNC:4141,1,0,0.79871285,0.20128715,0.79871285,False
essential_MRPL34|HGNC:14488,1,0,0.719483,0.28051698,0.719483,False
essential_DDX27|HGNC:15837,1,0,0.64560956,0.35439044,0.64560956,False
essential_PRMT1|HGNC:5187,1,0,0.6467075,0.35329252,0.6467075,False
essential_EIF4E|HGNC:3287,1,0,0.50213385,0.49786615,0.50213385,False
essential_EIF3A|HGNC:3271,1,0,0.6236408,0.37635922,0.6236408,False
essential_MRPS34|HGNC:16618,1,0,0.7980949,0.20190507,0.7980949,False
essential_RPS5|HGNC:10426,1,0,0.7878359,0.2121641,0.7878359,False
essential_UTP23|HGNC:28224,1,0,0.55113786,0.44886214,0.55113786,False
essential_SEPSECS|HGNC:30605,1,0,0.53306675,0.46693325,0.53306675,False
essential_SMC6|HGNC:20466,1,0,0.5661582,0.43384182,0.5661582,False
essential_HDAC3|HGNC:4854,1,0,0.6338056,0.36619443,0.6338056,False
essential_MRPL43|HGNC:14517,1,0,0.6791313,0.32086867,0.6791313,False
essential_ALG11|HGNC:32456,1,0,0.48880315,0.51119685,0.51119685,False
essential_RNF40|HGNC:16867,1,0,0.71076053,0.28923947,0.71076053,False
essential_COA5|HGNC:33848,1,0,0.4516187,0.5483813,0.5483813,False
essential_PDRG1|HGNC:16119,1,0,0.6385144,0.3614856,0.6385144,False
essential_DCPS|HGNC:29812,1,0,0.68392605,0.31607395,0.68392605,False
essential_UBA1|HGNC:12469,1,0,0.6695845,0.3304155,0.6695845,False
essential_SPC24|HGNC:26913,1,0,0.60623294,0.39376706,0.60623294,False
essential_WDR55|HGNC:25971,1,0,0.62953913,0.37046087,0.62953913,False
essential_MED9|HGNC:25487,1,0,0.7016828,0.2983172,0.7016828,False
essential_SUPT5H|HGNC:11469,1,0,0.6471943,0.35280567,0.6471943,False
essential_ZNF574|HGNC:26166,1,0,0.6619222,0.33807778,0.6619222,False
essential_MRPL15|HGNC:14054,1,0,0.4747718,0.5252282,0.5252282,False
essential_BCAS2|HGNC:975,1,0,0.47473103,0.525269,0.525269,False
essential_LIN52|HGNC:19856,1,0,0.4266473,0.5733527,0.5733527,False
essential_TOP2A|HGNC:11989,1,0,0.5823163,0.41768372,0.5823163,False
essential_TAF1B|HGNC:11533,1,0,0.5462652,0.45373482,0.5462652,False
essential_HSPA9|HGNC:5244,1,0,0.6013193,0.3986807,0.6013193,False
essential_TPT1|HGNC:12022,1,0,0.47615996,0.52384007,0.52384007,False
essential_RPL9|HGNC:10369,1,0,0.49600583,0.50399417,0.50399417,False
essential_VHL|HGNC:12687,1,0,0.61728454,0.38271546,0.61728454,False
essential_SNUPN|HGNC:14245,1,0,0.5111169,0.48888308,0.5111169,False
essential_MRPS24|HGNC:14510,1,0,0.7323504,0.2676496,0.7323504,False
essential_POLR2G|HGNC:9194,1,0,0.54849726,0.45150274,0.54849726,False
essential_REXO2|HGNC:17851,1,0,0.50521636,0.49478364,0.50521636,False
essential_CHMP4B|HGNC:16171,1,0,0.6287575,0.37124252,0.6287575,False
essential_TAF1C|HGNC:11534,1,0,0.66387534,0.33612466,0.66387534,False
essential_SRSF1|HGNC:10780,1,0,0.6991225,0.3008775,0.6991225,False
essential_SF3A2|HGNC:10766,1,0,0.85437965,0.14562035,0.85437965,False
essential_GPI|HGNC:4458,1,0,0.79897374,0.20102626,0.79897374,False
essential_MED4|HGNC:17903,1,0,0.4769064,0.5230936,0.5230936,False
essential_TSEN54|HGNC:27561,1,0,0.7482691,0.25173092,0.7482691,False
essential_DDX10|HGNC:2735,1,0,0.548148,0.45185202,0.548148,False
essential_SMG6|HGNC:17809,1,0,0.63563764,0.36436236,0.63563764,False
essential_EFL1|HGNC:25789,1,0,0.55103636,0.44896364,0.55103636,False
essential_SLC25A26|HGNC:20661,1,0,0.52232563,0.47767437,0.52232563,False
essential_EIF3H|HGNC:3273,1,0,0.5858641,0.41413587,0.5858641,False
essential_TBCE|HGNC:11582,1,0,0.6563687,0.34363133,0.6563687,False
essential_ERCC1|HGNC:3433,1,0,0.7390296,0.2609704,0.7390296,False
essential_URB2|HGNC:28967,1,0,0.6441559,0.35584408,0.6441559,False
essential_TWISTNB|HGNC:18027,1,0,0.62298816,0.37701184,0.62298816,False
essential_TRPM7|HGNC:17994,1,0,0.595179,0.40482098,0.595179,False
essential_MRPL35|HGNC:14489,1,0,0.47533676,0.5246632,0.5246632,False
essential_HAUS8|HGNC:30532,1,0,0.6426951,0.35730487,0.6426951,False
essential_GGPS1|HGNC:4249,1,0,0.49249497,0.50750506,0.50750506,False
essential_ZBTB11|HGNC:16740,1,0,0.56395006,0.43604994,0.56395006,False
essential_MARS2|HGNC:25133,1,0,0.65302414,0.34697586,0.65302414,False
essential_PLK1|HGNC:9077,1,0,0.61248153,0.38751847,0.61248153,False
essential_RFC2|HGNC:9970,1,0,0.5802939,0.4197061,0.5802939,False
essential_ZNF407|HGNC:19904,1,0,0.6282157,0.37178433,0.6282157,False
essential_TCP1|HGNC:11655,1,0,0.56239295,0.43760705,0.56239295,False
essential_WDR33|HGNC:25651,1,0,0.54435754,0.45564246,0.54435754,False
essential_RBM28|HGNC:21863,1,0,0.576536,0.423464,0.576536,False
essential_SRSF11|HGNC:10782,1,0,0.55651426,0.44348574,0.55651426,False
essential_ZCCHC9|HGNC:25424,1,0,0.46680087,0.53319913,0.53319913,False
essential_PWP2|HGNC:9711,1,0,0.67273635,0.32726365,0.67273635,False
essential_ATP6V0C|HGNC:855,1,0,0.71105057,0.28894943,0.71105057,False
essential_BDP1|HGNC:13652,1,0,0.5967754,0.4032246,0.5967754,False
essential_MRPL40|HGNC:14491,1,0,0.61487556,0.38512444,0.61487556,False
essential_PSMC1|HGNC:9547,1,0,0.6393351,0.3606649,0.6393351,False
essential_ATIC|HGNC:794,1,0,0.5345619,0.46543813,0.5345619,False
essential_COPS6|HGNC:21749,1,0,0.6197511,0.3802489,0.6197511,False
essential_GNL3|HGNC:29931,1,0,0.50279486,0.49720514,0.50279486,False
essential_HJURP|HGNC:25444,1,0,0.5875936,0.41240638,0.5875936,False
essential_SAMM50|HGNC:24276,1,0,0.70210385,0.29789615,0.70210385,False
essential_GRB2|HGNC:4566,1,0,0.6420422,0.35795778,0.6420422,False
essential_NIFK|HGNC:17838,1,0,0.53761435,0.46238565,0.53761435,False
essential_CEP192|HGNC:25515,1,0,0.5914266,0.4085734,0.5914266,False
essential_PRMT5|HGNC:10894,1,0,0.63427323,0.36572677,0.63427323,False
essential_CDC16|HGNC:1720,1,0,0.5400388,0.45996118,0.5400388,False
essential_ANAPC15|HGNC:24531,1,0,0.58795637,0.41204363,0.58795637,False
essential_RPS18|HGNC:10401,1,0,0.49986959,0.5001304,0.5001304,False
essential_TARS|HGNC:11572,1,0,0.5810645,0.41893548,0.5810645,False
essential_NELFCD|HGNC:15934,1,0,0.63185775,0.36814225,0.63185775,False
essential_H2AFX|HGNC:4739,1,0,0.90603036,0.09396964,0.90603036,False
essential_ISCA2|HGNC:19857,1,0,0.6544444,0.3455556,0.6544444,False
essential_SMC1A|HGNC:11111,1,0,0.5666263,0.4333737,0.5666263,False
essential_EXOSC7|HGNC:28112,1,0,0.5428201,0.4571799,0.5428201,False
essential_POLR2C|HGNC:9189,1,0,0.5818474,0.41815257,0.5818474,False
essential_ELP5|HGNC:30617,1,0,0.6013691,0.39863092,0.6013691,False
essential_DHX38|HGNC:17211,1,0,0.6468012,0.35319883,0.6468012,False
essential_RBM19|HGNC:29098,1,0,0.7323551,0.26764488,0.7323551,False
essential_NAA25|HGNC:25783,1,0,0.61197394,0.38802606,0.61197394,False
essential_SIN3A|HGNC:19353,1,0,0.6644003,0.33559972,0.6644003,False
essential_DCLRE1B|HGNC:17641,1,0,0.6445624,0.35543758,0.6445624,False
essential_PSMD1|HGNC:9554,1,0,0.54783124,0.45216876,0.54783124,False
essential_MRPL57|HGNC:14514,1,0,0.6606571,0.3393429,0.6606571,False
essential_ZPR1|HGNC:13051,1,0,0.5458198,0.45418018,0.5458198,False
essential_SMU1|HGNC:18247,1,0,0.5890787,0.41092128,0.5890787,False
essential_PARN|HGNC:8609,1,0,0.52151585,0.47848415,0.52151585,False
essential_ORC4|HGNC:8490,1,0,0.47224388,0.5277561,0.5277561,False
essential_POLR1C|HGNC:20194,1,0,0.55372614,0.44627386,0.55372614,False
essential_VMP1|HGNC:29559,1,0,0.47808972,0.5219103,0.5219103,False
essential_SNRNP25|HGNC:14161,1,0,0.56887275,0.43112725,0.56887275,False
essential_PSMD11|HGNC:9556,1,0,0.59153384,0.40846616,0.59153384,False
essential_ACTR6|HGNC:24025,1,0,0.48240843,0.5175916,0.5175916,False
essential_DPAGT1|HGNC:2995,1,0,0.5930308,0.4069692,0.5930308,False
essential_MCM7|HGNC:6950,1,0,0.6460717,0.35392833,0.6460717,False
essential_ORC3|HGNC:8489,1,0,0.5740942,0.42590582,0.5740942,False
essential_WDR3|HGNC:12755,1,0,0.53387624,0.46612376,0.53387624,False
essential_GTF3C4|HGNC:4667,1,0,0.5829099,0.41709012,0.5829099,False
essential_RPAP1|HGNC:24567,1,0,0.6159338,0.38406622,0.6159338,False
essential_TARS2|HGNC:30740,1,0,0.60526156,0.39473844,0.60526156,False
essential_SAE1|HGNC:30660,1,0,0.5075752,0.4924248,0.5075752,False
essential_NOL7|HGNC:21040,1,0,0.72128,0.27872002,0.72128,False
essential_NSF|HGNC:8016,1,0,0.59659475,0.40340525,0.59659475,False
essential_LARS|HGNC:6512,1,0,0.62110925,0.37889075,0.62110925,False
essential_CRLS1|HGNC:16148,1,0,0.5657145,0.43428552,0.5657145,False
essential_MCM10|HGNC:18043,1,0,0.6012451,0.3987549,0.6012451,False
essential_DNMT1|HGNC:2976,1,0,0.7265486,0.2734514,0.7265486,False
essential_MLST8|HGNC:24825,1,0,0.7336822,0.26631778,0.7336822,False
essential_AURKB|HGNC:11390,1,0,0.66790193,0.33209807,0.66790193,False
essential_PRPF38B|HGNC:25512,1,0,0.5912663,0.40873373,0.5912663,False
essential_RANBP1|HGNC:9847,1,0,0.7177955,0.2822045,0.7177955,False
essential_HSPA5|HGNC:5238,1,0,0.70673174,0.29326826,0.70673174,False
essential_NUTF2|HGNC:13722,1,0,0.56183845,0.43816155,0.56183845,False
essential_TRMT61A|HGNC:23790,1,0,0.904481,0.095519006,0.904481,False
essential_SNRPE|HGNC:11161,1,0,0.56094444,0.43905556,0.56094444,False
essential_MRPL21|HGNC:14479,1,0,0.6304569,0.36954308,0.6304569,False
essential_TINF2|HGNC:11824,1,0,0.5897452,0.41025478,0.5897452,False
essential_SPATA5L1|HGNC:28762,1,0,0.6413528,0.35864723,0.6413528,False
essential_CENPK|HGNC:29479,1,0,0.4448278,0.5551722,0.5551722,False
essential_ADSL|HGNC:291,1,0,0.601045,0.398955,0.601045,False
essential_TAF12|HGNC:11545,1,0,0.52495235,0.47504765,0.52495235,False
essential_HNRNPH1|HGNC:5041,1,0,0.52168053,0.47831947,0.52168053,False
essential_ACTL6A|HGNC:24124,1,0,0.52006066,0.47993934,0.52006066,False
essential_ZMAT5|HGNC:28046,1,0,0.685751,0.31424898,0.685751,False
essential_RBM17|HGNC:16944,1,0,0.5584193,0.4415807,0.5584193,False
essential_GPN3|HGNC:30186,1,0,0.5969745,0.4030255,0.5969745,False
essential_PRELID3B|HGNC:15892,1,0,0.43803608,0.5619639,0.5619639,False
essential_COG8|HGNC:18623,1,0,0.707504,0.29249603,0.707504,False
essential_GFM1|HGNC:13780,1,0,0.5735987,0.42640132,0.5735987,False
essential_KAT8|HGNC:17933,1,0,0.71426845,0.28573155,0.71426845,False
essential_MRPS7|HGNC:14499,1,0,0.5853062,0.41469377,0.5853062,False
essential_TTC1|HGNC:12391,1,0,0.5380275,0.46197248,0.5380275,False
essential_C16orf72|HGNC:30103,1,0,0.65911996,0.34088004,0.65911996,False
essential_LAMTOR2|HGNC:29796,1,0,0.6469256,0.35307437,0.6469256,False
essential_ARL2|HGNC:693,1,0,0.64937156,0.35062844,0.64937156,False
essential_ISCU|HGNC:29882,1,0,0.5339681,0.4660319,0.5339681,False
essential_INTS3|HGNC:26153,1,0,0.6301347,0.3698653,0.6301347,False
essential_SNRNP48|HGNC:21368,1,0,0.5764633,0.42353672,0.5764633,False
essential_SRP72|HGNC:11303,1,0,0.59062666,0.40937334,0.59062666,False
essential_CCDC86|HGNC:28359,1,0,0.9299865,0.07001352,0.9299865,False
essential_MFAP1|HGNC:7032,1,0,0.59545213,0.40454787,0.59545213,False
essential_SNAPC4|HGNC:11137,1,0,0.63706267,0.36293733,0.63706267,False
essential_RFC5|HGNC:9973,1,0,0.48165435,0.51834565,0.51834565,False
essential_NAA10|HGNC:18704,1,0,0.7111451,0.2888549,0.7111451,False
essential_KDM8|HGNC:25840,1,0,0.6652602,0.3347398,0.6652602,False
essential_NSRP1|HGNC:25305,1,0,0.5027093,0.49729067,0.5027093,False
essential_CCDC94|HGNC:25518,1,0,0.73927575,0.26072425,0.73927575,False
essential_CHERP|HGNC:16930,1,0,0.90726024,0.09273976,0.90726024,False
essential_USP8|HGNC:12631,1,0,0.5126187,0.48738128,0.5126187,False
essential_TIMM22|HGNC:17317,1,0,0.55754364,0.44245636,0.55754364,False
essential_PREB|HGNC:9356,1,0,0.6038149,0.3961851,0.6038149,False
essential_CCND1|HGNC:1582,1,0,0.9104428,0.08955717,0.9104428,False
essential_PTCD3|HGNC:24717,1,0,0.5392759,0.46072412,0.5392759,False
essential_PUF60|HGNC:17042,1,0,0.7464077,0.2535923,0.7464077,False
essential_WDR18|HGNC:17956,1,0,0.9292448,0.07075518,0.9292448,False
essential_TMED2|HGNC:16996,1,0,0.59380674,0.40619326,0.59380674,False
essential_MRPS22|HGNC:14508,1,0,0.6207802,0.37921977,0.6207802,False
essential_RPS21|HGNC:10409,1,0,0.63304806,0.36695194,0.63304806,False
essential_PPP1R10|HGNC:9284,1,0,0.6275153,0.37248468,0.6275153,False
essential_GTF3C3|HGNC:4666,1,0,0.58920956,0.41079044,0.58920956,False
essential_MRPL13|HGNC:14278,1,0,0.43192756,0.56807244,0.56807244,False
essential_SMARCA4|HGNC:11100,1,0,0.7124229,0.2875771,0.7124229,False
essential_DYRK1A|HGNC:3091,1,0,0.63699144,0.36300856,0.63699144,False
essential_CEBPZ|HGNC:24218,1,0,0.5558734,0.4441266,0.5558734,False
essential_TMED10|HGNC:16998,1,0,0.6428328,0.35716718,0.6428328,False
essential_FIP1L1|HGNC:19124,1,0,0.6218515,0.3781485,0.6218515,False
essential_SDAD1|HGNC:25537,1,0,0.50644326,0.49355674,0.50644326,False
essential_RTTN|HGNC:18654,1,0,0.6455611,0.3544389,0.6455611,False
essential_POLG|HGNC:9179,1,0,0.6395552,0.36044478,0.6395552,False
essential_RTF1|HGNC:28996,1,0,0.67816794,0.32183206,0.67816794,False
essential_COPS4|HGNC:16702,1,0,0.56366944,0.43633056,0.56366944,False
essential_BARD1|HGNC:952,1,0,0.57286805,0.42713195,0.57286805,False
essential_ARPC4|HGNC:707,1,0,0.53696555,0.46303445,0.53696555,False
essential_EXOC1|HGNC:30380,1,0,0.6070266,0.39297342,0.6070266,False
essential_NUBP1|HGNC:8041,1,0,0.6516432,0.34835678,0.6516432,False
essential_SAP130|HGNC:29813,1,0,0.5577873,0.4422127,0.5577873,False
essential_NSA2|HGNC:30728,1,0,0.58628476,0.41371524,0.58628476,False
essential_DHDDS|HGNC:20603,1,0,0.6627785,0.3372215,0.6627785,False
essential_DNLZ|HGNC:33879,1,0,0.8644834,0.13551658,0.8644834,False
essential_CENPW|HGNC:21488,1,0,0.60138005,0.39861995,0.60138005,False
essential_IMP4|HGNC:30856,1,0,0.90170735,0.09829265,0.90170735,False
essential_HEATR3|HGNC:26087,1,0,0.55956656,0.44043344,0.55956656,False
essential_INCENP|HGNC:6058,1,0,0.70697004,0.29302996,0.70697004,False
essential_KDSR|HGNC:4021,1,0,0.6384239,0.36157608,0.6384239,False
essential_GEMIN5|HGNC:20043,1,0,0.63715243,0.36284757,0.63715243,False
essential_CDC6|HGNC:1744,1,0,0.5088387,0.4911613,0.5088387,False
essential_EXOSC5|HGNC:24662,1,0,0.8622826,0.13771743,0.8622826,False
essential_OPA1|HGNC:8140,1,0,0.60145986,0.39854014,0.60145986,False
essential_MCM6|HGNC:6949,1,0,0.6016951,0.39830488,0.6016951,False
essential_PPRC1|HGNC:30025,1,0,0.63450134,0.36549866,0.63450134,False
essential_RANBP2|HGNC:9848,1,0,0.60969776,0.39030224,0.60969776,False
essential_RAD51|HGNC:9817,1,0,0.53717834,0.46282166,0.53717834,False
essential_CARS|HGNC:1493,1,0,0.64820355,0.35179645,0.64820355,False
essential_TUBGCP4|HGNC:16691,1,0,0.55869687,0.44130313,0.55869687,False
essential_POP5|HGNC:17689,1,0,0.650458,0.34954202,0.650458,False
essential_ASH2L|HGNC:744,1,0,0.53939146,0.46060854,0.53939146,False
essential_BRD2|HGNC:1103,1,0,0.5507774,0.44922262,0.5507774,False
essential_NAA15|HGNC:30782,1,0,0.58053654,0.41946346,0.58053654,False
essential_TRRAP|HGNC:12347,1,0,0.66336644,0.33663356,0.66336644,False
essential_RBM12|HGNC:9898,1,0,0.58268803,0.41731197,0.58268803,False
essential_RPS7|HGNC:10440,1,0,0.68612075,0.31387925,0.68612075,False
essential_RPF1|HGNC:30350,1,0,0.65240306,0.34759694,0.65240306,False
essential_MED27|HGNC:2377,1,0,0.57169425,0.42830575,0.57169425,False
essential_IMPDH2|HGNC:6053,1,0,0.62042487,0.37957513,0.62042487,False
essential_LONP1|HGNC:9479,1,0,0.7616157,0.2383843,0.7616157,False
essential_BTAF1|HGNC:17307,1,0,0.60969836,0.39030164,0.60969836,False
essential_NUP85|HGNC:8734,1,0,0.66866845,0.33133155,0.66866845,False
essential_HSD17B12|HGNC:18646,1,0,0.5063336,0.4936664,0.5063336,False
essential_HTATSF1|HGNC:5276,1,0,0.52537304,0.47462696,0.52537304,False
essential_SPC25|HGNC:24031,1,0,0.48012036,0.51987964,0.51987964,False
essential_PFAS|HGNC:8863,1,0,0.6515373,0.3484627,0.6515373,False
essential_CIAO1|HGNC:14280,1,0,0.65457004,0.34542996,0.65457004,False
essential_ATP6V1B2|HGNC:854,1,0,0.6028374,0.39716262,0.6028374,False
essential_WDR61|HGNC:30300,1,0,0.53366256,0.46633744,0.53366256,False
essential_METAP1|HGNC:15789,1,0,0.5456218,0.4543782,0.5456218,False
essential_EXOSC4|HGNC:18189,1,0,0.72267914,0.27732086,0.72267914,False
essential_YLPM1|HGNC:17798,1,0,0.6477796,0.35222042,0.6477796,False
essential_HNRNPK|HGNC:5044,1,0,0.6583145,0.34168547,0.6583145,False
essential_NUP155|HGNC:8063,1,0,0.6055041,0.3944959,0.6055041,False
essential_ATP6V1C1|HGNC:856,1,0,0.46078777,0.5392122,0.5392122,False
essential_PKMYT1|HGNC:29650,1,0,0.6573116,0.34268838,0.6573116,False
essential_SDHA|HGNC:10680,1,0,0.6481869,0.35181308,0.6481869,False
essential_KARS|HGNC:6215,1,0,0.5708818,0.42911822,0.5708818,False
essential_RPL29|HGNC:10331,1,0,0.9050253,0.0949747,0.9050253,False
essential_TRIM28|HGNC:16384,1,0,0.6146838,0.3853162,0.6146838,False
essential_RSL1D1|HGNC:24534,1,0,0.61076695,0.38923305,0.61076695,False
essential_SRFBP1|HGNC:26333,1,0,0.56416994,0.43583006,0.56416994,False
essential_PSMB4|HGNC:9541,1,0,0.652784,0.347216,0.652784,False
essential_XRCC6|HGNC:4055,1,0,0.5951043,0.40489572,0.5951043,False
essential_CCT4|HGNC:1617,1,0,0.50410694,0.49589306,0.50410694,False
essential_KTI12|HGNC:25160,1,0,0.8143987,0.1856013,0.8143987,False
essential_HNRNPA2B1|HGNC:5033,1,0,0.46950734,0.53049266,0.53049266,False
essential_PNN|HGNC:9162,1,0,0.51088876,0.48911124,0.51088876,False
essential_PSMD3|HGNC:9560,1,0,0.72398776,0.27601224,0.72398776,False
essential_CSNK2B|HGNC:2460,1,0,0.5570319,0.44296807,0.5570319,False
essential_CSTF3|HGNC:2485,1,0,0.6007783,0.39922172,0.6007783,False
essential_SRBD1|HGNC:25521,1,0,0.60382557,0.39617443,0.60382557,False
essential_HARS2|HGNC:4817,1,0,0.5705135,0.4294865,0.5705135,False
essential_NRBP1|HGNC:7993,1,0,0.627226,0.372774,0.627226,False
essential_EPRS|HGNC:3418,1,0,0.59667945,0.40332055,0.59667945,False
essential_ORC6|HGNC:17151,1,0,0.57764643,0.42235357,0.57764643,False
essential_MRPL51|HGNC:14044,1,0,0.51499003,0.48500997,0.51499003,False
essential_TTF2|HGNC:12398,1,0,0.63270503,0.36729497,0.63270503,False
essential_C1QBP|HGNC:1243,1,0,0.6832319,0.3167681,0.6832319,False
essential_GTF2B|HGNC:4648,1,0,0.51534927,0.48465073,0.51534927,False
essential_LSM11|HGNC:30860,1,0,0.77798516,0.22201484,0.77798516,False
essential_RPP38|HGNC:30329,1,0,0.5543901,0.44560993,0.5543901,False
essential_CCDC84|HGNC:30460,1,0,0.7023215,0.29767847,0.7023215,False
essential_PDE4DIP|HGNC:15580,1,0,0.6154574,0.38454258,0.6154574,False
essential_CKAP5|HGNC:28959,1,0,0.6219679,0.3780321,0.6219679,False
essential_ELAC2|HGNC:14198,1,0,0.6574712,0.34252882,0.6574712,False
essential_MRPL53|HGNC:16684,1,0,0.7835231,0.21647692,0.7835231,False
essential_CUL1|HGNC:2551,1,0,0.60851693,0.39148307,0.60851693,False
essential_LSM7|HGNC:20470,1,0,0.8010149,0.1989851,0.8010149,False
essential_DCTN2|HGNC:2712,1,0,0.6900594,0.30994058,0.6900594,False
essential_DYNC1H1|HGNC:2961,1,0,0.639145,0.36085498,0.639145,False
essential_CENPJ|HGNC:17272,1,0,0.60482496,0.39517504,0.60482496,False
essential_UQCRC1|HGNC:12585,1,0,0.6719996,0.32800043,0.6719996,False
essential_RPL31|HGNC:10334,1,0,0.62347853,0.37652147,0.62347853,False
essential_CDC40|HGNC:17350,1,0,0.4941865,0.5058135,0.5058135,False
essential_RRS1|HGNC:17083,1,0,0.7378512,0.2621488,0.7378512,False
essential_ECT2|HGNC:3155,1,0,0.5936038,0.4063962,0.5936038,False
essential_POLR2D|HGNC:9191,1,0,0.7534785,0.24652147,0.7534785,False
essential_WDR46|HGNC:13923,1,0,0.7139905,0.2860095,0.7139905,False
essential_NRF1|HGNC:7996,1,0,0.59163594,0.40836406,0.59163594,False
essential_OSGEP|HGNC:18028,1,0,0.51984227,0.48015773,0.51984227,False
essential_SNRPD3|HGNC:11160,1,0,0.4688442,0.5311558,0.5311558,False
essential_UTP18|HGNC:24274,1,0,0.5290941,0.4709059,0.5290941,False
essential_COX17|HGNC:2264,1,0,0.5133574,0.4866426,0.5133574,False
essential_MED6|HGNC:19970,1,0,0.48356608,0.51643395,0.51643395,False
essential_NCL|HGNC:7667,1,0,0.5377107,0.46228927,0.5377107,False
essential_RPTOR|HGNC:30287,1,0,0.67785627,0.32214373,0.67785627,False
essential_RPL12|HGNC:10302,1,0,0.4726641,0.5273359,0.5273359,False
essential_DHFR|HGNC:2861,1,0,0.5163137,0.48368633,0.5163137,False
essential_POLR3A|HGNC:30074,1,0,0.6279212,0.37207878,0.6279212,False
essential_PSMD8|HGNC:9566,1,0,0.69153243,0.30846757,0.69153243,False
essential_TRAPPC4|HGNC:19943,1,0,0.55042213,0.44957787,0.55042213,False
essential_EIF5B|HGNC:30793,1,0,0.60955155,0.39044845,0.60955155,False
essential_PRPF3|HGNC:17348,1,0,0.5541118,0.44588822,0.5541118,False
essential_IGBP1|HGNC:5461,1,0,0.52617675,0.47382325,0.52617675,False
essential_PHB2|HGNC:30306,1,0,0.64070743,0.35929257,0.64070743,False
essential_SUGT1|HGNC:16987,1,0,0.52062577,0.47937423,0.52062577,False
essential_DIEXF|HGNC:28440,1,0,0.63342214,0.36657786,0.63342214,False
essential_TIMM50|HGNC:23656,1,0,0.6263347,0.37366527,0.6263347,False
essential_NOL12|HGNC:28585,1,0,0.90218335,0.097816646,0.90218335,False
essential_NUP107|HGNC:29914,1,0,0.55362195,0.44637805,0.55362195,False
essential_CFAP20|HGNC:29523,1,0,0.5530775,0.44692248,0.5530775,False
essential_TSR2|HGNC:25455,1,0,0.64705646,0.35294354,0.64705646,False
essential_THOC7|HGNC:29874,1,0,0.48773628,0.5122637,0.5122637,False
essential_RPUSD4|HGNC:25898,1,0,0.598791,0.401209,0.598791,False
essential_CD3EAP|HGNC:24219,1,0,0.58487856,0.41512144,0.58487856,False
essential_NDOR1|HGNC:29838,1,0,0.7393045,0.26069552,0.7393045,False
essential_RFC1|HGNC:9969,1,0,0.6049525,0.3950475,0.6049525,False
essential_MED12|HGNC:11957,1,0,0.6091944,0.3908056,0.6091944,False
essential_HUWE1|HGNC:30892,1,0,0.627298,0.372702,0.627298,False
essential_WARS2|HGNC:12730,1,0,0.62395936,0.37604064,0.62395936,False
essential_WNK1|HGNC:14540,1,0,0.6200851,0.37991488,0.6200851,False
essential_CENPE|HGNC:1856,1,0,0.6421108,0.35788918,0.6421108,False
essential_TP53RK|HGNC:16197,1,0,0.7130103,0.2869897,0.7130103,False
essential_SGF29|HGNC:25156,1,0,0.7282686,0.27173138,0.7282686,False
essential_NARS2|HGNC:26274,1,0,0.6744231,0.3255769,0.6744231,False
essential_PRPF31|HGNC:15446,1,0,0.698725,0.301275,0.698725,False
essential_C19orf52|HGNC:25152,1,0,0.75860906,0.24139094,0.75860906,False
essential_ACTR8|HGNC:14672,1,0,0.56694514,0.43305486,0.56694514,False
essential_CUL3|HGNC:2553,1,0,0.5716747,0.4283253,0.5716747,False
essential_NMT1|HGNC:7857,1,0,0.5586259,0.44137412,0.5586259,False
essential_LETM1|HGNC:6556,1,0,0.72824746,0.27175254,0.72824746,False
essential_XRCC3|HGNC:12830,1,0,0.9019518,0.09804821,0.9019518,False
essential_ORC1|HGNC:8487,1,0,0.56084067,0.43915933,0.56084067,False
essential_ANAPC10|HGNC:24077,1,0,0.45522064,0.54477936,0.54477936,False
essential_SMC3|HGNC:2468,1,0,0.53992033,0.46007967,0.53992033,False
essential_MNAT1|HGNC:7181,1,0,0.460116,0.539884,0.539884,False
essential_TERF2|HGNC:11729,1,0,0.65184385,0.34815615,0.65184385,False
essential_LRR1|HGNC:19742,1,0,0.5594173,0.4405827,0.5594173,False
essential_BRCA1|HGNC:1100,1,0,0.5888342,0.41116577,0.5888342,False
essential_DCTN4|HGNC:15518,1,0,0.6062131,0.3937869,0.6062131,False
essential_DDX1|HGNC:2734,1,0,0.48021576,0.5197842,0.5197842,False
essential_DLST|HGNC:2911,1,0,0.58508575,0.41491425,0.58508575,False
essential_CHAF1A|HGNC:1910,1,0,0.8103418,0.18965822,0.8103418,False
essential_RPL10|HGNC:10298,1,0,0.7354087,0.26459128,0.7354087,False
essential_E4F1|HGNC:3121,1,0,0.73699754,0.26300246,0.73699754,False
essential_TRMT112|HGNC:26940,1,0,0.620352,0.37964797,0.620352,False
essential_INTS6|HGNC:14879,1,0,0.554965,0.44503498,0.554965,False
essential_GABPB1|HGNC:4074,1,0,0.4765331,0.52346694,0.52346694,False
essential_NUP58|HGNC:20261,1,0,0.5055365,0.4944635,0.5055365,False
essential_MRPS2|HGNC:14495,1,0,0.94055736,0.05944264,0.94055736,False
essential_UTP11|HGNC:24329,1,0,0.50019133,0.49980867,0.50019133,False
essential_RPN1|HGNC:10381,1,0,0.6089592,0.3910408,0.6089592,False
essential_BCL2L1|HGNC:992,1,0,0.6603443,0.3396557,0.6603443,False
essential_LAS1L|HGNC:25726,1,0,0.64808524,0.35191476,0.64808524,False
essential_TAF2|HGNC:11536,1,0,0.53576404,0.46423596,0.53576404,False
essential_TOMM40|HGNC:18001,1,0,0.93634605,0.063653946,0.93634605,False
essential_LSG1|HGNC:25652,1,0,0.5737556,0.42624438,0.5737556,False
essential_NUDT21|HGNC:13870,1,0,0.51247644,0.48752356,0.51247644,False
essential_KIF23|HGNC:6392,1,0,0.57309973,0.42690027,0.57309973,False
essential_TIMM13|HGNC:11816,1,0,0.5167377,0.4832623,0.5167377,False
essential_PSMG1|HGNC:3043,1,0,0.4977797,0.5022203,0.5022203,False
essential_MASTL|HGNC:19042,1,0,0.555278,0.444722,0.555278,False
essential_DNM1L|HGNC:2973,1,0,0.59120375,0.40879625,0.59120375,False
essential_ATRIP|HGNC:33499,1,0,0.6043255,0.39567453,0.6043255,False
essential_EEF1A1|HGNC:3189,1,0,0.61417603,0.38582397,0.61417603,False
essential_TAF6L|HGNC:17305,1,0,0.66266507,0.33733493,0.66266507,False
essential_THOC1|HGNC:19070,1,0,0.553481,0.44651902,0.553481,False
essential_NHP2|HGNC:14377,1,0,0.64644593,0.35355407,0.64644593,False
essential_SUDS3|HGNC:29545,1,0,0.60638523,0.39361477,0.60638523,False
essential_MRPL14|HGNC:14279,1,0,0.5888151,0.4111849,0.5888151,False
essential_ZNF131|HGNC:12915,1,0,0.607846,0.39215398,0.607846,False
essential_PPP2R3C|HGNC:17485,1,0,0.5737135,0.42628652,0.5737135,False
essential_YRDC|HGNC:28905,1,0,0.6743834,0.3256166,0.6743834,False
essential_HECTD1|HGNC:20157,1,0,0.6044873,0.3955127,0.6044873,False
essential_KIAA1429|HGNC:24500,1,0,0.6231146,0.3768854,0.6231146,False
essential_RAD51D|HGNC:9823,1,0,0.634852,0.365148,0.634852,False
essential_NUP188|HGNC:17859,1,0,0.58433795,0.41566205,0.58433795,False
essential_NOP10|HGNC:14378,1,0,0.7056791,0.29432088,0.7056791,False
essential_ERCC3|HGNC:3435,1,0,0.6307502,0.36924982,0.6307502,False
essential_MED26|HGNC:2376,1,0,0.73733443,0.26266557,0.73733443,False
essential_UTP3|HGNC:24477,1,0,0.6444514,0.35554862,0.6444514,False
essential_DHODH|HGNC:2867,1,0,0.6444203,0.35557967,0.6444203,False
essential_SETD1A|HGNC:29010,1,0,0.64783907,0.35216093,0.64783907,False
essential_MRPS5|HGNC:14498,1,0,0.6274102,0.37258983,0.6274102,False
essential_ATR|HGNC:882,1,0,0.6327681,0.3672319,0.6327681,False
essential_SART3|HGNC:16860,1,0,0.73632646,0.26367354,0.73632646,False
essential_DDX59|HGNC:25360,1,0,0.50750744,0.49249256,0.50750744,False
essential_CTR9|HGNC:16850,1,0,0.5949243,0.40507573,0.5949243,False
essential_PSMC4|HGNC:9551,1,0,0.65191245,0.34808755,0.65191245,False
essential_TKT|HGNC:11834,1,0,0.68180096,0.31819904,0.68180096,False
essential_COPG1|HGNC:2236,1,0,0.6693999,0.33060008,0.6693999,False
essential_ATP2A2|HGNC:812,1,0,0.6522357,0.3477643,0.6522357,False
essential_RPL7|HGNC:10363,1,0,0.587188,0.412812,0.587188,False
essential_UTP15|HGNC:25758,1,0,0.49529445,0.50470555,0.50470555,False
essential_DYNLRB1|HGNC:15468,1,0,0.63597757,0.36402243,0.63597757,False
essential_PABPC1|HGNC:8554,1,0,0.6324849,0.3675151,0.6324849,False
essential_RBM48|HGNC:21785,1,0,0.5274014,0.4725986,0.5274014,False
essential_TRAPPC5|HGNC:23067,1,0,0.8108143,0.18918568,0.8108143,False
essential_MCM5|HGNC:6948,1,0,0.7537963,0.24620372,0.7537963,False
essential_WARS|HGNC:12729,1,0,0.61095786,0.38904214,0.61095786,False
essential_AQR|HGNC:29513,1,0,0.62939954,0.37060046,0.62939954,False
essential_CHMP2A|HGNC:30216,1,0,0.5564322,0.4435678,0.5564322,False
essential_RPL3|HGNC:10332,1,0,0.7256661,0.2743339,0.7256661,False
essential_KIF20A|HGNC:9787,1,0,0.6034585,0.39654148,0.6034585,False
essential_CRNKL1|HGNC:15762,1,0,0.6261492,0.37385082,0.6261492,False
essential_PPIL4|HGNC:15702,1,0,0.50399226,0.49600774,0.50399226,False
essential_SRP19|HGNC:11300,1,0,0.59030896,0.40969104,0.59030896,False
essential_C1orf109|HGNC:26039,1,0,0.6390802,0.36091977,0.6390802,False
essential_U2AF2|HGNC:23156,1,0,0.92595637,0.07404363,0.92595637,False
essential_ASCC3|HGNC:18697,1,0,0.58032817,0.41967183,0.58032817,False
essential_MYBL2|HGNC:7548,1,0,0.70553404,0.29446596,0.70553404,False
essential_NOC4L|HGNC:28461,1,0,0.88563174,0.11436826,0.88563174,False
essential_CSE1L|HGNC:2431,1,0,0.5551597,0.4448403,0.5551597,False
essential_PCYT1A|HGNC:8754,1,0,0.5936333,0.4063667,0.5936333,False
essential_MTPAP|HGNC:25532,1,0,0.61387455,0.38612545,0.61387455,False
essential_NDUFB6|HGNC:7701,1,0,0.43530238,0.5646976,0.5646976,False
essential_RPS15A|HGNC:10389,1,0,0.47694403,0.523056,0.523056,False
essential_RAE1|HGNC:9828,1,0,0.6394524,0.3605476,0.6394524,False
essential_RPL37A|HGNC:10348,1,0,0.6126762,0.3873238,0.6126762,False
essential_MRPL45|HGNC:16651,1,0,0.59377474,0.40622526,0.59377474,False
essential_FNTB|HGNC:3785,1,0,0.6266933,0.3733067,0.6266933,False
essential_OIP5|HGNC:20300,1,0,0.6070539,0.39294612,0.6070539,False
essential_GON4L|HGNC:25973,1,0,0.66142285,0.33857715,0.66142285,False
essential_PSMA1|HGNC:9530,1,0,0.5184954,0.48150462,0.5184954,False
essential_DNAJC11|HGNC:25570,1,0,0.63099426,0.36900574,0.63099426,False
essential_DARS|HGNC:2678,1,0,0.63752925,0.36247075,0.63752925,False
essential_RBBP8|HGNC:9891,1,0,0.52995276,0.47004724,0.52995276,False
essential_YY1|HGNC:12856,1,0,0.6243753,0.37562472,0.6243753,False
essential_U2AF1|HGNC:12453,1,0,0.5907225,0.4092775,0.5907225,False
essential_NXF1|HGNC:8071,1,0,0.66912496,0.33087504,0.66912496,False
essential_PPWD1|HGNC:28954,1,0,0.59011483,0.40988517,0.59011483,False
essential_CCT2|HGNC:1615,1,0,0.6199589,0.38004112,0.6199589,False
essential_MAPK14|HGNC:6876,1,0,0.5085319,0.49146807,0.5085319,False
essential_HGS|HGNC:4897,1,0,0.72865295,0.27134705,0.72865295,False
essential_PSMC2|HGNC:9548,1,0,0.56434226,0.43565774,0.56434226,False
essential_AASDHPPT|HGNC:14235,1,0,0.55543494,0.44456506,0.55543494,False
essential_ARFRP1|HGNC:662,1,0,0.6762233,0.32377672,0.6762233,False
essential_NUP98|HGNC:8068,1,0,0.5972031,0.40279692,0.5972031,False
essential_PRPF6|HGNC:15860,1,0,0.68322676,0.31677324,0.68322676,False
essential_SRSF2|HGNC:10783,1,0,0.85617,0.14383,0.85617,False
essential_RPL18A|HGNC:10311,1,0,0.6821304,0.3178696,0.6821304,False
essential_LSM4|HGNC:17259,1,0,0.67605954,0.32394046,0.67605954,False
essential_PRIM1|HGNC:9369,1,0,0.5149875,0.48501247,0.5149875,False
essential_EEF1G|HGNC:3213,1,0,0.6362994,0.36370063,0.6362994,False
essential_EIF3B|HGNC:3280,1,0,0.6006705,0.39932948,0.6006705,False
essential_MRPL18|HGNC:14477,1,0,0.48844942,0.51155055,0.51155055,False
essential_TOMM22|HGNC:18002,1,0,0.5704234,0.42957658,0.5704234,False
essential_SBNO1|HGNC:22973,1,0,0.5972418,0.40275818,0.5972418,False
essential_COX4I1|HGNC:2265,1,0,0.6066479,0.3933521,0.6066479,False
essential_PSMC3|HGNC:9549,1,0,0.74910086,0.25089914,0.74910086,False
essential_RPL19|HGNC:10312,1,0,0.543545,0.456455,0.543545,False
essential_ARCN1|HGNC:649,1,0,0.5126689,0.4873311,0.5126689,False
essential_CHAF1B|HGNC:1911,1,0,0.57343,0.42657,0.57343,False
essential_DAP3|HGNC:2673,1,0,0.5421617,0.4578383,0.5421617,False
essential_CENPL|HGNC:17879,1,0,0.4761966,0.5238034,0.5238034,False
essential_PTPN23|HGNC:14406,1,0,0.6840339,0.31596613,0.6840339,False
essential_NOL9|HGNC:26265,1,0,0.6088853,0.3911147,0.6088853,False
essential_AURKAIP1|HGNC:24114,1,0,0.83117634,0.16882366,0.83117634,False
essential_CNOT1|HGNC:7877,1,0,0.6334658,0.36653417,0.6334658,False
essential_SNAPC3|HGNC:11136,1,0,0.63135934,0.36864066,0.63135934,False
essential_RPN2|HGNC:10382,1,0,0.68685997,0.31314003,0.68685997,False
essential_SRRT|HGNC:24101,1,0,0.62308425,0.37691575,0.62308425,False
essential_DHX16|HGNC:2739,1,0,0.6578222,0.3421778,0.6578222,False
essential_ALG14|HGNC:28287,1,0,0.50134856,0.49865144,0.50134856,False
essential_DLD|HGNC:2898,1,0,0.519378,0.480622,0.519378,False
essential_DKC1|HGNC:2890,1,0,0.51795375,0.48204625,0.51795375,False
essential_TAF1|HGNC:11535,1,0,0.62180376,0.37819624,0.62180376,False
essential_HAUS3|HGNC:28719,1,0,0.49416345,0.50583655,0.50583655,False
essential_MED22|HGNC:11477,1,0,0.9361268,0.06387317,0.9361268,False
essential_YTHDC1|HGNC:30626,1,0,0.5735668,0.4264332,0.5735668,False
essential_ATP6V0D1|HGNC:13724,1,0,0.7166845,0.28331548,0.7166845,False
essential_MRPL19|HGNC:14052,1,0,0.55719495,0.44280505,0.55719495,False
essential_NAPA|HGNC:7641,1,0,0.8326232,0.16737682,0.8326232,False
essential_AP2S1|HGNC:565,1,0,0.66032803,0.33967197,0.66032803,False
essential_TUBGCP5|HGNC:18600,1,0,0.61956775,0.38043225,0.61956775,False
essential_RFT1|HGNC:30220,1,0,0.5956016,0.40439838,0.5956016,False
essential_CINP|HGNC:23789,1,0,0.5222447,0.4777553,0.5222447,False
essential_G6PD|HGNC:4057,1,0,0.7769457,0.22305429,0.7769457,False
essential_RPS25|HGNC:10413,1,0,0.6152478,0.3847522,0.6152478,False
essential_NCAPG|HGNC:24304,1,0,0.6422225,0.35777748,0.6422225,False
essential_RNMT|HGNC:10075,1,0,0.5067709,0.4932291,0.5067709,False
essential_PFDN6|HGNC:4926,1,0,0.5014357,0.4985643,0.5014357,False
essential_IKBKAP|HGNC:5959,1,0,0.5662924,0.4337076,0.5662924,False
essential_SAP18|HGNC:10530,1,0,0.630055,0.369945,0.630055,False
essential_FAM96B|HGNC:24261,1,0,0.60069835,0.39930165,0.60069835,False
essential_MRPS15|HGNC:14504,1,0,0.7156939,0.2843061,0.7156939,False
essential_INTS1|HGNC:24555,1,0,0.63234985,0.36765015,0.63234985,False
essential_RARS2|HGNC:21406,1,0,0.6296753,0.37032467,0.6296753,False
essential_ABHD11|HGNC:16407,1,0,0.724847,0.27515298,0.724847,False
essential_FBL|HGNC:3599,1,0,0.5513289,0.4486711,0.5513289,False
essential_XRN1|HGNC:30654,1,0,0.59278184,0.40721816,0.59278184,False
essential_MOCS3|HGNC:15765,1,0,0.6645095,0.33549052,0.6645095,False
essential_SART1|HGNC:10538,1,0,0.73957884,0.26042116,0.73957884,False
essential_MRPL20|HGNC:14478,1,0,0.6265372,0.3734628,0.6265372,False
essential_VPS25|HGNC:28122,1,0,0.6565467,0.3434533,0.6565467,False
essential_POLR3C|HGNC:30076,1,0,0.54109615,0.45890385,0.54109615,False
essential_CSTF1|HGNC:2483,1,0,0.6323229,0.3676771,0.6323229,False
essential_SMG1|HGNC:30045,1,0,0.61342436,0.38657564,0.61342436,False
essential_SSU72|HGNC:25016,1,0,0.6622217,0.33777827,0.6622217,False
essential_PAFAH1B1|HGNC:8574,1,0,0.6459474,0.3540526,0.6459474,False
essential_PSMB7|HGNC:9544,1,0,0.5773051,0.42269492,0.5773051,False
essential_MRPL39|HGNC:14027,1,0,0.5332726,0.46672738,0.5332726,False
essential_YEATS4|HGNC:24859,1,0,0.4466197,0.5533803,0.5533803,False
essential_CCNK|HGNC:1596,1,0,0.54414153,0.45585847,0.54414153,False
essential_GPN1|HGNC:17030,1,0,0.61592424,0.38407576,0.61592424,False
essential_NIP7|HGNC:24328,1,0,0.5470226,0.45297742,0.5470226,False
essential_GNL2|HGNC:29925,1,0,0.53968745,0.46031255,0.53968745,False
essential_FAM210A|HGNC:28346,1,0,0.52512044,0.47487956,0.52512044,False
essential_GNL3L|HGNC:25553,1,0,0.6354147,0.36458528,0.6354147,False
essential_KAT5|HGNC:5275,1,0,0.6256342,0.3743658,0.6256342,False
essential_PPAT|HGNC:9238,1,0,0.5533544,0.44664562,0.5533544,False
essential_ANKLE2|HGNC:29101,1,0,0.6171667,0.3828333,0.6171667,False
essential_MAX|HGNC:6913,1,0,0.6316038,0.36839622,0.6316038,False
essential_ENO1|HGNC:3350,1,0,0.67305,0.32695,0.67305,False
essential_LTV1|HGNC:21173,1,0,0.5634385,0.43656152,0.5634385,False
essential_UBA2|HGNC:30661,1,0,0.5096168,0.4903832,0.5096168,False
essential_TMEM258|HGNC:1164,1,0,0.59801656,0.40198344,0.59801656,False
essential_RPL11|HGNC:10301,1,0,0.7345603,0.2654397,0.7345603,False
essential_SCAP|HGNC:30634,1,0,0.63756543,0.36243457,0.63756543,False
essential_MRPL44|HGNC:16650,1,0,0.58913285,0.41086715,0.58913285,False
essential_VPS28|HGNC:18178,1,0,0.63592845,0.36407155,0.63592845,False
essential_DROSHA|HGNC:17904,1,0,0.5917388,0.40826118,0.5917388,False
essential_TRIAP1|HGNC:26937,1,0,0.61991674,0.38008326,0.61991674,False
essential_BRCA2|HGNC:1101,1,0,0.590502,0.40949798,0.590502,False
essential_CNOT9|HGNC:10445,1,0,0.52705586,0.47294414,0.52705586,False
essential_ABT1|HGNC:17369,1,0,0.69026613,0.30973387,0.69026613,False
essential_GADD45GIP1|HGNC:29996,1,0,0.78687924,0.21312076,0.78687924,False
essential_DHX33|HGNC:16718,1,0,0.5774644,0.4225356,0.5774644,False
essential_CARS2|HGNC:25695,1,0,0.64411396,0.35588604,0.64411396,False
essential_IMP3|HGNC:14497,1,0,0.92066634,0.07933366,0.92066634,False
essential_SF1|HGNC:12950,1,0,0.6394175,0.36058247,0.6394175,False
essential_POLA2|HGNC:30073,1,0,0.54850644,0.45149356,0.54850644,False
essential_NUP153|HGNC:8062,1,0,0.62736636,0.37263364,0.62736636,False
essential_MAD2L1|HGNC:6763,1,0,0.4965621,0.5034379,0.5034379,False
essential_PWP1|HGNC:17015,1,0,0.49323654,0.50676346,0.50676346,False
essential_AURKA|HGNC:11393,1,0,0.50661623,0.49338377,0.50661623,False
essential_TANGO6|HGNC:25749,1,0,0.60201716,0.39798284,0.60201716,False
essential_ILF3|HGNC:6038,1,0,0.6128276,0.3871724,0.6128276,False
essential_UXT|HGNC:12641,1,0,0.74089926,0.25910074,0.74089926,False
essential_ISG20L2|HGNC:25745,1,0,0.5387456,0.46125442,0.5387456,False
essential_PMVK|HGNC:9141,1,0,0.6904923,0.30950773,0.6904923,False
essential_GPN2|HGNC:25513,1,0,0.6907708,0.3092292,0.6907708,False
essential_CEP57|HGNC:30794,1,0,0.5031774,0.4968226,0.5031774,False
essential_COPE|HGNC:2234,1,0,0.7042334,0.2957666,0.7042334,False
essential_TUBG1|HGNC:12417,1,0,0.7308949,0.26910508,0.7308949,False
essential_TRAPPC8|HGNC:29169,1,0,0.5812823,0.41871768,0.5812823,False
essential_SRSF7|HGNC:10789,1,0,0.6091519,0.3908481,0.6091519,False
essential_MRPS18A|HGNC:14515,1,0,0.8107199,0.1892801,0.8107199,False
essential_PPP2R1A|HGNC:9302,1,0,0.6794521,0.32054788,0.6794521,False
essential_N6AMT1|HGNC:16021,1,0,0.5172124,0.4827876,0.5172124,False
essential_NUP93|HGNC:28958,1,0,0.63629866,0.36370134,0.63629866,False
essential_UBE2I|HGNC:12485,1,0,0.49203977,0.5079602,0.5079602,False
essential_RSRC2|HGNC:30559,1,0,0.50919735,0.49080265,0.50919735,False
essential_RPL7L1|HGNC:21370,1,0,0.6313612,0.3686388,0.6313612,False
essential_IPO9|HGNC:19425,1,0,0.5876574,0.4123426,0.5876574,False
essential_ZBTB17|HGNC:12936,1,0,0.68505216,0.31494784,0.68505216,False
essential_NELFA|HGNC:12768,1,0,0.75288886,0.24711114,0.75288886,False
essential_CENPN|HGNC:30873,1,0,0.63130546,0.36869454,0.63130546,False
essential_DTYMK|HGNC:3061,1,0,0.66642857,0.33357143,0.66642857,False
essential_SPDL1|HGNC:26010,1,0,0.5962666,0.40373337,0.5962666,False
essential_NOP14|HGNC:16821,1,0,0.6372598,0.36274022,0.6372598,False
essential_PDCD11|HGNC:13408,1,0,0.61593604,0.38406396,0.61593604,False
essential_HSPA14|HGNC:29526,1,0,0.5017682,0.49823183,0.5017682,False
essential_RPL7A|HGNC:10364,1,0,0.65961504,0.34038496,0.65961504,False
essential_EIF2S1|HGNC:3265,1,0,0.4707913,0.52920866,0.52920866,False
essential_SRCAP|HGNC:16974,1,0,0.6267802,0.3732198,0.6267802,False
essential_MAT2A|HGNC:6904,1,0,0.5845626,0.4154374,0.5845626,False
essential_RPS15|HGNC:10388,1,0,0.80943406,0.19056594,0.80943406,False
essential_DDX24|HGNC:13266,1,0,0.5860913,0.41390872,0.5860913,False
essential_ABCB7|HGNC:48,1,0,0.5680473,0.43195271,0.5680473,False
essential_CDK1|HGNC:1722,1,0,0.43373203,0.56626797,0.56626797,False
essential_SNRPB|HGNC:11153,1,0,0.58289254,0.41710746,0.58289254,False
essential_UBA3|HGNC:12470,1,0,0.51783985,0.48216015,0.51783985,False
essential_HSD17B10|HGNC:4800,1,0,0.5795746,0.42042542,0.5795746,False
essential_AP2M1|HGNC:564,1,0,0.6242759,0.37572408,0.6242759,False
essential_RINT1|HGNC:21876,1,0,0.5221619,0.4778381,0.5221619,False
essential_DCTN3|HGNC:2713,1,0,0.7439125,0.25608748,0.7439125,False
essential_POLR3E|HGNC:30347,1,0,0.6889837,0.31101632,0.6889837,False
essential_EMC3|HGNC:23999,1,0,0.5452956,0.4547044,0.5452956,False
essential_ORAOV1|HGNC:17589,1,0,0.5073767,0.49262333,0.5073767,False
essential_WDHD1|HGNC:23170,1,0,0.57503426,0.42496574,0.57503426,False
essential_ARMC7|HGNC:26168,1,0,0.89134556,0.10865444,0.89134556,False
essential_EIF1|HGNC:3249,1,0,0.522346,0.47765398,0.522346,False
essential_KIN|HGNC:6327,1,0,0.5037314,0.49626857,0.5037314,False
essential_EIF1AD|HGNC:28147,1,0,0.58999187,0.41000813,0.58999187,False
essential_TEX10|HGNC:25988,1,0,0.54832953,0.45167047,0.54832953,False
essential_TTF1|HGNC:12397,1,0,0.6119288,0.38807118,0.6119288,False
essential_CLTC|HGNC:2092,1,0,0.5938135,0.40618652,0.5938135,False
essential_NOP58|HGNC:29926,1,0,0.5225499,0.47745007,0.5225499,False
essential_RBBP5|HGNC:9888,1,0,0.4988494,0.5011506,0.5011506,False
essential_NCKAP1|HGNC:7666,1,0,0.6149512,0.3850488,0.6149512,False
essential_GFER|HGNC:4236,1,0,0.76773226,0.23226774,0.76773226,False
essential_PSMG3|HGNC:22420,1,0,0.60119355,0.39880645,0.60119355,False
essential_RPS9|HGNC:10442,1,0,0.6738435,0.3261565,0.6738435,False
essential_NLE1|HGNC:19889,1,0,0.69806397,0.30193603,0.69806397,False
essential_SCFD1|HGNC:20726,1,0,0.5388083,0.4611917,0.5388083,False
essential_CTU2|HGNC:28005,1,0,0.9022692,0.097730815,0.9022692,False
essential_COPZ1|HGNC:2243,1,0,0.5797633,0.4202367,0.5797633,False
essential_CAD|HGNC:1424,1,0,0.6514279,0.34857208,0.6514279,False
essential_MED30|HGNC:23032,1,0,0.5876693,0.4123307,0.5876693,False
essential_NDC80|HGNC:16909,1,0,0.6457941,0.3542059,0.6457941,False
essential_SURF6|HGNC:11478,1,0,0.8465277,0.1534723,0.8465277,False
essential_SUPT16H|HGNC:11465,1,0,0.5309934,0.4690066,0.5309934,False
essential_TIMM44|HGNC:17316,1,0,0.71887964,0.28112036,0.71887964,False
essential_DHX15|HGNC:2738,1,0,0.5595871,0.44041288,0.5595871,False
essential_CDK9|HGNC:1780,1,0,0.65076506,0.34923494,0.65076506,False
essential_RUVBL2|HGNC:10475,1,0,0.85568327,0.14431673,0.85568327,False
essential_STX5|HGNC:11440,1,0,0.68004644,0.31995356,0.68004644,False
essential_RCL1|HGNC:17687,1,0,0.5299592,0.4700408,0.5299592,False
essential_TEFM|HGNC:26223,1,0,0.5136517,0.48634827,0.5136517,False
essential_SENP6|HGNC:20944,1,0,0.5955436,0.40445638,0.5955436,False
essential_TSEN2|HGNC:28422,1,0,0.51716596,0.48283404,0.51716596,False
essential_RPS2|HGNC:10404,1,0,0.9312768,0.0687232,0.9312768,False
essential_NARFL|HGNC:14179,1,0,0.67700243,0.32299757,0.67700243,False
essential_TRAPPC11|HGNC:25751,1,0,0.5988967,0.40110332,0.5988967,False
essential_WDR92|HGNC:25176,1,0,0.49710146,0.5028986,0.5028986,False
essential_OSBP|HGNC:8503,1,0,0.62291414,0.37708586,0.62291414,False
essential_GINS2|HGNC:24575,1,0,0.70272136,0.29727864,0.70272136,False
essential_CEP85|HGNC:25309,1,0,0.69805306,0.30194694,0.69805306,False
essential_POLR3K|HGNC:14121,1,0,0.84849787,0.15150213,0.84849787,False
essential_SYS1|HGNC:16162,1,0,0.6226873,0.37731272,0.6226873,False
essential_ICE1|HGNC:29154,1,0,0.6010217,0.3989783,0.6010217,False
essential_REV3L|HGNC:9968,1,0,0.6028731,0.3971269,0.6028731,False
essential_TSR1|HGNC:25542,1,0,0.58772564,0.41227436,0.58772564,False
essential_EIF3D|HGNC:3278,1,0,0.6401225,0.35987753,0.6401225,False
essential_SHFM1|HGNC:10845,1,0,0.43370616,0.56629384,0.56629384,False
essential_POLR3D|HGNC:1080,1,0,0.80972403,0.19027597,0.80972403,False
essential_GINS3|HGNC:25851,1,0,0.56943494,0.43056506,0.56943494,False
essential_MYBBP1A|HGNC:7546,1,0,0.6765768,0.3234232,0.6765768,False
essential_MDC1|HGNC:21163,1,0,0.5822899,0.41771013,0.5822899,False
essential_XRN2|HGNC:12836,1,0,0.57737315,0.42262685,0.57737315,False
essential_CDC20|HGNC:1723,1,0,0.59833413,0.40166587,0.59833413,False
essential_USPL1|HGNC:20294,1,0,0.5420717,0.4579283,0.5420717,False
essential_SNIP1|HGNC:30587,1,0,0.5665808,0.43341923,0.5665808,False
essential_NUP214|HGNC:8064,1,0,0.6063314,0.3936686,0.6063314,False
essential_EFTUD2|HGNC:30858,1,0,0.6080173,0.39198267,0.6080173,False
essential_RPP14|HGNC:30327,1,0,0.45496643,0.5450336,0.5450336,False
essential_DSCC1|HGNC:24453,1,0,0.60873896,0.39126104,0.60873896,False
essential_KANSL2|HGNC:26024,1,0,0.52553487,0.47446513,0.52553487,False
essential_MRPS14|HGNC:14049,1,0,0.5127034,0.48729658,0.5127034,False
essential_WDR25|HGNC:21064,1,0,0.5211729,0.47882712,0.5211729,False
essential_UBE2M|HGNC:12491,1,0,0.77911943,0.22088057,0.77911943,False
essential_HAUS7|HGNC:32979,1,0,0.7202107,0.27978933,0.7202107,False
essential_RIOK2|HGNC:18999,1,0,0.50418794,0.49581206,0.50418794,False
essential_POLR3H|HGNC:30349,1,0,0.7351695,0.26483053,0.7351695,False
essential_NCBP2|HGNC:7659,1,0,0.72191447,0.27808553,0.72191447,False
essential_DSN1|HGNC:16165,1,0,0.48632577,0.51367426,0.51367426,False
essential_HARS|HGNC:4816,1,0,0.6357745,0.3642255,0.6357745,False
essential_VCP|HGNC:12666,1,0,0.65421003,0.34578997,0.65421003,False
essential_PRPF4|HGNC:17349,1,0,0.5570015,0.44299853,0.5570015,False
essential_METTL3|HGNC:17563,1,0,0.6204502,0.3795498,0.6204502,False
essential_UPF2|HGNC:17854,1,0,0.5906581,0.40934187,0.5906581,False
essential_NBAS|HGNC:15625,1,0,0.6049663,0.39503372,0.6049663,False
essential_RPL27|HGNC:10328,1,0,0.59542066,0.40457934,0.59542066,False
essential_MIPEP|HGNC:7104,1,0,0.6017298,0.3982702,0.6017298,False
essential_TRMT6|HGNC:20900,1,0,0.5457917,0.4542083,0.5457917,False
essential_NDUFAB1|HGNC:7694,1,0,0.61225283,0.38774717,0.61225283,False
essential_METAP2|HGNC:16672,1,0,0.56032366,0.43967634,0.56032366,False
essential_NUP205|HGNC:18658,1,0,0.60122526,0.39877474,0.60122526,False
essential_PNKP|HGNC:9154,1,0,0.79886985,0.20113015,0.79886985,False
essential_WDR70|HGNC:25495,1,0,0.60966015,0.39033985,0.60966015,False
essential_SF3B2|HGNC:10769,1,0,0.6868739,0.3131261,0.6868739,False
essential_MED1|HGNC:9234,1,0,0.54012394,0.45987606,0.54012394,False
essential_SCGB1C1|HGNC:18394,1,0,0.5961945,0.4038055,0.5961945,False
essential_SLU7|HGNC:16939,1,0,0.5091083,0.4908917,0.5091083,False
essential_UMPS|HGNC:12563,1,0,0.63721037,0.36278963,0.63721037,False
essential_POLR1B|HGNC:20454,1,0,0.61281884,0.38718116,0.61281884,False
essential_POP7|HGNC:19949,1,0,0.69307756,0.30692244,0.69307756,False
essential_UVRAG|HGNC:12640,1,0,0.62122154,0.37877846,0.62122154,False
essential_WRB|HGNC:12790,1,0,0.6482758,0.3517242,0.6482758,False
essential_BRD4|HGNC:13575,1,0,0.6609262,0.33907378,0.6609262,False
essential_POP1|HGNC:30129,1,0,0.5801597,0.41984028,0.5801597,False
essential_INO80|HGNC:26956,1,0,0.5747075,0.4252925,0.5747075,False
essential_GLE1|HGNC:4315,1,0,0.7248324,0.27516758,0.7248324,False
essential_CDC5L|HGNC:1743,1,0,0.6403468,0.35965317,0.6403468,False
essential_BUB1B|HGNC:1149,1,0,0.545037,0.45496303,0.545037,False
essential_MRPS11|HGNC:14050,1,0,0.6500589,0.34994107,0.6500589,False
essential_DIDO1|HGNC:2680,1,0,0.6328104,0.3671896,0.6328104,False
essential_RBM39|HGNC:15923,1,0,0.5365748,0.46342522,0.5365748,False
essential_PMPCB|HGNC:9119,1,0,0.6010108,0.3989892,0.6010108,False
essential_KRR1|HGNC:5176,1,0,0.5375606,0.46243942,0.5375606,False
essential_PTCD1|HGNC:22198,1,0,0.7288911,0.27110893,0.7288911,False
essential_DDX51|HGNC:20082,1,0,0.8855949,0.114405096,0.8855949,False
essential_GEMIN4|HGNC:15717,1,0,0.638932,0.361068,0.638932,False
essential_RNF113A|HGNC:12974,1,0,0.6650642,0.33493578,0.6650642,False
essential_OBFC1|HGNC:26200,1,0,0.567357,0.432643,0.567357,False
essential_POLR3B|HGNC:30348,1,0,0.6100804,0.38991958,0.6100804,False
essential_DDX49|HGNC:18684,1,0,0.7062104,0.29378963,0.7062104,False
essential_NAA20|HGNC:15908,1,0,0.4461331,0.55386686,0.55386686,False
essential_HK2|HGNC:4923,1,0,0.7312109,0.2687891,0.7312109,False
essential_PRELID1|HGNC:30255,1,0,0.6378025,0.36219752,0.6378025,False
essential_EIF2B2|HGNC:3258,1,0,0.6020501,0.39794987,0.6020501,False
essential_EXOSC3|HGNC:17944,1,0,0.54911304,0.45088696,0.54911304,False
essential_PNISR|HGNC:21222,1,0,0.5701929,0.42980713,0.5701929,False
essential_COG3|HGNC:18619,1,0,0.5656004,0.4343996,0.5656004,False
essential_GRPEL1|HGNC:19696,1,0,0.6884974,0.31150258,0.6884974,False
essential_POLR2L|HGNC:9199,1,0,0.5393176,0.4606824,0.5393176,False
essential_NUP133|HGNC:18016,1,0,0.56908965,0.43091035,0.56908965,False
essential_EXOSC10|HGNC:9138,1,0,0.62386477,0.37613523,0.62386477,False
essential_PSMC5|HGNC:9552,1,0,0.62474895,0.37525105,0.62474895,False
essential_CEP152|HGNC:29298,1,0,0.59094054,0.40905946,0.59094054,False
essential_COX15|HGNC:2263,1,0,0.6677236,0.3322764,0.6677236,False
essential_NPLOC4|HGNC:18261,1,0,0.6676938,0.3323062,0.6676938,False
essential_WDR43|HGNC:28945,1,0,0.57786536,0.42213464,0.57786536,False
essential_DDX52|HGNC:20038,1,0,0.5053999,0.49460012,0.5053999,False
essential_POLD2|HGNC:9176,1,0,0.74738973,0.25261027,0.74738973,False
essential_SF3A3|HGNC:10767,1,0,0.52713114,0.47286886,0.52713114,False
essential_DAD1|HGNC:2664,1,0,0.5469553,0.4530447,0.5469553,False
essential_THAP12|HGNC:9440,1,0,0.5660871,0.43391287,0.5660871,False
essential_NAA38|HGNC:28212,1,0,0.7751156,0.22488439,0.7751156,False
essential_NSMCE1|HGNC:29897,1,0,0.6498584,0.35014158,0.6498584,False
essential_MRPS31|HGNC:16632,1,0,0.48934853,0.51065147,0.51065147,False
essential_WDR7|HGNC:13490,1,0,0.5979628,0.4020372,0.5979628,False
essential_EXOSC6|HGNC:19055,1,0,0.84311956,0.15688044,0.84311956,False
essential_MCMBP|HGNC:25782,1,0,0.54001623,0.45998377,0.54001623,False
essential_SFPQ|HGNC:10774,1,0,0.6099168,0.3900832,0.6099168,False
essential_CFDP1|HGNC:1873,1,0,0.5469244,0.4530756,0.5469244,False
essential_CPSF3L|HGNC:26052,1,0,0.7631088,0.23689121,0.7631088,False
essential_MRPS18C|HGNC:16633,1,0,0.43620607,0.5637939,0.5637939,False
essential_VARS|HGNC:12651,1,0,0.6856704,0.31432962,0.6856704,False
essential_TPR|HGNC:12017,1,0,0.6136486,0.3863514,0.6136486,False
essential_LSM2|HGNC:13940,1,0,0.45989403,0.54010594,0.54010594,False
essential_UFD1L|HGNC:12520,1,0,0.61449754,0.38550246,0.61449754,False
essential_ACLY|HGNC:115,1,0,0.62616235,0.37383765,0.62616235,False
essential_C21orf59|HGNC:1301,1,0,0.6013688,0.39863122,0.6013688,False
essential_CASC5|HGNC:24054,1,0,0.5813387,0.4186613,0.5813387,False
essential_GPKOW|HGNC:30677,1,0,0.6302364,0.3697636,0.6302364,False
essential_CDIPT|HGNC:1769,1,0,0.6493216,0.35067838,0.6493216,False
essential_SEC16A|HGNC:29006,1,0,0.5815848,0.4184152,0.5815848,False
essential_CDT1|HGNC:24576,1,0,0.88350606,0.11649394,0.88350606,False
essential_RRP15|HGNC:24255,1,0,0.5555384,0.44446158,0.5555384,False
essential_PRPF39|HGNC:20314,1,0,0.49695265,0.50304735,0.50304735,False
essential_PRKRIP1|HGNC:21894,1,0,0.64899486,0.35100514,0.64899486,False
essential_RPAP2|HGNC:25791,1,0,0.5836631,0.4163369,0.5836631,False
essential_WDR77|HGNC:29652,1,0,0.55848163,0.44151837,0.55848163,False
essential_RCC1|HGNC:1913,1,0,0.67275953,0.32724047,0.67275953,False
essential_THOC2|HGNC:19073,1,0,0.61796093,0.38203907,0.61796093,False
essential_RPS19BP1|HGNC:28749,1,0,0.8062946,0.19370538,0.8062946,False
essential_MRPS18B|HGNC:14516,1,0,0.5711308,0.4288692,0.5711308,False
essential_MRPS30|HGNC:8769,1,0,0.69203514,0.30796486,0.69203514,False
essential_GTF3C5|HGNC:4668,1,0,0.765062,0.23493803,0.765062,False
essential_CDAN1|HGNC:1713,1,0,0.63532543,0.36467457,0.63532543,False
essential_EIF4A1|HGNC:3282,1,0,0.5662917,0.4337083,0.5662917,False
essential_MVD|HGNC:7529,1,0,0.9348948,0.0651052,0.9348948,False
essential_RPL13|HGNC:10303,1,0,0.84471065,0.15528935,0.84471065,False
essential_KANSL3|HGNC:25473,1,0,0.64860034,0.35139966,0.64860034,False
essential_MRPL16|HGNC:14476,1,0,0.59443015,0.40556985,0.59443015,False
essential_RBM14|HGNC:14219,1,0,0.6812097,0.31879032,0.6812097,False
essential_ZC3H3|HGNC:28972,1,0,0.63125646,0.36874354,0.63125646,False
essential_IDH3A|HGNC:5384,1,0,0.63570523,0.36429477,0.63570523,False
essential_ASUN|HGNC:20174,1,0,0.58141285,0.41858715,0.58141285,False
essential_PSMD13|HGNC:9558,1,0,0.590347,0.409653,0.590347,False
essential_NDUFA2|HGNC:7685,1,0,0.8530808,0.14691919,0.8530808,False
essential_INTS4|HGNC:25048,1,0,0.55808234,0.44191766,0.55808234,False
essential_NVL|HGNC:8070,1,0,0.5537633,0.44623673,0.5537633,False
essential_PELP1|HGNC:30134,1,0,0.6331719,0.36682808,0.6331719,False
essential_RFWD3|HGNC:25539,1,0,0.5385666,0.4614334,0.5385666,False
essential_SUGP1|HGNC:18643,1,0,0.6429199,0.3570801,0.6429199,False
essential_SDHC|HGNC:10682,1,0,0.6419316,0.3580684,0.6419316,False
essential_DNTTIP2|HGNC:24013,1,0,0.49224603,0.50775397,0.50775397,False
essential_IPO7|HGNC:9852,1,0,0.5801088,0.41989118,0.5801088,False
essential_TBCB|HGNC:1989,1,0,0.7393415,0.2606585,0.7393415,False
essential_BORA|HGNC:24724,1,0,0.5235683,0.47643173,0.5235683,False
essential_MRPS35|HGNC:16635,1,0,0.5895785,0.4104215,0.5895785,False
essential_MED19|HGNC:29600,1,0,0.636488,0.36351198,0.636488,False
essential_CDK7|HGNC:1778,1,0,0.5027254,0.49727458,0.5027254,False
essential_FAM50A|HGNC:18786,1,1,0.9632105,0.036789477,0.9632105,True
essential_SKA3|HGNC:20262,1,0,0.49083033,0.5091697,0.5091697,False
essential_SUPT4H1|HGNC:11467,1,0,0.5127533,0.4872467,0.5127533,False
essential_SS18L2|HGNC:15593,1,0,0.4859867,0.5140133,0.5140133,False
essential_HNRNPU|HGNC:5048,1,0,0.6266102,0.37338978,0.6266102,False
essential_OGT|HGNC:8127,1,0,0.57673794,0.42326206,0.57673794,False
essential_ATP1A1|HGNC:799,1,0,0.5959143,0.4040857,0.5959143,False
essential_TRAPPC3|HGNC:19942,1,0,0.55447304,0.44552696,0.55447304,False
essential_SF3B4|HGNC:10771,1,0,0.6034568,0.3965432,0.6034568,False
essential_RPL14|HGNC:10305,1,0,0.67729115,0.32270885,0.67729115,False
essential_CPSF4|HGNC:2327,1,0,0.8309393,0.1690607,0.8309393,False
essential_LIAS|HGNC:16429,1,0,0.48599482,0.5140052,0.5140052,False
essential_NOL11|HGNC:24557,1,0,0.56797206,0.43202794,0.56797206,False
essential_GTF2H3|HGNC:4657,1,0,0.45564255,0.5443574,0.5443574,False
essential_ATP6V0B|HGNC:861,1,0,0.65661436,0.34338564,0.65661436,False
essential_TUT1|HGNC:26184,1,0,0.66996425,0.33003575,0.66996425,False
essential_FARSA|HGNC:3592,1,0,0.7493616,0.25063843,0.7493616,False
essential_BCCIP|HGNC:978,1,0,0.5983576,0.40164238,0.5983576,False
essential_GLTSCR2|HGNC:4333,1,0,0.84690464,0.15309536,0.84690464,False
essential_PRPF8|HGNC:17340,1,0,0.6216425,0.37835753,0.6216425,False
essential_TBP|HGNC:11588,1,0,0.5388085,0.46119148,0.5388085,False
essential_RPL15|HGNC:10306,1,0,0.7078119,0.2921881,0.7078119,False
essential_PSMG4|HGNC:21108,1,0,0.6636731,0.3363269,0.6636731,False
essential_DDX18|HGNC:2741,1,0,0.63308346,0.36691654,0.63308346,False
essential_KPNB1|HGNC:6400,1,0,0.5749655,0.42503452,0.5749655,False
essential_CDC123|HGNC:16827,1,0,0.50381935,0.49618065,0.50381935,False
essential_CLNS1A|HGNC:2080,1,0,0.4654367,0.5345633,0.5345633,False
essential_PTPMT1|HGNC:26965,1,0,0.623464,0.376536,0.623464,False
essential_SRSF3|HGNC:10785,1,0,0.5117156,0.4882844,0.5117156,False
essential_EMC7|HGNC:24301,1,0,0.5231218,0.47687823,0.5231218,False
essential_ATP6AP1|HGNC:868,1,0,0.667397,0.33260298,0.667397,False
essential_AHCY|HGNC:343,1,0,0.81578374,0.18421626,0.81578374,False
essential_CENPI|HGNC:3968,1,0,0.51038855,0.48961145,0.51038855,False
essential_GTF2E2|HGNC:4651,1,0,0.48719484,0.51280516,0.51280516,False
essential_RACGAP1|HGNC:9804,1,0,0.59556234,0.40443766,0.59556234,False
essential_GAR1|HGNC:14264,1,0,0.42519453,0.5748055,0.5748055,False
essential_TRMT5|HGNC:23141,1,0,0.51195675,0.48804325,0.51195675,False
essential_RFC4|HGNC:9972,1,0,0.58710116,0.41289884,0.58710116,False
essential_SRP54|HGNC:11301,1,0,0.47048298,0.52951705,0.52951705,False
essential_EXOSC2|HGNC:17097,1,0,0.63679224,0.36320776,0.63679224,False
essential_C7orf26|HGNC:21702,1,0,0.6730627,0.32693732,0.6730627,False
essential_RPS29|HGNC:10419,1,0,0.7792948,0.22070521,0.7792948,False
essential_YAE1D1|HGNC:24857,1,0,0.5152072,0.48479283,0.5152072,False
essential_PPP1CA|HGNC:9281,1,0,0.65022254,0.34977746,0.65022254,False
essential_C15orf41|HGNC:26929,1,0,0.5065082,0.49349183,0.5065082,False
essential_C9orf114|HGNC:26933,1,0,0.8538305,0.14616948,0.8538305,False
essential_WDR36|HGNC:30696,1,0,0.62615407,0.37384593,0.62615407,False
essential_ZNHIT2|HGNC:1177,1,0,0.7877602,0.2122398,0.7877602,False
essential_RPL38|HGNC:10349,1,0,0.5126362,0.48736382,0.5126362,False
essential_GOSR2|HGNC:4431,1,0,0.56473935,0.43526065,0.56473935,False
essential_SCD|HGNC:10571,1,0,0.6221465,0.3778535,0.6221465,False
essential_SMC4|HGNC:14013,1,0,0.5779414,0.42205858,0.5779414,False
essential_CDK2|HGNC:1771,1,0,0.58802533,0.41197467,0.58802533,False
essential_RRM1|HGNC:10451,1,0,0.5976676,0.40233243,0.5976676,False
essential_SNRPD2|HGNC:11159,1,0,0.6726645,0.32733548,0.6726645,False
essential_CTPS1|HGNC:2519,1,0,0.62107825,0.37892175,0.62107825,False
essential_GMPPB|HGNC:22932,1,0,0.6846372,0.3153628,0.6846372,False
essential_RAD9A|HGNC:9827,1,0,0.73874456,0.26125544,0.73874456,False
essential_COX6B1|HGNC:2280,1,0,0.485599,0.51440096,0.51440096,False
essential_SARS2|HGNC:17697,1,0,0.7499109,0.2500891,0.7499109,False
essential_NUDC|HGNC:8045,1,0,0.5513928,0.4486072,0.5513928,False
essential_RPLP0|HGNC:10371,1,0,0.6376398,0.36236018,0.6376398,False
essential_HSPA8|HGNC:5241,1,0,0.68247074,0.31752926,0.68247074,False
essential_PSMB2|HGNC:9539,1,0,0.55834645,0.44165355,0.55834645,False
essential_IPO11|HGNC:20628,1,0,0.48224017,0.5177598,0.5177598,False
essential_RPS8|HGNC:10441,1,0,0.6174243,0.3825757,0.6174243,False
essential_CCNA2|HGNC:1578,1,0,0.6143933,0.3856067,0.6143933,False
essential_MED8|HGNC:19971,1,0,0.6153415,0.38465852,0.6153415,False
essential_SMARCA5|HGNC:11101,1,0,0.5987323,0.4012677,0.5987323,False
essential_PDCL|HGNC:8770,1,0,0.61847794,0.38152206,0.61847794,False
essential_TOPBP1|HGNC:17008,1,0,0.5871385,0.41286153,0.5871385,False
essential_LRPPRC|HGNC:15714,1,0,0.6317833,0.3682167,0.6317833,False
essential_NOB1|HGNC:29540,1,0,0.89791447,0.10208553,0.89791447,False
essential_VPS13D|HGNC:23595,1,0,0.6168643,0.38313568,0.6168643,False
essential_SGO1|HGNC:25088,1,0,0.5089312,0.49106878,0.5089312,False
essential_FPGS|HGNC:3824,1,0,0.7014234,0.2985766,0.7014234,False
essential_CCNB1|HGNC:1579,1,0,0.5883228,0.41167718,0.5883228,False
essential_THAP11|HGNC:23194,1,0,0.8435918,0.15640819,0.8435918,False
essential_SNW1|HGNC:16696,1,0,0.6057638,0.3942362,0.6057638,False
essential_LIG1|HGNC:6598,1,0,0.6270441,0.37295592,0.6270441,False
essential_U2SURP|HGNC:30855,1,0,0.5655222,0.4344778,0.5655222,False
essential_ACTR1A|HGNC:167,1,0,0.7276477,0.27235228,0.7276477,False
essential_IMMT|HGNC:6047,1,0,0.5518026,0.44819742,0.5518026,False
essential_NGDN|HGNC:20271,1,0,0.58459437,0.41540563,0.58459437,False
essential_DDX46|HGNC:18681,1,0,0.5967592,0.4032408,0.5967592,False
essential_NOC2L|HGNC:24517,1,0,0.9290954,0.07090461,0.9290954,False
essential_PGD|HGNC:8891,1,0,0.6401125,0.35988748,0.6401125,False
essential_GINS4|HGNC:28226,1,0,0.56930315,0.43069685,0.56930315,False
essential_TPX2|HGNC:1249,1,0,0.5001482,0.49985182,0.5001482,False
essential_NEPRO|HGNC:24496,1,0,0.5860429,0.41395712,0.5860429,False
essential_TSEN34|HGNC:15506,1,0,0.7411235,0.2588765,0.7411235,False
essential_QRSL1|HGNC:21020,1,0,0.51641774,0.48358226,0.51641774,False
essential_SEC61A1|HGNC:18276,1,0,0.6223979,0.3776021,0.6223979,False
essential_RAN|HGNC:9846,1,0,0.49423283,0.50576717,0.50576717,False
essential_NUP160|HGNC:18017,1,0,0.63558966,0.36441034,0.63558966,False
essential_MMS19|HGNC:13824,1,0,0.61840683,0.38159317,0.61840683,False
essential_KANSL1|HGNC:24565,1,0,0.6278463,0.3721537,0.6278463,False
essential_POLE|HGNC:9177,1,0,0.69708073,0.30291927,0.69708073,False
essential_GTF3C1|HGNC:4664,1,0,0.6266061,0.3733939,0.6266061,False
essential_TMX2|HGNC:30739,1,0,0.5772805,0.42271948,0.5772805,False
essential_CDC23|HGNC:1724,1,0,0.5689724,0.4310276,0.5689724,False
essential_DDX55|HGNC:20085,1,0,0.60605574,0.39394426,0.60605574,False
essential_ZNHIT6|HGNC:26089,1,0,0.50893843,0.49106157,0.50893843,False
essential_NOM1|HGNC:13244,1,0,0.667848,0.332152,0.667848,False
essential_SF3A1|HGNC:10765,1,0,0.620047,0.37995303,0.620047,False
essential_NAF1|HGNC:25126,1,0,0.5851097,0.4148903,0.5851097,False
essential_LENG8|HGNC:15500,1,0,0.7399845,0.2600155,0.7399845,False
essential_ALDOA|HGNC:414,1,0,0.74047697,0.25952303,0.74047697,False
essential_CDCA5|HGNC:14626,1,0,0.718076,0.281924,0.718076,False
essential_METTL1|HGNC:7030,1,0,0.67967504,0.32032496,0.67967504,False
essential_RPS6|HGNC:10429,1,0,0.72854954,0.27145046,0.72854954,False
essential_AATF|HGNC:19235,1,0,0.5541411,0.4458589,0.5541411,False
essential_SHOC2|HGNC:15454,1,0,0.4900003,0.5099997,0.5099997,False
essential_SF3B3|HGNC:10770,1,0,0.5905677,0.4094323,0.5905677,False
essential_PDCD7|HGNC:8767,1,0,0.7450848,0.25491518,0.7450848,False
essential_RIOK1|HGNC:18656,1,0,0.64377415,0.35622585,0.64377415,False
essential_RPA1|HGNC:10289,1,0,0.6604572,0.3395428,0.6604572,False
essential_MRPS10|HGNC:14502,1,0,0.56886464,0.43113536,0.56886464,False
essential_STIL|HGNC:10879,1,0,0.5019529,0.4980471,0.5019529,False
essential_NDUFV1|HGNC:7716,1,0,0.7392511,0.26074892,0.7392511,False
essential_MRPL33|HGNC:14487,1,0,0.45697024,0.5430298,0.5430298,False
essential_EIF3M|HGNC:24460,1,0,0.5198785,0.4801215,0.5198785,False
essential_WDR74|HGNC:25529,1,0,0.5561754,0.4438246,0.5561754,False
non_essential_CCDC83|HGNC:28535,0,0,0.5323577,0.4676423,0.5323577,True
non_essential_C11orf16|HGNC:1169,0,0,0.5836903,0.4163097,0.5836903,True
non_essential_PAAF1|HGNC:25687,0,0,0.6362781,0.3637219,0.6362781,True
non_essential_OR51V1|HGNC:19597,0,0,0.43831638,0.56168365,0.56168365,True
non_essential_IRF5|HGNC:6120,0,0,0.63438356,0.36561644,0.63438356,True
non_essential_TSPAN18|HGNC:20660,0,0,0.5545934,0.44540662,0.5545934,True
non_essential_LIPE|HGNC:6621,0,0,0.59275466,0.40724534,0.59275466,True
non_essential_TMEM107|HGNC:28128,0,0,0.74188316,0.25811684,0.74188316,True
non_essential_AGTR1|HGNC:336,0,0,0.49645814,0.5035418,0.5035418,True
non_essential_ZNF584|HGNC:27318,0,0,0.47678438,0.52321565,0.52321565,True
non_essential_CALB2|HGNC:1435,0,0,0.62965953,0.37034047,0.62965953,True
non_essential_TSSK3|HGNC:15473,0,0,0.57389116,0.42610884,0.57389116,True
non_essential_MORN5|HGNC:17841,0,0,0.4929249,0.5070751,0.5070751,True
non_essential_LYSMD4|HGNC:26571,0,0,0.5265016,0.4734984,0.5265016,True
non_essential_IFNAR1|HGNC:5432,0,0,0.5897014,0.4102986,0.5897014,True
non_essential_CACNA1H|HGNC:1395,0,0,0.6441938,0.35580617,0.6441938,True
non_essential_RPH3AL|HGNC:10296,0,0,0.72039276,0.27960724,0.72039276,True
non_essential_ITIH6|HGNC:28907,0,0,0.63990575,0.36009425,0.63990575,True
non_essential_CCDC181|HGNC:28051,0,0,0.5736526,0.42634737,0.5736526,True
non_essential_C2orf69|HGNC:26799,0,0,0.5296147,0.4703853,0.5296147,True
non_essential_KAZN|HGNC:29173,0,0,0.71961796,0.28038204,0.71961796,True
non_essential_HEPN1|HGNC:34400,0,0,0.44564024,0.5543598,0.5543598,True
non_essential_PLEKHB1|HGNC:19079,0,0,0.7110234,0.2889766,0.7110234,True
non_essential_TRIM55|HGNC:14215,0,0,0.6039506,0.39604938,0.6039506,True
non_essential_NSUN6|HGNC:23529,0,0,0.48918578,0.5108142,0.5108142,True
non_essential_RBM7|HGNC:9904,0,0,0.51693594,0.48306406,0.51693594,True
non_essential_IGFALS|HGNC:5468,0,0,0.8879147,0.11208528,0.8879147,True
non_essential_DCBLD2|HGNC:24627,0,0,0.5957656,0.4042344,0.5957656,True
non_essential_CDV3|HGNC:26928,0,0,0.55722266,0.44277734,0.55722266,True
non_essential_USP17L17|HGNC:44445,0,0,0.65347725,0.34652275,0.65347725,True
non_essential_ZNF621|HGNC:24787,0,0,0.5007025,0.4992975,0.5007025,True
non_essential_OR5M8|HGNC:14846,0,0,0.48832205,0.511678,0.511678,True
non_essential_OR10G2|HGNC:8170,0,0,0.6356543,0.36434573,0.6356543,True
non_essential_OR52N4|HGNC:15230,0,0,0.47398156,0.52601844,0.52601844,True
non_essential_CFAP161|HGNC:26782,0,0,0.57815224,0.42184776,0.57815224,True
non_essential_TMEM161B|HGNC:28483,0,0,0.49457055,0.50542945,0.50542945,True
non_essential_ANKRD16|HGNC:23471,0,0,0.66385525,0.33614475,0.66385525,True
non_essential_SLC35A5|HGNC:20792,0,0,0.4976257,0.5023743,0.5023743,True
non_essential_CARD19|HGNC:28148,0,0,0.6246494,0.3753506,0.6246494,True
non_essential_CCDC28A|HGNC:21098,0,0,0.5318661,0.46813393,0.5318661,True
non_essential_ZNF765|HGNC:25092,0,0,0.50362813,0.49637187,0.50362813,True
non_essential_CCDC109B|HGNC:26076,0,0,0.59396833,0.40603167,0.59396833,True
non_essential_PGC|HGNC:8890,0,0,0.5812818,0.41871822,0.5812818,True
non_essential_VWA2|HGNC:24709,0,0,0.77473366,0.22526634,0.77473366,True
non_essential_FLRT1|HGNC:3760,0,0,0.7621995,0.23780048,0.7621995,True
non_essential_IL17B|HGNC:5982,0,0,0.926182,0.07381803,0.926182,True
non_essential_FAM168B|HGNC:27016,0,0,0.52055144,0.47944856,0.52055144,True
non_essential_TERB2|HGNC:28520,0,0,0.50499654,0.49500346,0.50499654,True
non_essential_ASTE1|HGNC:25021,0,0,0.6330974,0.3669026,0.6330974,True
non_essential_SPESP1|HGNC:15570,0,0,0.45898995,0.54101,0.54101,True
non_essential_ERAP1|HGNC:18173,0,0,0.58323216,0.41676784,0.58323216,True
non_essential_ZNF804B|HGNC:21958,0,0,0.5504807,0.44951928,0.5504807,True
non_essential_TIMM21|HGNC:25010,0,0,0.50268894,0.49731106,0.50268894,True
non_essential_BCAP31|HGNC:16695,0,0,0.711381,0.28861898,0.711381,True
non_essential_DEFB110|HGNC:18091,0,0,0.40216005,0.59783995,0.59783995,True
non_essential_LRRTM4|HGNC:19411,0,0,0.5003111,0.49968892,0.5003111,True
non_essential_AES|HGNC:307,0,0,0.8765036,0.12349641,0.8765036,True
non_essential_OR2H2|HGNC:8253,0,0,0.5185053,0.48149472,0.5185053,True
non_essential_MAGEC1|HGNC:6812,0,0,0.5487405,0.4512595,0.5487405,True
non_essential_PRKCSH|HGNC:9411,0,0,0.91672206,0.08327794,0.91672206,True
non_essential_RGS20|HGNC:14600,0,0,0.6375953,0.3624047,0.6375953,True
non_essential_SLC27A3|HGNC:10997,0,0,0.68049157,0.31950843,0.68049157,True
non_essential_STK24|HGNC:11403,0,0,0.6659487,0.3340513,0.6659487,True
non_essential_CCDC50|HGNC:18111,0,0,0.53076285,0.46923715,0.53076285,True
non_essential_FBXL2|HGNC:13598,0,0,0.56205046,0.43794954,0.56205046,True
non_essential_MX1|HGNC:7532,0,0,0.6597705,0.3402295,0.6597705,True
non_essential_KPTN|HGNC:6404,0,0,0.7995857,0.2004143,0.7995857,True
non_essential_EFNA1|HGNC:3221,0,0,0.8444975,0.1555025,0.8444975,True
non_essential_MSANTD4|HGNC:29383,0,0,0.5269461,0.47305387,0.5269461,True
non_essential_KCNMB3|HGNC:6287,0,0,0.47094488,0.5290551,0.5290551,True
non_essential_PKP3|HGNC:9025,0,0,0.74890816,0.25109184,0.74890816,True
non_essential_HSPB7|HGNC:5249,0,0,0.71876436,0.28123564,0.71876436,True
non_essential_RIMS3|HGNC:21292,0,0,0.663739,0.33626097,0.663739,True
non_essential_OR1E1|HGNC:8189,0,0,0.5160207,0.48397928,0.5160207,True
non_essential_KIF24|HGNC:19916,0,0,0.5498325,0.45016748,0.5498325,True
non_essential_ZNF680|HGNC:26897,0,0,0.4286857,0.57131433,0.57131433,True
non_essential_CEACAM19|HGNC:31951,0,0,0.67527795,0.32472205,0.67527795,True
non_essential_RNF180|HGNC:27752,0,0,0.53065735,0.46934265,0.53065735,True
non_essential_RAB22A|HGNC:9764,0,0,0.5445282,0.4554718,0.5445282,True
non_essential_PRORY|HGNC:38732,0,0,0.66478217,0.33521783,0.66478217,True
non_essential_PNPLA3|HGNC:18590,0,0,0.7278644,0.27213562,0.7278644,True
non_essential_KCNH8|HGNC:18864,0,0,0.6114814,0.38851857,0.6114814,True
non_essential_MTMR10|HGNC:25999,0,0,0.58670914,0.41329086,0.58670914,True
non_essential_LCA5L|HGNC:1255,0,0,0.4730594,0.5269406,0.5269406,True
non_essential_ALDH6A1|HGNC:7179,0,0,0.58585924,0.41414076,0.58585924,True
non_essential_LRRC31|HGNC:26261,0,0,0.49320862,0.50679135,0.50679135,True
non_essential_ZNF821|HGNC:28043,0,0,0.57753074,0.42246926,0.57753074,True
non_essential_PIK3R6|HGNC:27101,0,0,0.8054868,0.1945132,0.8054868,True
non_essential_PLSCR1|HGNC:9092,0,0,0.49033,0.50967,0.50967,True
non_essential_THAP2|HGNC:20854,0,0,0.46827856,0.5317215,0.5317215,True
non_essential_CP|HGNC:2295,0,0,0.5921839,0.4078161,0.5921839,True
non_essential_MICU2|HGNC:31830,0,0,0.62400216,0.37599784,0.62400216,True
non_essential_STARD4|HGNC:18058,0,0,0.49349144,0.5065086,0.5065086,True
non_essential_MUL1|HGNC:25762,0,0,0.61554927,0.38445073,0.61554927,True
non_essential_MATN2|HGNC:6908,0,0,0.6239472,0.3760528,0.6239472,True
non_essential_DGAT1|HGNC:2843,0,0,0.81608784,0.18391216,0.81608784,True
non_essential_PSMB9|HGNC:9546,0,0,0.6326594,0.36734062,0.6326594,True
non_essential_SIAE|HGNC:18187,0,0,0.54583067,0.45416933,0.54583067,True
non_essential_ZNF33B|HGNC:13097,0,0,0.46507445,0.5349256,0.5349256,True
non_essential_VKORC1|HGNC:23663,0,0,0.51393414,0.48606586,0.51393414,True
non_essential_TMED4|HGNC:22301,0,0,0.86202335,0.13797665,0.86202335,True
non_essential_SHISA6|HGNC:34491,0,0,0.68812984,0.31187016,0.68812984,True
non_essential_PTPRG|HGNC:9671,0,0,0.59686375,0.40313625,0.59686375,True
non_essential_PPIL3|HGNC:9262,0,0,0.49436185,0.5056381,0.5056381,True
non_essential_CD99L2|HGNC:18237,0,0,0.55013525,0.44986475,0.55013525,True
non_essential_C1orf64|HGNC:28339,0,0,0.765699,0.23430097,0.765699,True
non_essential_KCNA5|HGNC:6224,0,0,0.7368075,0.26319247,0.7368075,True
non_essential_TOX|HGNC:18988,0,0,0.59303045,0.40696955,0.59303045,True
non_essential_ENKD1|HGNC:25246,0,0,0.67248696,0.32751304,0.67248696,True
non_essential_AOAH|HGNC:548,0,0,0.55953175,0.44046825,0.55953175,True
non_essential_SUN5|HGNC:16252,0,0,0.6139797,0.3860203,0.6139797,True
non_essential_EOGT|HGNC:28526,0,0,0.661886,0.33811402,0.661886,True
non_essential_IQCA1L|HGNC:22831,0,0,0.6498089,0.35019112,0.6498089,True
non_essential_ZNF181|HGNC:12971,0,0,0.4738415,0.5261585,0.5261585,True
non_essential_CPN2|HGNC:2313,0,0,0.6421265,0.3578735,0.6421265,True
non_essential_AGBL5|HGNC:26147,0,0,0.5980797,0.40192032,0.5980797,True
non_essential_ZSCAN31|HGNC:14097,0,0,0.54471123,0.45528877,0.54471123,True
non_essential_DUSP7|HGNC:3073,0,0,0.9444139,0.0555861,0.9444139,True
non_essential_NTHL1|HGNC:8028,0,0,0.69739586,0.30260414,0.69739586,True
non_essential_AMY2A|HGNC:477,0,0,0.5595062,0.44049382,0.5595062,True
non_essential_KIF19|HGNC:26735,0,0,0.74827707,0.25172293,0.74827707,True
non_essential_ARMCX4|HGNC:28615,0,0,0.5367185,0.4632815,0.5367185,True
non_essential_CHFR|HGNC:20455,0,0,0.66794324,0.33205676,0.66794324,True
non_essential_ZSCAN26|HGNC:12978,0,0,0.50116533,0.49883467,0.50116533,True
non_essential_MTNR1B|HGNC:7464,0,0,0.6912702,0.30872983,0.6912702,True
non_essential_ARSD|HGNC:717,0,0,0.6688306,0.33116943,0.6688306,True
non_essential_TPH1|HGNC:12008,0,0,0.5130427,0.4869573,0.5130427,True
non_essential_PACSIN2|HGNC:8571,0,0,0.81668025,0.18331975,0.81668025,True
non_essential_C19orf68|HGNC:34495,0,0,0.6834783,0.3165217,0.6834783,True
non_essential_RGS21|HGNC:26839,0,0,0.42980793,0.5701921,0.5701921,True
non_essential_TMX3|HGNC:24718,0,0,0.50036615,0.49963385,0.50036615,True
non_essential_TAS2R39|HGNC:18886,0,0,0.47414407,0.5258559,0.5258559,True
non_essential_TTC14|HGNC:24697,0,0,0.58192873,0.41807127,0.58192873,True
non_essential_SERTM1|HGNC:33792,0,0,0.62035495,0.37964505,0.62035495,True
non_essential_CAMP|HGNC:1472,0,0,0.5865631,0.4134369,0.5865631,True
non_essential_SRPK1|HGNC:11305,0,0,0.5113107,0.4886893,0.5113107,True
non_essential_CCDC191|HGNC:29272,0,0,0.56701225,0.43298775,0.56701225,True
non_essential_TCAP|HGNC:11610,0,0,0.8827446,0.11725539,0.8827446,True
non_essential_ANG|HGNC:483,0,0,0.6597022,0.34029782,0.6597022,True
non_essential_MEX3B|HGNC:25297,0,0,0.8151387,0.1848613,0.8151387,True
non_essential_GATSL3|HGNC:34423,0,0,0.741225,0.258775,0.741225,True
non_essential_SPACA5|HGNC:31353,0,0,0.4638693,0.53613067,0.53613067,True
non_essential_KIAA2012|HGNC:51250,0,0,0.6168039,0.38319612,0.6168039,True
non_essential_ZNF486|HGNC:20807,0,0,0.45820484,0.54179513,0.54179513,True
non_essential_PFKFB1|HGNC:8872,0,0,0.6256239,0.37437612,0.6256239,True
non_essential_GJA8|HGNC:4281,0,0,0.91560405,0.084395945,0.91560405,True
non_essential_PLLP|HGNC:18553,0,0,0.7374554,0.26254457,0.7374554,True
non_essential_FAM200A|HGNC:25401,0,0,0.46252927,0.5374707,0.5374707,True
non_essential_ITPKA|HGNC:6178,0,0,0.7900055,0.2099945,0.7900055,True
non_essential_PSTPIP1|HGNC:9580,0,0,0.728104,0.271896,0.728104,True
non_essential_GIPR|HGNC:4271,0,0,0.7575487,0.24245131,0.7575487,True
non_essential_H2AFB1|HGNC:22516,0,0,0.90849906,0.09150094,0.90849906,True
non_essential_PROSER2|HGNC:23728,0,0,0.6483056,0.3516944,0.6483056,True
non_essential_CYP2E1|HGNC:2631,0,0,0.63781637,0.36218363,0.63781637,True
non_essential_DHRS12|HGNC:25832,0,0,0.74127555,0.25872445,0.74127555,True
non_essential_CFAP58|HGNC:26676,0,0,0.626696,0.373304,0.626696,True
non_essential_SWT1|HGNC:16785,0,0,0.5171381,0.48286188,0.5171381,True
non_essential_WDR91|HGNC:24997,0,0,0.68420905,0.31579095,0.68420905,True
non_essential_SULT2B1|HGNC:11459,0,0,0.91499877,0.08500123,0.91499877,True
non_essential_HRASLS5|HGNC:24978,0,0,0.6840183,0.3159817,0.6840183,True
non_essential_ZNF287|HGNC:13502,0,0,0.5130112,0.48698878,0.5130112,True
non_essential_GAREM1|HGNC:26136,0,0,0.61495274,0.38504726,0.61495274,True
non_essential_PLCH1|HGNC:29185,0,0,0.59951836,0.40048164,0.59951836,True
non_essential_FASTK|HGNC:24676,0,0,0.6942961,0.30570388,0.6942961,True
non_essential_USP17L28|HGNC:44456,0,0,0.6399291,0.36007088,0.6399291,True
non_essential_LRRC37A|HGNC:29069,0,0,0.59796196,0.40203804,0.59796196,True
non_essential_IL15RA|HGNC:5978,0,0,0.743628,0.25637197,0.743628,True
non_essential_RALGDS|HGNC:9842,0,0,0.73239255,0.26760745,0.73239255,True
non_essential_SLC1A1|HGNC:10939,0,0,0.66207194,0.33792806,0.66207194,True
non_essential_CEND1|HGNC:24153,0,0,0.50390977,0.49609023,0.50390977,True
non_essential_CDK3|HGNC:1772,0,0,0.82688266,0.17311734,0.82688266,True
non_essential_RNF10|HGNC:10055,0,0,0.59906375,0.40093625,0.59906375,True
non_essential_TVP23B|HGNC:20399,0,0,0.45507583,0.54492414,0.54492414,True
non_essential_PTPRR|HGNC:9680,0,0,0.5478554,0.45214462,0.5478554,True
non_essential_ZFP69B|HGNC:28053,0,0,0.501838,0.49816197,0.501838,True
non_essential_PRPS1L1|HGNC:9463,0,0,0.4805338,0.51946616,0.51946616,True
non_essential_C2orf42|HGNC:26056,0,0,0.59198636,0.40801364,0.59198636,True
non_essential_C1QTNF7|HGNC:14342,0,0,0.5567006,0.4432994,0.5567006,True
non_essential_FOXD2|HGNC:3803,0,0,0.738969,0.26103097,0.738969,True
non_essential_STON1|HGNC:17003,0,0,0.57414347,0.42585653,0.57414347,True
non_essential_CCDC126|HGNC:22398,0,0,0.39346752,0.60653245,0.60653245,True
non_essential_VSTM1|HGNC:29455,0,0,0.7667597,0.2332403,0.7667597,True
non_essential_SSTR5|HGNC:11334,0,0,0.9046586,0.095341384,0.9046586,True
non_essential_AARSD1|HGNC:28417,0,0,0.66462195,0.33537805,0.66462195,True
non_essential_MCRIP2|HGNC:14142,0,0,0.70139587,0.29860413,0.70139587,True
non_essential_B3GAT1|HGNC:921,0,0,0.6853684,0.31463158,0.6853684,True
non_essential_DBX2|HGNC:33186,0,0,0.6806783,0.3193217,0.6806783,True
non_essential_ERICH3|HGNC:25346,0,0,0.5608264,0.43917358,0.5608264,True
non_essential_HDX|HGNC:26411,0,0,0.50173503,0.49826497,0.50173503,True
non_essential_LNX2|HGNC:20421,0,0,0.5770088,0.42299122,0.5770088,True
non_essential_ASB10|HGNC:17185,0,0,0.93453836,0.065461636,0.93453836,True
non_essential_CALHM3|HGNC:23458,0,0,0.6775254,0.3224746,0.6775254,True
non_essential_JAGN1|HGNC:26926,0,0,0.6401316,0.3598684,0.6401316,True
non_essential_TMEM97|HGNC:28106,0,0,0.5492036,0.45079643,0.5492036,True
non_essential_UBALD2|HGNC:28438,0,0,0.85630286,0.14369714,0.85630286,True
non_essential_CHP2|HGNC:24927,0,0,0.73044,0.26955998,0.73044,True
non_essential_TMEM198|HGNC:33704,0,0,0.78849095,0.21150905,0.78849095,True
non_essential_ARHGEF10L|HGNC:25540,0,0,0.6939458,0.30605417,0.6939458,True
non_essential_REXO4|HGNC:12820,0,0,0.59467375,0.40532625,0.59467375,True
non_essential_SPRR1B|HGNC:11260,0,0,0.5602681,0.4397319,0.5602681,True
non_essential_SRD5A1|HGNC:11284,0,0,0.6633792,0.3366208,0.6633792,True
non_essential_DNAH10|HGNC:2941,0,0,0.64061004,0.35938996,0.64061004,True
non_essential_SLC9A9|HGNC:20653,0,0,0.6337344,0.3662656,0.6337344,True
non_essential_GUCY2C|HGNC:4688,0,0,0.56605685,0.43394315,0.56605685,True
non_essential_NPY2R|HGNC:7957,0,0,0.58403337,0.41596663,0.58403337,True
non_essential_PDE9A|HGNC:8795,0,0,0.7395622,0.2604378,0.7395622,True
non_essential_FAM19A1|HGNC:21587,0,0,0.48179454,0.51820546,0.51820546,True
non_essential_KRTAP10-5|HGNC:22969,0,0,0.65022564,0.34977436,0.65022564,True
non_essential_ZNF551|HGNC:25108,0,0,0.52804035,0.47195965,0.52804035,True
non_essential_OR5P2|HGNC:14783,0,0,0.47989413,0.52010584,0.52010584,True
non_essential_GRXCR2|HGNC:33862,0,0,0.5186825,0.48131752,0.5186825,True
non_essential_SHCBP1|HGNC:29547,0,0,0.56491596,0.43508404,0.56491596,True
non_essential_LAX1|HGNC:26005,0,0,0.5699698,0.43003023,0.5699698,True
non_essential_ARHGAP20|HGNC:18357,0,0,0.56004655,0.43995345,0.56004655,True
non_essential_TMEM184B|HGNC:1310,0,0,0.7098574,0.2901426,0.7098574,True
non_essential_ZNF250|HGNC:13044,0,0,0.49891922,0.50108075,0.50108075,True
non_essential_USP30|HGNC:20065,0,0,0.5582341,0.4417659,0.5582341,True
non_essential_NUPR2|HGNC:44164,0,0,0.80903774,0.19096226,0.80903774,True
non_essential_BPIFB6|HGNC:16504,0,0,0.6435502,0.35644978,0.6435502,True
non_essential_CIB4|HGNC:33703,0,0,0.77010554,0.22989446,0.77010554,True
non_essential_ARGFX|HGNC:30146,0,0,0.52582717,0.47417283,0.52582717,True
non_essential_MMP17|HGNC:7163,0,0,0.81615424,0.18384576,0.81615424,True
non_essential_PPT2|HGNC:9326,0,0,0.6229521,0.3770479,0.6229521,True
non_essential_POU5F1B|HGNC:9223,0,0,0.58901966,0.41098034,0.58901966,True
non_essential_FAM163A|HGNC:28274,0,0,0.59633875,0.40366125,0.59633875,True
non_essential_CCDC159|HGNC:26996,0,0,0.6260344,0.37396562,0.6260344,True
non_essential_MSH3|HGNC:7326,0,0,0.5862881,0.4137119,0.5862881,True
non_essential_NUDT19|HGNC:32036,0,0,0.6347885,0.3652115,0.6347885,True
non_essential_ANO6|HGNC:25240,0,0,0.5293863,0.47061372,0.5293863,True
non_essential_SPAG1|HGNC:11212,0,0,0.6238243,0.3761757,0.6238243,True
non_essential_NMB|HGNC:7842,0,0,0.68778604,0.31221396,0.68778604,True
non_essential_LRRC29|HGNC:13605,0,0,0.5816934,0.4183066,0.5816934,True
non_essential_PARVG|HGNC:14654,0,0,0.7347075,0.26529253,0.7347075,True
non_essential_SAGE1|HGNC:30369,0,0,0.5068491,0.4931509,0.5068491,True
non_essential_DGKQ|HGNC:2856,0,0,0.76800996,0.23199004,0.76800996,True
non_essential_PRR21|HGNC:33866,0,0,0.42910168,0.5708983,0.5708983,True
non_essential_PICK1|HGNC:9394,0,0,0.7012041,0.29879588,0.7012041,True
non_essential_SETMAR|HGNC:10762,0,0,0.5917859,0.4082141,0.5917859,True
non_essential_NTSR2|HGNC:8040,0,0,0.7766341,0.2233659,0.7766341,True
non_essential_PPP1R3D|HGNC:9294,0,0,0.82407534,0.17592466,0.82407534,True
non_essential_ADAT1|HGNC:228,0,0,0.535354,0.46464598,0.535354,True
non_essential_SEPT10|HGNC:14349,0,0,0.6021514,0.3978486,0.6021514,True
non_essential_GOLGA6L4|HGNC:27256,0,0,0.5880015,0.4119985,0.5880015,True
non_essential_TMCO5A|HGNC:28558,0,0,0.57225657,0.42774343,0.57225657,True
non_essential_SLC12A4|HGNC:10913,0,0,0.68513376,0.31486624,0.68513376,True
non_essential_CMTM2|HGNC:19173,0,0,0.46995193,0.5300481,0.5300481,True
non_essential_FBXO9|HGNC:13588,0,0,0.49160424,0.5083958,0.5083958,True
non_essential_HIGD1C|HGNC:28044,0,0,0.46103874,0.5389613,0.5389613,True
non_essential_PHACTR1|HGNC:20990,0,0,0.6823849,0.3176151,0.6823849,True
non_essential_LELP1|HGNC:32046,0,0,0.46673375,0.53326625,0.53326625,True
non_essential_OR2T2|HGNC:14725,0,0,0.592097,0.40790302,0.592097,True
non_essential_TBC1D32|HGNC:21485,0,0,0.523493,0.476507,0.523493,True
non_essential_RNF217|HGNC:21487,0,0,0.5688438,0.43115622,0.5688438,True
non_essential_HLTF|HGNC:11099,0,0,0.60340744,0.39659256,0.60340744,True
non_essential_GRPEL2|HGNC:21060,0,0,0.6172421,0.3827579,0.6172421,True
non_essential_CPNE9|HGNC:24336,0,0,0.65620166,0.34379834,0.65620166,True
non_essential_FADS6|HGNC:30459,0,0,0.9430483,0.0569517,0.9430483,True
non_essential_RASGRP4|HGNC:18958,0,0,0.8506574,0.1493426,0.8506574,True
non_essential_CHODL|HGNC:17807,0,0,0.52031887,0.47968113,0.52031887,True
non_essential_CYP46A1|HGNC:2641,0,0,0.73420787,0.26579213,0.73420787,True
non_essential_MCF2L2|HGNC:30319,0,0,0.5898145,0.41018552,0.5898145,True
non_essential_CAPZA3|HGNC:24205,0,0,0.5028197,0.49718028,0.5028197,True
non_essential_CT55|HGNC:26047,0,0,0.48929623,0.5107038,0.5107038,True
non_essential_ABCC6|HGNC:57,0,0,0.6618208,0.33817917,0.6618208,True
non_essential_KRTAP5-8|HGNC:23603,0,0,0.42945862,0.5705414,0.5705414,True
non_essential_RNF223|HGNC:40020,0,0,0.6131498,0.38685018,0.6131498,True
non_essential_FUT10|HGNC:19234,0,0,0.51852775,0.48147225,0.51852775,True
non_essential_CCDC155|HGNC:26520,0,0,0.747684,0.252316,0.747684,True
non_essential_KRTAP20-1|HGNC:18943,0,0,0.45874694,0.5412531,0.5412531,True
non_essential_CLEC7A|HGNC:14558,0,0,0.49862683,0.5013732,0.5013732,True
non_essential_PIF1|HGNC:26220,0,0,0.68073946,0.31926054,0.68073946,True
non_essential_RBKS|HGNC:30325,0,0,0.5002326,0.49976742,0.5002326,True
non_essential_DOK2|HGNC:2991,0,0,0.83453906,0.16546094,0.83453906,True
non_essential_ADAMTS17|HGNC:17109,0,0,0.61278665,0.38721335,0.61278665,True
non_essential_EBI3|HGNC:3129,0,0,0.9410675,0.058932483,0.9410675,True
non_essential_DCAF11|HGNC:20258,0,0,0.69594145,0.30405855,0.69594145,True
non_essential_OR52K1|HGNC:15222,0,0,0.5261705,0.4738295,0.5261705,True
non_essential_FCGRT|HGNC:3621,0,0,0.71148264,0.28851736,0.71148264,True
non_essential_ELOVL3|HGNC:18047,0,0,0.5360876,0.46391243,0.5360876,True
non_essential_SREK1IP1|HGNC:26716,0,0,0.472923,0.52707696,0.52707696,True
non_essential_SCPEP1|HGNC:29507,0,0,0.58554983,0.41445017,0.58554983,True
non_essential_NIT2|HGNC:29878,0,0,0.5912657,0.40873432,0.5912657,True
non_essential_NLRP12|HGNC:22938,0,0,0.6448,0.3552,0.6448,True
non_essential_BRCC3|HGNC:24185,0,0,0.67807984,0.32192016,0.67807984,True
non_essential_GPX1|HGNC:4553,0,0,0.70196736,0.29803264,0.70196736,True
non_essential_GLTP|HGNC:24867,0,0,0.7347031,0.26529688,0.7347031,True
non_essential_PXDC1|HGNC:21361,0,0,0.5782095,0.42179048,0.5782095,True
non_essential_MON1B|HGNC:25020,0,0,0.6366133,0.3633867,0.6366133,True
non_essential_KLK13|HGNC:6361,0,0,0.5446254,0.4553746,0.5446254,True
non_essential_KBTBD13|HGNC:37227,0,0,0.8798691,0.1201309,0.8798691,True
non_essential_POTED|HGNC:23822,0,0,0.5818113,0.4181887,0.5818113,True
non_essential_SECISBP2L|HGNC:28997,0,0,0.5984563,0.40154368,0.5984563,True
non_essential_FABP2|HGNC:3556,0,0,0.42979756,0.57020247,0.57020247,True
non_essential_LCE1F|HGNC:29467,0,0,0.5529915,0.4470085,0.5529915,True
non_essential_TMPRSS11A|HGNC:27954,0,0,0.46555886,0.5344411,0.5344411,True
non_essential_SPNS3|HGNC:28433,0,0,0.6886477,0.3113523,0.6886477,True
non_essential_XPC|HGNC:12816,0,0,0.6307724,0.3692276,0.6307724,True
non_essential_SLC36A3|HGNC:19659,0,0,0.5377761,0.4622239,0.5377761,True
non_essential_PARP10|HGNC:25895,0,0,0.75553626,0.24446374,0.75553626,True
non_essential_EPN1|HGNC:21604,0,0,0.904551,0.09544897,0.904551,True
non_essential_IFT27|HGNC:18626,0,0,0.61209303,0.38790697,0.61209303,True
non_essential_PKIA|HGNC:9017,0,0,0.42168483,0.57831514,0.57831514,True
non_essential_CETN2|HGNC:1867,0,0,0.6228833,0.37711668,0.6228833,True
non_essential_OR6C1|HGNC:8355,0,0,0.4518757,0.5481243,0.5481243,True
non_essential_NLRC5|HGNC:29933,0,0,0.66589624,0.33410376,0.66589624,True
non_essential_ASF1B|HGNC:20996,0,0,0.76946473,0.23053527,0.76946473,True
non_essential_ASCL3|HGNC:740,0,0,0.6004665,0.3995335,0.6004665,True
non_essential_CA3|HGNC:1374,0,0,0.5960143,0.40398568,0.5960143,True
non_essential_HAMP|HGNC:15598,0,0,0.5595577,0.44044232,0.5595577,True
non_essential_SURF2|HGNC:11475,0,0,0.7228675,0.2771325,0.7228675,True
non_essential_BOK|HGNC:1087,0,0,0.90485984,0.09514016,0.90485984,True
non_essential_PFKP|HGNC:8878,0,0,0.75550795,0.24449205,0.75550795,True
non_essential_DISP3|HGNC:29251,0,0,0.6332095,0.36679047,0.6332095,True
non_essential_RGL3|HGNC:30282,0,0,0.71824515,0.28175485,0.71824515,True
non_essential_ACOX3|HGNC:121,0,0,0.68478,0.31522,0.68478,True
non_essential_HPS4|HGNC:15844,0,0,0.6378568,0.36214322,0.6378568,True
non_essential_YOD1|HGNC:25035,0,0,0.57750297,0.42249703,0.57750297,True
non_essential_BTBD6|HGNC:19897,0,0,0.6898911,0.3101089,0.6898911,True
non_essential_BRSK2|HGNC:11405,0,0,0.71335137,0.28664863,0.71335137,True
non_essential_KCNT2|HGNC:18866,0,0,0.5748799,0.42512012,0.5748799,True
non_essential_SFXN2|HGNC:16086,0,0,0.6192694,0.38073063,0.6192694,True
non_essential_MYOM2|HGNC:7614,0,0,0.6090013,0.39099872,0.6090013,True
non_essential_KRCC1|HGNC:28039,0,0,0.47559088,0.5244091,0.5244091,True
non_essential_SPIN4|HGNC:27040,0,0,0.5558047,0.44419527,0.5558047,True
non_essential_CALM1|HGNC:1442,0,0,0.48697785,0.5130222,0.5130222,True
non_essential_SLC35E3|HGNC:20864,0,0,0.48977727,0.51022273,0.51022273,True
non_essential_IFIT2|HGNC:5409,0,0,0.5373596,0.4626404,0.5373596,True
non_essential_MYADML2|HGNC:34548,0,0,0.89148146,0.10851854,0.89148146,True
non_essential_ZBTB34|HGNC:31446,0,0,0.68332464,0.31667536,0.68332464,True
non_essential_TMEM229B|HGNC:20130,0,0,0.6821668,0.3178332,0.6821668,True
non_essential_PLD1|HGNC:9067,0,0,0.5573369,0.44266307,0.5573369,True
non_essential_VCX3B|HGNC:31838,0,0,0.7364089,0.2635911,0.7364089,True
non_essential_HARBI1|HGNC:26522,0,0,0.5688148,0.4311852,0.5688148,True
non_essential_TMEM155|HGNC:26418,0,0,0.44050205,0.55949795,0.55949795,True
non_essential_ZSCAN22|HGNC:4929,0,0,0.6120357,0.3879643,0.6120357,True
non_essential_BIN3|HGNC:1054,0,0,0.8559541,0.14404589,0.8559541,True
non_essential_PRSS45|HGNC:30717,0,0,0.51226926,0.48773074,0.51226926,True
non_essential_NAT16|HGNC:22030,0,0,0.8769261,0.123073876,0.8769261,True
non_essential_FBXO47|HGNC:31969,0,0,0.5208005,0.47919953,0.5208005,True
non_essential_ART1|HGNC:723,0,0,0.88588226,0.11411774,0.88588226,True
non_essential_ADAM32|HGNC:15479,0,0,0.531321,0.468679,0.531321,True
non_essential_RNF113B|HGNC:17267,0,0,0.76776505,0.23223495,0.76776505,True
non_essential_CD160|HGNC:17013,0,0,0.46335414,0.5366459,0.5366459,True
non_essential_NECAP1|HGNC:24539,0,0,0.6443328,0.35566717,0.6443328,True
non_essential_KCNA10|HGNC:6219,0,0,0.6161412,0.3838588,0.6161412,True
non_essential_CARD17|HGNC:33827,0,0,0.51152253,0.48847747,0.51152253,True
non_essential_FAM129C|HGNC:24130,0,0,0.6742117,0.32578832,0.6742117,True
non_essential_ERO1B|HGNC:14355,0,0,0.56613773,0.43386227,0.56613773,True
non_essential_CDA|HGNC:1712,0,0,0.5918119,0.4081881,0.5918119,True
non_essential_SAA4|HGNC:10516,0,0,0.47043207,0.52956796,0.52956796,True
non_essential_ZNF420|HGNC:20649,0,0,0.47186327,0.52813673,0.52813673,True
non_essential_IZUMO2|HGNC:28518,0,0,0.7590683,0.24093169,0.7590683,True
non_essential_CCDC142|HGNC:25889,0,0,0.6647693,0.3352307,0.6647693,True
non_essential_ACTRT3|HGNC:24022,0,0,0.5877968,0.4122032,0.5877968,True
non_essential_SEPT2|HGNC:7729,0,0,0.50736856,0.49263144,0.50736856,True
non_essential_TMPRSS13|HGNC:29808,0,0,0.65064365,0.34935635,0.65064365,True
non_essential_HLA-DRB5|HGNC:4953,0,0,0.8721593,0.1278407,0.8721593,True
non_essential_CA6|HGNC:1380,0,0,0.5840623,0.41593772,0.5840623,True
non_essential_TTC39C|HGNC:26595,0,0,0.6154081,0.38459188,0.6154081,True
non_essential_MFSD10|HGNC:16894,0,0,0.680477,0.31952298,0.680477,True
non_essential_TIGD2|HGNC:18333,0,0,0.6113977,0.38860232,0.6113977,True
non_essential_ARL14EP|HGNC:26798,0,0,0.48538885,0.5146111,0.5146111,True
non_essential_TRUB1|HGNC:16060,0,0,0.7436603,0.25633973,0.7436603,True
non_essential_ATF6|HGNC:791,0,0,0.51373994,0.48626006,0.51373994,True
non_essential_KLF15|HGNC:14536,0,0,0.81228256,0.18771744,0.81228256,True
non_essential_CCDC185|HGNC:26654,0,0,0.77532774,0.22467226,0.77532774,True
non_essential_RTP2|HGNC:32486,0,0,0.7821243,0.21787572,0.7821243,True
non_essential_ZNF253|HGNC:13497,0,0,0.441476,0.558524,0.558524,True
non_essential_OR4K14|HGNC:15352,0,0,0.47633004,0.52366996,0.52366996,True
non_essential_ERICH5|HGNC:26823,0,0,0.56454813,0.43545187,0.56454813,True
non_essential_B2M|HGNC:914,0,0,0.53568214,0.46431786,0.53568214,True
non_essential_C2CD4B|HGNC:33628,0,0,0.87367517,0.12632483,0.87367517,True
non_essential_KRTAP5-7|HGNC:23602,0,0,0.4556484,0.5443516,0.5443516,True
non_essential_ACYP1|HGNC:179,0,0,0.5465626,0.4534374,0.5465626,True
non_essential_ZPLD1|HGNC:27022,0,0,0.5076753,0.4923247,0.5076753,True
non_essential_BPI|HGNC:1095,0,0,0.5861272,0.41387278,0.5861272,True
non_essential_NPFFR2|HGNC:4525,0,0,0.5392198,0.4607802,0.5392198,True
non_essential_OR13G1|HGNC:14999,0,0,0.48663497,0.51336503,0.51336503,True
non_essential_SPANXN3|HGNC:33176,0,0,0.46164358,0.5383564,0.5383564,True
non_essential_CYP4A22|HGNC:20575,0,0,0.5600176,0.4399824,0.5600176,True
non_essential_GSTA5|HGNC:19662,0,0,0.5155151,0.4844849,0.5155151,True
non_essential_PCDH11Y|HGNC:15813,0,0,0.5798162,0.42018378,0.5798162,True
non_essential_GTSF1|HGNC:26565,0,0,0.48669854,0.5133015,0.5133015,True
non_essential_FGF5|HGNC:3683,0,0,0.55509824,0.44490176,0.55509824,True
non_essential_GPSM1|HGNC:17858,0,0,0.81865966,0.18134034,0.81865966,True
non_essential_CATSPER3|HGNC:20819,0,0,0.63325924,0.36674076,0.63325924,True
non_essential_POLR3G|HGNC:30075,0,0,0.437869,0.562131,0.562131,True
non_essential_FAM43B|HGNC:31791,0,1,0.9694667,0.030533314,0.9694667,False
non_essential_LAPTM4B|HGNC:13646,0,0,0.64939815,0.35060185,0.64939815,True
non_essential_TSPY8|HGNC:37471,0,0,0.6198374,0.3801626,0.6198374,True
non_essential_ANO2|HGNC:1183,0,0,0.6401315,0.35986853,0.6401315,True
non_essential_ROPN1B|HGNC:31927,0,0,0.63331115,0.36668885,0.63331115,True
non_essential_MOG|HGNC:7197,0,0,0.63017714,0.36982286,0.63017714,True
non_essential_KRTAP12-4|HGNC:20532,0,0,0.46558642,0.5344136,0.5344136,True
non_essential_FAM150B|HGNC:27683,0,0,0.5943818,0.4056182,0.5943818,True
non_essential_KLHL17|HGNC:24023,0,0,0.6934263,0.3065737,0.6934263,True
non_essential_CRYGN|HGNC:20458,0,0,0.60607046,0.39392954,0.60607046,True
non_essential_FXYD1|HGNC:4025,0,0,0.6416573,0.3583427,0.6416573,True
non_essential_KCNMB1|HGNC:6285,0,0,0.64773846,0.35226154,0.64773846,True
non_essential_APBA2|HGNC:579,0,0,0.658355,0.341645,0.658355,True
non_essential_LAPTM4A|HGNC:6924,0,0,0.44510674,0.55489326,0.55489326,True
non_essential_PRAMEF8|HGNC:24074,0,0,0.6344482,0.36555183,0.6344482,True
non_essential_SFTA3|HGNC:18387,0,0,0.5637982,0.4362018,0.5637982,True
non_essential_WNT16|HGNC:16267,0,0,0.6490191,0.35098088,0.6490191,True
non_essential_ZNF304|HGNC:13505,0,0,0.49283227,0.5071677,0.5071677,True
non_essential_HPX|HGNC:5171,0,0,0.6266802,0.3733198,0.6266802,True
non_essential_GPT|HGNC:4552,0,0,0.83671594,0.16328406,0.83671594,True
non_essential_KRTAP19-8|HGNC:33898,0,0,0.40861505,0.59138495,0.59138495,True
non_essential_ZNF688|HGNC:30489,0,0,0.6720001,0.3279999,0.6720001,True
non_essential_SEC14L3|HGNC:18655,0,0,0.5859413,0.4140587,0.5859413,True
non_essential_TTLL3|HGNC:24483,0,0,0.6767705,0.3232295,0.6767705,True
non_essential_STX10|HGNC:11428,0,0,0.7158689,0.2841311,0.7158689,True
non_essential_FIGNL1|HGNC:13286,0,0,0.4974123,0.5025877,0.5025877,True
non_essential_SULT1A2|HGNC:11454,0,0,0.87998736,0.12001264,0.87998736,True
non_essential_GLT8D2|HGNC:24890,0,0,0.58760965,0.41239035,0.58760965,True
non_essential_RAC2|HGNC:9802,0,0,0.89979494,0.100205064,0.89979494,True
non_essential_MYBPC2|HGNC:7550,0,0,0.6186456,0.3813544,0.6186456,True
non_essential_MAMSTR|HGNC:26689,0,0,0.7090054,0.29099458,0.7090054,True
non_essential_UBXN10|HGNC:26354,0,0,0.5502964,0.44970357,0.5502964,True
non_essential_IL7|HGNC:6023,0,0,0.51146513,0.48853487,0.51146513,True
non_essential_DUSP3|HGNC:3069,0,0,0.64298314,0.35701686,0.64298314,True
non_essential_TMEM141|HGNC:28211,0,0,0.66420346,0.33579654,0.66420346,True
non_essential_NIPSNAP3A|HGNC:23619,0,0,0.5229523,0.47704768,0.5229523,True
non_essential_GDAP1L1|HGNC:4213,0,0,0.76550955,0.23449045,0.76550955,True
non_essential_MAEL|HGNC:25929,0,0,0.51698416,0.48301584,0.51698416,True
non_essential_KIR3DL2|HGNC:6339,0,0,0.6145346,0.38546538,0.6145346,True
non_essential_HRC|HGNC:5178,0,0,0.6204813,0.3795187,0.6204813,True
non_essential_MAPRE3|HGNC:6892,0,0,0.61397463,0.38602537,0.61397463,True
non_essential_AMOTL2|HGNC:17812,0,0,0.7441001,0.2558999,0.7441001,True
non_essential_GBAS|HGNC:4179,0,0,0.6169991,0.3830009,0.6169991,True
non_essential_POPDC2|HGNC:17648,0,0,0.53210795,0.46789205,0.53210795,True
non_essential_NBEAL1|HGNC:20681,0,0,0.5466023,0.4533977,0.5466023,True
non_essential_H2AFJ|HGNC:14456,0,0,0.7156131,0.28438687,0.7156131,True
non_essential_ZNF212|HGNC:13004,0,0,0.65426624,0.34573376,0.65426624,True
non_essential_SGMS2|HGNC:28395,0,0,0.5308485,0.4691515,0.5308485,True
non_essential_S100A2|HGNC:10492,0,0,0.67033327,0.32966673,0.67033327,True
non_essential_EPX|HGNC:3423,0,0,0.6728339,0.32716608,0.6728339,True
non_essential_CUTA|HGNC:21101,0,0,0.7757455,0.22425449,0.7757455,True
non_essential_FAM217B|HGNC:16170,0,0,0.48979095,0.5102091,0.5102091,True
non_essential_PGLYRP3|HGNC:30014,0,0,0.66198295,0.33801705,0.66198295,True
non_essential_GJA3|HGNC:4277,0,0,0.7248156,0.2751844,0.7248156,True
non_essential_PRELID3A|HGNC:24639,0,0,0.54188335,0.45811665,0.54188335,True
non_essential_ZNF367|HGNC:18320,0,0,0.662548,0.337452,0.662548,True
non_essential_ZSWIM1|HGNC:16155,0,0,0.6242041,0.3757959,0.6242041,True
non_essential_UBTD2|HGNC:24463,0,0,0.5064896,0.49351043,0.5064896,True
non_essential_ZBTB7B|HGNC:18668,0,0,0.6108392,0.3891608,0.6108392,True
non_essential_DCDC1|HGNC:20625,0,0,0.54687953,0.45312047,0.54687953,True
non_essential_DUS2|HGNC:26014,0,0,0.6145679,0.38543212,0.6145679,True
non_essential_GLDN|HGNC:29514,0,0,0.5900235,0.40997648,0.5900235,True
non_essential_GPRC5A|HGNC:9836,0,0,0.63336676,0.36663324,0.63336676,True
non_essential_DYRK4|HGNC:3095,0,0,0.6395142,0.3604858,0.6395142,True
non_essential_ATP6V1C2|HGNC:18264,0,0,0.54484373,0.45515627,0.54484373,True
non_essential_A4GNT|HGNC:17968,0,0,0.61520284,0.38479716,0.61520284,True
non_essential_ABCC5|HGNC:56,0,0,0.6219674,0.37803262,0.6219674,True
non_essential_TXNDC2|HGNC:16470,0,0,0.48891532,0.5110847,0.5110847,True
non_essential_STAC3|HGNC:28423,0,0,0.6313246,0.3686754,0.6313246,True
non_essential_SLC22A24|HGNC:28542,0,0,0.5578755,0.4421245,0.5578755,True
non_essential_POLI|HGNC:9182,0,0,0.5229715,0.4770285,0.5229715,True
non_essential_LTB4R2|HGNC:19260,0,0,0.77517533,0.22482467,0.77517533,True
non_essential_ETV7|HGNC:18160,0,0,0.6455567,0.3544433,0.6455567,True
non_essential_NLRP10|HGNC:21464,0,0,0.5406254,0.4593746,0.5406254,True
non_essential_FGD4|HGNC:19125,0,0,0.518101,0.48189902,0.518101,True
non_essential_IRX3|HGNC:14360,0,0,0.73426485,0.26573515,0.73426485,True
non_essential_FAM26D|HGNC:21094,0,0,0.4575006,0.5424994,0.5424994,True
non_essential_AMH|HGNC:464,0,0,0.6994191,0.30058092,0.6994191,True
non_essential_SLC19A3|HGNC:16266,0,0,0.5537934,0.44620663,0.5537934,True
non_essential_SPSB1|HGNC:30628,0,0,0.62389725,0.37610275,0.62389725,True
non_essential_SNCA|HGNC:11138,0,0,0.4561363,0.5438637,0.5438637,True
non_essential_NKAIN4|HGNC:16191,0,0,0.7041353,0.2958647,0.7041353,True
non_essential_NR1H4|HGNC:7967,0,0,0.5799096,0.42009038,0.5799096,True
non_essential_PRICKLE3|HGNC:6645,0,0,0.62094563,0.37905437,0.62094563,True
non_essential_SLC13A5|HGNC:23089,0,0,0.7004247,0.29957533,0.7004247,True
non_essential_OR2A2|HGNC:8230,0,0,0.5157635,0.48423648,0.5157635,True
non_essential_OR10A2|HGNC:8161,0,0,0.5020646,0.4979354,0.5020646,True
non_essential_PLEKHA3|HGNC:14338,0,0,0.49061838,0.50938165,0.50938165,True
non_essential_SYTL2|HGNC:15585,0,0,0.5556989,0.44430113,0.5556989,True
non_essential_SPATA16|HGNC:29935,0,0,0.52685237,0.47314763,0.52685237,True
non_essential_UNKL|HGNC:14184,0,0,0.7900447,0.20995528,0.7900447,True
non_essential_SPIRE2|HGNC:30623,0,0,0.7604656,0.23953438,0.7604656,True
non_essential_RNF141|HGNC:21159,0,0,0.57215726,0.42784274,0.57215726,True
non_essential_ARSF|HGNC:721,0,0,0.5444584,0.4555416,0.5444584,True
non_essential_BTNL3|HGNC:1143,0,0,0.54293215,0.45706785,0.54293215,True
non_essential_IL17RC|HGNC:18358,0,0,0.7559563,0.24404371,0.7559563,True
non_essential_GLYCTK|HGNC:24247,0,0,0.7090192,0.29098082,0.7090192,True
non_essential_TEX13B|HGNC:11736,0,0,0.6267298,0.3732702,0.6267298,True
non_essential_WEE2|HGNC:19684,0,0,0.5546446,0.44535542,0.5546446,True
non_essential_ATP6V0E2|HGNC:21723,0,0,0.81833196,0.18166804,0.81833196,True
non_essential_ASB4|HGNC:16009,0,0,0.6435853,0.35641468,0.6435853,True
non_essential_CYP2C8|HGNC:2622,0,0,0.4647966,0.5352034,0.5352034,True
non_essential_PRIMPOL|HGNC:26575,0,0,0.5089314,0.4910686,0.5089314,True
non_essential_RAPGEF3|HGNC:16629,0,0,0.6663252,0.3336748,0.6663252,True
non_essential_CEACAM8|HGNC:1820,0,0,0.58921176,0.41078824,0.58921176,True
non_essential_IFNA5|HGNC:5426,0,0,0.48869833,0.51130164,0.51130164,True
non_essential_INPP5F|HGNC:17054,0,0,0.62621814,0.37378186,0.62621814,True
non_essential_SLFN5|HGNC:28286,0,0,0.5613423,0.4386577,0.5613423,True
non_essential_SLC26A6|HGNC:14472,0,0,0.6938525,0.30614752,0.6938525,True
non_essential_CYTH4|HGNC:9505,0,0,0.6690929,0.3309071,0.6690929,True
non_essential_SHC2|HGNC:29869,0,0,0.7318522,0.26814783,0.7318522,True
non_essential_NPEPL1|HGNC:16244,0,0,0.7905471,0.20945293,0.7905471,True
non_essential_RHOB|HGNC:668,0,0,0.85978866,0.14021134,0.85978866,True
non_essential_ZMYND19|HGNC:21146,0,0,0.5309714,0.4690286,0.5309714,True
non_essential_FKBP14|HGNC:18625,0,0,0.5114751,0.4885249,0.5114751,True
non_essential_CHRM2|HGNC:1951,0,0,0.49767736,0.5023227,0.5023227,True
non_essential_ZNF503|HGNC:23589,0,0,0.8024555,0.19754452,0.8024555,True
non_essential_MYH1|HGNC:7567,0,0,0.63448584,0.36551416,0.63448584,True
non_essential_OCM2|HGNC:34396,0,0,0.550181,0.44981903,0.550181,True
non_essential_RAPGEFL1|HGNC:17428,0,0,0.69442964,0.30557036,0.69442964,True
non_essential_IL17RA|HGNC:5985,0,0,0.65419084,0.34580916,0.65419084,True
non_essential_SLC12A8|HGNC:15595,0,0,0.6705732,0.32942683,0.6705732,True
non_essential_HNRNPCL2|HGNC:48813,0,0,0.5241176,0.4758824,0.5241176,True
non_essential_FAM71F2|HGNC:27998,0,0,0.63010114,0.36989886,0.63010114,True
non_essential_BNIP3L|HGNC:1085,0,0,0.54963,0.45037,0.54963,True
non_essential_USP17L4|HGNC:37176,0,0,0.6622687,0.3377313,0.6622687,True
non_essential_CTSG|HGNC:2532,0,0,0.6130238,0.38697618,0.6130238,True
non_essential_SLC35D3|HGNC:15621,0,0,0.7376751,0.26232493,0.7376751,True
non_essential_ZCCHC10|HGNC:25954,0,0,0.45284393,0.5471561,0.5471561,True
non_essential_HSPBAP1|HGNC:16389,0,0,0.59088045,0.40911955,0.59088045,True
non_essential_CLEC14A|HGNC:19832,0,0,0.7100522,0.2899478,0.7100522,True
non_essential_GPBAR1|HGNC:19680,0,0,0.71629906,0.28370094,0.71629906,True
non_essential_CDS1|HGNC:1800,0,0,0.57263595,0.42736405,0.57263595,True
non_essential_OR52E4|HGNC:15213,0,0,0.45900625,0.54099375,0.54099375,True
non_essential_AOC2|HGNC:549,0,0,0.62692136,0.37307864,0.62692136,True
non_essential_ARL11|HGNC:24046,0,0,0.89240134,0.10759866,0.89240134,True
non_essential_CYP4F2|HGNC:2645,0,0,0.64466286,0.35533714,0.64466286,True
non_essential_CRNN|HGNC:1230,0,0,0.56704265,0.43295735,0.56704265,True
non_essential_ZFAND4|HGNC:23504,0,0,0.5265063,0.4734937,0.5265063,True
non_essential_EGR4|HGNC:3241,0,0,0.691473,0.308527,0.691473,True
non_essential_ZNF284|HGNC:13078,0,0,0.49642593,0.5035741,0.5035741,True
non_essential_BCL2L13|HGNC:17164,0,0,0.544462,0.45553797,0.544462,True
non_essential_FZD1|HGNC:4038,0,0,0.6808783,0.31912172,0.6808783,True
non_essential_BAG5|HGNC:941,0,0,0.52057785,0.47942215,0.52057785,True
non_essential_ARMC1|HGNC:17684,0,0,0.52593076,0.47406924,0.52593076,True
non_essential_H2AFY|HGNC:4740,0,0,0.61726254,0.38273746,0.61726254,True
non_essential_ENO3|HGNC:3354,0,0,0.84546965,0.15453035,0.84546965,True
non_essential_KRTAP13-1|HGNC:18924,0,0,0.543977,0.45602298,0.543977,True
non_essential_PIP4K2C|HGNC:23786,0,0,0.6296747,0.37032533,0.6296747,True
non_essential_HMG20B|HGNC:5002,0,1,0.9630361,0.03696388,0.9630361,False
non_essential_ZNF793|HGNC:33115,0,0,0.4802936,0.51970637,0.51970637,True
non_essential_RNF32|HGNC:17118,0,0,0.70071137,0.29928863,0.70071137,True
non_essential_SGCA|HGNC:10805,0,0,0.8454998,0.15450019,0.8454998,True
non_essential_NKX2-8|HGNC:16364,0,0,0.67957026,0.32042974,0.67957026,True
non_essential_CSMD2|HGNC:19290,0,0,0.593123,0.40687698,0.593123,True
non_essential_GSTA3|HGNC:4628,0,0,0.47069955,0.52930045,0.52930045,True
non_essential_AZIN2|HGNC:29957,0,0,0.6204235,0.3795765,0.6204235,True
non_essential_ZNF543|HGNC:25281,0,0,0.5422,0.45779997,0.5422,True
non_essential_ANKRD23|HGNC:24470,0,0,0.69334733,0.30665267,0.69334733,True
non_essential_P3H1|HGNC:19316,0,0,0.64340454,0.35659546,0.64340454,True
non_essential_ZNF677|HGNC:28730,0,0,0.4675883,0.5324117,0.5324117,True
non_essential_G6PC3|HGNC:24861,0,0,0.6804389,0.31956112,0.6804389,True
non_essential_MFSD9|HGNC:28158,0,0,0.63508826,0.36491174,0.63508826,True
non_essential_TMSB10|HGNC:11879,0,0,0.561067,0.438933,0.561067,True
non_essential_OOEP|HGNC:21382,0,0,0.6932306,0.30676937,0.6932306,True
non_essential_MZT2B|HGNC:25886,0,0,0.78327084,0.21672916,0.78327084,True
non_essential_IL4|HGNC:6014,0,0,0.55716723,0.44283277,0.55716723,True
non_essential_HOXB13|HGNC:5112,0,0,0.93759906,0.062400937,0.93759906,True
non_essential_ACBD7|HGNC:17715,0,0,0.4520741,0.5479259,0.5479259,True
non_essential_PRRC1|HGNC:28164,0,0,0.5099404,0.4900596,0.5099404,True
non_essential_PAX1|HGNC:8615,0,0,0.68738574,0.31261426,0.68738574,True
non_essential_RHCG|HGNC:18140,0,0,0.67843515,0.32156485,0.67843515,True
non_essential_CAPRIN2|HGNC:21259,0,0,0.5548478,0.44515222,0.5548478,True
non_essential_SEC11A|HGNC:17718,0,0,0.44742233,0.5525777,0.5525777,True
non_essential_C6orf132|HGNC:21288,0,0,0.6307141,0.36928588,0.6307141,True
non_essential_WDR27|HGNC:21248,0,0,0.63588107,0.36411893,0.63588107,True
non_essential_STK19|HGNC:11398,0,0,0.76038414,0.23961586,0.76038414,True
non_essential_DAZ1|HGNC:2682,0,0,0.46829447,0.5317055,0.5317055,True
non_essential_ZNF33A|HGNC:13096,0,0,0.465452,0.53454804,0.53454804,True
non_essential_ATG101|HGNC:25679,0,0,0.6989714,0.3010286,0.6989714,True
non_essential_TSPAN3|HGNC:17752,0,0,0.4864414,0.5135586,0.5135586,True
non_essential_CHRNA5|HGNC:1959,0,0,0.5456965,0.4543035,0.5456965,True
non_essential_OR7A17|HGNC:8363,0,0,0.445087,0.55491304,0.55491304,True
non_essential_C9orf57|HGNC:27037,0,0,0.4630847,0.5369153,0.5369153,True
non_essential_OR4E2|HGNC:8297,0,0,0.55653685,0.44346315,0.55653685,True
non_essential_PPP1R36|HGNC:20097,0,0,0.6076575,0.3923425,0.6076575,True
non_essential_ARMCX3|HGNC:24065,0,0,0.5417947,0.45820528,0.5417947,True
non_essential_ZNF138|HGNC:12922,0,0,0.48277175,0.51722825,0.51722825,True
non_essential_NXF2B|HGNC:23984,0,0,0.66719407,0.33280593,0.66719407,True
non_essential_ASPG|HGNC:20123,0,0,0.8471245,0.15287548,0.8471245,True
non_essential_ZNF502|HGNC:23718,0,0,0.4880432,0.5119568,0.5119568,True
non_essential_TMEM175|HGNC:28709,0,0,0.85996,0.14003998,0.85996,True
non_essential_ZNF774|HGNC:33108,0,0,0.52216065,0.47783935,0.52216065,True
non_essential_AIG1|HGNC:21607,0,0,0.64304984,0.35695016,0.64304984,True
non_essential_BBOX1|HGNC:964,0,0,0.5039695,0.4960305,0.5039695,True
non_essential_GDAP2|HGNC:18010,0,0,0.5394146,0.46058542,0.5394146,True
non_essential_NHLH1|HGNC:7817,0,0,0.84099,0.15901,0.84099,True
non_essential_CDC14B|HGNC:1719,0,0,0.7171761,0.28282392,0.7171761,True
non_essential_ANO9|HGNC:20679,0,0,0.7596216,0.24037838,0.7596216,True
non_essential_CORO6|HGNC:21356,0,0,0.67428803,0.32571197,0.67428803,True
non_essential_LILRA2|HGNC:6603,0,0,0.6367586,0.36324137,0.6367586,True
non_essential_USP40|HGNC:20069,0,0,0.63286674,0.36713326,0.63286674,True
non_essential_NECAB2|HGNC:23746,0,0,0.8990402,0.10095978,0.8990402,True
non_essential_CMTM5|HGNC:19176,0,0,0.62687397,0.37312603,0.62687397,True
non_essential_HIGD1B|HGNC:24318,0,0,0.49287555,0.5071244,0.5071244,True
non_essential_LECT1|HGNC:17005,0,0,0.6502482,0.34975177,0.6502482,True
non_essential_ATP2A3|HGNC:813,0,0,0.72129303,0.27870697,0.72129303,True
non_essential_SNX7|HGNC:14971,0,0,0.56815016,0.43184984,0.56815016,True
non_essential_LHFP|HGNC:6586,0,0,0.63237226,0.36762774,0.63237226,True
non_essential_CDKL2|HGNC:1782,0,0,0.51280344,0.48719656,0.51280344,True
non_essential_NDRG1|HGNC:7679,0,0,0.69771254,0.30228746,0.69771254,True
non_essential_SAMD15|HGNC:18631,0,0,0.54113495,0.45886505,0.54113495,True
non_essential_FSD1L|HGNC:13753,0,0,0.48839235,0.51160765,0.51160765,True
non_essential_ARHGAP23|HGNC:29293,0,0,0.6355663,0.3644337,0.6355663,True
non_essential_GPR119|HGNC:19060,0,0,0.5998984,0.4001016,0.5998984,True
non_essential_NXT2|HGNC:18151,0,0,0.50982237,0.49017763,0.50982237,True
non_essential_CNTNAP4|HGNC:18747,0,0,0.6212576,0.3787424,0.6212576,True
non_essential_GIMAP2|HGNC:21789,0,0,0.47656184,0.52343816,0.52343816,True
non_essential_FSD1|HGNC:13745,0,0,0.9335456,0.06645441,0.9335456,True
non_essential_RASGEF1B|HGNC:24881,0,0,0.5060579,0.49394208,0.5060579,True
non_essential_THEM6|HGNC:29656,0,0,0.7758647,0.22413528,0.7758647,True
non_essential_TMED8|HGNC:18633,0,0,0.7042953,0.29570472,0.7042953,True
non_essential_GPR12|HGNC:4466,0,0,0.6283682,0.3716318,0.6283682,True
non_essential_MT1G|HGNC:7399,0,0,0.40219596,0.59780407,0.59780407,True
non_essential_RAD51AP2|HGNC:34417,0,0,0.5686772,0.4313228,0.5686772,True
non_essential_DCAF12L1|HGNC:29395,0,0,0.7942362,0.20576382,0.7942362,True
non_essential_OR5K4|HGNC:31291,0,0,0.4612546,0.5387454,0.5387454,True
non_essential_COCH|HGNC:2180,0,0,0.52314824,0.47685176,0.52314824,True
non_essential_TMEM257|HGNC:2562,0,0,0.41499683,0.58500314,0.58500314,True
non_essential_CDH7|HGNC:1766,0,0,0.70522374,0.29477626,0.70522374,True
non_essential_RAP2A|HGNC:9861,0,0,0.7960872,0.2039128,0.7960872,True
non_essential_C2orf40|HGNC:24642,0,0,0.6070277,0.3929723,0.6070277,True
non_essential_TBC1D26|HGNC:28745,0,0,0.57671934,0.42328066,0.57671934,True
non_essential_CLCNKA|HGNC:2026,0,0,0.67063105,0.32936895,0.67063105,True
non_essential_AKAP11|HGNC:369,0,0,0.5816384,0.4183616,0.5816384,True
non_essential_FXYD7|HGNC:4034,0,0,0.50529325,0.49470675,0.50529325,True
non_essential_NACA2|HGNC:23290,0,0,0.48913863,0.5108614,0.5108614,True
non_essential_RAB40AL|HGNC:25410,0,0,0.6087256,0.3912744,0.6087256,True
non_essential_KCNK6|HGNC:6281,0,0,0.8321259,0.1678741,0.8321259,True
non_essential_CA1|HGNC:1368,0,0,0.53569686,0.46430314,0.53569686,True
non_essential_ZNF41|HGNC:13107,0,0,0.52450687,0.47549313,0.52450687,True
non_essential_HIST2H2AC|HGNC:4738,0,0,0.82932335,0.17067665,0.82932335,True
non_essential_LMNTD2|HGNC:28561,0,0,0.7921236,0.20787638,0.7921236,True
non_essential_KDF1|HGNC:26624,0,0,0.7205696,0.2794304,0.7205696,True
non_essential_FCAMR|HGNC:24692,0,0,0.6544975,0.3455025,0.6544975,True
non_essential_GJC3|HGNC:17495,0,0,0.5721837,0.42781627,0.5721837,True
non_essential_GPR25|HGNC:4480,0,0,0.80621296,0.19378704,0.80621296,True
non_essential_COL6A6|HGNC:27023,0,0,0.6351503,0.3648497,0.6351503,True
non_essential_CHIC1|HGNC:1934,0,0,0.49222288,0.5077771,0.5077771,True
non_essential_TTC3|HGNC:12393,0,0,0.6097143,0.39028567,0.6097143,True
non_essential_PRSS46|HGNC:37325,0,0,0.5752191,0.4247809,0.5752191,True
non_essential_ZNF431|HGNC:20809,0,0,0.45186287,0.5481371,0.5481371,True
non_essential_KCTD12|HGNC:14678,0,0,0.86481315,0.13518685,0.86481315,True
non_essential_SLC26A11|HGNC:14471,0,0,0.78234315,0.21765685,0.78234315,True
non_essential_APBA3|HGNC:580,0,0,0.69452405,0.30547595,0.69452405,True
non_essential_ATP6V1E2|HGNC:18125,0,0,0.57911354,0.42088646,0.57911354,True
non_essential_REC114|HGNC:25065,0,0,0.58150667,0.41849333,0.58150667,True
non_essential_FAM131C|HGNC:26717,0,0,0.92517084,0.07482916,0.92517084,True
non_essential_SLCO1C1|HGNC:13819,0,0,0.47973403,0.52026594,0.52026594,True
non_essential_TCL1B|HGNC:11649,0,0,0.66580397,0.33419603,0.66580397,True
non_essential_AQP12B|HGNC:6096,0,0,0.90568215,0.09431785,0.90568215,True
non_essential_ACTL10|HGNC:16127,0,0,0.788427,0.211573,0.788427,True
non_essential_GC|HGNC:4187,0,0,0.50236297,0.49763703,0.50236297,True
non_essential_PRY|HGNC:14024,0,0,0.56194055,0.43805945,0.56194055,True
non_essential_TP53I3|HGNC:19373,0,0,0.59027857,0.40972143,0.59027857,True
non_essential_FAM189A2|HGNC:24820,0,0,0.6130123,0.3869877,0.6130123,True
non_essential_NPFFR1|HGNC:17425,0,0,0.79086643,0.20913357,0.79086643,True
non_essential_GUCA1C|HGNC:4680,0,0,0.4904805,0.50951946,0.50951946,True
non_essential_TAS2R43|HGNC:18875,0,0,0.39707363,0.6029264,0.6029264,True
non_essential_ANKRD1|HGNC:15819,0,0,0.5680994,0.43190062,0.5680994,True
non_essential_ADAM15|HGNC:193,0,0,0.6114259,0.38857412,0.6114259,True
non_essential_C8orf48|HGNC:26345,0,0,0.48654348,0.5134565,0.5134565,True
non_essential_SOD3|HGNC:11181,0,0,0.9084066,0.091593385,0.9084066,True
non_essential_SIRT3|HGNC:14931,0,0,0.71438605,0.28561395,0.71438605,True
non_essential_PCSK4|HGNC:8746,0,0,0.8148622,0.18513781,0.8148622,True
non_essential_OCIAD2|HGNC:28685,0,0,0.511533,0.48846698,0.511533,True
non_essential_HEPACAM2|HGNC:27364,0,0,0.5090444,0.4909556,0.5090444,True
non_essential_HRASLS2|HGNC:17824,0,0,0.6738323,0.3261677,0.6738323,True
non_essential_C11orf87|HGNC:33788,0,0,0.77708584,0.22291416,0.77708584,True
non_essential_SARAF|HGNC:28789,0,0,0.58814746,0.41185254,0.58814746,True
non_essential_IFNA17|HGNC:5422,0,0,0.5116821,0.4883179,0.5116821,True
non_essential_OR4C12|HGNC:15168,0,0,0.45625874,0.5437412,0.5437412,True
non_essential_ETNK2|HGNC:25575,0,0,0.7408305,0.25916952,0.7408305,True
non_essential_OR10A6|HGNC:15132,0,0,0.4752783,0.52472174,0.52472174,True
non_essential_TNFRSF13C|HGNC:17755,0,0,0.8414564,0.15854359,0.8414564,True
non_essential_LCLAT1|HGNC:26756,0,0,0.5158985,0.48410147,0.5158985,True
non_essential_FAM187B|HGNC:26366,0,0,0.5916679,0.4083321,0.5916679,True
non_essential_MID1IP1|HGNC:20715,0,0,0.65329486,0.34670514,0.65329486,True
non_essential_SEMA6C|HGNC:10740,0,0,0.67594737,0.32405263,0.67594737,True
non_essential_SGSH|HGNC:10818,0,0,0.74211454,0.25788546,0.74211454,True
non_essential_IFFO2|HGNC:27006,0,0,0.86407804,0.13592196,0.86407804,True
non_essential_UGGT1|HGNC:15663,0,0,0.62523204,0.37476796,0.62523204,True
non_essential_ZNF98|HGNC:13174,0,0,0.42518616,0.57481384,0.57481384,True
non_essential_FHOD1|HGNC:17905,0,0,0.6499502,0.3500498,0.6499502,True
non_essential_KLK5|HGNC:6366,0,0,0.6431289,0.35687113,0.6431289,True
non_essential_OR2Y1|HGNC:14837,0,0,0.5672259,0.43277413,0.5672259,True
non_essential_PPP6R2|HGNC:19253,0,0,0.6415168,0.3584832,0.6415168,True
non_essential_EXOC3L1|HGNC:27540,0,0,0.66422373,0.33577627,0.66422373,True
non_essential_PRODH|HGNC:9453,0,0,0.6449139,0.3550861,0.6449139,True
non_essential_B3GNT9|HGNC:28714,0,0,0.70129836,0.29870164,0.70129836,True
non_essential_SORBS1|HGNC:14565,0,0,0.63364893,0.36635107,0.63364893,True
non_essential_RHBDF2|HGNC:20788,0,0,0.7456589,0.25434113,0.7456589,True
non_essential_SIRPD|HGNC:16248,0,0,0.82864434,0.17135566,0.82864434,True
non_essential_TDRD9|HGNC:20122,0,0,0.60266465,0.39733535,0.60266465,True
non_essential_RHOJ|HGNC:688,0,0,0.65721637,0.34278363,0.65721637,True
non_essential_LIMK2|HGNC:6614,0,0,0.6632055,0.3367945,0.6632055,True
non_essential_ZNF117|HGNC:12897,0,0,0.43180767,0.56819236,0.56819236,True
non_essential_RNF212B|HGNC:20438,0,0,0.5042707,0.49572933,0.5042707,True
non_essential_THAP5|HGNC:23188,0,0,0.49966988,0.5003301,0.5003301,True
non_essential_PIANP|HGNC:25338,0,0,0.7408496,0.2591504,0.7408496,True
non_essential_TMED3|HGNC:28889,0,0,0.7066272,0.2933728,0.7066272,True
non_essential_ATG12|HGNC:588,0,0,0.54521686,0.45478314,0.54521686,True
non_essential_ARHGDIA|HGNC:678,0,0,0.71103746,0.28896254,0.71103746,True
non_essential_UTF1|HGNC:12634,0,0,0.8510478,0.14895219,0.8510478,True
non_essential_ZNF140|HGNC:12925,0,0,0.49239984,0.5076002,0.5076002,True
non_essential_ACSL6|HGNC:16496,0,0,0.6215749,0.37842512,0.6215749,True
non_essential_DEFB130|HGNC:18107,0,0,0.42034483,0.5796552,0.5796552,True
non_essential_SCARA5|HGNC:28701,0,0,0.8900295,0.10997051,0.8900295,True
non_essential_TSSK4|HGNC:19825,0,0,0.50902665,0.49097335,0.50902665,True
non_essential_GALR1|HGNC:4132,0,0,0.72326106,0.27673894,0.72326106,True
non_essential_RASSF7|HGNC:1166,0,0,0.6054695,0.39453048,0.6054695,True
non_essential_OR10S1|HGNC:14807,0,0,0.601638,0.39836198,0.601638,True
non_essential_TPRG1L|HGNC:27007,0,0,0.7042425,0.29575747,0.7042425,True
non_essential_TBL1Y|HGNC:18502,0,0,0.54775506,0.45224494,0.54775506,True
non_essential_LEKR1|HGNC:33765,0,0,0.44302493,0.55697507,0.55697507,True
non_essential_GRP|HGNC:4605,0,0,0.6134912,0.38650882,0.6134912,True
non_essential_KRTAP9-3|HGNC:16927,0,0,0.41072586,0.58927417,0.58927417,True
non_essential_DBNDD1|HGNC:28455,0,0,0.8248478,0.17515218,0.8248478,True
non_essential_SEMG1|HGNC:10742,0,0,0.4962927,0.5037073,0.5037073,True
non_essential_USMG5|HGNC:30889,0,0,0.38043422,0.6195658,0.6195658,True
non_essential_BICD1|HGNC:1049,0,0,0.6111418,0.3888582,0.6111418,True
non_essential_MLYCD|HGNC:7150,0,0,0.69631875,0.30368125,0.69631875,True
non_essential_GLRA4|HGNC:31715,0,0,0.6244112,0.37558877,0.6244112,True
non_essential_CCDC144NL|HGNC:33735,0,0,0.5642024,0.43579757,0.5642024,True
non_essential_TMTC4|HGNC:25904,0,0,0.62617713,0.37382287,0.62617713,True
non_essential_FOXL2NB|HGNC:34428,0,0,0.5964832,0.40351683,0.5964832,True
non_essential_TMEM256|HGNC:28618,0,0,0.5201866,0.4798134,0.5201866,True
non_essential_IGFLR1|HGNC:23620,0,0,0.7571377,0.24286228,0.7571377,True
non_essential_BTG4|HGNC:13862,0,0,0.47677645,0.5232235,0.5232235,True
non_essential_PIGG|HGNC:25985,0,0,0.6113602,0.3886398,0.6113602,True
non_essential_PRDX4|HGNC:17169,0,0,0.633875,0.366125,0.633875,True
non_essential_FMO1|HGNC:3769,0,0,0.5394496,0.46055043,0.5394496,True
non_essential_C1orf101|HGNC:28491,0,0,0.61631966,0.38368034,0.61631966,True
non_essential_ABL2|HGNC:77,0,0,0.60602957,0.39397043,0.60602957,True
non_essential_GCAT|HGNC:4188,0,0,0.72924274,0.27075726,0.72924274,True
non_essential_OR5AN1|HGNC:15255,0,0,0.47320613,0.52679384,0.52679384,True
non_essential_NGB|HGNC:14077,0,0,0.7159009,0.2840991,0.7159009,True
non_essential_TWF2|HGNC:9621,0,0,0.6708079,0.3291921,0.6708079,True
non_essential_OR52R1|HGNC:15235,0,0,0.49466127,0.5053387,0.5053387,True
non_essential_SAP30L|HGNC:25663,0,0,0.7257426,0.27425742,0.7257426,True
non_essential_GAGE12E|HGNC:31905,0,0,0.4708932,0.5291068,0.5291068,True
non_essential_PLBD2|HGNC:27283,0,0,0.7462059,0.25379407,0.7462059,True
non_essential_SEC24A|HGNC:10703,0,0,0.5382067,0.4617933,0.5382067,True
non_essential_SSX7|HGNC:19653,0,0,0.5738856,0.42611438,0.5738856,True
non_essential_PPP1R1C|HGNC:14940,0,0,0.5498765,0.4501235,0.5498765,True
non_essential_DCAF12L2|HGNC:32950,0,0,0.7941186,0.20588142,0.7941186,True
non_essential_PGPEP1L|HGNC:27080,0,0,0.68244284,0.31755716,0.68244284,True
non_essential_FAM171A2|HGNC:30480,0,0,0.79737025,0.20262975,0.79737025,True
non_essential_FER1L5|HGNC:19044,0,0,0.66391844,0.33608156,0.66391844,True
non_essential_TFCP2|HGNC:11748,0,0,0.51369715,0.48630285,0.51369715,True
non_essential_ZSCAN5B|HGNC:34246,0,0,0.62208277,0.37791723,0.62208277,True
non_essential_NIT1|HGNC:7828,0,0,0.57349813,0.42650187,0.57349813,True
non_essential_SLCO1B7|HGNC:32934,0,0,0.5121637,0.4878363,0.5121637,True
non_essential_PRAMEF4|HGNC:31971,0,0,0.62919456,0.37080544,0.62919456,True
non_essential_HTN3|HGNC:5284,0,0,0.40805468,0.5919453,0.5919453,True
non_essential_CLCA1|HGNC:2015,0,0,0.5326193,0.4673807,0.5326193,True
non_essential_TEX33|HGNC:28568,0,0,0.63222384,0.36777616,0.63222384,True
non_essential_PPP1R42|HGNC:33732,0,0,0.4378932,0.5621068,0.5621068,True
non_essential_ADAMTS15|HGNC:16305,0,0,0.6689648,0.3310352,0.6689648,True
non_essential_LPAR6|HGNC:15520,0,0,0.48320335,0.51679665,0.51679665,True
non_essential_TPTE2|HGNC:17299,0,0,0.49911597,0.50088406,0.50088406,True
non_essential_CXCL9|HGNC:7098,0,0,0.49749386,0.50250614,0.50250614,True
non_essential_WDR31|HGNC:21421,0,0,0.5102328,0.4897672,0.5102328,True
non_essential_RMND5B|HGNC:26181,0,0,0.661695,0.338305,0.661695,True
non_essential_HOXD4|HGNC:5138,0,0,0.6803526,0.31964737,0.6803526,True
non_essential_CXorf40A|HGNC:28089,0,0,0.6003573,0.3996427,0.6003573,True
non_essential_DYDC1|HGNC:23460,0,0,0.42334148,0.5766585,0.5766585,True
non_essential_ARL14|HGNC:22974,0,0,0.5611145,0.4388855,0.5611145,True
non_essential_NAPRT|HGNC:30450,0,0,0.72622895,0.27377105,0.72622895,True
non_essential_ZNF799|HGNC:28071,0,0,0.46010566,0.53989434,0.53989434,True
non_essential_AP3S2|HGNC:571,0,0,0.57888544,0.42111456,0.57888544,True
non_essential_MME|HGNC:7154,0,0,0.49993566,0.5000644,0.5000644,True
non_essential_C9orf43|HGNC:23570,0,0,0.52725834,0.47274166,0.52725834,True
non_essential_PDE4B|HGNC:8781,0,0,0.5592382,0.4407618,0.5592382,True
non_essential_FANCD2OS|HGNC:28623,0,0,0.6413924,0.3586076,0.6413924,True
non_essential_CAV2|HGNC:1528,0,0,0.54692996,0.45307004,0.54692996,True
non_essential_AZI2|HGNC:24002,0,0,0.49681196,0.503188,0.503188,True
non_essential_S1PR5|HGNC:14299,0,0,0.71263963,0.28736037,0.71263963,True
non_essential_CT45A10|HGNC:51263,0,0,0.5100973,0.48990268,0.5100973,True
non_essential_C17orf62|HGNC:28672,0,0,0.7353906,0.2646094,0.7353906,True
non_essential_ARHGAP11A|HGNC:15783,0,0,0.5386193,0.46138072,0.5386193,True
non_essential_TBCCD1|HGNC:25546,0,0,0.554915,0.445085,0.554915,True
non_essential_IFT81|HGNC:14313,0,0,0.5043203,0.49567968,0.5043203,True
non_essential_GJA4|HGNC:4278,0,0,0.78856856,0.21143144,0.78856856,True
non_essential_TTLL10|HGNC:26693,0,0,0.87864256,0.12135744,0.87864256,True
non_essential_CEP70|HGNC:29972,0,0,0.49750456,0.5024954,0.5024954,True
non_essential_KRTAP12-1|HGNC:20529,0,0,0.6284557,0.3715443,0.6284557,True
non_essential_DCP1B|HGNC:24451,0,0,0.60208523,0.39791477,0.60208523,True
non_essential_WISP3|HGNC:12771,0,0,0.49920967,0.50079036,0.50079036,True
non_essential_PRAC1|HGNC:30591,0,0,0.40380487,0.5961951,0.5961951,True
non_essential_SIAH3|HGNC:30553,0,0,0.7061379,0.2938621,0.7061379,True
non_essential_BAALC|HGNC:14333,0,0,0.5170307,0.48296928,0.5170307,True
non_essential_IRF9|HGNC:6131,0,0,0.6619476,0.3380524,0.6619476,True
non_essential_IDH1|HGNC:5382,0,0,0.5414814,0.45851862,0.5414814,True
non_essential_CYP11B1|HGNC:2591,0,0,0.72014207,0.27985793,0.72014207,True
non_essential_RBSN|HGNC:20759,0,0,0.6847158,0.3152842,0.6847158,True
non_essential_C4orf3|HGNC:19225,0,0,0.5677693,0.4322307,0.5677693,True
non_essential_LYPD5|HGNC:26397,0,0,0.6936005,0.30639952,0.6936005,True
non_essential_BCO1|HGNC:13815,0,0,0.6763278,0.32367218,0.6763278,True
non_essential_ZNF763|HGNC:27614,0,0,0.48488742,0.5151126,0.5151126,True
non_essential_RUNDC1|HGNC:25418,0,0,0.7203338,0.2796662,0.7203338,True
non_essential_HOXA6|HGNC:5107,0,0,0.8999721,0.10002792,0.8999721,True
non_essential_GJB7|HGNC:16690,0,0,0.45997187,0.5400281,0.5400281,True
non_essential_BPIFC|HGNC:16503,0,0,0.5894201,0.41057992,0.5894201,True
non_essential_ATP8B1|HGNC:3706,0,0,0.6338741,0.36612588,0.6338741,True
non_essential_VSTM4|HGNC:26470,0,0,0.7826877,0.21731228,0.7826877,True
non_essential_SLC25A17|HGNC:10987,0,0,0.5382744,0.4617256,0.5382744,True
non_essential_MTMR7|HGNC:7454,0,0,0.5171035,0.4828965,0.5171035,True
non_essential_CCDC127|HGNC:30520,0,0,0.59814113,0.40185887,0.59814113,True
non_essential_RBPMS2|HGNC:19098,0,0,0.71957135,0.28042865,0.71957135,True
non_essential_RNASE6|HGNC:10048,0,0,0.5262043,0.4737957,0.5262043,True
non_essential_KIF1C|HGNC:6317,0,0,0.6245507,0.3754493,0.6245507,True
non_essential_MICU3|HGNC:27820,0,0,0.6396397,0.36036032,0.6396397,True
non_essential_SLC22A7|HGNC:10971,0,0,0.61335135,0.38664865,0.61335135,True
non_essential_STAB2|HGNC:18629,0,0,0.62437844,0.37562156,0.62437844,True
non_essential_ARL8A|HGNC:25192,0,0,0.70722324,0.29277676,0.70722324,True
non_essential_RNF170|HGNC:25358,0,0,0.49484205,0.50515795,0.50515795,True
non_essential_HTR5A|HGNC:5300,0,0,0.75169796,0.24830204,0.75169796,True
non_essential_CARD18|HGNC:28861,0,0,0.42499778,0.5750022,0.5750022,True
non_essential_SOAT1|HGNC:11177,0,0,0.5372486,0.4627514,0.5372486,True
non_essential_MZB1|HGNC:30125,0,0,0.6373667,0.3626333,0.6373667,True
non_essential_C1QL2|HGNC:24181,0,0,0.7329974,0.26700258,0.7329974,True
non_essential_FBXO18|HGNC:13620,0,0,0.59812874,0.40187126,0.59812874,True
non_essential_OR4F4|HGNC:8301,0,0,0.47711453,0.52288544,0.52288544,True
non_essential_PREX2|HGNC:22950,0,0,0.6072329,0.39276707,0.6072329,True
non_essential_ZNF474|HGNC:23245,0,0,0.4799538,0.52004623,0.52004623,True
non_essential_COLCA2|HGNC:26978,0,0,0.56560165,0.43439835,0.56560165,True
non_essential_LSM14A|HGNC:24489,0,0,0.60705924,0.39294076,0.60705924,True
non_essential_MPV17|HGNC:7224,0,0,0.5244467,0.47555327,0.5244467,True
non_essential_DCLRE1A|HGNC:17660,0,0,0.5065268,0.49347317,0.5065268,True
non_essential_DYTN|HGNC:23279,0,0,0.5616416,0.43835843,0.5616416,True
non_essential_ALPPL2|HGNC:441,0,0,0.71815515,0.28184485,0.71815515,True
non_essential_PRR30|HGNC:28677,0,0,0.75735325,0.24264675,0.75735325,True
non_essential_OST4|HGNC:32483,0,0,0.51625997,0.48374003,0.51625997,True
non_essential_ZSCAN18|HGNC:21037,0,0,0.7170792,0.28292078,0.7170792,True
non_essential_BTN2A1|HGNC:1136,0,0,0.62784576,0.37215424,0.62784576,True
non_essential_SLC9A3R2|HGNC:11076,0,0,0.72905046,0.27094954,0.72905046,True
non_essential_RXFP1|HGNC:19718,0,0,0.5055435,0.49445653,0.5055435,True
non_essential_OAF|HGNC:28752,0,1,0.95905316,0.04094684,0.95905316,False
non_essential_TMEM200B|HGNC:33785,0,0,0.86520463,0.13479537,0.86520463,True
non_essential_TNMD|HGNC:17757,0,0,0.6715854,0.32841462,0.6715854,True
non_essential_IQCA1|HGNC:26195,0,0,0.5979428,0.40205717,0.5979428,True
non_essential_EIF4E3|HGNC:31837,0,0,0.603636,0.39636397,0.603636,True
non_essential_CDKN2B|HGNC:1788,0,0,0.7047868,0.29521322,0.7047868,True
non_essential_C4orf46|HGNC:27320,0,0,0.7722558,0.22774422,0.7722558,True
non_essential_KLHDC7A|HGNC:26791,0,0,0.7660033,0.23399669,0.7660033,True
non_essential_SLC25A33|HGNC:29681,0,0,0.5482086,0.4517914,0.5482086,True
non_essential_MC3R|HGNC:6931,0,0,0.67504644,0.32495356,0.67504644,True
non_essential_EFNA4|HGNC:3224,0,0,0.69701385,0.30298615,0.69701385,True
non_essential_OR1I1|HGNC:8207,0,0,0.6402948,0.3597052,0.6402948,True
non_essential_CACNG1|HGNC:1405,0,0,0.6589503,0.34104967,0.6589503,True
non_essential_DNAJC15|HGNC:20325,0,0,0.56263345,0.43736655,0.56263345,True
non_essential_R3HCC1L|HGNC:23512,0,0,0.4967957,0.5032043,0.5032043,True
non_essential_PLCXD2|HGNC:26462,0,0,0.7689598,0.23104018,0.7689598,True
non_essential_GLIPR1L2|HGNC:28592,0,0,0.5016492,0.4983508,0.5016492,True
non_essential_SLC23A3|HGNC:20601,0,0,0.51268953,0.48731047,0.51268953,True
non_essential_DIRAS1|HGNC:19127,0,1,0.9554487,0.044551313,0.9554487,False
non_essential_AKAP1|HGNC:367,0,0,0.6596969,0.34030312,0.6596969,True
non_essential_AIPL1|HGNC:359,0,0,0.90541357,0.09458643,0.90541357,True
non_essential_BPNT1|HGNC:1096,0,0,0.50263625,0.49736375,0.50263625,True
non_essential_OOSP2|HGNC:26699,0,0,0.45204338,0.5479566,0.5479566,True
non_essential_HIST1H4H|HGNC:4788,0,0,0.8567751,0.1432249,0.8567751,True
non_essential_SPINT4|HGNC:16130,0,0,0.43936732,0.5606327,0.5606327,True
non_essential_SYCP2L|HGNC:21537,0,0,0.5254246,0.4745754,0.5254246,True
non_essential_SIDT1|HGNC:25967,0,0,0.663493,0.33650702,0.663493,True
non_essential_SMIM8|HGNC:21401,0,0,0.4468205,0.5531795,0.5531795,True
non_essential_AMIGO3|HGNC:24075,0,0,0.746191,0.25380898,0.746191,True
non_essential_RD3|HGNC:19689,0,0,0.72250146,0.27749854,0.72250146,True
non_essential_CFAP65|HGNC:25325,0,0,0.7210709,0.2789291,0.7210709,True
non_essential_HTR1E|HGNC:5291,0,0,0.5472775,0.4527225,0.5472775,True
non_essential_C14orf1|HGNC:1187,0,0,0.47578335,0.52421665,0.52421665,True
non_essential_XIRP1|HGNC:14301,0,0,0.60851437,0.39148563,0.60851437,True
non_essential_HSPB9|HGNC:30589,0,0,0.7874986,0.2125014,0.7874986,True
non_essential_OR6T1|HGNC:14848,0,0,0.6217856,0.37821442,0.6217856,True
non_essential_MPP5|HGNC:18669,0,0,0.54004514,0.45995486,0.54004514,True
non_essential_SHD|HGNC:30633,0,0,0.7239451,0.27605492,0.7239451,True
non_essential_ZNF749|HGNC:32783,0,0,0.50496244,0.49503756,0.50496244,True
non_essential_TBKBP1|HGNC:30140,0,0,0.7576257,0.2423743,0.7576257,True
non_essential_ANGPTL2|HGNC:490,0,0,0.7851414,0.21485859,0.7851414,True
non_essential_COLEC10|HGNC:2220,0,0,0.5169615,0.48303849,0.5169615,True
non_essential_CD47|HGNC:1682,0,0,0.58147424,0.41852576,0.58147424,True
non_essential_TRIM69|HGNC:17857,0,0,0.56187624,0.43812376,0.56187624,True
non_essential_METTL21C|HGNC:33717,0,0,0.5995964,0.40040362,0.5995964,True
non_essential_FDXACB1|HGNC:25110,0,0,0.60179144,0.39820856,0.60179144,True
non_essential_BANF2|HGNC:16172,0,0,0.5339649,0.46603513,0.5339649,True
non_essential_CD5|HGNC:1685,0,0,0.6832525,0.3167475,0.6832525,True
non_essential_RNASE13|HGNC:25285,0,0,0.46673575,0.5332643,0.5332643,True
non_essential_ARPC5|HGNC:708,0,0,0.53898567,0.46101433,0.53898567,True
non_essential_VCY|HGNC:12668,0,1,0.9555913,0.04440868,0.9555913,False
non_essential_GPR35|HGNC:4492,0,0,0.76293725,0.23706275,0.76293725,True
non_essential_SLC7A14|HGNC:29326,0,0,0.6325971,0.3674029,0.6325971,True
non_essential_PADI6|HGNC:20449,0,0,0.61840856,0.38159144,0.61840856,True
non_essential_KIAA1522|HGNC:29301,0,0,0.6652734,0.33472657,0.6652734,True
non_essential_KIAA1211|HGNC:29219,0,0,0.7291136,0.27088642,0.7291136,True
non_essential_MARCH1|HGNC:26077,0,0,0.5729728,0.42702723,0.5729728,True
non_essential_STX8|HGNC:11443,0,0,0.6102836,0.3897164,0.6102836,True
non_essential_FSCN2|HGNC:3960,0,0,0.7726806,0.22731942,0.7726806,True
non_essential_ENKUR|HGNC:28388,0,0,0.4928893,0.5071107,0.5071107,True
non_essential_LRFN1|HGNC:29290,0,0,0.704471,0.295529,0.704471,True
non_essential_MFGE8|HGNC:7036,0,0,0.7158685,0.28413153,0.7158685,True
non_essential_OR5A1|HGNC:8319,0,0,0.48755655,0.5124434,0.5124434,True
non_essential_IGFL2|HGNC:32929,0,0,0.93172085,0.06827915,0.93172085,True
non_essential_CCDC121|HGNC:25833,0,0,0.54663754,0.45336246,0.54663754,True
non_essential_HSD17B13|HGNC:18685,0,0,0.6520016,0.34799838,0.6520016,True
non_essential_RBMXL2|HGNC:17886,0,0,0.86258906,0.13741094,0.86258906,True
non_essential_VWC2|HGNC:30200,0,0,0.92911875,0.07088125,0.92911875,True
non_essential_KRT25|HGNC:30839,0,0,0.55357164,0.44642836,0.55357164,True
non_essential_CAPN11|HGNC:1478,0,0,0.62369424,0.37630576,0.62369424,True
non_essential_BEND5|HGNC:25668,0,0,0.69269484,0.30730516,0.69269484,True
non_essential_SETX|HGNC:445,0,0,0.5997645,0.40023547,0.5997645,True
non_essential_CCDC158|HGNC:26374,0,0,0.57031757,0.42968243,0.57031757,True
non_essential_KCTD7|HGNC:21957,0,0,0.7104414,0.2895586,0.7104414,True
non_essential_MPHOSPH9|HGNC:7215,0,0,0.59644496,0.40355504,0.59644496,True
non_essential_C6orf58|HGNC:20960,0,0,0.46997613,0.5300239,0.5300239,True
non_essential_ACTR1B|HGNC:168,0,0,0.7632804,0.23671961,0.7632804,True
non_essential_TRPV4|HGNC:18083,0,0,0.7147176,0.28528237,0.7147176,True
non_essential_TNFRSF10C|HGNC:11906,0,0,0.4856024,0.5143976,0.5143976,True
non_essential_ALS2CR12|HGNC:14439,0,0,0.5176202,0.4823798,0.5176202,True
non_essential_P2RX5|HGNC:8536,0,0,0.6832135,0.31678653,0.6832135,True
non_essential_ZNF548|HGNC:26561,0,0,0.4816873,0.5183127,0.5183127,True
non_essential_FABP7|HGNC:3562,0,0,0.46056852,0.53943145,0.53943145,True
non_essential_C9orf47|HGNC:23669,0,0,0.63113356,0.36886644,0.63113356,True
non_essential_DMRTC1|HGNC:13910,0,0,0.7519773,0.24802268,0.7519773,True
non_essential_OR13C9|HGNC:15104,0,0,0.4769497,0.5230503,0.5230503,True
non_essential_SPRR1A|HGNC:11259,0,0,0.53105867,0.46894133,0.53105867,True
non_essential_SLC25A30|HGNC:27371,0,0,0.4996455,0.5003545,0.5003545,True
non_essential_ADARB2|HGNC:227,0,0,0.8557094,0.14429063,0.8557094,True
non_essential_NENF|HGNC:30384,0,0,0.5692857,0.4307143,0.5692857,True
non_essential_USP17L22|HGNC:44450,0,0,0.6512159,0.3487841,0.6512159,True
non_essential_XK|HGNC:12811,0,0,0.57814175,0.42185825,0.57814175,True
non_essential_GRM6|HGNC:4598,0,0,0.90230066,0.097699344,0.90230066,True
non_essential_SNURF|HGNC:11171,0,0,0.6317868,0.36821318,0.6317868,True
non_essential_OR14C36|HGNC:15026,0,0,0.49526423,0.50473577,0.50473577,True
non_essential_HIST1H2AB|HGNC:4734,0,0,0.6163588,0.38364118,0.6163588,True
non_essential_HOXB7|HGNC:5118,0,0,0.6801319,0.3198681,0.6801319,True
non_essential_FAM86B1|HGNC:28268,0,0,0.6782523,0.32174772,0.6782523,True
non_essential_SOX21|HGNC:11197,0,0,0.9196102,0.0803898,0.9196102,True
non_essential_FREM3|HGNC:25172,0,0,0.62329155,0.37670845,0.62329155,True
non_essential_PPP1R9A|HGNC:14946,0,0,0.50340706,0.49659294,0.50340706,True
non_essential_BAMBI|HGNC:30251,0,0,0.5297498,0.4702502,0.5297498,True
non_essential_SPATA25|HGNC:16158,0,0,0.60351384,0.39648616,0.60351384,True
non_essential_PDIA2|HGNC:14180,0,0,0.76684994,0.23315006,0.76684994,True
non_essential_HAAO|HGNC:4796,0,0,0.6987644,0.30123562,0.6987644,True
non_essential_ENO2|HGNC:3353,0,0,0.65509725,0.34490275,0.65509725,True
non_essential_GUCY1A2|HGNC:4684,0,0,0.6374018,0.36259818,0.6374018,True
non_essential_CLDN10|HGNC:2033,0,0,0.50955963,0.49044037,0.50955963,True
non_essential_TRIM13|HGNC:9976,0,0,0.4990162,0.50098383,0.50098383,True
non_essential_OMG|HGNC:8135,0,0,0.47084114,0.52915883,0.52915883,True
non_essential_ARHGAP39|HGNC:29351,0,0,0.8513604,0.14863962,0.8513604,True
non_essential_C7orf49|HGNC:22432,0,0,0.5716227,0.42837727,0.5716227,True
non_essential_TMEM223|HGNC:28464,0,0,0.65588945,0.34411055,0.65588945,True
non_essential_MYH8|HGNC:7578,0,0,0.6441949,0.3558051,0.6441949,True
non_essential_LDLRAD1|HGNC:32069,0,0,0.7064575,0.2935425,0.7064575,True
non_essential_GLMP|HGNC:29436,0,0,0.50618243,0.49381757,0.50618243,True
non_essential_FXYD5|HGNC:4029,0,0,0.5754852,0.42451477,0.5754852,True
non_essential_KIAA1210|HGNC:29218,0,0,0.63594675,0.36405325,0.63594675,True
non_essential_ZNF587|HGNC:30955,0,0,0.57758635,0.42241365,0.57758635,True
non_essential_FPR1|HGNC:3826,0,0,0.61333925,0.38666075,0.61333925,True
non_essential_CCL4L2|HGNC:24066,0,0,0.53824764,0.46175236,0.53824764,True
non_essential_SHISA9|HGNC:37231,0,1,0.9567707,0.043229282,0.9567707,False
non_essential_MOS|HGNC:7199,0,0,0.6378319,0.36216807,0.6378319,True
non_essential_FAM209A|HGNC:16100,0,0,0.5447454,0.4552546,0.5447454,True
non_essential_YIPF1|HGNC:25231,0,0,0.50147325,0.49852675,0.50147325,True
non_essential_CCK|HGNC:1569,0,0,0.7432745,0.2567255,0.7432745,True
non_essential_CLEC2L|HGNC:21969,0,0,0.87462306,0.12537694,0.87462306,True
non_essential_SMPX|HGNC:11122,0,0,0.6050856,0.3949144,0.6050856,True
non_essential_KCNK17|HGNC:14465,0,0,0.7274118,0.2725882,0.7274118,True
non_essential_LRRN4CL|HGNC:33724,0,0,0.7326395,0.2673605,0.7326395,True
non_essential_ADPRHL1|HGNC:21303,0,0,0.6832616,0.31673843,0.6832616,True
non_essential_CEP72|HGNC:25547,0,0,0.7075094,0.2924906,0.7075094,True
non_essential_LRRC2|HGNC:14676,0,0,0.54592067,0.45407933,0.54592067,True
non_essential_TCP10L|HGNC:11657,0,0,0.64808774,0.35191226,0.64808774,True
non_essential_HBA2|HGNC:4824,0,0,0.8674338,0.13256621,0.8674338,True
non_essential_SNX25|HGNC:21883,0,0,0.618401,0.381599,0.618401,True
non_essential_MEIG1|HGNC:23429,0,0,0.47039786,0.52960217,0.52960217,True
non_essential_PHKA1|HGNC:8925,0,0,0.6284152,0.37158477,0.6284152,True
non_essential_LTBR|HGNC:6718,0,0,0.66768736,0.33231264,0.66768736,True
non_essential_OR1E2|HGNC:8190,0,0,0.50017434,0.49982566,0.50017434,True
non_essential_TMCC2|HGNC:24239,0,0,0.8655079,0.1344921,0.8655079,True
non_essential_CD200R1|HGNC:24235,0,0,0.5041298,0.49587017,0.5041298,True
non_essential_TIGD7|HGNC:18331,0,0,0.47048908,0.5295109,0.5295109,True
non_essential_BEX2|HGNC:30933,0,0,0.5755857,0.42441428,0.5755857,True
non_essential_DNAJC16|HGNC:29157,0,0,0.5750582,0.42494178,0.5750582,True
non_essential_SECISBP2|HGNC:30972,0,0,0.6510498,0.3489502,0.6510498,True
non_essential_HMGA2|HGNC:5009,0,0,0.5237174,0.4762826,0.5237174,True
non_essential_DSTYK|HGNC:29043,0,0,0.5863969,0.41360313,0.5863969,True
non_essential_IGFL4|HGNC:32931,0,0,0.53553075,0.46446925,0.53553075,True
non_essential_KIR2DL4|HGNC:6332,0,0,0.57596606,0.42403394,0.57596606,True
non_essential_CES5A|HGNC:26459,0,0,0.56427544,0.43572456,0.56427544,True
non_essential_HIST1H1A|HGNC:4715,0,0,0.690508,0.309492,0.690508,True
non_essential_KIAA1614|HGNC:29327,0,0,0.7922623,0.20773768,0.7922623,True
non_essential_ZCCHC4|HGNC:22917,0,0,0.5745938,0.42540622,0.5745938,True
non_essential_APBB2|HGNC:582,0,0,0.5966407,0.4033593,0.5966407,True
non_essential_CNIH1|HGNC:19431,0,0,0.46525303,0.534747,0.534747,True
non_essential_ITSN2|HGNC:6184,0,0,0.6495331,0.3504669,0.6495331,True
non_essential_RIMBP2|HGNC:30339,0,0,0.6735575,0.32644248,0.6735575,True
non_essential_OR10H3|HGNC:8174,0,0,0.5014846,0.49851543,0.5014846,True
non_essential_RTP4|HGNC:23992,0,0,0.50274336,0.49725664,0.50274336,True
non_essential_HEPH|HGNC:4866,0,0,0.54214,0.45786,0.54214,True
non_essential_KIAA1456|HGNC:26725,0,0,0.5182027,0.48179728,0.5182027,True
non_essential_TRIM34|HGNC:10063,0,0,0.5868308,0.4131692,0.5868308,True
non_essential_LRTOMT|HGNC:25033,0,0,0.67002916,0.32997084,0.67002916,True
non_essential_CYP4F22|HGNC:26820,0,0,0.7391053,0.26089472,0.7391053,True
non_essential_NXNL2|HGNC:30482,0,0,0.7675987,0.23240131,0.7675987,True
non_essential_TMEM140|HGNC:21870,0,0,0.5568101,0.44318992,0.5568101,True
non_essential_STPG2|HGNC:28712,0,0,0.51039803,0.48960197,0.51039803,True
non_essential_APOE|HGNC:613,0,1,0.9610486,0.038951397,0.9610486,False
non_essential_ANO10|HGNC:25519,0,0,0.53187186,0.46812814,0.53187186,True
non_essential_ZNF8|HGNC:13154,0,0,0.5340101,0.4659899,0.5340101,True
non_essential_H1F0|HGNC:4714,0,0,0.8233035,0.17669648,0.8233035,True
non_essential_CARD16|HGNC:33701,0,0,0.5041403,0.49585968,0.5041403,True
non_essential_OR1L4|HGNC:8216,0,0,0.4699551,0.5300449,0.5300449,True
non_essential_GPR173|HGNC:18186,0,0,0.8430233,0.1569767,0.8430233,True
non_essential_ZNF410|HGNC:20144,0,0,0.60474265,0.39525735,0.60474265,True
non_essential_CILP|HGNC:1980,0,0,0.6179939,0.3820061,0.6179939,True
non_essential_ADAM7|HGNC:214,0,0,0.5158843,0.48411572,0.5158843,True
non_essential_CRAT|HGNC:2342,0,0,0.6909741,0.30902588,0.6909741,True
non_essential_ATP5S|HGNC:18799,0,0,0.5431282,0.4568718,0.5431282,True
non_essential_SPOPL|HGNC:27934,0,0,0.46036163,0.5396384,0.5396384,True
non_essential_GPR179|HGNC:31371,0,0,0.6430159,0.35698408,0.6430159,True
non_essential_MXD3|HGNC:14008,0,1,0.9568533,0.04314673,0.9568533,False
non_essential_PPEF2|HGNC:9244,0,0,0.59834236,0.40165764,0.59834236,True
non_essential_SLC8B1|HGNC:26175,0,0,0.7270531,0.2729469,0.7270531,True
non_essential_ZNF565|HGNC:26726,0,0,0.52103037,0.47896963,0.52103037,True
non_essential_SH3D21|HGNC:26236,0,0,0.6461432,0.3538568,0.6461432,True
non_essential_RAB5B|HGNC:9784,0,0,0.48512343,0.5148766,0.5148766,True
non_essential_SPATA31E1|HGNC:26672,0,0,0.63912785,0.36087215,0.63912785,True
non_essential_SLC43A2|HGNC:23087,0,0,0.88940066,0.11059934,0.88940066,True
non_essential_ENTHD2|HGNC:26458,0,0,0.94541585,0.054584146,0.94541585,True
non_essential_DEFB116|HGNC:18097,0,0,0.50952005,0.49047995,0.50952005,True
non_essential_CCDC89|HGNC:26762,0,0,0.7493326,0.2506674,0.7493326,True
non_essential_MPND|HGNC:25934,0,0,0.9320988,0.067901194,0.9320988,True
non_essential_TRIM10|HGNC:10072,0,0,0.61826277,0.38173723,0.61826277,True
non_essential_DAP|HGNC:2672,0,0,0.51269656,0.48730344,0.51269656,True
non_essential_KCNQ1|HGNC:6294,0,0,0.8663864,0.13361359,0.8663864,True
non_essential_MTMR6|HGNC:7453,0,0,0.56668514,0.43331486,0.56668514,True
non_essential_P2RX7|HGNC:8537,0,0,0.55407006,0.44592994,0.55407006,True
non_essential_CCDC157|HGNC:33854,0,0,0.74612427,0.25387573,0.74612427,True
non_essential_RAD21L1|HGNC:16271,0,0,0.4807952,0.5192048,0.5192048,True
non_essential_MYO3B|HGNC:15576,0,0,0.562635,0.437365,0.562635,True
non_essential_ACADS|HGNC:90,0,0,0.8198126,0.1801874,0.8198126,True
non_essential_VAT1|HGNC:16919,0,0,0.69751996,0.30248004,0.69751996,True
non_essential_CH25H|HGNC:1907,0,0,0.77085835,0.22914165,0.77085835,True
non_essential_BAD|HGNC:936,0,0,0.80870134,0.19129866,0.80870134,True
non_essential_CDHR1|HGNC:14550,0,0,0.6499543,0.35004568,0.6499543,True
non_essential_SLC10A2|HGNC:10906,0,0,0.57761484,0.42238516,0.57761484,True
non_essential_VIT|HGNC:12697,0,0,0.6847737,0.31522632,0.6847737,True
non_essential_ZSCAN30|HGNC:33517,0,0,0.46875197,0.53124803,0.53124803,True
non_essential_GPR50|HGNC:4506,0,0,0.6538122,0.34618777,0.6538122,True
non_essential_OR9A4|HGNC:15095,0,0,0.5330867,0.46691328,0.5330867,True
non_essential_ABHD6|HGNC:21398,0,0,0.53079724,0.46920276,0.53079724,True
non_essential_CCDC17|HGNC:26574,0,0,0.7072134,0.2927866,0.7072134,True
non_essential_NLRC3|HGNC:29889,0,0,0.6764786,0.32352138,0.6764786,True
non_essential_OR2L13|HGNC:19578,0,0,0.48583606,0.514164,0.514164,True
non_essential_GDPD4|HGNC:24849,0,0,0.51100695,0.48899305,0.51100695,True
non_essential_SLC22A5|HGNC:10969,0,0,0.7241291,0.27587092,0.7241291,True
non_essential_ANKRD45|HGNC:24786,0,0,0.46728444,0.53271556,0.53271556,True
non_essential_TUBA3C|HGNC:12408,0,0,0.621705,0.378295,0.621705,True
non_essential_ATP10D|HGNC:13549,0,0,0.6005654,0.39943463,0.6005654,True
non_essential_PEX11G|HGNC:20208,0,0,0.65852594,0.34147406,0.65852594,True
non_essential_USP17L1|HGNC:37182,0,0,0.6512741,0.34872591,0.6512741,True
non_essential_MAGEB3|HGNC:6810,0,0,0.48746336,0.51253664,0.51253664,True
non_essential_TFPI2|HGNC:11761,0,0,0.5724037,0.42759627,0.5724037,True
non_essential_CBX6|HGNC:1556,0,0,0.8302953,0.16970468,0.8302953,True
non_essential_C1QL1|HGNC:24182,0,0,0.7128118,0.28718817,0.7128118,True
non_essential_RILP|HGNC:30266,0,0,0.66034883,0.33965117,0.66034883,True
non_essential_PLA2G4D|HGNC:30038,0,0,0.686793,0.31320697,0.686793,True
non_essential_CENPBD1|HGNC:28272,0,0,0.664337,0.33566302,0.664337,True
non_essential_TMEM232|HGNC:37270,0,0,0.4822782,0.5177218,0.5177218,True
non_essential_NUDT16|HGNC:26442,0,0,0.6735646,0.3264354,0.6735646,True
non_essential_TRMO|HGNC:30967,0,0,0.6528563,0.3471437,0.6528563,True
non_essential_FMR1|HGNC:3775,0,0,0.5427747,0.45722532,0.5427747,True
non_essential_MAFA|HGNC:23145,0,1,0.9502917,0.049708307,0.9502917,False
non_essential_ZFP30|HGNC:29555,0,0,0.5035991,0.4964009,0.5035991,True
non_essential_CYSRT1|HGNC:30529,0,0,0.6599736,0.34002638,0.6599736,True
non_essential_CASS4|HGNC:15878,0,0,0.6695373,0.3304627,0.6695373,True
non_essential_C19orf35|HGNC:24793,0,0,0.7563803,0.24361968,0.7563803,True
non_essential_LAIR1|HGNC:6477,0,0,0.67266446,0.32733554,0.67266446,True
non_essential_ZNF764|HGNC:28200,0,0,0.9282731,0.07172692,0.9282731,True
non_essential_ESRRA|HGNC:3471,0,0,0.79049337,0.20950663,0.79049337,True
non_essential_ACER1|HGNC:18356,0,0,0.5813324,0.4186676,0.5813324,True
non_essential_IGFBPL1|HGNC:20081,0,0,0.75462157,0.24537843,0.75462157,True
non_essential_TREML2|HGNC:21092,0,0,0.64865625,0.35134375,0.64865625,True
non_essential_MAS1|HGNC:6899,0,0,0.5484275,0.45157248,0.5484275,True
non_essential_MAGEA8|HGNC:6806,0,0,0.649791,0.350209,0.649791,True
non_essential_TSPAN6|HGNC:11858,0,0,0.51033217,0.48966783,0.51033217,True
non_essential_H2AFV|HGNC:20664,0,0,0.77013665,0.22986335,0.77013665,True
non_essential_ZFYVE28|HGNC:29334,0,0,0.8064674,0.19353259,0.8064674,True
non_essential_SPRED2|HGNC:17722,0,0,0.7008029,0.29919708,0.7008029,True
non_essential_NR1H3|HGNC:7966,0,0,0.6244192,0.3755808,0.6244192,True
non_essential_HDHD3|HGNC:28171,0,0,0.48149627,0.5185037,0.5185037,True
non_essential_RAD23A|HGNC:9812,0,0,0.6538973,0.3461027,0.6538973,True
non_essential_EML5|HGNC:18197,0,0,0.6235412,0.37645882,0.6235412,True
non_essential_AFAP1|HGNC:24017,0,0,0.65497416,0.34502584,0.65497416,True
non_essential_MUC15|HGNC:14956,0,0,0.46496552,0.5350345,0.5350345,True
non_essential_LILRA5|HGNC:16309,0,0,0.74258006,0.25741994,0.74258006,True
non_essential_ANXA2R|HGNC:33463,0,0,0.6915779,0.3084221,0.6915779,True
non_essential_UBASH3A|HGNC:12462,0,0,0.7020922,0.29790783,0.7020922,True
non_essential_OC90|HGNC:8100,0,0,0.56779134,0.43220866,0.56779134,True
non_essential_ANXA9|HGNC:547,0,0,0.833051,0.16694897,0.833051,True
non_essential_RILPL1|HGNC:26814,0,0,0.8174335,0.18256652,0.8174335,True
non_essential_CEP126|HGNC:29264,0,0,0.6033715,0.3966285,0.6033715,True
non_essential_GRK4|HGNC:4543,0,0,0.6170983,0.38290173,0.6170983,True
non_essential_GABRG1|HGNC:4086,0,0,0.4741864,0.5258136,0.5258136,True
non_essential_KCNG4|HGNC:19697,0,0,0.9079717,0.09202832,0.9079717,True
non_essential_ITPR2|HGNC:6181,0,0,0.6152278,0.38477218,0.6152278,True
non_essential_GPT2|HGNC:18062,0,0,0.69456524,0.30543476,0.69456524,True
non_essential_C1QA|HGNC:1241,0,0,0.7760568,0.22394317,0.7760568,True
non_essential_ZNF816|HGNC:26995,0,0,0.46365657,0.53634346,0.53634346,True
non_essential_SLC25A15|HGNC:10985,0,0,0.5435554,0.45644462,0.5435554,True
non_essential_TCHP|HGNC:28135,0,0,0.72046804,0.27953196,0.72046804,True
non_essential_STRIP2|HGNC:22209,0,0,0.6202939,0.37970608,0.6202939,True
non_essential_UBAC2|HGNC:20486,0,0,0.5792708,0.42072922,0.5792708,True
non_essential_DCANP1|HGNC:24459,0,0,0.48984814,0.51015186,0.51015186,True
non_essential_PTPDC1|HGNC:30184,0,0,0.5719277,0.42807227,0.5719277,True
non_essential_IL1RL1|HGNC:5998,0,0,0.57809496,0.42190504,0.57809496,True
non_essential_ANPEP|HGNC:500,0,0,0.73765177,0.26234823,0.73765177,True
non_essential_GPR108|HGNC:17829,0,0,0.71683276,0.28316724,0.71683276,True
non_essential_MICALCL|HGNC:25933,0,0,0.60304725,0.39695275,0.60304725,True
non_essential_DENND6A|HGNC:26635,0,0,0.61704594,0.38295406,0.61704594,True
non_essential_OR2F2|HGNC:8247,0,0,0.476303,0.523697,0.523697,True
non_essential_SERINC4|HGNC:32237,0,0,0.62649345,0.37350655,0.62649345,True
non_essential_BARHL1|HGNC:953,0,0,0.70202893,0.29797107,0.70202893,True
non_essential_HMOX2|HGNC:5014,0,0,0.6732198,0.3267802,0.6732198,True
non_essential_ACSM2A|HGNC:32017,0,0,0.5017909,0.49820912,0.5017909,True
non_essential_KSR1|HGNC:6465,0,0,0.8798038,0.12019622,0.8798038,True
non_essential_ATP4A|HGNC:819,0,0,0.7018097,0.2981903,0.7018097,True
non_essential_MOGAT3|HGNC:23249,0,0,0.68788266,0.31211734,0.68788266,True
non_essential_PRSS37|HGNC:29211,0,0,0.64251345,0.35748655,0.64251345,True
non_essential_CEP170B|HGNC:20362,0,0,0.7046184,0.2953816,0.7046184,True
non_essential_SCLT1|HGNC:26406,0,0,0.51173913,0.48826087,0.51173913,True
non_essential_EGR1|HGNC:3238,0,0,0.72844326,0.27155674,0.72844326,True
non_essential_C5AR1|HGNC:1338,0,0,0.69545686,0.30454314,0.69545686,True
non_essential_ERICH6B|HGNC:26523,0,0,0.6176895,0.3823105,0.6176895,True
non_essential_FBF1|HGNC:24674,0,0,0.7399104,0.26008958,0.7399104,True
non_essential_AADACL4|HGNC:32038,0,0,0.6041697,0.39583027,0.6041697,True
non_essential_MANSC4|HGNC:40023,0,0,0.5544438,0.44555622,0.5544438,True
non_essential_KYAT1|HGNC:1564,0,0,0.64505774,0.35494226,0.64505774,True
non_essential_GRIK4|HGNC:4582,0,0,0.6898124,0.31018758,0.6898124,True
non_essential_SLC22A11|HGNC:18120,0,0,0.71768564,0.28231436,0.71768564,True
non_essential_LDAH|HGNC:26145,0,0,0.52777404,0.47222596,0.52777404,True
non_essential_PACRGL|HGNC:28442,0,0,0.53604984,0.46395016,0.53604984,True
non_essential_TNF|HGNC:11892,0,0,0.88704294,0.11295706,0.88704294,True
non_essential_CAMK1G|HGNC:14585,0,0,0.55794835,0.44205165,0.55794835,True
non_essential_CERS4|HGNC:23747,0,0,0.6663086,0.33369142,0.6663086,True
non_essential_HSDL1|HGNC:16475,0,0,0.58423156,0.41576844,0.58423156,True
non_essential_DEFB135|HGNC:32400,0,0,0.41784203,0.58215797,0.58215797,True
non_essential_DRD4|HGNC:3025,0,1,0.9632651,0.03673488,0.9632651,False
non_essential_PODN|HGNC:23174,0,0,0.6948993,0.30510068,0.6948993,True
non_essential_TTC25|HGNC:25280,0,0,0.55727834,0.44272166,0.55727834,True
non_essential_GPR15|HGNC:4469,0,0,0.5350104,0.4649896,0.5350104,True
non_essential_VEPH1|HGNC:25735,0,0,0.51861435,0.48138565,0.51861435,True
non_essential_ASXL1|HGNC:18318,0,0,0.6235471,0.37645292,0.6235471,True
non_essential_CYP2C18|HGNC:2620,0,0,0.507455,0.492545,0.507455,True
non_essential_TMEM86A|HGNC:26890,0,0,0.65043104,0.34956896,0.65043104,True
non_essential_ZNF568|HGNC:25392,0,0,0.4821211,0.5178789,0.5178789,True
non_essential_C1orf50|HGNC:28795,0,0,0.595989,0.404011,0.595989,True
non_essential_CLEC2B|HGNC:2053,0,0,0.45034727,0.5496527,0.5496527,True
non_essential_ETFDH|HGNC:3483,0,0,0.4971907,0.5028093,0.5028093,True
non_essential_ZFP3|HGNC:12861,0,0,0.475541,0.524459,0.524459,True
non_essential_ST8SIA1|HGNC:10869,0,0,0.5940241,0.40597588,0.5940241,True
non_essential_ARFIP1|HGNC:21496,0,0,0.47461867,0.5253813,0.5253813,True
non_essential_HIST1H3D|HGNC:4767,0,0,0.868686,0.13131398,0.868686,True
non_essential_TMPRSS2|HGNC:11876,0,0,0.5301446,0.46985543,0.5301446,True
non_essential_C1orf54|HGNC:26258,0,0,0.40507776,0.59492224,0.59492224,True
non_essential_PRH2|HGNC:9367,0,0,0.73742,0.26257998,0.73742,True
non_essential_CEP68|HGNC:29076,0,0,0.64854455,0.35145545,0.64854455,True
non_essential_KRTAP1-5|HGNC:16777,0,0,0.59901196,0.40098804,0.59901196,True
non_essential_CNTNAP3|HGNC:13834,0,0,0.634938,0.365062,0.634938,True
non_essential_INSL3|HGNC:6086,0,0,0.63206106,0.36793894,0.63206106,True
non_essential_ZNF555|HGNC:28382,0,0,0.47084853,0.52915144,0.52915144,True
non_essential_MIIP|HGNC:25715,0,0,0.9038062,0.09619379,0.9038062,True
non_essential_LGSN|HGNC:21016,0,0,0.504126,0.495874,0.504126,True
non_essential_DFNA5|HGNC:2810,0,0,0.63808954,0.36191046,0.63808954,True
non_essential_SEPT4|HGNC:9165,0,0,0.6357203,0.3642797,0.6357203,True
non_essential_OTUD7B|HGNC:16683,0,0,0.57700765,0.42299235,0.57700765,True
non_essential_NSUN7|HGNC:25857,0,0,0.51489013,0.48510987,0.51489013,True
non_essential_ZNF571|HGNC:25000,0,0,0.4471626,0.5528374,0.5528374,True
non_essential_HSPA6|HGNC:5239,0,0,0.8025442,0.19745582,0.8025442,True
non_essential_MAP1LC3C|HGNC:13353,0,0,0.6289866,0.3710134,0.6289866,True
non_essential_RASSF6|HGNC:20796,0,0,0.5569376,0.44306242,0.5569376,True
non_essential_TNFRSF18|HGNC:11914,0,0,0.8162033,0.1837967,0.8162033,True
non_essential_CYP2U1|HGNC:20582,0,0,0.5776929,0.42230707,0.5776929,True
non_essential_SLC39A6|HGNC:18607,0,0,0.5757563,0.4242437,0.5757563,True
non_essential_CD37|HGNC:1666,0,0,0.7172553,0.2827447,0.7172553,True
non_essential_SNX15|HGNC:14978,0,0,0.92697924,0.073020756,0.92697924,True
non_essential_CLYBL|HGNC:18355,0,0,0.535584,0.46441603,0.535584,True
non_essential_PRRT1|HGNC:13943,0,0,0.67197406,0.32802594,0.67197406,True
non_essential_OR2A14|HGNC:15084,0,0,0.6140918,0.3859082,0.6140918,True
non_essential_CTAGE15|HGNC:37295,0,0,0.61239797,0.38760203,0.61239797,True
non_essential_ZNF891|HGNC:38709,0,0,0.46312892,0.5368711,0.5368711,True
non_essential_SUCLG2|HGNC:11450,0,0,0.59280366,0.40719634,0.59280366,True
non_essential_RABL2B|HGNC:9800,0,0,0.5747129,0.42528713,0.5747129,True
non_essential_SYNPR|HGNC:16507,0,0,0.5605167,0.43948328,0.5605167,True
non_essential_HSDL2|HGNC:18572,0,0,0.4713165,0.52868354,0.52868354,True
non_essential_SCG2|HGNC:10575,0,0,0.57002616,0.42997384,0.57002616,True
non_essential_PDF|HGNC:30012,0,0,0.7603867,0.2396133,0.7603867,True
non_essential_RARRES3|HGNC:9869,0,0,0.59208465,0.40791535,0.59208465,True
non_essential_EZH1|HGNC:3526,0,0,0.6556808,0.34431922,0.6556808,True
non_essential_IZUMO1|HGNC:28539,0,0,0.678649,0.321351,0.678649,True
non_essential_CEP290|HGNC:29021,0,0,0.5352651,0.4647349,0.5352651,True
non_essential_HSD17B6|HGNC:23316,0,0,0.53391665,0.46608335,0.53391665,True
non_essential_OR6C3|HGNC:15437,0,0,0.45142972,0.5485703,0.5485703,True
non_essential_TMEM106B|HGNC:22407,0,0,0.48124534,0.51875466,0.51875466,True
non_essential_PMEPA1|HGNC:14107,0,0,0.70156884,0.29843116,0.70156884,True
non_essential_KLHDC1|HGNC:19836,0,0,0.49403462,0.50596535,0.50596535,True
non_essential_PHOSPHO1|HGNC:16815,0,0,0.92426187,0.07573813,0.92426187,True
non_essential_ADCY8|HGNC:239,0,0,0.6268682,0.3731318,0.6268682,True
non_essential_SMTNL2|HGNC:24764,0,0,0.82687837,0.17312163,0.82687837,True
non_essential_GSTT2B|HGNC:33437,0,0,0.8720404,0.12795961,0.8720404,True
non_essential_AGBL3|HGNC:27981,0,0,0.5084849,0.4915151,0.5084849,True
non_essential_C5orf51|HGNC:27750,0,0,0.49004564,0.50995433,0.50995433,True
non_essential_PROZ|HGNC:9460,0,0,0.6105244,0.38947558,0.6105244,True
non_essential_FAM155B|HGNC:30701,0,0,0.68579376,0.31420624,0.68579376,True
non_essential_ZNF354B|HGNC:17197,0,0,0.47441047,0.5255895,0.5255895,True
non_essential_ADM2|HGNC:28898,0,0,0.6282316,0.37176841,0.6282316,True
non_essential_DCAF16|HGNC:25987,0,0,0.47641677,0.52358323,0.52358323,True
non_essential_EMP3|HGNC:3335,0,0,0.7979444,0.20205557,0.7979444,True
non_essential_CABS1|HGNC:30710,0,0,0.4991076,0.5008924,0.5008924,True
non_essential_SOX15|HGNC:11196,0,0,0.7500328,0.24996722,0.7500328,True
non_essential_R3HDML|HGNC:16249,0,0,0.5492351,0.4507649,0.5492351,True
non_essential_COL5A3|HGNC:14864,0,0,0.7323456,0.26765442,0.7323456,True
non_essential_MYNN|HGNC:14955,0,0,0.529483,0.47051698,0.529483,True
non_essential_VIL1|HGNC:12690,0,0,0.68572974,0.31427026,0.68572974,True
non_essential_PRM1|HGNC:9447,0,0,0.6925638,0.30743623,0.6925638,True
non_essential_NDST4|HGNC:20779,0,0,0.4856865,0.51431346,0.51431346,True
non_essential_ALDH16A1|HGNC:28114,0,0,0.7104654,0.28953463,0.7104654,True
non_essential_TMEM74B|HGNC:15893,0,0,0.62561625,0.37438375,0.62561625,True
non_essential_RNF148|HGNC:22411,0,0,0.47346213,0.5265379,0.5265379,True
non_essential_DPP3|HGNC:3008,0,0,0.7434431,0.25655693,0.7434431,True
non_essential_PARP16|HGNC:26040,0,0,0.5597763,0.4402237,0.5597763,True
non_essential_ZNF587B|HGNC:37142,0,0,0.54940087,0.45059913,0.54940087,True
non_essential_ZNF440|HGNC:20874,0,0,0.4727355,0.5272645,0.5272645,True
non_essential_SLC9A8|HGNC:20728,0,0,0.5342853,0.4657147,0.5342853,True
non_essential_FGFR4|HGNC:3691,0,0,0.654817,0.345183,0.654817,True
non_essential_VCX3A|HGNC:18159,0,0,0.73683125,0.26316875,0.73683125,True
non_essential_MELTF|HGNC:7037,0,0,0.7680544,0.23194557,0.7680544,True
non_essential_DSTN|HGNC:15750,0,0,0.4679917,0.5320083,0.5320083,True
non_essential_ITGAE|HGNC:6147,0,0,0.62672865,0.37327135,0.62672865,True
non_essential_ZFP14|HGNC:29312,0,0,0.48556867,0.51443136,0.51443136,True
non_essential_INPP1|HGNC:6071,0,0,0.5572886,0.4427114,0.5572886,True
non_essential_PHC2|HGNC:3183,0,0,0.65240514,0.34759486,0.65240514,True
non_essential_KRT35|HGNC:6453,0,0,0.7225482,0.2774518,0.7225482,True
non_essential_RNF186|HGNC:25978,0,0,0.85993314,0.14006686,0.85993314,True
non_essential_CDKN2C|HGNC:1789,0,0,0.49112454,0.5088755,0.5088755,True
non_essential_HSPB8|HGNC:30171,0,0,0.79556036,0.20443964,0.79556036,True
non_essential_CES4A|HGNC:26741,0,0,0.6805556,0.31944442,0.6805556,True
non_essential_CCDC27|HGNC:26546,0,0,0.8477728,0.15222722,0.8477728,True
non_essential_TCF25|HGNC:29181,0,0,0.87525505,0.12474495,0.87525505,True
non_essential_KATNBL1|HGNC:26199,0,0,0.4743551,0.5256449,0.5256449,True
non_essential_EDIL3|HGNC:3173,0,0,0.524501,0.47549897,0.524501,True
non_essential_GCLM|HGNC:4312,0,0,0.5886984,0.4113016,0.5886984,True
non_essential_C5orf49|HGNC:27028,0,0,0.5991432,0.4008568,0.5991432,True
non_essential_DMWD|HGNC:2936,0,0,0.81727326,0.18272674,0.81727326,True
non_essential_CMC2|HGNC:24447,0,0,0.38821465,0.61178535,0.61178535,True
non_essential_ZRANB3|HGNC:25249,0,0,0.5463364,0.4536636,0.5463364,True
non_essential_TMEM91|HGNC:32393,0,0,0.6343903,0.3656097,0.6343903,True
non_essential_RS1|HGNC:10457,0,0,0.6454467,0.35455328,0.6454467,True
non_essential_LRRC61|HGNC:21704,0,0,0.70079726,0.29920274,0.70079726,True
non_essential_SERPINB11|HGNC:14221,0,0,0.5053058,0.49469417,0.5053058,True
non_essential_DEFB132|HGNC:33806,0,0,0.4480516,0.5519484,0.5519484,True
non_essential_CCNL2|HGNC:20570,0,0,0.7574132,0.24258679,0.7574132,True
non_essential_FRAT2|HGNC:16048,0,0,0.7674756,0.2325244,0.7674756,True
non_essential_SPX|HGNC:28139,0,0,0.7105406,0.2894594,0.7105406,True
non_essential_DIS3L2|HGNC:28648,0,0,0.6374268,0.3625732,0.6374268,True
non_essential_SPERT|HGNC:30720,0,0,0.6769909,0.32300907,0.6769909,True
non_essential_PON3|HGNC:9206,0,0,0.5439576,0.4560424,0.5439576,True
non_essential_BOLA3|HGNC:24415,0,0,0.6526054,0.3473946,0.6526054,True
non_essential_KCNF1|HGNC:6246,0,0,0.68192214,0.31807786,0.68192214,True
non_essential_CTAGE1|HGNC:24346,0,0,0.55759424,0.44240576,0.55759424,True
non_essential_ZKSCAN3|HGNC:13853,0,0,0.61504745,0.38495255,0.61504745,True
non_essential_C7orf34|HGNC:21750,0,0,0.5565648,0.4434352,0.5565648,True
non_essential_KIAA0141|HGNC:28969,0,0,0.63878554,0.36121446,0.63878554,True
non_essential_HRNR|HGNC:20846,0,0,0.63055223,0.36944777,0.63055223,True
non_essential_ZNF286B|HGNC:33241,0,0,0.49405426,0.50594574,0.50594574,True
non_essential_IDH3B|HGNC:5385,0,0,0.6314708,0.3685292,0.6314708,True
non_essential_TMEM95|HGNC:27898,0,0,0.6043429,0.39565712,0.6043429,True
non_essential_RBMS3|HGNC:13427,0,0,0.6661572,0.3338428,0.6661572,True
non_essential_CD1C|HGNC:1636,0,0,0.49173594,0.50826406,0.50826406,True
non_essential_C6orf223|HGNC:28692,0,0,0.762285,0.237715,0.762285,True
non_essential_ZNF182|HGNC:13001,0,0,0.48560154,0.51439846,0.51439846,True
non_essential_CYYR1|HGNC:16274,0,0,0.5071712,0.4928288,0.5071712,True
non_essential_HTRA1|HGNC:9476,0,0,0.6841272,0.3158728,0.6841272,True
non_essential_SLC9C1|HGNC:31401,0,0,0.6016137,0.3983863,0.6016137,True
non_essential_TAS2R40|HGNC:18885,0,0,0.48753336,0.51246667,0.51246667,True
non_essential_SEC22A|HGNC:20260,0,0,0.49842474,0.50157523,0.50157523,True
non_essential_ALKBH4|HGNC:21900,0,0,0.857301,0.142699,0.857301,True
non_essential_PLA2G1B|HGNC:9030,0,0,0.54401946,0.45598054,0.54401946,True
non_essential_RTP5|HGNC:26585,0,0,0.7316067,0.26839328,0.7316067,True
non_essential_TRIM7|HGNC:16278,0,0,0.75539696,0.24460304,0.75539696,True
non_essential_CCDC183|HGNC:28236,0,0,0.8855102,0.114489794,0.8855102,True
non_essential_OR1L3|HGNC:8215,0,0,0.47383198,0.526168,0.526168,True
non_essential_CD96|HGNC:16892,0,0,0.45973003,0.54027,0.54027,True
non_essential_KRT33B|HGNC:6451,0,0,0.9455267,0.05447328,0.9455267,True
non_essential_TPPP|HGNC:24164,0,1,0.9733183,0.026681721,0.9733183,False
non_essential_FOLH1|HGNC:3788,0,0,0.52275413,0.47724587,0.52275413,True
non_essential_MORN4|HGNC:24001,0,0,0.5707993,0.4292007,0.5707993,True
non_essential_NR0B2|HGNC:7961,0,0,0.6294592,0.3705408,0.6294592,True
non_essential_TAS2R38|HGNC:9584,0,0,0.50271004,0.49728996,0.50271004,True
non_essential_KRTAP24-1|HGNC:33902,0,0,0.4518791,0.54812086,0.54812086,True
non_essential_CLDN11|HGNC:8514,0,0,0.71903735,0.28096265,0.71903735,True
non_essential_GPR143|HGNC:20145,0,0,0.68488055,0.31511945,0.68488055,True
non_essential_OR13C8|HGNC:15103,0,0,0.4820735,0.5179265,0.5179265,True
non_essential_TCL1A|HGNC:11648,0,0,0.51489425,0.48510575,0.51489425,True
non_essential_PRR29|HGNC:25673,0,0,0.8612259,0.1387741,0.8612259,True
non_essential_CNGA1|HGNC:2148,0,0,0.6282746,0.37172538,0.6282746,True
non_essential_SOWAHD|HGNC:32960,0,0,0.7466512,0.25334883,0.7466512,True
non_essential_OTOF|HGNC:8515,0,0,0.70197344,0.29802656,0.70197344,True
non_essential_NME3|HGNC:7851,0,0,0.82491326,0.17508674,0.82491326,True
non_essential_TYW3|HGNC:24757,0,0,0.4865389,0.5134611,0.5134611,True
non_essential_PADI4|HGNC:18368,0,0,0.6412936,0.3587064,0.6412936,True
non_essential_PPP1R16A|HGNC:14941,0,0,0.7285096,0.2714904,0.7285096,True
non_essential_NPY1R|HGNC:7956,0,0,0.5086858,0.49131417,0.5086858,True
non_essential_SSC4D|HGNC:14461,0,0,0.71133137,0.28866863,0.71133137,True
non_essential_TBC1D9B|HGNC:29097,0,0,0.6600398,0.33996022,0.6600398,True
non_essential_FAM53C|HGNC:1336,0,0,0.71487135,0.28512865,0.71487135,True
non_essential_MYO15A|HGNC:7594,0,0,0.67525977,0.32474023,0.67525977,True
non_essential_SPRR2E|HGNC:11265,0,0,0.46861252,0.53138745,0.53138745,True
non_essential_AK4|HGNC:363,0,0,0.50628954,0.49371046,0.50628954,True
non_essential_LHFPL1|HGNC:6587,0,0,0.54749393,0.45250607,0.54749393,True
non_essential_NCK2|HGNC:7665,0,0,0.819957,0.18004298,0.819957,True
non_essential_TAS2R9|HGNC:14917,0,0,0.46969822,0.5303018,0.5303018,True
non_essential_ISYNA1|HGNC:29821,0,0,0.76699394,0.23300606,0.76699394,True
non_essential_LLPH|HGNC:28229,0,0,0.49183884,0.5081612,0.5081612,True
non_essential_C2orf76|HGNC:27017,0,0,0.44439524,0.55560476,0.55560476,True
non_essential_ZNF337|HGNC:15809,0,0,0.50661284,0.49338716,0.50661284,True
non_essential_SMIM11A|HGNC:1293,0,0,0.4966296,0.5033704,0.5033704,True
non_essential_SLC25A36|HGNC:25554,0,0,0.47465554,0.5253445,0.5253445,True
non_essential_MCMDC2|HGNC:26368,0,0,0.4959121,0.5040879,0.5040879,True
non_essential_ALOX15B|HGNC:434,0,0,0.6642544,0.33574557,0.6642544,True
non_essential_ADGRD1|HGNC:19893,0,0,0.6383383,0.36166167,0.6383383,True
non_essential_HIST1H4D|HGNC:4782,0,0,0.6968047,0.3031953,0.6968047,True
non_essential_ANKK1|HGNC:21027,0,0,0.617688,0.382312,0.617688,True
non_essential_EFCAB2|HGNC:28166,0,0,0.47549537,0.52450466,0.52450466,True
non_essential_LRFN2|HGNC:21226,0,0,0.663366,0.33663398,0.663366,True
non_essential_TMEM9|HGNC:18823,0,0,0.7130505,0.28694952,0.7130505,True
non_essential_OAS1|HGNC:8086,0,0,0.5607526,0.43924743,0.5607526,True
non_essential_RHOBTB1|HGNC:18738,0,0,0.6966233,0.30337667,0.6966233,True
non_essential_ZNF561|HGNC:28684,0,0,0.44924712,0.5507529,0.5507529,True
non_essential_KRT16|HGNC:6423,0,0,0.7266169,0.27338308,0.7266169,True
non_essential_ZNF878|HGNC:37246,0,0,0.46332374,0.5366763,0.5366763,True
non_essential_HRASLS|HGNC:14922,0,0,0.6412586,0.3587414,0.6412586,True
non_essential_HNRNPCL3|HGNC:51235,0,0,0.5061761,0.4938239,0.5061761,True
non_essential_C19orf54|HGNC:24758,0,0,0.6929623,0.3070377,0.6929623,True
non_essential_TM6SF1|HGNC:11860,0,0,0.507703,0.492297,0.507703,True
non_essential_ADGRV1|HGNC:17416,0,0,0.5890479,0.4109521,0.5890479,True
non_essential_GMPPA|HGNC:22923,0,0,0.6567265,0.34327352,0.6567265,True
non_essential_C6orf136|HGNC:21301,0,0,0.6358591,0.36414093,0.6358591,True
non_essential_MT1X|HGNC:7405,0,0,0.4320421,0.5679579,0.5679579,True
non_essential_IGSF6|HGNC:5953,0,0,0.5650131,0.4349869,0.5650131,True
non_essential_AIF1|HGNC:352,0,0,0.54244787,0.45755213,0.54244787,True
non_essential_KCNT1|HGNC:18865,0,0,0.7626695,0.2373305,0.7626695,True
non_essential_KRT13|HGNC:6415,0,0,0.7479975,0.25200248,0.7479975,True
non_essential_KLHL31|HGNC:21353,0,0,0.6109494,0.3890506,0.6109494,True
non_essential_C16orf46|HGNC:26525,0,0,0.5379689,0.46203113,0.5379689,True
non_essential_TTC34|HGNC:34297,0,0,0.7993512,0.20064878,0.7993512,True
non_essential_MFSD14B|HGNC:23376,0,0,0.6114796,0.38852042,0.6114796,True
non_essential_EPHX1|HGNC:3401,0,0,0.6967183,0.30328172,0.6967183,True
non_essential_SLC24A1|HGNC:10975,0,0,0.52715534,0.47284466,0.52715534,True
non_essential_CCDC91|HGNC:24855,0,0,0.5421328,0.4578672,0.5421328,True
non_essential_CCL3|HGNC:10627,0,0,0.5621377,0.43786228,0.5621377,True
non_essential_CDX4|HGNC:1808,0,0,0.6045605,0.3954395,0.6045605,True
non_essential_TIMP1|HGNC:11820,0,0,0.54215896,0.45784104,0.54215896,True
non_essential_COL15A1|HGNC:2192,0,0,0.64287573,0.35712427,0.64287573,True
non_essential_LPAR5|HGNC:13307,0,0,0.878794,0.121205986,0.878794,True
non_essential_CCR3|HGNC:1604,0,0,0.52391416,0.47608584,0.52391416,True
non_essential_NSUN3|HGNC:26208,0,0,0.50201887,0.49798113,0.50201887,True
non_essential_NKX6-2|HGNC:19321,0,1,0.96561396,0.03438604,0.96561396,False
non_essential_EDRF1|HGNC:24640,0,0,0.5500231,0.44997692,0.5500231,True
non_essential_OR51I2|HGNC:15201,0,0,0.59422636,0.40577364,0.59422636,True
non_essential_SPNS2|HGNC:26992,0,0,0.7654561,0.23454392,0.7654561,True
non_essential_NLRP11|HGNC:22945,0,0,0.60321397,0.39678603,0.60321397,True
non_essential_TMEM206|HGNC:25593,0,0,0.59055215,0.40944785,0.59055215,True
non_essential_KRT17|HGNC:6427,0,0,0.8785809,0.12141907,0.8785809,True
non_essential_FUNDC1|HGNC:28746,0,0,0.43965292,0.5603471,0.5603471,True
non_essential_IGSF21|HGNC:28246,0,0,0.75470316,0.24529684,0.75470316,True
non_essential_CRISP1|HGNC:304,0,0,0.46672925,0.5332707,0.5332707,True
non_essential_TSPY2|HGNC:23924,0,0,0.6200975,0.37990248,0.6200975,True
non_essential_OR52D1|HGNC:15212,0,0,0.46722442,0.5327756,0.5327756,True
non_essential_SPIRE1|HGNC:30622,0,0,0.633435,0.366565,0.633435,True
non_essential_DGKG|HGNC:2853,0,0,0.6898281,0.3101719,0.6898281,True
non_essential_WIPF2|HGNC:30923,0,0,0.64974725,0.35025275,0.64974725,True
non_essential_NFXL1|HGNC:18726,0,0,0.63167936,0.36832064,0.63167936,True
non_essential_MGMT|HGNC:7059,0,0,0.7068259,0.2931741,0.7068259,True
non_essential_HLA-DMB|HGNC:4935,0,0,0.55258954,0.44741046,0.55258954,True
non_essential_DMRT1|HGNC:2934,0,0,0.7150525,0.2849475,0.7150525,True
non_essential_KRTAP20-2|HGNC:18944,0,0,0.37481183,0.6251882,0.6251882,True
non_essential_SLC6A19|HGNC:27960,0,0,0.72425956,0.27574044,0.72425956,True
non_essential_HAPLN3|HGNC:21446,0,0,0.77862275,0.22137725,0.77862275,True
non_essential_CDCP2|HGNC:27297,0,0,0.7112214,0.2887786,0.7112214,True
non_essential_EBLN1|HGNC:39430,0,0,0.4963576,0.50364244,0.50364244,True
non_essential_ADGRF1|HGNC:18990,0,0,0.49571985,0.50428015,0.50428015,True
non_essential_RNF103|HGNC:12859,0,0,0.5319901,0.4680099,0.5319901,True
non_essential_AIM1|HGNC:356,0,0,0.5870563,0.41294372,0.5870563,True
non_essential_WFIKKN1|HGNC:30912,0,0,0.8715284,0.12847161,0.8715284,True
non_essential_SLX1B|HGNC:28748,0,0,0.7333708,0.26662922,0.7333708,True
non_essential_CCL13|HGNC:10611,0,0,0.67912614,0.32087386,0.67912614,True
non_essential_C6orf222|HGNC:33769,0,0,0.6354961,0.36450392,0.6354961,True
non_essential_AJUBA|HGNC:20250,0,0,0.75116736,0.24883264,0.75116736,True
non_essential_SPTLC3|HGNC:16253,0,0,0.5452171,0.4547829,0.5452171,True
non_essential_TMEM207|HGNC:33705,0,0,0.504911,0.495089,0.504911,True
non_essential_ERCC8|HGNC:3439,0,0,0.48674333,0.51325667,0.51325667,True
non_essential_CLEC2D|HGNC:14351,0,0,0.5181338,0.48186618,0.5181338,True
non_essential_TMPRSS15|HGNC:9490,0,0,0.56142086,0.43857914,0.56142086,True
non_essential_AMPD3|HGNC:470,0,0,0.68793637,0.31206363,0.68793637,True
non_essential_CAMKMT|HGNC:26276,0,0,0.5315242,0.46847582,0.5315242,True
non_essential_GABRR1|HGNC:4090,0,0,0.6393043,0.36069572,0.6393043,True
non_essential_RASA4B|HGNC:35202,0,0,0.8334148,0.1665852,0.8334148,True
non_essential_CHD1L|HGNC:1916,0,0,0.60766995,0.39233005,0.60766995,True
non_essential_SMAGP|HGNC:26918,0,0,0.7010946,0.29890537,0.7010946,True
non_essential_ANXA6|HGNC:544,0,0,0.5594273,0.44057268,0.5594273,True
non_essential_DNAH12|HGNC:2943,0,0,0.5198168,0.48018318,0.5198168,True
non_essential_MYO6|HGNC:7605,0,0,0.5635095,0.43649048,0.5635095,True
non_essential_ARHGEF37|HGNC:34430,0,0,0.63676834,0.36323166,0.63676834,True
non_essential_SLC22A9|HGNC:16261,0,0,0.5850778,0.41492218,0.5850778,True
non_essential_ARL6|HGNC:13210,0,0,0.42156324,0.57843673,0.57843673,True
non_essential_FBXO44|HGNC:24847,0,1,0.9661428,0.033857226,0.9661428,False
non_essential_TMPRSS12|HGNC:28779,0,0,0.5518743,0.44812572,0.5518743,True
non_essential_VMO1|HGNC:30387,0,0,0.6713317,0.3286683,0.6713317,True
non_essential_PLAT|HGNC:9051,0,0,0.6906412,0.30935878,0.6906412,True
non_essential_ZDHHC24|HGNC:27387,0,0,0.7862782,0.21372181,0.7862782,True
non_essential_BORCS8|HGNC:37247,0,0,0.82591295,0.17408705,0.82591295,True
non_essential_COL13A1|HGNC:2190,0,0,0.75928766,0.24071234,0.75928766,True
non_essential_RGSL1|HGNC:18636,0,0,0.6019332,0.39806682,0.6019332,True
non_essential_EPSTI1|HGNC:16465,0,0,0.543791,0.456209,0.543791,True
non_essential_SLC45A1|HGNC:17939,0,0,0.6782239,0.3217761,0.6782239,True
non_essential_USP17L30|HGNC:44458,0,0,0.6399291,0.36007088,0.6399291,True
non_essential_LRRC4B|HGNC:25042,0,0,0.7192596,0.28074038,0.7192596,True
non_essential_GLB1L|HGNC:28129,0,0,0.5934873,0.40651268,0.5934873,True
non_essential_NEMP2|HGNC:33700,0,0,0.5991238,0.40087622,0.5991238,True
non_essential_FAM217A|HGNC:21362,0,0,0.47780746,0.52219254,0.52219254,True
non_essential_SGCD|HGNC:10807,0,0,0.5896432,0.41035682,0.5896432,True
non_essential_TMX4|HGNC:25237,0,0,0.7104048,0.2895952,0.7104048,True
non_essential_PRL|HGNC:9445,0,0,0.6968797,0.30312032,0.6968797,True
non_essential_CST1|HGNC:2473,0,0,0.5130531,0.48694688,0.5130531,True
non_essential_GALK2|HGNC:4119,0,0,0.5115501,0.48844987,0.5115501,True
non_essential_OR4D1|HGNC:8293,0,0,0.4901707,0.5098293,0.5098293,True
non_essential_ZNF267|HGNC:13060,0,0,0.4889707,0.5110293,0.5110293,True
non_essential_USP17L2|HGNC:34434,0,0,0.65968555,0.34031445,0.65968555,True
non_essential_APLP1|HGNC:597,0,0,0.7211761,0.2788239,0.7211761,True
non_essential_THNSL2|HGNC:25602,0,0,0.72741723,0.27258277,0.72741723,True
non_essential_BTD|HGNC:1122,0,0,0.56178033,0.43821967,0.56178033,True
non_essential_LZTFL1|HGNC:6741,0,0,0.5061235,0.49387652,0.5061235,True
non_essential_OR2B2|HGNC:13966,0,0,0.4702069,0.52979314,0.52979314,True
non_essential_ZFHX2|HGNC:20152,0,0,0.621232,0.37876803,0.621232,True
non_essential_PIH1D3|HGNC:28570,0,0,0.44584647,0.55415356,0.55415356,True
non_essential_DMC1|HGNC:2927,0,0,0.5778559,0.42214411,0.5778559,True
non_essential_C2orf57|HGNC:28563,0,0,0.5557637,0.44423628,0.5557637,True
non_essential_THUMPD1|HGNC:23807,0,0,0.54911685,0.45088315,0.54911685,True
non_essential_EHD3|HGNC:3244,0,0,0.7053188,0.2946812,0.7053188,True
non_essential_OR5M1|HGNC:8352,0,0,0.4803667,0.5196333,0.5196333,True
non_essential_FMO3|HGNC:3771,0,0,0.53128076,0.46871924,0.53128076,True
non_essential_NHLRC1|HGNC:21576,0,0,0.6791975,0.3208025,0.6791975,True
non_essential_SEZ6|HGNC:15955,0,0,0.63267916,0.36732084,0.63267916,True
non_essential_HNRNPCL4|HGNC:51333,0,0,0.5060855,0.49391448,0.5060855,True
non_essential_FRG1|HGNC:3954,0,0,0.4745444,0.5254556,0.5254556,True
non_essential_ZNF671|HGNC:26279,0,0,0.51939106,0.48060894,0.51939106,True
non_essential_ODF1|HGNC:8113,0,0,0.4921022,0.5078978,0.5078978,True
non_essential_FAM218A|HGNC:26466,0,0,0.61392385,0.38607615,0.61392385,True
non_essential_ABHD15|HGNC:26971,0,0,0.7250671,0.27493292,0.7250671,True
non_essential_MYOM1|HGNC:7613,0,0,0.62875295,0.37124705,0.62875295,True
non_essential_MGAM2|HGNC:28101,0,0,0.6200891,0.3799109,0.6200891,True
non_essential_CIRBP|HGNC:1982,0,0,0.68799514,0.31200486,0.68799514,True
non_essential_TRIQK|HGNC:27828,0,0,0.4344309,0.5655691,0.5655691,True
non_essential_SYTL3|HGNC:15587,0,0,0.64169675,0.35830325,0.64169675,True
non_essential_P2RY1|HGNC:8539,0,0,0.6704238,0.3295762,0.6704238,True
non_essential_GLS2|HGNC:29570,0,0,0.59606755,0.40393245,0.59606755,True
non_essential_TNNI2|HGNC:11946,0,0,0.725939,0.27406102,0.725939,True
non_essential_MALRD1|HGNC:24331,0,0,0.5560207,0.44397932,0.5560207,True
non_essential_REEP4|HGNC:26176,0,0,0.86532646,0.13467354,0.86532646,True
non_essential_HSPA1A|HGNC:5232,0,0,0.8670134,0.1329866,0.8670134,True
non_essential_APOBR|HGNC:24087,0,0,0.646932,0.353068,0.646932,True
non_essential_B9D1|HGNC:24123,0,0,0.68781143,0.31218857,0.68781143,True
non_essential_ZNF155|HGNC:12940,0,0,0.49544734,0.50455266,0.50455266,True
non_essential_RTKN2|HGNC:19364,0,0,0.50277007,0.49722993,0.50277007,True
non_essential_FOXR2|HGNC:30469,0,0,0.49810332,0.5018967,0.5018967,True
non_essential_ISOC2|HGNC:26278,0,0,0.84247696,0.15752304,0.84247696,True
non_essential_ZNF467|HGNC:23154,0,0,0.6780322,0.32196778,0.6780322,True
non_essential_DPT|HGNC:3011,0,0,0.62810117,0.37189883,0.62810117,True
non_essential_ZNF443|HGNC:20878,0,0,0.4774754,0.5225246,0.5225246,True
non_essential_TFAP2E|HGNC:30774,0,0,0.656048,0.343952,0.656048,True
non_essential_ICAM5|HGNC:5348,0,0,0.73557776,0.26442224,0.73557776,True
non_essential_CDR1|HGNC:1798,0,0,0.45237425,0.5476258,0.5476258,True
non_essential_HN1L|HGNC:14137,0,0,0.65358734,0.34641266,0.65358734,True
non_essential_POM121L12|HGNC:25369,0,0,0.8630898,0.1369102,0.8630898,True
non_essential_TMEM168|HGNC:25826,0,0,0.5233831,0.47661692,0.5233831,True
non_essential_CXorf49B|HGNC:34229,0,0,0.7371575,0.26284248,0.7371575,True
non_essential_ATP1B4|HGNC:808,0,0,0.52252877,0.47747123,0.52252877,True
non_essential_NRBF2|HGNC:19692,0,0,0.5384614,0.4615386,0.5384614,True
non_essential_NDUFA4|HGNC:7687,0,0,0.45886683,0.54113317,0.54113317,True
non_essential_SNX3|HGNC:11174,0,0,0.62875044,0.37124956,0.62875044,True
non_essential_RHOV|HGNC:18313,0,0,0.859479,0.14052099,0.859479,True
non_essential_HEATR5B|HGNC:29273,0,0,0.60677165,0.39322835,0.60677165,True
non_essential_ZBTB42|HGNC:32550,0,0,0.7379166,0.2620834,0.7379166,True
non_essential_KIAA1107|HGNC:29192,0,0,0.5419692,0.45803082,0.5419692,True
non_essential_DPYS|HGNC:3013,0,0,0.6152491,0.3847509,0.6152491,True
non_essential_TMEM33|HGNC:25541,0,0,0.49123016,0.50876987,0.50876987,True
non_essential_TMEM170B|HGNC:34244,0,0,0.4914416,0.5085584,0.5085584,True
non_essential_KRTAP5-5|HGNC:23601,0,0,0.4023385,0.5976615,0.5976615,True
non_essential_ZNF705G|HGNC:37134,0,0,0.46974325,0.53025675,0.53025675,True
non_essential_PI15|HGNC:8946,0,0,0.48918515,0.51081485,0.51081485,True
non_essential_NECAB1|HGNC:20983,0,0,0.48381624,0.51618373,0.51618373,True
non_essential_ANKRD20A1|HGNC:23665,0,0,0.6387657,0.3612343,0.6387657,True
non_essential_PRDX3|HGNC:9354,0,0,0.49653965,0.50346035,0.50346035,True
non_essential_KIF4B|HGNC:6322,0,0,0.522898,0.47710198,0.522898,True
non_essential_MANBAL|HGNC:15799,0,0,0.6008772,0.39912277,0.6008772,True
non_essential_E2F5|HGNC:3119,0,0,0.587671,0.41232902,0.587671,True
non_essential_SLC38A7|HGNC:25582,0,0,0.8128679,0.18713212,0.8128679,True
non_essential_DENND4C|HGNC:26079,0,0,0.590198,0.40980202,0.590198,True
non_essential_MAPK12|HGNC:6874,0,0,0.7764554,0.2235446,0.7764554,True
non_essential_PTGDS|HGNC:9592,0,0,0.86414474,0.13585526,0.86414474,True
non_essential_MYO5B|HGNC:7603,0,0,0.650997,0.34900302,0.650997,True
non_essential_OGDHL|HGNC:25590,0,0,0.72447014,0.27552986,0.72447014,True
non_essential_CEP57L1|HGNC:21561,0,0,0.5149139,0.48508608,0.5149139,True
non_essential_LRRC3C|HGNC:40034,0,0,0.71697086,0.28302914,0.71697086,True
non_essential_FKBP2|HGNC:3718,0,0,0.6683526,0.3316474,0.6683526,True
non_essential_BAK1|HGNC:949,0,0,0.67726946,0.32273054,0.67726946,True
non_essential_FAM46B|HGNC:28273,0,0,0.864383,0.13561702,0.864383,True
non_essential_SMR3A|HGNC:19216,0,0,0.47432366,0.52567637,0.52567637,True
non_essential_FAM122B|HGNC:30490,0,0,0.5320908,0.46790922,0.5320908,True
non_essential_RNF122|HGNC:21147,0,0,0.5096496,0.49035043,0.5096496,True
non_essential_GOLT1A|HGNC:24766,0,0,0.50996894,0.49003106,0.50996894,True
non_essential_TMEM200C|HGNC:37208,0,0,0.74161595,0.25838405,0.74161595,True
non_essential_GPR19|HGNC:4473,0,0,0.5047428,0.4952572,0.5047428,True
non_essential_KLK7|HGNC:6368,0,0,0.774505,0.22549498,0.774505,True
non_essential_LSMEM2|HGNC:26781,0,0,0.87645733,0.12354267,0.87645733,True
non_essential_CCDC146|HGNC:29296,0,0,0.63142383,0.36857617,0.63142383,True
non_essential_TECTA|HGNC:11720,0,0,0.5756071,0.42439288,0.5756071,True
non_essential_SYT3|HGNC:11511,0,0,0.70771605,0.29228395,0.70771605,True
non_essential_SIGLEC9|HGNC:10878,0,0,0.6279093,0.3720907,0.6279093,True
non_essential_NAXD|HGNC:25576,0,0,0.61272675,0.38727325,0.61272675,True
non_essential_FAM69C|HGNC:31729,0,0,0.8850942,0.114905775,0.8850942,True
non_essential_CFAP100|HGNC:26842,0,0,0.6589077,0.3410923,0.6589077,True
non_essential_RFPL3|HGNC:9980,0,0,0.6342671,0.3657329,0.6342671,True
non_essential_NACAD|HGNC:22196,0,0,0.73185426,0.26814574,0.73185426,True
non_essential_RASA4|HGNC:23181,0,0,0.83453596,0.16546404,0.83453596,True
non_essential_OR5D14|HGNC:15281,0,0,0.46018764,0.5398123,0.5398123,True
non_essential_PANX2|HGNC:8600,0,0,0.8732106,0.12678939,0.8732106,True
non_essential_GLYATL3|HGNC:21349,0,0,0.64059204,0.35940796,0.64059204,True
non_essential_SLCO3A1|HGNC:10952,0,0,0.6680859,0.33191413,0.6680859,True
non_essential_SGSM3|HGNC:25228,0,0,0.7956766,0.20432341,0.7956766,True
non_essential_HIST1H3F|HGNC:4773,0,0,0.9206928,0.0793072,0.9206928,True
non_essential_OR2D2|HGNC:8244,0,0,0.48908305,0.51091695,0.51091695,True
non_essential_ZBTB22|HGNC:13085,0,0,0.7266392,0.2733608,0.7266392,True
non_essential_TMEM151B|HGNC:21315,0,0,0.83746004,0.16253996,0.83746004,True
non_essential_FAM89A|HGNC:25057,0,0,0.8147268,0.18527317,0.8147268,True
non_essential_FBXO25|HGNC:13596,0,0,0.57764155,0.42235845,0.57764155,True
non_essential_TMEM117|HGNC:25308,0,0,0.5150591,0.4849409,0.5150591,True
non_essential_OR2M3|HGNC:8269,0,0,0.50964004,0.49035996,0.50964004,True
non_essential_TMIGD2|HGNC:28324,0,0,0.67026585,0.32973415,0.67026585,True
non_essential_EXOC3L4|HGNC:20120,0,0,0.9283075,0.07169253,0.9283075,True
non_essential_SYT11|HGNC:19239,0,0,0.57009065,0.42990935,0.57009065,True
non_essential_SPDYE5|HGNC:35464,0,0,0.6311403,0.3688597,0.6311403,True
non_essential_UQCC3|HGNC:34399,0,0,0.8395374,0.16046262,0.8395374,True
non_essential_ANKRD22|HGNC:28321,0,0,0.56988424,0.43011576,0.56988424,True
non_essential_GPNMB|HGNC:4462,0,0,0.58341503,0.41658497,0.58341503,True
non_essential_SMPDL3A|HGNC:17389,0,0,0.54659414,0.45340586,0.54659414,True
non_essential_PIN4|HGNC:8992,0,0,0.48596686,0.51403314,0.51403314,True
non_essential_TMEM262|HGNC:49389,0,0,0.8435884,0.15641159,0.8435884,True
non_essential_PDE6H|HGNC:8790,0,0,0.55319273,0.44680727,0.55319273,True
non_essential_KLF13|HGNC:13672,0,0,0.9057037,0.09429628,0.9057037,True
non_essential_PPP1R37|HGNC:27607,0,0,0.83639246,0.16360754,0.83639246,True
non_essential_NUP210L|HGNC:29915,0,0,0.58230746,0.41769254,0.58230746,True
non_essential_ZDHHC22|HGNC:20106,0,0,0.83866197,0.16133803,0.83866197,True
non_essential_JAM2|HGNC:14686,0,0,0.5482231,0.45177692,0.5482231,True
non_essential_PLEKHG6|HGNC:25562,0,0,0.73057795,0.26942205,0.73057795,True
non_essential_FAM150A|HGNC:33775,0,0,0.57396156,0.42603844,0.57396156,True
non_essential_TOMM34|HGNC:15746,0,0,0.565916,0.434084,0.565916,True
non_essential_BTBD7|HGNC:18269,0,0,0.61104155,0.38895845,0.61104155,True
non_essential_SLC38A9|HGNC:26907,0,0,0.50167835,0.49832165,0.50167835,True
non_essential_PFKFB2|HGNC:8873,0,0,0.72814804,0.27185196,0.72814804,True
non_essential_KLRC4|HGNC:6377,0,0,0.46594048,0.5340595,0.5340595,True
non_essential_WDCP|HGNC:26157,0,0,0.5006387,0.49936128,0.5006387,True
non_essential_LGALS13|HGNC:15449,0,0,0.57534134,0.42465866,0.57534134,True
non_essential_USP43|HGNC:20072,0,0,0.67398375,0.32601625,0.67398375,True
non_essential_HES5|HGNC:19764,0,0,0.79988825,0.20011175,0.79988825,True
non_essential_COX7A2L|HGNC:2289,0,0,0.5218746,0.4781254,0.5218746,True
non_essential_FBXL18|HGNC:21874,0,0,0.7294874,0.27051258,0.7294874,True
non_essential_RAD52|HGNC:9824,0,0,0.563202,0.43679798,0.563202,True
non_essential_PTCHD4|HGNC:21345,0,0,0.53626615,0.46373385,0.53626615,True
non_essential_LMF2|HGNC:25096,0,0,0.64864975,0.35135025,0.64864975,True
non_essential_PACSIN3|HGNC:8572,0,0,0.8704277,0.12957227,0.8704277,True
non_essential_CBR1|HGNC:1548,0,0,0.82589996,0.17410004,0.82589996,True
non_essential_TTC26|HGNC:21882,0,0,0.5329355,0.4670645,0.5329355,True
non_essential_LGI3|HGNC:18711,0,0,0.80450666,0.19549334,0.80450666,True
non_essential_ABTB1|HGNC:18275,0,0,0.74457526,0.25542474,0.74457526,True
non_essential_GPALPP1|HGNC:20298,0,0,0.49385455,0.5061455,0.5061455,True
non_essential_ZNF273|HGNC:13067,0,0,0.4375139,0.5624861,0.5624861,True
non_essential_TREH|HGNC:12266,0,0,0.7273428,0.27265722,0.7273428,True
non_essential_ZNF90|HGNC:13165,0,0,0.4642775,0.5357225,0.5357225,True
non_essential_TUBB6|HGNC:20776,0,0,0.8909999,0.10900009,0.8909999,True
non_essential_MFAP5|HGNC:29673,0,0,0.47457165,0.52542835,0.52542835,True
non_essential_SEC14L6|HGNC:40047,0,0,0.6112135,0.3887865,0.6112135,True
non_essential_OSCP1|HGNC:29971,0,0,0.58513296,0.41486704,0.58513296,True
non_essential_SPACA3|HGNC:16260,0,0,0.6592384,0.3407616,0.6592384,True
non_essential_GORAB|HGNC:25676,0,0,0.63808876,0.36191124,0.63808876,True
non_essential_REG4|HGNC:22977,0,0,0.49835658,0.5016434,0.5016434,True
non_essential_CHML|HGNC:1941,0,0,0.54712117,0.45287883,0.54712117,True
non_essential_AKR1B15|HGNC:37281,0,0,0.5900106,0.40998942,0.5900106,True
non_essential_ECE2|HGNC:13275,0,0,0.69402945,0.30597055,0.69402945,True
non_essential_SLC35F3|HGNC:23616,0,0,0.86532986,0.13467014,0.86532986,True
non_essential_FUCA2|HGNC:4008,0,0,0.5621257,0.43787432,0.5621257,True
non_essential_PLA2G15|HGNC:17163,0,0,0.8389499,0.16105008,0.8389499,True
non_essential_PLD4|HGNC:23792,0,0,0.7237312,0.27626878,0.7237312,True
non_essential_NXF5|HGNC:8075,0,0,0.6121303,0.38786972,0.6121303,True
non_essential_PHPT1|HGNC:30033,0,0,0.6769064,0.3230936,0.6769064,True
non_essential_GPR135|HGNC:19991,0,0,0.7594951,0.24050492,0.7594951,True
non_essential_MTFP1|HGNC:26945,0,0,0.63164127,0.36835873,0.63164127,True
non_essential_ABHD14A|HGNC:24538,0,0,0.733732,0.26626801,0.733732,True
non_essential_DCAF8L1|HGNC:31810,0,0,0.5349254,0.4650746,0.5349254,True
non_essential_FARP1|HGNC:3591,0,0,0.64363843,0.35636157,0.64363843,True
non_essential_CHRNE|HGNC:1966,0,0,0.7137216,0.28627843,0.7137216,True
non_essential_MCC|HGNC:6935,0,0,0.62221795,0.37778205,0.62221795,True
non_essential_GADL1|HGNC:27949,0,0,0.5059608,0.49403918,0.5059608,True
non_essential_TRPM3|HGNC:17992,0,0,0.65686256,0.34313744,0.65686256,True
non_essential_ROGDI|HGNC:29478,0,0,0.7883334,0.21166658,0.7883334,True
non_essential_LMOD2|HGNC:6648,0,0,0.5672515,0.4327485,0.5672515,True
non_essential_FGF12|HGNC:3668,0,0,0.5749281,0.4250719,0.5749281,True
non_essential_ZNF221|HGNC:13014,0,0,0.48657048,0.5134295,0.5134295,True
non_essential_CAB39L|HGNC:20290,0,0,0.4843041,0.5156959,0.5156959,True
non_essential_ZNF354A|HGNC:11628,0,0,0.49485952,0.5051405,0.5051405,True
non_essential_C6|HGNC:1339,0,0,0.5230444,0.4769556,0.5230444,True
non_essential_CETN1|HGNC:1866,0,0,0.8793306,0.120669425,0.8793306,True
non_essential_RLN2|HGNC:10027,0,0,0.491428,0.508572,0.508572,True
non_essential_TTC36|HGNC:33708,0,0,0.70201683,0.29798317,0.70201683,True
non_essential_DRAM1|HGNC:25645,0,0,0.51812226,0.48187774,0.51812226,True
non_essential_CLN8|HGNC:2079,0,0,0.6654054,0.3345946,0.6654054,True
non_essential_GABARAPL1|HGNC:4068,0,0,0.45921364,0.5407864,0.5407864,True
non_essential_SPG7|HGNC:11237,0,0,0.6192606,0.3807394,0.6192606,True
non_essential_HACD1|HGNC:9639,0,0,0.5755362,0.4244638,0.5755362,True
non_essential_OAS2|HGNC:8087,0,0,0.66469103,0.33530897,0.66469103,True
non_essential_ITGAL|HGNC:6148,0,0,0.65606433,0.34393567,0.65606433,True
non_essential_ASB11|HGNC:17186,0,0,0.59747386,0.40252614,0.59747386,True
non_essential_CARF|HGNC:14435,0,0,0.47767663,0.52232337,0.52232337,True
non_essential_MFSD1|HGNC:25874,0,0,0.6147391,0.38526088,0.6147391,True
non_essential_OR2T33|HGNC:31255,0,0,0.6293215,0.37067848,0.6293215,True
non_essential_DSE|HGNC:21144,0,0,0.5889538,0.4110462,0.5889538,True
non_essential_ABCB8|HGNC:49,0,0,0.71956486,0.28043514,0.71956486,True
non_essential_TBC1D28|HGNC:26858,0,0,0.55789006,0.44210994,0.55789006,True
non_essential_RNF26|HGNC:14646,0,0,0.6456841,0.35431588,0.6456841,True
non_essential_HCAR1|HGNC:4532,0,0,0.67757833,0.32242167,0.67757833,True
non_essential_FAM156B|HGNC:31962,0,0,0.69578344,0.30421656,0.69578344,True
non_essential_USP29|HGNC:18563,0,0,0.51697564,0.48302436,0.51697564,True
non_essential_ZBED6|HGNC:33273,0,0,0.517278,0.48272198,0.517278,True
non_essential_TESPA1|HGNC:29109,0,0,0.58141905,0.41858095,0.58141905,True
non_essential_B3GALT1|HGNC:916,0,0,0.60027874,0.39972126,0.60027874,True
non_essential_RAB27A|HGNC:9766,0,0,0.46436206,0.535638,0.535638,True
non_essential_DEFB105B|HGNC:29930,0,0,0.5217345,0.47826552,0.5217345,True
non_essential_ZNF709|HGNC:20629,0,0,0.47464898,0.52535105,0.52535105,True
non_essential_HEATR9|HGNC:26548,0,0,0.632504,0.367496,0.632504,True
non_essential_MYO3A|HGNC:7601,0,0,0.53706217,0.46293783,0.53706217,True
non_essential_SLX4IP|HGNC:16225,0,0,0.53323436,0.46676564,0.53323436,True
non_essential_SNTG2|HGNC:13741,0,0,0.6489982,0.3510018,0.6489982,True
non_essential_MYO7B|HGNC:7607,0,0,0.63465554,0.36534446,0.63465554,True
non_essential_FAM83B|HGNC:21357,0,0,0.53579015,0.46420985,0.53579015,True
non_essential_FAM122C|HGNC:25202,0,0,0.51194686,0.48805314,0.51194686,True
non_essential_REM2|HGNC:20248,0,0,0.6818542,0.3181458,0.6818542,True
non_essential_SYCE2|HGNC:27411,0,0,0.6291921,0.3708079,0.6291921,True
non_essential_WDR90|HGNC:26960,0,0,0.68457365,0.31542635,0.68457365,True
non_essential_RAB38|HGNC:9776,0,0,0.61498153,0.38501847,0.61498153,True
non_essential_MAPK11|HGNC:6873,0,0,0.81430084,0.18569916,0.81430084,True
non_essential_PSORS1C2|HGNC:17199,0,0,0.5321309,0.4678691,0.5321309,True
non_essential_LILRA6|HGNC:15495,0,0,0.6298271,0.37017292,0.6298271,True
non_essential_ICAM4|HGNC:5347,0,0,0.7140524,0.28594762,0.7140524,True
non_essential_MAP1LC3B2|HGNC:34390,0,0,0.5592151,0.44078487,0.5592151,True
non_essential_KCNMB2|HGNC:6286,0,0,0.5440082,0.4559918,0.5440082,True
non_essential_TRIM72|HGNC:32671,0,0,0.7683844,0.2316156,0.7683844,True
non_essential_DEPTOR|HGNC:22953,0,0,0.6780206,0.3219794,0.6780206,True
non_essential_TMEM94|HGNC:28983,0,0,0.68736386,0.31263614,0.68736386,True
non_essential_RNASE9|HGNC:20673,0,0,0.507095,0.49290502,0.507095,True
non_essential_CKAP2|HGNC:1990,0,0,0.537729,0.46227098,0.537729,True
non_essential_C6orf106|HGNC:21215,0,0,0.57017654,0.42982346,0.57017654,True
non_essential_NAGPA|HGNC:17378,0,0,0.77067643,0.22932357,0.77067643,True
non_essential_OR12D2|HGNC:8178,0,0,0.47831115,0.5216888,0.5216888,True
non_essential_SEL1L2|HGNC:15897,0,0,0.5129408,0.48705918,0.5129408,True
non_essential_ALOX5AP|HGNC:436,0,0,0.58896863,0.41103137,0.58896863,True
non_essential_TRPC1|HGNC:12333,0,0,0.5760457,0.4239543,0.5760457,True
non_essential_AFP|HGNC:317,0,0,0.5190517,0.48094833,0.5190517,True
non_essential_HOXB8|HGNC:5119,0,0,0.7517458,0.24825418,0.7517458,True
non_essential_DNAH1|HGNC:2940,0,0,0.6774285,0.32257152,0.6774285,True
non_essential_KCNIP1|HGNC:15521,0,0,0.5547627,0.44523728,0.5547627,True
non_essential_GALNT9|HGNC:4131,0,0,0.8042991,0.19570088,0.8042991,True
non_essential_SERTAD2|HGNC:30784,0,0,0.7779957,0.2220043,0.7779957,True
non_essential_MRAS|HGNC:7227,0,0,0.7365677,0.26343232,0.7365677,True
non_essential_REG3G|HGNC:29595,0,0,0.4810927,0.5189073,0.5189073,True
non_essential_LXN|HGNC:13347,0,0,0.4682903,0.5317097,0.5317097,True
non_essential_AQP4|HGNC:637,0,0,0.5924226,0.4075774,0.5924226,True
non_essential_SLC25A21|HGNC:14411,0,0,0.48870787,0.5112921,0.5112921,True
non_essential_LGI2|HGNC:18710,0,0,0.70892984,0.29107016,0.70892984,True
non_essential_IFNA8|HGNC:5429,0,0,0.5167651,0.48323488,0.5167651,True
non_essential_DYRK3|HGNC:3094,0,0,0.57696503,0.42303497,0.57696503,True
non_essential_RSC1A1|HGNC:10458,0,0,0.51174396,0.48825604,0.51174396,True
non_essential_FAM189B|HGNC:1233,0,0,0.6175934,0.3824066,0.6175934,True
non_essential_SLC25A47|HGNC:20115,0,0,0.8578462,0.1421538,0.8578462,True
non_essential_ASB2|HGNC:16012,0,0,0.7623158,0.23768419,0.7623158,True
non_essential_PARP9|HGNC:24118,0,0,0.5549388,0.4450612,0.5549388,True
non_essential_FER1L6|HGNC:28065,0,0,0.6042537,0.3957463,0.6042537,True
non_essential_CLN6|HGNC:2077,0,0,0.8817585,0.11824149,0.8817585,True
non_essential_GBGT1|HGNC:20460,0,0,0.7208307,0.27916932,0.7208307,True
non_essential_ZNF132|HGNC:12916,0,0,0.49771434,0.50228566,0.50228566,True
non_essential_FAM177B|HGNC:34395,0,0,0.42250896,0.57749104,0.57749104,True
non_essential_HLA-DQB1|HGNC:4944,0,0,0.7379884,0.2620116,0.7379884,True
non_essential_CPNE2|HGNC:2315,0,0,0.7573904,0.24260962,0.7573904,True
non_essential_MTMR9|HGNC:14596,0,0,0.6914198,0.30858022,0.6914198,True
non_essential_SYCE3|HGNC:35245,0,0,0.55703276,0.44296724,0.55703276,True
non_essential_SLC12A3|HGNC:10912,0,0,0.6594993,0.3405007,0.6594993,True
non_essential_TMCO2|HGNC:23312,0,0,0.42369777,0.57630223,0.57630223,True
non_essential_ABHD13|HGNC:20293,0,0,0.457925,0.54207504,0.54207504,True
non_essential_MS4A2|HGNC:7316,0,0,0.4956313,0.50436866,0.50436866,True
non_essential_SLC24A5|HGNC:20611,0,0,0.5113687,0.4886313,0.5113687,True
non_essential_ZNF526|HGNC:29415,0,0,0.7385023,0.26149768,0.7385023,True
non_essential_TBRG1|HGNC:29551,0,0,0.610195,0.38980502,0.610195,True
non_essential_CYGB|HGNC:16505,0,0,0.93325764,0.06674236,0.93325764,True
non_essential_BMX|HGNC:1079,0,0,0.5313333,0.46866667,0.5313333,True
non_essential_HAT1|HGNC:4821,0,0,0.49305695,0.50694305,0.50694305,True
non_essential_ZNF154|HGNC:12939,0,0,0.4549332,0.54506683,0.54506683,True
non_essential_GCKR|HGNC:4196,0,0,0.54709065,0.45290935,0.54709065,True
non_essential_KRTAP21-1|HGNC:18945,0,0,0.30737713,0.6926229,0.6926229,True
non_essential_GIMAP4|HGNC:21872,0,0,0.54109025,0.45890975,0.54109025,True
non_essential_PADI1|HGNC:18367,0,0,0.6901046,0.3098954,0.6901046,True
non_essential_DMRTC1B|HGNC:31686,0,0,0.7519773,0.24802268,0.7519773,True
non_essential_EFHD2|HGNC:28670,0,0,0.8609968,0.13900322,0.8609968,True
non_essential_TXNDC5|HGNC:21073,0,0,0.7169098,0.28309017,0.7169098,True
non_essential_UNC93A|HGNC:12570,0,0,0.74133885,0.25866115,0.74133885,True
non_essential_OR1Q1|HGNC:8223,0,0,0.5100115,0.4899885,0.5100115,True
non_essential_KLB|HGNC:15527,0,0,0.62039137,0.37960863,0.62039137,True
non_essential_HOXC11|HGNC:5123,0,0,0.903967,0.09603298,0.903967,True
non_essential_MVB12A|HGNC:25153,0,0,0.6059858,0.39401418,0.6059858,True
non_essential_ZNF57|HGNC:13125,0,0,0.6923693,0.30763072,0.6923693,True
non_essential_GRIK1|HGNC:4579,0,0,0.58689594,0.41310406,0.58689594,True
non_essential_IL20RA|HGNC:6003,0,0,0.66869366,0.33130634,0.66869366,True
non_essential_LEPROT|HGNC:29477,0,0,0.48417327,0.5158267,0.5158267,True
non_essential_IRGC|HGNC:28835,0,0,0.828515,0.171485,0.828515,True
non_essential_CTPS2|HGNC:2520,0,0,0.6166644,0.3833356,0.6166644,True
non_essential_OR5P3|HGNC:14784,0,0,0.4565048,0.5434952,0.5434952,True
non_essential_DGKH|HGNC:2854,0,0,0.62196285,0.37803715,0.62196285,True
non_essential_CD300LD|HGNC:16848,0,0,0.68546695,0.31453305,0.68546695,True
non_essential_SSUH2|HGNC:24809,0,0,0.6665068,0.33349317,0.6665068,True
non_essential_C17orf97|HGNC:33800,0,0,0.67396694,0.32603306,0.67396694,True
non_essential_USH1C|HGNC:12597,0,0,0.7184589,0.2815411,0.7184589,True
non_essential_FAM160A1|HGNC:34237,0,0,0.61719453,0.38280547,0.61719453,True
non_essential_ZSCAN23|HGNC:21193,0,0,0.5423269,0.45767307,0.5423269,True
non_essential_OR5B21|HGNC:19616,0,0,0.5084897,0.49151027,0.5084897,True
non_essential_HIST1H4G|HGNC:4792,0,0,0.4993705,0.50062954,0.50062954,True
non_essential_PRM2|HGNC:9448,0,0,0.7814931,0.21850687,0.7814931,True
non_essential_CGGBP1|HGNC:1888,0,0,0.6275784,0.37242162,0.6275784,True
non_essential_TAS2R4|HGNC:14911,0,0,0.47341943,0.5265806,0.5265806,True
non_essential_ZAP70|HGNC:12858,0,0,0.8576167,0.14238328,0.8576167,True
non_essential_C9orf50|HGNC:23677,0,0,0.71704996,0.28295004,0.71704996,True
non_essential_CDKAL1|HGNC:21050,0,0,0.5104167,0.4895833,0.5104167,True
non_essential_EMILIN3|HGNC:16123,0,0,0.7388676,0.26113242,0.7388676,True
non_essential_PIPOX|HGNC:17804,0,0,0.57374984,0.42625016,0.57374984,True
non_essential_CNTRL|HGNC:1858,0,0,0.5706857,0.42931432,0.5706857,True
non_essential_FBXO4|HGNC:13583,0,0,0.64165217,0.35834783,0.64165217,True
non_essential_SLC37A1|HGNC:11024,0,0,0.63795763,0.36204237,0.63795763,True
non_essential_CCDC74B|HGNC:25267,0,0,0.6746046,0.3253954,0.6746046,True
non_essential_PLVAP|HGNC:13635,0,0,0.74507606,0.25492394,0.74507606,True
non_essential_DSCR3|HGNC:3044,0,0,0.6676083,0.33239168,0.6676083,True
non_essential_GABRE|HGNC:4085,0,0,0.60024804,0.39975196,0.60024804,True
non_essential_ARL5B|HGNC:23052,0,0,0.45643663,0.54356337,0.54356337,True
non_essential_OMD|HGNC:8134,0,0,0.5021886,0.49781138,0.5021886,True
non_essential_NOS1AP|HGNC:16859,0,0,0.72548497,0.27451503,0.72548497,True
non_essential_NUDT18|HGNC:26194,0,0,0.63507295,0.36492705,0.63507295,True
non_essential_ITLN2|HGNC:20599,0,0,0.5474899,0.45251012,0.5474899,True
non_essential_MCRIP1|HGNC:28007,0,0,0.7081814,0.29181862,0.7081814,True
non_essential_AKTIP|HGNC:16710,0,0,0.5654281,0.43457192,0.5654281,True
non_essential_LRRC15|HGNC:20818,0,0,0.6938663,0.3061337,0.6938663,True
non_essential_P2RY8|HGNC:15524,0,0,0.7883951,0.2116049,0.7883951,True
non_essential_ENOSF1|HGNC:30365,0,0,0.57688993,0.42311007,0.57688993,True
non_essential_SSC5D|HGNC:26641,0,0,0.7338378,0.26616222,0.7338378,True
non_essential_SPATA19|HGNC:30614,0,0,0.5558861,0.4441139,0.5558861,True
non_essential_BBOF1|HGNC:19855,0,0,0.4966439,0.5033561,0.5033561,True
non_essential_SLC39A5|HGNC:20502,0,0,0.6965327,0.30346727,0.6965327,True
non_essential_CLIC2|HGNC:2063,0,0,0.57434356,0.42565644,0.57434356,True
non_essential_LRRC63|HGNC:34296,0,0,0.54374903,0.45625097,0.54374903,True
non_essential_UBXN8|HGNC:30307,0,0,0.5330939,0.46690607,0.5330939,True
non_essential_SYNC|HGNC:28897,0,0,0.57819057,0.42180943,0.57819057,True
non_essential_CYP8B1|HGNC:2653,0,0,0.680073,0.31992698,0.680073,True
non_essential_VAMP5|HGNC:12646,0,0,0.5402582,0.45974177,0.5402582,True
non_essential_GLOD4|HGNC:14111,0,0,0.63152176,0.36847824,0.63152176,True
non_essential_ZNF444|HGNC:16052,0,0,0.84651244,0.15348756,0.84651244,True
non_essential_TMEFF2|HGNC:11867,0,0,0.6261168,0.3738832,0.6261168,True
non_essential_HSH2D|HGNC:24920,0,0,0.7626859,0.2373141,0.7626859,True
non_essential_OR56A1|HGNC:14781,0,0,0.4777957,0.5222043,0.5222043,True
non_essential_TAP1|HGNC:43,0,0,0.603858,0.396142,0.603858,True
non_essential_DSC2|HGNC:3036,0,0,0.5089066,0.4910934,0.5089066,True
non_essential_TMEM98|HGNC:24529,0,0,0.5707479,0.4292521,0.5707479,True
non_essential_PROM1|HGNC:9454,0,0,0.57630336,0.42369664,0.57630336,True
non_essential_HIST1H2AM|HGNC:4735,0,0,0.6878265,0.3121735,0.6878265,True
non_essential_SPACA4|HGNC:16441,0,0,0.52841717,0.47158283,0.52841717,True
non_essential_ADIPOR2|HGNC:24041,0,0,0.48935047,0.51064956,0.51064956,True
non_essential_PPFIBP2|HGNC:9250,0,0,0.5874483,0.4125517,0.5874483,True
non_essential_OTOA|HGNC:16378,0,0,0.62461925,0.37538075,0.62461925,True
non_essential_FSTL3|HGNC:3973,0,0,0.75002146,0.24997854,0.75002146,True
non_essential_KLRC3|HGNC:6376,0,0,0.4677156,0.5322844,0.5322844,True
non_essential_GLDC|HGNC:4313,0,0,0.6797526,0.3202474,0.6797526,True
non_essential_ELAVL3|HGNC:3314,0,0,0.9487638,0.051236212,0.9487638,True
non_essential_AGBL4|HGNC:25892,0,0,0.511688,0.488312,0.511688,True
non_essential_FAM131A|HGNC:28308,0,0,0.7051507,0.29484928,0.7051507,True
non_essential_ODF3L1|HGNC:28735,0,0,0.62575483,0.37424517,0.62575483,True
non_essential_MYCBPAP|HGNC:19677,0,0,0.6579437,0.34205627,0.6579437,True
non_essential_DEDD2|HGNC:24450,0,0,0.7298228,0.2701772,0.7298228,True
non_essential_SLC37A3|HGNC:20651,0,0,0.5709122,0.42908782,0.5709122,True
non_essential_GRK6|HGNC:4545,0,0,0.6646685,0.3353315,0.6646685,True
non_essential_GSG1L|HGNC:28283,0,0,0.7034727,0.29652733,0.7034727,True
non_essential_PCDH7|HGNC:8659,0,0,0.666039,0.333961,0.666039,True
non_essential_PSG3|HGNC:9520,0,0,0.51721054,0.48278946,0.51721054,True
non_essential_VRK3|HGNC:18996,0,0,0.63508177,0.36491823,0.63508177,True
non_essential_SLC39A2|HGNC:17127,0,0,0.499155,0.50084496,0.50084496,True
non_essential_EDC3|HGNC:26114,0,0,0.6228175,0.37718248,0.6228175,True
non_essential_PIGR|HGNC:8968,0,0,0.62743884,0.37256116,0.62743884,True
non_essential_NAT8|HGNC:18069,0,0,0.5573303,0.4426697,0.5573303,True
non_essential_PFN2|HGNC:8882,0,0,0.5050183,0.4949817,0.5050183,True
non_essential_IL18R1|HGNC:5988,0,0,0.50186557,0.49813443,0.50186557,True
non_essential_WDR49|HGNC:26587,0,0,0.48849997,0.5115,0.5115,True
non_essential_ARHGAP27|HGNC:31813,0,0,0.73565364,0.26434636,0.73565364,True
non_essential_OR6P1|HGNC:15036,0,0,0.5522208,0.44777918,0.5522208,True
non_essential_ADAMTSL5|HGNC:27912,0,0,0.71878296,0.28121704,0.71878296,True
non_essential_OR2F1|HGNC:8246,0,0,0.48702517,0.51297486,0.51297486,True
non_essential_NUDT3|HGNC:8050,0,0,0.52774864,0.47225136,0.52774864,True
non_essential_REG1B|HGNC:9952,0,0,0.5507243,0.44927567,0.5507243,True
non_essential_C12orf71|HGNC:34452,0,0,0.60262173,0.39737827,0.60262173,True
non_essential_ZMAT4|HGNC:25844,0,0,0.49713987,0.5028601,0.5028601,True
non_essential_RRP8|HGNC:29030,0,0,0.57606524,0.42393476,0.57606524,True
non_essential_HLA-A|HGNC:4931,0,0,0.79450065,0.20549935,0.79450065,True
non_essential_ANKAR|HGNC:26350,0,0,0.5541753,0.44582468,0.5541753,True
non_essential_KIAA1257|HGNC:29231,0,0,0.6656705,0.3343295,0.6656705,True
non_essential_PKP1|HGNC:9023,0,0,0.6623872,0.3376128,0.6623872,True
non_essential_GADD45G|HGNC:4097,0,0,0.7604529,0.23954707,0.7604529,True
non_essential_LONP2|HGNC:20598,0,0,0.6289103,0.3710897,0.6289103,True
non_essential_TIMM17B|HGNC:17310,0,0,0.5539336,0.44606638,0.5539336,True
non_essential_HYAL4|HGNC:5323,0,0,0.49447462,0.50552535,0.50552535,True
non_essential_HCAR2|HGNC:24827,0,0,0.6599275,0.3400725,0.6599275,True
non_essential_NUDCD2|HGNC:30535,0,0,0.60524106,0.39475894,0.60524106,True
non_essential_TMEM191B|HGNC:33600,0,0,0.6856753,0.31432468,0.6856753,True
non_essential_TST|HGNC:12388,0,0,0.74336696,0.25663304,0.74336696,True
non_essential_XAGE3|HGNC:14618,0,0,0.5019794,0.4980206,0.5019794,True
non_essential_MAN1C1|HGNC:19080,0,0,0.749865,0.250135,0.749865,True
non_essential_ZHX2|HGNC:18513,0,0,0.6783612,0.32163882,0.6783612,True
non_essential_CMC1|HGNC:28783,0,0,0.49193427,0.5080657,0.5080657,True
non_essential_TCEAL2|HGNC:29818,0,0,0.49787283,0.5021272,0.5021272,True
non_essential_CRYBB3|HGNC:2400,0,0,0.658788,0.34121197,0.658788,True
non_essential_MAP4K3|HGNC:6865,0,0,0.596491,0.40350902,0.596491,True
non_essential_ELMOD1|HGNC:25334,0,0,0.64292455,0.35707545,0.64292455,True
non_essential_TEX12|HGNC:11734,0,0,0.47188765,0.52811235,0.52811235,True
non_essential_PLCD1|HGNC:9060,0,0,0.69915384,0.30084616,0.69915384,True
non_essential_CMTM7|HGNC:19178,0,0,0.6315336,0.36846638,0.6315336,True
non_essential_SP110|HGNC:5401,0,0,0.4956796,0.5043204,0.5043204,True
non_essential_NCR2|HGNC:6732,0,0,0.6260893,0.37391073,0.6260893,True
non_essential_LRRN2|HGNC:16914,0,0,0.6479453,0.35205472,0.6479453,True
non_essential_P3H3|HGNC:19318,0,0,0.73173827,0.26826173,0.73173827,True
non_essential_MFSD2B|HGNC:37207,0,0,0.64931196,0.35068804,0.64931196,True
non_essential_PRMT9|HGNC:25099,0,0,0.63616484,0.36383516,0.63616484,True
non_essential_SPIN2B|HGNC:33147,0,0,0.4489081,0.5510919,0.5510919,True
non_essential_PKIB|HGNC:9018,0,0,0.706764,0.29323602,0.706764,True
non_essential_EPS8L3|HGNC:21297,0,0,0.6918946,0.3081054,0.6918946,True
non_essential_C14orf37|HGNC:19846,0,0,0.54326546,0.45673454,0.54326546,True
non_essential_CKS2|HGNC:2000,0,0,0.4843027,0.5156973,0.5156973,True
non_essential_TREX1|HGNC:12269,0,0,0.62216634,0.37783366,0.62216634,True
non_essential_DECR1|HGNC:2753,0,0,0.49198085,0.50801915,0.50801915,True
non_essential_ZG16B|HGNC:30456,0,0,0.5428572,0.45714277,0.5428572,True
non_essential_SKOR2|HGNC:32695,0,0,0.62314594,0.37685406,0.62314594,True
non_essential_SOBP|HGNC:29256,0,0,0.66964793,0.33035207,0.66964793,True
non_essential_ACTN3|HGNC:165,0,0,0.6897326,0.3102674,0.6897326,True
non_essential_QRICH2|HGNC:25326,0,0,0.6384334,0.3615666,0.6384334,True
non_essential_KIAA1109|HGNC:26953,0,0,0.56708443,0.43291557,0.56708443,True
non_essential_WDR66|HGNC:28506,0,0,0.57338744,0.42661256,0.57338744,True
non_essential_FAM127A|HGNC:2569,0,0,0.682255,0.31774497,0.682255,True
non_essential_ERLEC1|HGNC:25222,0,0,0.5023206,0.4976794,0.5023206,True
non_essential_TMEM26|HGNC:28550,0,0,0.6013392,0.39866078,0.6013392,True
non_essential_OR4K13|HGNC:15351,0,0,0.4620506,0.53794944,0.53794944,True
non_essential_ABHD4|HGNC:20154,0,0,0.5456609,0.4543391,0.5456609,True
non_essential_KCNRG|HGNC:18893,0,0,0.4679618,0.5320382,0.5320382,True
non_essential_ENOX2|HGNC:2259,0,0,0.5815659,0.41843408,0.5815659,True
non_essential_MAGEB17|HGNC:17418,0,0,0.67333543,0.32666457,0.67333543,True
non_essential_ALKBH5|HGNC:25996,0,0,0.7635201,0.23647988,0.7635201,True
non_essential_SOCS4|HGNC:19392,0,0,0.5013041,0.4986959,0.5013041,True
non_essential_TMEM43|HGNC:28472,0,0,0.7169618,0.2830382,0.7169618,True
non_essential_SLC37A2|HGNC:20644,0,0,0.60872245,0.39127755,0.60872245,True
non_essential_METTL12|HGNC:33113,0,0,0.49309704,0.50690293,0.50690293,True
non_essential_USP13|HGNC:12611,0,0,0.6147805,0.3852195,0.6147805,True
non_essential_FAM83F|HGNC:25148,0,0,0.8537822,0.14621782,0.8537822,True
non_essential_HS3ST3A1|HGNC:5196,0,1,0.95518297,0.04481703,0.95518297,False
non_essential_VCX|HGNC:12667,0,0,0.73159873,0.26840127,0.73159873,True
non_essential_KATNAL2|HGNC:25387,0,0,0.5529753,0.4470247,0.5529753,True
non_essential_PQLC3|HGNC:28503,0,0,0.5221304,0.47786957,0.5221304,True
non_essential_MFSD4B|HGNC:21053,0,0,0.50284415,0.49715585,0.50284415,True
non_essential_ADAL|HGNC:31853,0,0,0.45376316,0.5462369,0.5462369,True
non_essential_P2RX1|HGNC:8533,0,0,0.93360394,0.06639606,0.93360394,True
non_essential_FAM133A|HGNC:26748,0,0,0.41934043,0.58065957,0.58065957,True
non_essential_PF4V1|HGNC:8862,0,0,0.5940016,0.4059984,0.5940016,True
non_essential_PTDSS2|HGNC:15463,0,0,0.90627044,0.093729556,0.90627044,True
non_essential_E2F6|HGNC:3120,0,0,0.52755773,0.47244227,0.52755773,True
non_essential_MPC2|HGNC:24515,0,0,0.51818925,0.48181075,0.51818925,True
non_essential_C8orf89|HGNC:51258,0,0,0.45993227,0.54006773,0.54006773,True
non_essential_OR56B4|HGNC:15248,0,0,0.5112077,0.4887923,0.5112077,True
non_essential_DEFB4A|HGNC:2767,0,0,0.3957131,0.6042869,0.6042869,True
non_essential_MYLK4|HGNC:27972,0,0,0.7027613,0.2972387,0.7027613,True
non_essential_KCNK2|HGNC:6277,0,0,0.5912674,0.4087326,0.5912674,True
non_essential_SLAMF8|HGNC:21391,0,0,0.67564535,0.32435465,0.67564535,True
non_essential_EMC9|HGNC:20273,0,0,0.7730795,0.22692049,0.7730795,True
non_essential_HN1|HGNC:14569,0,0,0.4664037,0.5335963,0.5335963,True
non_essential_PLEKHS1|HGNC:26285,0,0,0.4808859,0.51911414,0.51911414,True
non_essential_NTN5|HGNC:25208,0,0,0.702435,0.29756498,0.702435,True
non_essential_ZNF230|HGNC:13024,0,0,0.49126,0.50874,0.50874,True
non_essential_CTRB1|HGNC:2521,0,0,0.89717156,0.10282844,0.89717156,True
non_essential_BTG3|HGNC:1132,0,0,0.5474171,0.4525829,0.5474171,True
non_essential_KLK1|HGNC:6357,0,0,0.7364401,0.26355988,0.7364401,True
non_essential_DBNDD2|HGNC:15881,0,0,0.5220435,0.47795647,0.5220435,True
non_essential_PPP3R2|HGNC:9318,0,0,0.7167683,0.28323168,0.7167683,True
non_essential_UTRN|HGNC:12635,0,0,0.6248688,0.3751312,0.6248688,True
non_essential_ELOVL7|HGNC:26292,0,0,0.45404407,0.5459559,0.5459559,True
non_essential_CCDC125|HGNC:28924,0,0,0.528093,0.47190702,0.528093,True
non_essential_VILL|HGNC:30906,0,0,0.6448074,0.3551926,0.6448074,True
non_essential_FKBP10|HGNC:18169,0,0,0.7628666,0.23713338,0.7628666,True
non_essential_STX2|HGNC:3403,0,0,0.58778244,0.41221756,0.58778244,True
non_essential_JDP2|HGNC:17546,0,0,0.7372891,0.26271093,0.7372891,True
non_essential_UBE3B|HGNC:13478,0,0,0.69682425,0.30317575,0.69682425,True
non_essential_CYP19A1|HGNC:2594,0,0,0.5858819,0.4141181,0.5858819,True
non_essential_MFSD6L|HGNC:26656,0,0,0.7186912,0.28130883,0.7186912,True
non_essential_CD83|HGNC:1703,0,0,0.57028526,0.42971474,0.57028526,True
non_essential_MORC1|HGNC:7198,0,0,0.6186951,0.38130492,0.6186951,True
non_essential_C3orf20|HGNC:25320,0,0,0.6154278,0.3845722,0.6154278,True
non_essential_OR8U1|HGNC:19611,0,0,0.566272,0.43372798,0.566272,True
non_essential_GCNT3|HGNC:4205,0,0,0.5028217,0.49717832,0.5028217,True
non_essential_CMA1|HGNC:2097,0,0,0.5262995,0.47370052,0.5262995,True
non_essential_SEL1L3|HGNC:29108,0,0,0.64043576,0.35956424,0.64043576,True
non_essential_N4BP2L2|HGNC:26916,0,0,0.5224683,0.47753167,0.5224683,True
non_essential_FAM221B|HGNC:30762,0,0,0.5790573,0.42094272,0.5790573,True
non_essential_IFI27L1|HGNC:19754,0,0,0.5986493,0.40135068,0.5986493,True
non_essential_MTURN|HGNC:25457,0,0,0.6991798,0.30082017,0.6991798,True
non_essential_RAB3A|HGNC:9777,0,0,0.6979918,0.3020082,0.6979918,True
non_essential_KLHL28|HGNC:19741,0,0,0.5681483,0.43185169,0.5681483,True
non_essential_CST9L|HGNC:16233,0,0,0.68761325,0.31238675,0.68761325,True
non_essential_TOB1|HGNC:11979,0,0,0.47895107,0.5210489,0.5210489,True
non_essential_MRS2|HGNC:13785,0,0,0.62841094,0.37158906,0.62841094,True
non_essential_KRTAP9-4|HGNC:18902,0,0,0.37878305,0.62121695,0.62121695,True
non_essential_ALG10|HGNC:23162,0,0,0.53766674,0.46233326,0.53766674,True
non_essential_NIPSNAP3B|HGNC:23641,0,0,0.58108765,0.41891235,0.58108765,True
non_essential_CCNY|HGNC:23354,0,0,0.6391884,0.3608116,0.6391884,True
non_essential_GPATCH11|HGNC:26768,0,0,0.50528336,0.49471664,0.50528336,True
non_essential_CANT1|HGNC:19721,0,0,0.8008659,0.19913411,0.8008659,True
non_essential_SPAG11A|HGNC:33342,0,0,0.65558267,0.34441733,0.65558267,True
non_essential_IGFBP4|HGNC:5473,0,0,0.80272204,0.19727796,0.80272204,True
non_essential_MISP|HGNC:27000,0,0,0.7531568,0.24684322,0.7531568,True
non_essential_FAM57A|HGNC:29646,0,0,0.8036484,0.19635159,0.8036484,True
non_essential_CTSC|HGNC:2528,0,0,0.56782854,0.43217146,0.56782854,True
non_essential_CORO1B|HGNC:2253,0,0,0.8017213,0.19827873,0.8017213,True
non_essential_KCNG3|HGNC:18306,0,0,0.6347843,0.36521572,0.6347843,True
non_essential_TMEM145|HGNC:26912,0,0,0.7728594,0.2271406,0.7728594,True
non_essential_WDPCP|HGNC:28027,0,0,0.64459,0.35540998,0.64459,True
non_essential_CLEC10A|HGNC:16916,0,0,0.689941,0.310059,0.689941,True
non_essential_AP5Z1|HGNC:22197,0,0,0.69289535,0.30710465,0.69289535,True
non_essential_C16orf58|HGNC:25848,0,0,0.6940143,0.3059857,0.6940143,True
non_essential_TCHHL1|HGNC:31796,0,0,0.46517852,0.5348215,0.5348215,True
non_essential_VDR|HGNC:12679,0,0,0.72748816,0.27251184,0.72748816,True
non_essential_HINT1|HGNC:4912,0,0,0.6291804,0.37081963,0.6291804,True
non_essential_SEPT12|HGNC:26348,0,0,0.6685679,0.3314321,0.6685679,True
non_essential_FCN1|HGNC:3623,0,0,0.62108517,0.37891483,0.62108517,True
non_essential_NTNG2|HGNC:14288,0,0,0.74199754,0.25800246,0.74199754,True
non_essential_DKK4|HGNC:2894,0,0,0.5252039,0.47479612,0.5252039,True
non_essential_SNX31|HGNC:28605,0,0,0.6423757,0.3576243,0.6423757,True
non_essential_CCDC103|HGNC:32700,0,0,0.7292678,0.27073222,0.7292678,True
non_essential_CDK5RAP3|HGNC:18673,0,0,0.64410347,0.35589653,0.64410347,True
non_essential_PIP5KL1|HGNC:28711,0,0,0.87803954,0.12196046,0.87803954,True
non_essential_MYH7B|HGNC:15906,0,0,0.67094535,0.32905465,0.67094535,True
non_essential_LANCL1|HGNC:6508,0,0,0.5063387,0.49366128,0.5063387,True
non_essential_GALNS|HGNC:4122,0,0,0.7349138,0.26508617,0.7349138,True
non_essential_RETSAT|HGNC:25991,0,0,0.7063745,0.29362547,0.7063745,True
non_essential_PIEZO2|HGNC:26270,0,0,0.6214605,0.3785395,0.6214605,True
non_essential_TMPRSS11D|HGNC:24059,0,0,0.5047717,0.4952283,0.5047717,True
non_essential_GALNT3|HGNC:4125,0,0,0.5181029,0.48189712,0.5181029,True
non_essential_OR52B2|HGNC:15207,0,0,0.5879898,0.4120102,0.5879898,True
non_essential_KRT76|HGNC:24430,0,0,0.5707629,0.42923713,0.5707629,True
non_essential_LIPC|HGNC:6619,0,0,0.6688668,0.3311332,0.6688668,True
non_essential_DLEU7|HGNC:17567,0,0,0.71486026,0.28513974,0.71486026,True
non_essential_DBF4B|HGNC:17883,0,0,0.67308295,0.32691705,0.67308295,True
non_essential_RGS13|HGNC:9995,0,0,0.4325207,0.5674793,0.5674793,True
non_essential_CRTAM|HGNC:24313,0,0,0.5011494,0.49885058,0.5011494,True
non_essential_ANGPTL3|HGNC:491,0,0,0.482941,0.51705897,0.51705897,True
non_essential_PYHIN1|HGNC:28894,0,0,0.6263271,0.3736729,0.6263271,True
non_essential_PDZRN4|HGNC:30552,0,0,0.62287563,0.37712437,0.62287563,True
non_essential_FBXO7|HGNC:13586,0,0,0.5522284,0.4477716,0.5522284,True
non_essential_ANKRD31|HGNC:26853,0,0,0.53663516,0.46336484,0.53663516,True
non_essential_COQ10B|HGNC:25819,0,0,0.52095395,0.47904605,0.52095395,True
non_essential_USP20|HGNC:12619,0,0,0.7665293,0.23347068,0.7665293,True
non_essential_VAT1L|HGNC:29315,0,0,0.6373459,0.3626541,0.6373459,True
non_essential_PTGR2|HGNC:20149,0,0,0.48177767,0.51822233,0.51822233,True
non_essential_ZNF34|HGNC:13098,0,0,0.4988955,0.5011045,0.5011045,True
non_essential_MANSC1|HGNC:25505,0,0,0.48406935,0.51593065,0.51593065,True
non_essential_SERPINA3|HGNC:16,0,0,0.6188532,0.3811468,0.6188532,True
non_essential_FOXS1|HGNC:3735,0,0,0.89607835,0.10392165,0.89607835,True
non_essential_OR2Z1|HGNC:15391,0,0,0.5372054,0.4627946,0.5372054,True
non_essential_SOX8|HGNC:11203,0,0,0.9333462,0.06665379,0.9333462,True
non_essential_ABCC11|HGNC:14639,0,0,0.58480495,0.41519505,0.58480495,True
non_essential_GNRH1|HGNC:4419,0,0,0.5158822,0.4841178,0.5158822,True
non_essential_INIP|HGNC:24994,0,0,0.50610894,0.49389106,0.50610894,True
non_essential_STAP2|HGNC:30430,0,0,0.686746,0.313254,0.686746,True
non_essential_PSMD5|HGNC:9563,0,0,0.5346493,0.4653507,0.5346493,True
non_essential_FAM84B|HGNC:24166,0,0,0.75557363,0.24442637,0.75557363,True
non_essential_SLC26A2|HGNC:10994,0,0,0.49522153,0.5047785,0.5047785,True
non_essential_FAM21C|HGNC:23414,0,0,0.62483567,0.37516433,0.62483567,True
non_essential_INSIG2|HGNC:20452,0,0,0.46005052,0.5399495,0.5399495,True
non_essential_PGPEP1|HGNC:13568,0,0,0.68438786,0.31561214,0.68438786,True
non_essential_PADI2|HGNC:18341,0,0,0.7482419,0.2517581,0.7482419,True
non_essential_ANKRD65|HGNC:42950,0,0,0.6027118,0.3972882,0.6027118,True
non_essential_ASIC3|HGNC:101,0,0,0.6959442,0.3040558,0.6959442,True
non_essential_POMT2|HGNC:19743,0,0,0.5940188,0.40598118,0.5940188,True
non_essential_NLRC4|HGNC:16412,0,0,0.55728596,0.44271404,0.55728596,True
non_essential_DDX60L|HGNC:26429,0,0,0.5934492,0.40655082,0.5934492,True
non_essential_LMO1|HGNC:6641,0,0,0.86733687,0.13266313,0.86733687,True
non_essential_DUSP21|HGNC:20476,0,0,0.66264355,0.33735645,0.66264355,True
non_essential_ADGRE2|HGNC:3337,0,0,0.6581087,0.3418913,0.6581087,True
non_essential_TMEM170A|HGNC:29577,0,0,0.4911524,0.5088476,0.5088476,True
non_essential_VIP|HGNC:12693,0,0,0.5140406,0.4859594,0.5140406,True
non_essential_OGFOD3|HGNC:26174,0,0,0.8059333,0.1940667,0.8059333,True
non_essential_SDK1|HGNC:19307,0,0,0.6062251,0.39377493,0.6062251,True
non_essential_KL|HGNC:6344,0,0,0.60382223,0.39617777,0.60382223,True
non_essential_CFAP43|HGNC:26684,0,0,0.66100574,0.33899426,0.66100574,True
non_essential_ZNF446|HGNC:21036,0,0,0.69812703,0.30187297,0.69812703,True
non_essential_KIAA2013|HGNC:28513,0,0,0.92825776,0.07174224,0.92825776,True
non_essential_CLDN16|HGNC:2037,0,0,0.62594706,0.37405294,0.62594706,True
non_essential_SPPL2C|HGNC:28902,0,0,0.6297228,0.37027723,0.6297228,True
non_essential_KDELC1|HGNC:19350,0,0,0.5543645,0.4456355,0.5543645,True
non_essential_GPAM|HGNC:24865,0,0,0.5989568,0.40104318,0.5989568,True
non_essential_FAM47B|HGNC:26659,0,0,0.6380647,0.36193532,0.6380647,True
non_essential_CXCL1|HGNC:4602,0,0,0.49802464,0.50197536,0.50197536,True
non_essential_OLR1|HGNC:8133,0,0,0.461533,0.538467,0.538467,True
non_essential_LRTM1|HGNC:25023,0,0,0.5942984,0.40570158,0.5942984,True
non_essential_STRADB|HGNC:13205,0,0,0.4858095,0.5141905,0.5141905,True
non_essential_NETO2|HGNC:14644,0,0,0.5090233,0.4909767,0.5090233,True
non_essential_ZNF619|HGNC:26910,0,0,0.49599576,0.50400424,0.50400424,True
non_essential_TNN|HGNC:22942,0,0,0.6819945,0.3180055,0.6819945,True
non_essential_OCLM|HGNC:8103,0,0,0.35929018,0.6407098,0.6407098,True
non_essential_RHOBTB2|HGNC:18756,0,0,0.7080474,0.2919526,0.7080474,True
non_essential_SOX14|HGNC:11193,0,0,0.7051452,0.29485482,0.7051452,True
non_essential_KRT2|HGNC:6439,0,0,0.6395274,0.36047262,0.6395274,True
non_essential_RNFT1|HGNC:30206,0,0,0.5240297,0.47597033,0.5240297,True
non_essential_INSL4|HGNC:6087,0,0,0.41660294,0.58339703,0.58339703,True
non_essential_STK16|HGNC:11394,0,0,0.6496352,0.3503648,0.6496352,True
non_essential_C19orf33|HGNC:16668,0,0,0.67516,0.32484,0.67516,True
non_essential_CALML3|HGNC:1452,0,0,0.7737163,0.22628373,0.7737163,True
non_essential_HEYL|HGNC:4882,0,0,0.7712126,0.22878742,0.7712126,True
non_essential_DNAJB12|HGNC:14891,0,0,0.70029974,0.29970026,0.70029974,True
non_essential_FGF23|HGNC:3680,0,0,0.7152425,0.2847575,0.7152425,True
non_essential_ARPC1B|HGNC:704,0,0,0.8670461,0.13295388,0.8670461,True
non_essential_COMP|HGNC:2227,0,0,0.75897783,0.24102217,0.75897783,True
non_essential_ZNF234|HGNC:13027,0,0,0.46873754,0.53126246,0.53126246,True
non_essential_PLSCR5|HGNC:19952,0,0,0.55862856,0.44137144,0.55862856,True
non_essential_TAS2R31|HGNC:19113,0,0,0.46859762,0.53140235,0.53140235,True
non_essential_CYP3A4|HGNC:2637,0,0,0.4966878,0.50331223,0.50331223,True
non_essential_AHSG|HGNC:349,0,0,0.7198829,0.2801171,0.7198829,True
non_essential_RRAD|HGNC:10446,0,0,0.7457435,0.2542565,0.7457435,True
non_essential_SPRN|HGNC:16871,0,0,0.65470725,0.34529275,0.65470725,True
non_essential_XYLB|HGNC:12839,0,0,0.6537794,0.3462206,0.6537794,True
non_essential_LCE1B|HGNC:16611,0,0,0.5571534,0.4428466,0.5571534,True
non_essential_HRH4|HGNC:17383,0,0,0.48855647,0.5114435,0.5114435,True
non_essential_PYCRL|HGNC:25846,0,0,0.86087227,0.13912773,0.86087227,True
non_essential_RNASE2|HGNC:10045,0,0,0.4175047,0.58249533,0.58249533,True
non_essential_MSMP|HGNC:29663,0,0,0.5598196,0.44018042,0.5598196,True
non_essential_TMEM86B|HGNC:28448,0,0,0.67389375,0.32610625,0.67389375,True
non_essential_FBXO10|HGNC:13589,0,0,0.60846907,0.39153093,0.60846907,True
non_essential_IL17RB|HGNC:18015,0,0,0.5834441,0.41655588,0.5834441,True
non_essential_MGP|HGNC:7060,0,0,0.4384599,0.5615401,0.5615401,True
non_essential_ZKSCAN7|HGNC:12955,0,0,0.50475216,0.49524784,0.50475216,True
non_essential_PDK1|HGNC:8809,0,0,0.62255764,0.37744236,0.62255764,True
non_essential_MYOC|HGNC:7610,0,0,0.5789131,0.4210869,0.5789131,True
non_essential_KYAT3|HGNC:33238,0,0,0.4905437,0.5094563,0.5094563,True
non_essential_DUSP18|HGNC:18484,0,0,0.6470211,0.3529789,0.6470211,True
non_essential_FAM234A|HGNC:14163,0,0,0.6526801,0.3473199,0.6526801,True
non_essential_STK17A|HGNC:11395,0,0,0.53036076,0.46963924,0.53036076,True
non_essential_OR2AG1|HGNC:15142,0,0,0.5480837,0.45191628,0.5480837,True
non_essential_NBPF9|HGNC:31991,0,0,0.59733266,0.40266734,0.59733266,True
non_essential_OR10J3|HGNC:14992,0,0,0.66010493,0.33989507,0.66010493,True
non_essential_NRAP|HGNC:7988,0,0,0.60259014,0.39740986,0.60259014,True
non_essential_PLCH2|HGNC:29037,0,0,0.79002184,0.20997816,0.79002184,True
non_essential_PRR23C|HGNC:37173,0,0,0.7503108,0.24968922,0.7503108,True
non_essential_CFAP77|HGNC:33776,0,0,0.88602656,0.11397344,0.88602656,True
non_essential_SIRT4|HGNC:14932,0,0,0.6913575,0.3086425,0.6913575,True
non_essential_NDUFS4|HGNC:7711,0,0,0.53889906,0.46110094,0.53889906,True
non_essential_SERPINA4|HGNC:8948,0,0,0.6781565,0.3218435,0.6781565,True
non_essential_DCAF4L2|HGNC:26657,0,0,0.7336264,0.26637357,0.7336264,True
non_essential_KLK4|HGNC:6365,0,0,0.7636184,0.23638159,0.7636184,True
non_essential_AK3|HGNC:17376,0,0,0.63925874,0.36074126,0.63925874,True
non_essential_APBA1|HGNC:578,0,0,0.657744,0.342256,0.657744,True
non_essential_SLC7A9|HGNC:11067,0,0,0.61970764,0.38029236,0.61970764,True
non_essential_EDDM3B|HGNC:19223,0,0,0.4117915,0.5882085,0.5882085,True
non_essential_LITAF|HGNC:16841,0,0,0.64080846,0.35919154,0.64080846,True
non_essential_STX7|HGNC:11442,0,0,0.5100879,0.4899121,0.5100879,True
non_essential_KCNV2|HGNC:19698,0,0,0.78286624,0.21713376,0.78286624,True
non_essential_UGT2B15|HGNC:12546,0,0,0.47898424,0.52101576,0.52101576,True
non_essential_HIPK3|HGNC:4915,0,0,0.5816219,0.4183781,0.5816219,True
non_essential_PLCD4|HGNC:9062,0,0,0.58309007,0.41690993,0.58309007,True
non_essential_ZNF135|HGNC:12919,0,0,0.6265329,0.3734671,0.6265329,True
non_essential_DEFB114|HGNC:18095,0,0,0.41473073,0.5852693,0.5852693,True
non_essential_MKRN3|HGNC:7114,0,0,0.6056175,0.39438248,0.6056175,True
non_essential_DPF3|HGNC:17427,0,0,0.7784152,0.2215848,0.7784152,True
non_essential_FAM9C|HGNC:18405,0,0,0.60903835,0.39096165,0.60903835,True
non_essential_LONRF3|HGNC:21152,0,0,0.65515006,0.34484994,0.65515006,True
non_essential_ZDHHC23|HGNC:28654,0,0,0.59204096,0.40795904,0.59204096,True
non_essential_FAM196B|HGNC:37271,0,0,0.5816595,0.4183405,0.5816595,True
non_essential_RIDA|HGNC:16897,0,0,0.4938915,0.5061085,0.5061085,True
non_essential_SNX18|HGNC:19245,0,0,0.74694115,0.25305885,0.74694115,True
non_essential_ATP5G3|HGNC:843,0,0,0.50295675,0.49704325,0.50295675,True
non_essential_GATS|HGNC:29954,0,0,0.72925127,0.27074873,0.72925127,True
non_essential_OR4C6|HGNC:14743,0,0,0.47219416,0.5278058,0.5278058,True
non_essential_GYPA|HGNC:4702,0,0,0.47258314,0.5274168,0.5274168,True
non_essential_MID1|HGNC:7095,0,0,0.6233994,0.37660062,0.6233994,True
non_essential_JAML|HGNC:19084,0,0,0.59151274,0.40848726,0.59151274,True
non_essential_PRAMEF27|HGNC:51234,0,0,0.65411586,0.34588414,0.65411586,True
non_essential_TMCC1|HGNC:29116,0,0,0.5355244,0.46447557,0.5355244,True
non_essential_ARHGDIG|HGNC:680,0,0,0.8077875,0.19221252,0.8077875,True
non_essential_CEACAM4|HGNC:1816,0,0,0.62005,0.37995,0.62005,True
non_essential_KCTD8|HGNC:22394,0,0,0.672116,0.32788402,0.672116,True
non_essential_PLIN4|HGNC:29393,0,0,0.6791782,0.32082182,0.6791782,True
non_essential_VSTM2A|HGNC:28499,0,0,0.63772976,0.36227024,0.63772976,True
non_essential_PEAR1|HGNC:33631,0,0,0.63125634,0.36874366,0.63125634,True
non_essential_FAAP24|HGNC:28467,0,0,0.56943595,0.43056405,0.56943595,True
non_essential_PDHA2|HGNC:8807,0,0,0.62469155,0.37530845,0.62469155,True
non_essential_ZNF607|HGNC:28192,0,0,0.48814535,0.51185465,0.51185465,True
non_essential_DENND2D|HGNC:26192,0,0,0.5754682,0.42453182,0.5754682,True
non_essential_B4GALNT1|HGNC:4117,0,0,0.7002522,0.29974782,0.7002522,True
non_essential_TMEM236|HGNC:23473,0,0,0.57218075,0.42781925,0.57218075,True
non_essential_ITIH1|HGNC:6166,0,0,0.6549291,0.3450709,0.6549291,True
non_essential_POTEB|HGNC:33734,0,0,0.57315445,0.42684555,0.57315445,True
non_essential_GAS7|HGNC:4169,0,0,0.8000822,0.1999178,0.8000822,True
non_essential_MEGF11|HGNC:29635,0,0,0.6343924,0.36560762,0.6343924,True
non_essential_SLITRK2|HGNC:13449,0,0,0.6094149,0.39058512,0.6094149,True
non_essential_CNOT8|HGNC:9207,0,0,0.49456578,0.5054342,0.5054342,True
non_essential_ST6GALNAC5|HGNC:19342,0,0,0.57133126,0.42866874,0.57133126,True
non_essential_SLC39A8|HGNC:20862,0,0,0.615558,0.38444197,0.615558,True
non_essential_LYZL4|HGNC:28387,0,0,0.4669163,0.5330837,0.5330837,True
non_essential_LST1|HGNC:14189,0,0,0.47930327,0.52069676,0.52069676,True
non_essential_ARHGAP24|HGNC:25361,0,0,0.5678821,0.43211788,0.5678821,True
non_essential_TMEM109|HGNC:28771,0,0,0.6309968,0.36900318,0.6309968,True
non_essential_GRIN2C|HGNC:4587,0,0,0.74348825,0.25651175,0.74348825,True
non_essential_TAS2R41|HGNC:18883,0,0,0.5542882,0.4457118,0.5542882,True
non_essential_GNRH2|HGNC:4420,0,0,0.5789065,0.42109352,0.5789065,True
non_essential_HOGA1|HGNC:25155,0,0,0.77609247,0.22390753,0.77609247,True
non_essential_TAAR6|HGNC:20978,0,0,0.49678525,0.5032147,0.5032147,True
non_essential_KCNJ8|HGNC:6269,0,0,0.5865557,0.41344428,0.5865557,True
non_essential_TIMM8A|HGNC:11817,0,0,0.68947303,0.31052697,0.68947303,True
non_essential_FARP2|HGNC:16460,0,0,0.6328523,0.36714768,0.6328523,True
non_essential_OPRK1|HGNC:8154,0,0,0.62139255,0.37860745,0.62139255,True
non_essential_ZDHHC4|HGNC:18471,0,0,0.58471835,0.41528165,0.58471835,True
non_essential_OGFOD1|HGNC:25585,0,0,0.53977907,0.46022093,0.53977907,True
non_essential_PDE1C|HGNC:8776,0,0,0.5615369,0.4384631,0.5615369,True
non_essential_CYB5D2|HGNC:28471,0,0,0.73080117,0.26919883,0.73080117,True
non_essential_BPIFB1|HGNC:16108,0,0,0.56974876,0.43025124,0.56974876,True
non_essential_NINL|HGNC:29163,0,0,0.66582847,0.33417153,0.66582847,True
non_essential_NDST2|HGNC:7681,0,0,0.6290984,0.37090158,0.6290984,True
non_essential_ARG2|HGNC:664,0,0,0.4972848,0.50271523,0.50271523,True
non_essential_AKR7A2|HGNC:389,0,0,0.71063733,0.28936267,0.71063733,True
non_essential_RAB11FIP5|HGNC:24845,0,0,0.7522396,0.24776042,0.7522396,True
non_essential_NBPF4|HGNC:26550,0,0,0.6262795,0.37372053,0.6262795,True
non_essential_SRRM4|HGNC:29389,0,0,0.67974275,0.32025725,0.67974275,True
non_essential_TMEM63A|HGNC:29118,0,0,0.6299075,0.3700925,0.6299075,True
non_essential_TMEM135|HGNC:26167,0,0,0.5031346,0.4968654,0.5031346,True
non_essential_ACRBP|HGNC:17195,0,0,0.57295233,0.42704767,0.57295233,True
non_essential_ESYT1|HGNC:29534,0,0,0.59231895,0.40768105,0.59231895,True
non_essential_IL1R1|HGNC:5993,0,0,0.49685133,0.5031487,0.5031487,True
non_essential_BPY2B|HGNC:25449,0,0,0.48654053,0.51345944,0.51345944,True
non_essential_ARL6IP5|HGNC:16937,0,0,0.6038435,0.3961565,0.6038435,True
non_essential_C18orf63|HGNC:40037,0,0,0.45751983,0.5424802,0.5424802,True
non_essential_AKAP14|HGNC:24061,0,0,0.4910312,0.50896883,0.50896883,True
non_essential_RBMXL3|HGNC:26859,0,0,0.66341203,0.33658797,0.66341203,True
non_essential_TSPAN14|HGNC:23303,0,0,0.7746832,0.22531682,0.7746832,True
non_essential_TRIM27|HGNC:9975,0,0,0.6567134,0.34328657,0.6567134,True
non_essential_CDKN1A|HGNC:1784,0,0,0.871282,0.12871802,0.871282,True
non_essential_SLC26A4|HGNC:8818,0,0,0.65824145,0.34175855,0.65824145,True
non_essential_LTC4S|HGNC:6719,0,0,0.67911834,0.32088166,0.67911834,True
non_essential_RIPK2|HGNC:10020,0,0,0.5273642,0.4726358,0.5273642,True
non_essential_ACY1|HGNC:177,0,0,0.64019924,0.35980076,0.64019924,True
non_essential_CDY2A|HGNC:1810,0,0,0.5316748,0.4683252,0.5316748,True
non_essential_PGK2|HGNC:8898,0,0,0.5061649,0.4938351,0.5061649,True
non_essential_VPS33B|HGNC:12712,0,0,0.6495166,0.35048342,0.6495166,True
non_essential_C1orf61|HGNC:30780,0,0,0.45509946,0.54490054,0.54490054,True
non_essential_PSG2|HGNC:9519,0,0,0.50141895,0.49858105,0.50141895,True
non_essential_TRAPPC2|HGNC:23068,0,0,0.4789562,0.5210438,0.5210438,True
non_essential_POTEJ|HGNC:37094,0,0,0.6718724,0.32812762,0.6718724,True
non_essential_ZG16|HGNC:30961,0,0,0.66953945,0.33046055,0.66953945,True
non_essential_CRIP3|HGNC:17751,0,0,0.6369459,0.3630541,0.6369459,True
non_essential_NPIPA3|HGNC:41978,0,0,0.5594671,0.44053292,0.5594671,True
non_essential_CXCL5|HGNC:10642,0,0,0.5908204,0.40917963,0.5908204,True
non_essential_MDP1|HGNC:28781,0,0,0.56065214,0.43934786,0.56065214,True
non_essential_RECQL5|HGNC:9950,0,0,0.6445766,0.3554234,0.6445766,True
non_essential_PLA2G7|HGNC:9040,0,0,0.47035307,0.52964693,0.52964693,True
non_essential_TRIM11|HGNC:16281,0,0,0.76599205,0.23400795,0.76599205,True
non_essential_ZNF484|HGNC:23385,0,0,0.46819726,0.5318028,0.5318028,True
non_essential_GGN|HGNC:18869,0,0,0.88333094,0.11666906,0.88333094,True
non_essential_USP17L10|HGNC:44438,0,0,0.66496354,0.33503646,0.66496354,True
non_essential_ATXN7L3B|HGNC:37931,0,0,0.5753161,0.42468393,0.5753161,True
non_essential_TMEM115|HGNC:30055,0,0,0.73522097,0.26477903,0.73522097,True
non_essential_TGFBI|HGNC:11771,0,0,0.6207646,0.3792354,0.6207646,True
non_essential_IRX5|HGNC:14361,0,0,0.6717679,0.3282321,0.6717679,True
non_essential_RAB6B|HGNC:14902,0,0,0.69145125,0.30854875,0.69145125,True
non_essential_C4BPA|HGNC:1325,0,0,0.5073951,0.4926049,0.5073951,True
non_essential_ANXA10|HGNC:534,0,0,0.42680472,0.5731953,0.5731953,True
non_essential_S100Z|HGNC:30367,0,0,0.4341419,0.5658581,0.5658581,True
non_essential_CD3G|HGNC:1675,0,0,0.60153496,0.39846504,0.60153496,True
non_essential_ARL17B|HGNC:32387,0,0,0.4385217,0.56147826,0.56147826,True
non_essential_BATF2|HGNC:25163,0,0,0.8407724,0.15922761,0.8407724,True
non_essential_OR2AE1|HGNC:15087,0,0,0.55958563,0.44041437,0.55958563,True
non_essential_FAM213B|HGNC:28390,0,0,0.7091003,0.2908997,0.7091003,True
non_essential_TMC5|HGNC:22999,0,0,0.512539,0.48746097,0.512539,True
non_essential_CNR2|HGNC:2160,0,0,0.5158791,0.4841209,0.5158791,True
non_essential_AGFG2|HGNC:5177,0,0,0.6411775,0.35882252,0.6411775,True
non_essential_TPPP2|HGNC:19293,0,0,0.6683003,0.33169973,0.6683003,True
non_essential_TNC|HGNC:5318,0,0,0.62459916,0.37540084,0.62459916,True
non_essential_PPBP|HGNC:9240,0,0,0.4823424,0.51765764,0.51765764,True
non_essential_CALCA|HGNC:1437,0,0,0.67621696,0.32378304,0.67621696,True
non_essential_CXCL16|HGNC:16642,0,0,0.5802814,0.41971862,0.5802814,True
non_essential_TMEM35A|HGNC:25864,0,0,0.64682925,0.35317075,0.64682925,True
non_essential_SNX12|HGNC:14976,0,0,0.6901689,0.30983108,0.6901689,True
non_essential_TMUB1|HGNC:21709,0,0,0.79257137,0.20742863,0.79257137,True
non_essential_KBTBD11|HGNC:29104,0,1,0.9650344,0.034965575,0.9650344,False
non_essential_MAPK9|HGNC:6886,0,0,0.51385146,0.48614854,0.51385146,True
non_essential_ANP32D|HGNC:16676,0,0,0.45561278,0.5443872,0.5443872,True
non_essential_CD80|HGNC:1700,0,0,0.5287116,0.47128838,0.5287116,True
non_essential_NXPH2|HGNC:8076,0,0,0.53258866,0.46741134,0.53258866,True
non_essential_D2HGDH|HGNC:28358,0,0,0.81450963,0.18549037,0.81450963,True
non_essential_GPR101|HGNC:14963,0,0,0.60879767,0.39120233,0.60879767,True
non_essential_MTRNR2L10|HGNC:37167,0,0,0.48611033,0.5138897,0.5138897,True
non_essential_SULT1C4|HGNC:11457,0,0,0.47782806,0.522172,0.522172,True
non_essential_FBXO8|HGNC:13587,0,0,0.48603484,0.51396513,0.51396513,True
non_essential_NR1I2|HGNC:7968,0,0,0.7416986,0.25830138,0.7416986,True
non_essential_METRN|HGNC:14151,0,0,0.81089836,0.18910164,0.81089836,True
non_essential_SAMD8|HGNC:26320,0,0,0.5064387,0.49356133,0.5064387,True
non_essential_ANKMY2|HGNC:25370,0,0,0.5270798,0.47292018,0.5270798,True
non_essential_ACCS|HGNC:23989,0,0,0.7160059,0.28399408,0.7160059,True
non_essential_PHOSPHO2|HGNC:28316,0,0,0.45784745,0.5421525,0.5421525,True
non_essential_GALM|HGNC:24063,0,0,0.6521482,0.3478518,0.6521482,True
non_essential_DGKK|HGNC:32395,0,0,0.607079,0.39292097,0.607079,True
non_essential_SERPINI2|HGNC:8945,0,0,0.4864887,0.5135113,0.5135113,True
non_essential_AOC3|HGNC:550,0,0,0.66831094,0.33168906,0.66831094,True
non_essential_PIK3C2G|HGNC:8973,0,0,0.5244744,0.47552562,0.5244744,True
non_essential_SMCO4|HGNC:24810,0,0,0.6177397,0.38226032,0.6177397,True
non_essential_MTMR14|HGNC:26190,0,0,0.65467,0.34533,0.65467,True
non_essential_GSTZ1|HGNC:4643,0,0,0.66900843,0.33099157,0.66900843,True
non_essential_BAIAP2L2|HGNC:26203,0,0,0.7808855,0.21911448,0.7808855,True
non_essential_ACKR1|HGNC:4035,0,0,0.5433493,0.45665067,0.5433493,True
non_essential_PANX1|HGNC:8599,0,0,0.6302095,0.3697905,0.6302095,True
non_essential_CALR3|HGNC:20407,0,0,0.647072,0.35292798,0.647072,True
non_essential_PRSS36|HGNC:26906,0,0,0.8840893,0.11591071,0.8840893,True
non_essential_CYP2S1|HGNC:15654,0,0,0.6966876,0.30331242,0.6966876,True
non_essential_CASQ2|HGNC:1513,0,0,0.54663664,0.45336336,0.54663664,True
non_essential_KRTAP10-10|HGNC:22972,0,0,0.53896874,0.46103126,0.53896874,True
non_essential_KCNH5|HGNC:6254,0,0,0.61071646,0.38928354,0.61071646,True
non_essential_AWAT1|HGNC:23252,0,0,0.60552895,0.39447105,0.60552895,True
non_essential_DAZ2|HGNC:15964,0,0,0.44722542,0.55277455,0.55277455,True
non_essential_ZNF324B|HGNC:33107,0,0,0.764737,0.23526299,0.764737,True
non_essential_SAP30|HGNC:10532,0,0,0.6007038,0.39929622,0.6007038,True
non_essential_PHTF1|HGNC:8939,0,0,0.4996673,0.5003327,0.5003327,True
non_essential_OR10AG1|HGNC:19607,0,0,0.46014723,0.53985274,0.53985274,True
non_essential_FAM170B|HGNC:19736,0,0,0.8047858,0.19521421,0.8047858,True
non_essential_PRR15|HGNC:22310,0,0,0.60646844,0.39353156,0.60646844,True
non_essential_HMMR|HGNC:5012,0,0,0.5807485,0.4192515,0.5807485,True
non_essential_STK26|HGNC:18174,0,0,0.6316413,0.36835867,0.6316413,True
non_essential_SLC47A2|HGNC:26439,0,0,0.63443315,0.36556685,0.63443315,True
non_essential_ZNF189|HGNC:12980,0,0,0.5259275,0.47407252,0.5259275,True
non_essential_OGG1|HGNC:8125,0,0,0.7340827,0.2659173,0.7340827,True
non_essential_ZNF732|HGNC:37138,0,0,0.45863375,0.5413662,0.5413662,True
non_essential_TREM2|HGNC:17761,0,0,0.7256852,0.27431482,0.7256852,True
non_essential_MOK|HGNC:9833,0,0,0.6027908,0.39720923,0.6027908,True
non_essential_ASB9|HGNC:17184,0,0,0.54920745,0.45079255,0.54920745,True
non_essential_CCDC169|HGNC:34361,0,0,0.5273244,0.47267562,0.5273244,True
non_essential_AACS|HGNC:21298,0,0,0.69659865,0.30340135,0.69659865,True
non_essential_DEDD|HGNC:2755,0,0,0.68027604,0.31972396,0.68027604,True
non_essential_SLC25A52|HGNC:23324,0,0,0.5835134,0.41648662,0.5835134,True
non_essential_TMEM187|HGNC:13705,0,0,0.7596201,0.24037993,0.7596201,True
non_essential_NSMF|HGNC:29843,0,0,0.75171334,0.24828666,0.75171334,True
non_essential_GAS6|HGNC:4168,0,0,0.76206505,0.23793495,0.76206505,True
non_essential_TRABD2B|HGNC:44200,0,0,0.8641208,0.13587922,0.8641208,True
non_essential_OR2G3|HGNC:15008,0,0,0.47154453,0.5284555,0.5284555,True
non_essential_IL4R|HGNC:6015,0,0,0.7114113,0.2885887,0.7114113,True
non_essential_ATP12A|HGNC:13816,0,0,0.6038224,0.3961776,0.6038224,True
non_essential_KIAA0825|HGNC:28532,0,0,0.430891,0.56910896,0.56910896,True
non_essential_WFDC9|HGNC:20380,0,0,0.45214048,0.54785955,0.54785955,True
non_essential_OR51I1|HGNC:15200,0,0,0.5341767,0.4658233,0.5341767,True
non_essential_BEX1|HGNC:1036,0,0,0.48520657,0.5147934,0.5147934,True
non_essential_GJB4|HGNC:4286,0,0,0.9035628,0.096437216,0.9035628,True
non_essential_WDR17|HGNC:16661,0,0,0.52301764,0.47698236,0.52301764,True
non_essential_CERS3|HGNC:23752,0,0,0.58223486,0.41776514,0.58223486,True
non_essential_TCF23|HGNC:18602,0,0,0.8182021,0.18179792,0.8182021,True
non_essential_IFNGR1|HGNC:5439,0,0,0.53556734,0.46443266,0.53556734,True
non_essential_MAFF|HGNC:6780,0,0,0.8921871,0.10781288,0.8921871,True
non_essential_IMPG2|HGNC:18362,0,0,0.57387495,0.42612505,0.57387495,True
non_essential_GAL3ST1|HGNC:24240,0,0,0.78631437,0.21368563,0.78631437,True
non_essential_LHFPL4|HGNC:29568,0,0,0.8679445,0.13205552,0.8679445,True
non_essential_KRTAP12-3|HGNC:20531,0,0,0.47068313,0.5293169,0.5293169,True
non_essential_GNG5|HGNC:4408,0,0,0.6246788,0.3753212,0.6246788,True
non_essential_ASGR2|HGNC:743,0,0,0.63559216,0.36440784,0.63559216,True
non_essential_SLC35F6|HGNC:26055,0,0,0.688083,0.311917,0.688083,True
non_essential_PNMA1|HGNC:9158,0,0,0.60593766,0.39406234,0.60593766,True
non_essential_POM121C|HGNC:34005,0,0,0.59297,0.40703,0.59297,True
non_essential_CD209|HGNC:1641,0,0,0.7506071,0.24939293,0.7506071,True
non_essential_ZNF81|HGNC:13156,0,0,0.48030734,0.51969266,0.51969266,True
non_essential_COA1|HGNC:21868,0,0,0.564826,0.435174,0.564826,True
non_essential_MPC1|HGNC:21606,0,0,0.5964232,0.4035768,0.5964232,True
non_essential_AGTRAP|HGNC:13539,0,0,0.68887335,0.31112665,0.68887335,True
non_essential_CCDC63|HGNC:26669,0,0,0.69025743,0.30974257,0.69025743,True
non_essential_LYZL2|HGNC:29613,0,0,0.84752405,0.15247595,0.84752405,True
non_essential_LCN2|HGNC:6526,0,0,0.5847091,0.4152909,0.5847091,True
non_essential_ZNF22|HGNC:13012,0,0,0.57949436,0.42050564,0.57949436,True
non_essential_HPCAL4|HGNC:18212,0,0,0.7743132,0.22568679,0.7743132,True
non_essential_PKD2L1|HGNC:9011,0,0,0.6048452,0.39515477,0.6048452,True
non_essential_CYB5R3|HGNC:2873,0,0,0.67039526,0.32960474,0.67039526,True
non_essential_OR13A1|HGNC:14772,0,0,0.6869,0.31309998,0.6869,True
non_essential_ZKSCAN1|HGNC:13101,0,0,0.6005155,0.39948452,0.6005155,True
non_essential_GPR6|HGNC:4515,0,0,0.7381645,0.26183552,0.7381645,True
non_essential_SERPINB4|HGNC:10570,0,0,0.502933,0.49706697,0.502933,True
non_essential_DSPP|HGNC:3054,0,0,0.5047239,0.4952761,0.5047239,True
non_essential_PAGE5|HGNC:29992,0,0,0.48039958,0.5196004,0.5196004,True
non_essential_OR1L1|HGNC:8213,0,0,0.4920167,0.5079833,0.5079833,True
non_essential_ADH7|HGNC:256,0,0,0.54901105,0.45098895,0.54901105,True
non_essential_PRDX6|HGNC:16753,0,0,0.6132111,0.3867889,0.6132111,True
non_essential_SPG11|HGNC:11226,0,0,0.62428004,0.37571996,0.62428004,True
non_essential_WSCD2|HGNC:29117,0,0,0.71439683,0.28560317,0.71439683,True
non_essential_OR4K2|HGNC:14728,0,0,0.41821235,0.58178765,0.58178765,True
non_essential_GPR148|HGNC:23623,0,0,0.58800685,0.41199315,0.58800685,True
non_essential_METTL22|HGNC:28368,0,0,0.6073827,0.3926173,0.6073827,True
non_essential_TMEM87A|HGNC:24522,0,0,0.5958297,0.40417027,0.5958297,True
non_essential_RSAD2|HGNC:30908,0,0,0.5730445,0.42695552,0.5730445,True
non_essential_SYT6|HGNC:18638,0,0,0.68330234,0.31669766,0.68330234,True
non_essential_PLTP|HGNC:9093,0,0,0.7659308,0.23406923,0.7659308,True
non_essential_ALG1L|HGNC:33721,0,0,0.7878036,0.21219641,0.7878036,True
non_essential_SDCCAG3|HGNC:10667,0,0,0.74546045,0.25453955,0.74546045,True
non_essential_TMEM261|HGNC:30536,0,0,0.5539411,0.44605893,0.5539411,True
non_essential_LSM8|HGNC:20471,0,0,0.46193686,0.53806317,0.53806317,True
non_essential_EME2|HGNC:27289,0,0,0.93776697,0.06223303,0.93776697,True
non_essential_ZNF134|HGNC:12918,0,0,0.46995652,0.5300435,0.5300435,True
non_essential_NYNRIN|HGNC:20165,0,0,0.6135979,0.38640207,0.6135979,True
non_essential_CCDC92|HGNC:29563,0,0,0.7180937,0.2819063,0.7180937,True
non_essential_SEC14L2|HGNC:10699,0,0,0.6628434,0.3371566,0.6628434,True
non_essential_DHRS4L2|HGNC:19731,0,0,0.5648153,0.43518472,0.5648153,True
non_essential_NHLH2|HGNC:7818,0,0,0.78909546,0.21090454,0.78909546,True
non_essential_C11orf40|HGNC:23986,0,0,0.46457732,0.5354227,0.5354227,True
non_essential_KRTAP4-6|HGNC:18909,0,0,0.50513446,0.49486554,0.50513446,True
non_essential_HOXD10|HGNC:5133,0,0,0.6367183,0.36328173,0.6367183,True
non_essential_FABP1|HGNC:3555,0,0,0.593421,0.40657902,0.593421,True
non_essential_CRACR2A|HGNC:28657,0,0,0.7259063,0.2740937,0.7259063,True
non_essential_PPP3CC|HGNC:9316,0,0,0.5828099,0.41719007,0.5828099,True
non_essential_AGER|HGNC:320,0,0,0.67569536,0.32430464,0.67569536,True
non_essential_ZNF655|HGNC:30899,0,0,0.45008922,0.5499108,0.5499108,True
non_essential_TRABD2A|HGNC:27013,0,0,0.6159591,0.3840409,0.6159591,True
non_essential_LRRC34|HGNC:28408,0,0,0.51075053,0.48924947,0.51075053,True
non_essential_SMCO2|HGNC:34448,0,0,0.545601,0.454399,0.545601,True
non_essential_COX8C|HGNC:24382,0,0,0.50123024,0.49876976,0.50123024,True
non_essential_FBXO24|HGNC:13595,0,0,0.69042456,0.30957544,0.69042456,True
non_essential_ESM1|HGNC:3466,0,0,0.69658613,0.30341387,0.69658613,True
non_essential_CATSPERD|HGNC:28598,0,0,0.57587767,0.42412233,0.57587767,True
non_essential_NUMBL|HGNC:8061,0,0,0.7487286,0.25127143,0.7487286,True
non_essential_SLC22A14|HGNC:8495,0,0,0.66760164,0.33239836,0.66760164,True
non_essential_HPDL|HGNC:28242,0,0,0.7797491,0.2202509,0.7797491,True
non_essential_UGT2A3|HGNC:28528,0,0,0.48174188,0.5182581,0.5182581,True
non_essential_CRYZL1|HGNC:2420,0,0,0.47682607,0.5231739,0.5231739,True
non_essential_PDYN|HGNC:8820,0,0,0.7060994,0.2939006,0.7060994,True
non_essential_VSIG8|HGNC:32063,0,0,0.6762053,0.32379472,0.6762053,True
non_essential_APOBEC3A|HGNC:17343,0,0,0.5954993,0.40450072,0.5954993,True
non_essential_DLK2|HGNC:21113,0,0,0.5563641,0.44363588,0.5563641,True
non_essential_MSC|HGNC:7321,0,0,0.8680389,0.1319611,0.8680389,True
non_essential_TMEM267|HGNC:26139,0,0,0.44257686,0.5574231,0.5574231,True
non_essential_CEP164|HGNC:29182,0,0,0.5936736,0.4063264,0.5936736,True
non_essential_TMEM150C|HGNC:37263,0,0,0.5247622,0.4752378,0.5247622,True
non_essential_SPCS1|HGNC:23401,0,0,0.5749497,0.42505032,0.5749497,True
non_essential_P3H2|HGNC:19317,0,0,0.6107257,0.3892743,0.6107257,True
non_essential_SYNE3|HGNC:19861,0,0,0.7481863,0.2518137,0.7481863,True
non_essential_PRKACG|HGNC:9382,0,0,0.8014312,0.19856882,0.8014312,True
non_essential_TTC23L|HGNC:26355,0,0,0.5638822,0.43611783,0.5638822,True
non_essential_RTP3|HGNC:15572,0,0,0.50849056,0.49150944,0.50849056,True
non_essential_CHRNB3|HGNC:1963,0,0,0.55408555,0.44591445,0.55408555,True
non_essential_FGF17|HGNC:3673,0,0,0.7803127,0.21968728,0.7803127,True
non_essential_RAB15|HGNC:20150,0,0,0.6076474,0.39235258,0.6076474,True
non_essential_ZCCHC17|HGNC:30246,0,0,0.5056812,0.49431878,0.5056812,True
non_essential_RFPL1|HGNC:9977,0,0,0.7163532,0.28364682,0.7163532,True
non_essential_OR5T1|HGNC:14821,0,0,0.44874766,0.55125237,0.55125237,True
non_essential_CHAC1|HGNC:28680,0,0,0.94035846,0.05964154,0.94035846,True
non_essential_RNFT2|HGNC:25905,0,0,0.7427258,0.2572742,0.7427258,True
non_essential_DHRS9|HGNC:16888,0,0,0.535865,0.464135,0.535865,True
non_essential_TP53INP2|HGNC:16104,0,0,0.6535103,0.34648973,0.6535103,True
non_essential_CEACAM16|HGNC:31948,0,0,0.92993534,0.070064664,0.92993534,True
non_essential_CD28|HGNC:1653,0,0,0.5357247,0.4642753,0.5357247,True
non_essential_STK4|HGNC:11408,0,0,0.4944595,0.5055405,0.5055405,True
non_essential_ZBED1|HGNC:447,0,0,0.8759689,0.12403113,0.8759689,True
non_essential_OTOR|HGNC:8517,0,0,0.46782866,0.53217137,0.53217137,True
non_essential_GLIS1|HGNC:29525,0,0,0.7187906,0.2812094,0.7187906,True
non_essential_FNBP1|HGNC:17069,0,0,0.6656865,0.3343135,0.6656865,True
non_essential_GLIPR1L1|HGNC:28392,0,0,0.42149535,0.5785047,0.5785047,True
non_essential_ZBTB49|HGNC:19883,0,0,0.57892305,0.42107695,0.57892305,True
non_essential_KIAA1683|HGNC:29350,0,0,0.65671116,0.34328884,0.65671116,True
non_essential_ANKDD1B|HGNC:32525,0,0,0.59595,0.40405,0.59595,True
non_essential_NUP62CL|HGNC:25960,0,0,0.47345948,0.5265405,0.5265405,True
non_essential_SRXN1|HGNC:16132,0,0,0.65817183,0.34182817,0.65817183,True
non_essential_CCL28|HGNC:17700,0,0,0.51395947,0.48604053,0.51395947,True
non_essential_FOXI2|HGNC:32448,0,0,0.9325349,0.06746513,0.9325349,True
non_essential_GATAD1|HGNC:29941,0,0,0.59586173,0.40413827,0.59586173,True
non_essential_IRX6|HGNC:14675,0,0,0.63898206,0.36101794,0.63898206,True
non_essential_GPR82|HGNC:4533,0,0,0.4558912,0.5441088,0.5441088,True
non_essential_BLVRB|HGNC:1063,0,0,0.67723876,0.32276124,0.67723876,True
non_essential_RNF222|HGNC:34517,0,1,0.9535205,0.046479523,0.9535205,False
non_essential_C22orf23|HGNC:18589,0,0,0.51239014,0.48760986,0.51239014,True
non_essential_NAPSA|HGNC:13395,0,0,0.6886571,0.3113429,0.6886571,True
non_essential_MB21D2|HGNC:30438,0,0,0.5987715,0.4012285,0.5987715,True
non_essential_ZNF101|HGNC:12881,0,0,0.54624075,0.45375925,0.54624075,True
non_essential_TRAF3IP3|HGNC:30766,0,0,0.70042825,0.29957175,0.70042825,True
non_essential_KMT5C|HGNC:28405,0,0,0.80781835,0.19218165,0.80781835,True
non_essential_OR6V1|HGNC:15090,0,0,0.54762316,0.45237684,0.54762316,True
non_essential_HACL1|HGNC:17856,0,0,0.5919736,0.4080264,0.5919736,True
non_essential_GPRASP2|HGNC:25169,0,0,0.4993208,0.5006792,0.5006792,True
non_essential_KRTAP6-2|HGNC:18932,0,0,0.3544911,0.6455089,0.6455089,True
non_essential_ATXN3L|HGNC:24173,0,0,0.51112115,0.48887885,0.51112115,True
non_essential_GSKIP|HGNC:20343,0,0,0.46913433,0.53086567,0.53086567,True
non_essential_OR5H15|HGNC:31287,0,0,0.45881653,0.5411835,0.5411835,True
non_essential_MTPN|HGNC:15667,0,0,0.52694577,0.47305423,0.52694577,True
non_essential_JCHAIN|HGNC:5713,0,0,0.49517417,0.50482583,0.50482583,True
non_essential_MNDA|HGNC:7183,0,0,0.5241191,0.47588092,0.5241191,True
non_essential_PDE8A|HGNC:8793,0,0,0.6111938,0.38880622,0.6111938,True
non_essential_IRF3|HGNC:6118,0,0,0.65218866,0.34781134,0.65218866,True
non_essential_POTEC|HGNC:33894,0,0,0.592834,0.407166,0.592834,True
non_essential_PP2D1|HGNC:28406,0,0,0.5066293,0.4933707,0.5066293,True
non_essential_ZNF814|HGNC:33258,0,0,0.5214928,0.47850722,0.5214928,True
non_essential_ARHGEF28|HGNC:30322,0,0,0.61601293,0.38398707,0.61601293,True
non_essential_CEACAM20|HGNC:24879,0,0,0.6252496,0.37475038,0.6252496,True
non_essential_OR1D5|HGNC:8186,0,0,0.6111368,0.3888632,0.6111368,True
non_essential_MPPED1|HGNC:1306,0,0,0.7615686,0.2384314,0.7615686,True
non_essential_ACOT9|HGNC:17152,0,0,0.49612725,0.50387275,0.50387275,True
non_essential_NOL3|HGNC:7869,0,1,0.9702088,0.029791176,0.9702088,False
non_essential_FOSB|HGNC:3797,0,0,0.7736717,0.22632831,0.7736717,True
non_essential_SERPINB12|HGNC:14220,0,0,0.59471786,0.40528214,0.59471786,True
non_essential_CYB561D1|HGNC:26804,0,0,0.6487162,0.3512838,0.6487162,True
non_essential_CSDC2|HGNC:30359,0,0,0.88506657,0.11493343,0.88506657,True
non_essential_ACBD6|HGNC:23339,0,0,0.5166376,0.48336238,0.5166376,True
non_essential_LHPP|HGNC:30042,0,0,0.81928635,0.18071365,0.81928635,True
non_essential_CIB2|HGNC:24579,0,0,0.74184155,0.25815845,0.74184155,True
non_essential_STEAP1|HGNC:11378,0,0,0.47466886,0.52533114,0.52533114,True
non_essential_LIPN|HGNC:23452,0,0,0.5159632,0.4840368,0.5159632,True
non_essential_HLA-DOA|HGNC:4936,0,0,0.78309625,0.21690375,0.78309625,True
non_essential_PTPRE|HGNC:9669,0,0,0.62636703,0.37363297,0.62636703,True
non_essential_C16orf91|HGNC:27558,0,0,0.71926874,0.28073126,0.71926874,True
non_essential_IST1|HGNC:28977,0,0,0.49339753,0.50660247,0.50660247,True
non_essential_EML2|HGNC:18035,0,0,0.6483789,0.3516211,0.6483789,True
non_essential_NARF|HGNC:29916,0,0,0.68509763,0.31490237,0.68509763,True
non_essential_FANCG|HGNC:3588,0,0,0.65142024,0.34857976,0.65142024,True
non_essential_VIPR2|HGNC:12695,0,0,0.6528114,0.3471886,0.6528114,True
non_essential_MT1E|HGNC:7397,0,0,0.43906677,0.56093323,0.56093323,True
non_essential_SDC4|HGNC:10661,0,0,0.5803342,0.4196658,0.5803342,True
non_essential_CNKSR1|HGNC:19700,0,0,0.6360501,0.3639499,0.6360501,True
non_essential_DGKB|HGNC:2850,0,0,0.59622663,0.40377337,0.59622663,True
non_essential_CEMP1|HGNC:32553,0,0,0.7037341,0.2962659,0.7037341,True
non_essential_PLXDC2|HGNC:21013,0,0,0.57044756,0.42955244,0.57044756,True
non_essential_ZNF783|HGNC:27222,0,0,0.7995506,0.2004494,0.7995506,True
non_essential_TMEM230|HGNC:15876,0,0,0.6626273,0.33737272,0.6626273,True
non_essential_DYNC1I1|HGNC:2963,0,0,0.6475823,0.3524177,0.6475823,True
non_essential_TMEM38A|HGNC:28462,0,0,0.85995597,0.14004403,0.85995597,True
non_essential_TCTEX1D4|HGNC:32315,0,0,0.83247805,0.16752195,0.83247805,True
non_essential_SYT9|HGNC:19265,0,0,0.591218,0.408782,0.591218,True
non_essential_GFAP|HGNC:4235,0,0,0.77280325,0.22719675,0.77280325,True
non_essential_DEFB108B|HGNC:29966,0,0,0.48089707,0.51910293,0.51910293,True
non_essential_MMP23B|HGNC:7171,0,0,0.85204655,0.14795345,0.85204655,True
non_essential_ADAMTSL2|HGNC:14631,0,0,0.66339797,0.33660203,0.66339797,True
non_essential_CCDC39|HGNC:25244,0,0,0.59796095,0.40203905,0.59796095,True
non_essential_KIAA0226L|HGNC:20420,0,0,0.56336135,0.43663865,0.56336135,True
non_essential_TMIGD1|HGNC:32431,0,0,0.47432643,0.52567357,0.52567357,True
non_essential_TBC1D25|HGNC:8092,0,0,0.67580473,0.32419527,0.67580473,True
non_essential_IL19|HGNC:5990,0,0,0.6564851,0.34351492,0.6564851,True
non_essential_OR4F16|HGNC:15079,0,0,0.48840857,0.51159143,0.51159143,True
non_essential_RCVRN|HGNC:9937,0,0,0.9123996,0.08760041,0.9123996,True
non_essential_ADCK2|HGNC:19039,0,0,0.6768791,0.3231209,0.6768791,True
non_essential_GPR152|HGNC:23622,0,0,0.91000694,0.08999306,0.91000694,True
non_essential_CCR2|HGNC:1603,0,0,0.60612625,0.39387375,0.60612625,True
non_essential_TPRG1|HGNC:24759,0,0,0.56577486,0.43422514,0.56577486,True
non_essential_NBPF3|HGNC:25076,0,0,0.5342216,0.4657784,0.5342216,True
non_essential_CPNE5|HGNC:2318,0,0,0.73585504,0.26414496,0.73585504,True
non_essential_HADH|HGNC:4799,0,0,0.5772274,0.4227726,0.5772274,True
non_essential_MCTP1|HGNC:26183,0,0,0.5848003,0.4151997,0.5848003,True
non_essential_TSTD2|HGNC:30087,0,0,0.5672756,0.43272442,0.5672756,True
non_essential_TPSAB1|HGNC:12019,0,0,0.809841,0.19015902,0.809841,True
non_essential_CXorf38|HGNC:28589,0,0,0.6838611,0.31613892,0.6838611,True
non_essential_RBPMS|HGNC:19097,0,0,0.54527396,0.45472604,0.54527396,True
non_essential_OR2A4|HGNC:14729,0,0,0.50912505,0.49087495,0.50912505,True
non_essential_BEND3|HGNC:23040,0,0,0.81001526,0.18998474,0.81001526,True
non_essential_IL5RA|HGNC:6017,0,0,0.540438,0.459562,0.540438,True
non_essential_ZNF107|HGNC:12887,0,0,0.4391272,0.5608728,0.5608728,True
non_essential_ZNF691|HGNC:28028,0,0,0.59896123,0.40103877,0.59896123,True
non_essential_MIP|HGNC:7103,0,0,0.579999,0.42000097,0.579999,True
non_essential_EEF1D|HGNC:3211,0,0,0.86287344,0.13712656,0.86287344,True
non_essential_PLN|HGNC:9080,0,0,0.63052124,0.36947876,0.63052124,True
non_essential_CTSW|HGNC:2546,0,0,0.6270817,0.3729183,0.6270817,True
non_essential_WDR41|HGNC:25601,0,0,0.5556259,0.44437408,0.5556259,True
non_essential_ESX1|HGNC:14865,0,0,0.6875267,0.3124733,0.6875267,True
non_essential_PCDH15|HGNC:14674,0,0,0.61481017,0.38518983,0.61481017,True
non_essential_SLC44A2|HGNC:17292,0,0,0.61205775,0.38794225,0.61205775,True
non_essential_HPSE|HGNC:5164,0,0,0.6454409,0.35455912,0.6454409,True
non_essential_SERPINF1|HGNC:8824,0,0,0.6922876,0.30771238,0.6922876,True
non_essential_CALB1|HGNC:1434,0,0,0.492575,0.507425,0.507425,True
non_essential_SCARB2|HGNC:1665,0,0,0.5366058,0.46339422,0.5366058,True
non_essential_NCKIPSD|HGNC:15486,0,0,0.7316456,0.26835442,0.7316456,True
non_essential_RCAN2|HGNC:3041,0,0,0.57775176,0.42224824,0.57775176,True
non_essential_LRRTM3|HGNC:19410,0,0,0.59435946,0.40564054,0.59435946,True
non_essential_SMCO3|HGNC:34401,0,0,0.4773876,0.5226124,0.5226124,True
non_essential_CD180|HGNC:6726,0,0,0.48768535,0.5123147,0.5123147,True
non_essential_RAMP1|HGNC:9843,0,0,0.71503705,0.28496295,0.71503705,True
non_essential_ACSS2|HGNC:15814,0,0,0.6264887,0.3735113,0.6264887,True
non_essential_TRPC7|HGNC:20754,0,0,0.5798037,0.4201963,0.5798037,True
non_essential_FSCN3|HGNC:3961,0,0,0.66192985,0.33807015,0.66192985,True
non_essential_DMRTB1|HGNC:13913,0,0,0.7389908,0.26100922,0.7389908,True
non_essential_PPM1L|HGNC:16381,0,0,0.5816605,0.4183395,0.5816605,True
non_essential_ZNF222|HGNC:13015,0,0,0.46059898,0.53940105,0.53940105,True
non_essential_ALS2CR11|HGNC:14438,0,0,0.59402406,0.40597594,0.59402406,True
non_essential_HS3ST4|HGNC:5200,0,0,0.70903814,0.29096186,0.70903814,True
non_essential_SEMA3E|HGNC:10727,0,0,0.6174372,0.38256282,0.6174372,True
non_essential_GAL3ST2|HGNC:24869,0,0,0.8940475,0.1059525,0.8940475,True
non_essential_HELB|HGNC:17196,0,0,0.60336286,0.39663714,0.60336286,True
non_essential_ENTPD6|HGNC:3368,0,0,0.6683867,0.3316133,0.6683867,True
non_essential_KRTAP8-1|HGNC:18935,0,0,0.46967167,0.53032833,0.53032833,True
non_essential_HOOK1|HGNC:19884,0,0,0.60156566,0.39843434,0.60156566,True
non_essential_FGA|HGNC:3661,0,0,0.5682338,0.4317662,0.5682338,True
non_essential_DHTKD1|HGNC:23537,0,0,0.6470386,0.35296142,0.6470386,True
non_essential_GPD1L|HGNC:28956,0,0,0.6305687,0.36943132,0.6305687,True
non_essential_TEX36|HGNC:31653,0,0,0.7240878,0.27591223,0.7240878,True
non_essential_TAC4|HGNC:16641,0,0,0.6970217,0.30297828,0.6970217,True
non_essential_SDR9C7|HGNC:29958,0,0,0.65615046,0.34384954,0.65615046,True
non_essential_ZC3HAV1L|HGNC:22423,0,0,0.79584044,0.20415956,0.79584044,True
non_essential_ZNF197|HGNC:12988,0,0,0.50491387,0.49508613,0.50491387,True
non_essential_FOXB2|HGNC:23315,0,0,0.67920214,0.32079786,0.67920214,True
non_essential_CLSTN2|HGNC:17448,0,0,0.72228706,0.27771294,0.72228706,True
non_essential_PRR22|HGNC:28354,0,0,0.73853827,0.26146173,0.73853827,True
non_essential_TANC1|HGNC:29364,0,0,0.59909517,0.40090483,0.59909517,True
non_essential_TMEM130|HGNC:25429,0,0,0.80444026,0.19555974,0.80444026,True
non_essential_DCST1|HGNC:26539,0,0,0.66772765,0.33227235,0.66772765,True
non_essential_SYTL1|HGNC:15584,0,0,0.9052508,0.09474921,0.9052508,True
non_essential_GPIHBP1|HGNC:24945,0,0,0.797287,0.20271301,0.797287,True
non_essential_CDC20B|HGNC:24222,0,0,0.5497748,0.45022517,0.5497748,True
non_essential_CCDC148|HGNC:25191,0,0,0.5116016,0.48839837,0.5116016,True
non_essential_AIRE|HGNC:360,0,0,0.77112544,0.22887456,0.77112544,True
non_essential_TCF19|HGNC:11629,0,0,0.55975676,0.44024324,0.55975676,True
non_essential_ACOT6|HGNC:33159,0,0,0.4890496,0.5109504,0.5109504,True
non_essential_LGALSL|HGNC:25012,0,0,0.5486115,0.45138848,0.5486115,True
non_essential_TRPM5|HGNC:14323,0,0,0.6510056,0.34899437,0.6510056,True
non_essential_LRCH4|HGNC:6691,0,0,0.7202496,0.2797504,0.7202496,True
non_essential_TOPAZ1|HGNC:24746,0,0,0.55533105,0.44466895,0.55533105,True
non_essential_FCAR|HGNC:3608,0,0,0.5281882,0.47181177,0.5281882,True
non_essential_PLA1A|HGNC:17661,0,0,0.5965407,0.4034593,0.5965407,True
non_essential_APOA2|HGNC:601,0,0,0.60550874,0.39449126,0.60550874,True
non_essential_NDUFB3|HGNC:7698,0,0,0.40626702,0.59373295,0.59373295,True
non_essential_TSGA10IP|HGNC:26555,0,0,0.8065444,0.19345558,0.8065444,True
non_essential_ZNF665|HGNC:25885,0,0,0.4855441,0.5144559,0.5144559,True
non_essential_TMEM253|HGNC:32545,0,0,0.57206875,0.42793125,0.57206875,True
non_essential_TMEM121|HGNC:20511,0,0,0.8466052,0.15339482,0.8466052,True
non_essential_OXGR1|HGNC:4531,0,0,0.53798574,0.46201426,0.53798574,True
non_essential_MOB3A|HGNC:29802,0,0,0.88688624,0.11311376,0.88688624,True
non_essential_CT83|HGNC:33494,0,0,0.48339933,0.51660067,0.51660067,True
non_essential_TATDN1|HGNC:24220,0,0,0.41384393,0.5861561,0.5861561,True
non_essential_ZNF35|HGNC:13099,0,0,0.48624498,0.513755,0.513755,True
non_essential_SLC35D2|HGNC:20799,0,0,0.49692604,0.50307393,0.50307393,True
non_essential_C1orf210|HGNC:28755,0,0,0.6415738,0.3584262,0.6415738,True
non_essential_SPINK4|HGNC:16646,0,0,0.4572594,0.5427406,0.5427406,True
non_essential_PRSS12|HGNC:9477,0,0,0.67117417,0.32882583,0.67117417,True
non_essential_NTM|HGNC:17941,0,0,0.6572895,0.3427105,0.6572895,True
non_essential_MPZL2|HGNC:3496,0,0,0.4474684,0.5525316,0.5525316,True
non_essential_PIEZO1|HGNC:28993,0,0,0.66500705,0.33499295,0.66500705,True
non_essential_PATJ|HGNC:28881,0,0,0.6215069,0.37849307,0.6215069,True
non_essential_HTR3E|HGNC:24005,0,0,0.67316633,0.32683367,0.67316633,True
non_essential_ELK1|HGNC:3321,0,0,0.66534245,0.33465755,0.66534245,True
non_essential_ITGA10|HGNC:6135,0,0,0.60449624,0.39550376,0.60449624,True
non_essential_PHYH|HGNC:8940,0,0,0.5911318,0.4088682,0.5911318,True
non_essential_SH3BP5L|HGNC:29360,0,0,0.7186934,0.28130662,0.7186934,True
non_essential_C1orf234|HGNC:44651,0,0,0.4717784,0.5282216,0.5282216,True
non_essential_FTMT|HGNC:17345,0,0,0.61328,0.38672,0.61328,True
non_essential_CYP2W1|HGNC:20243,0,0,0.81090885,0.18909115,0.81090885,True
non_essential_LYG2|HGNC:29615,0,0,0.5987654,0.40123463,0.5987654,True
non_essential_KCNJ18|HGNC:39080,0,0,0.92555934,0.07444066,0.92555934,True
non_essential_LCT|HGNC:6530,0,0,0.6319674,0.36803257,0.6319674,True
non_essential_TPD52|HGNC:12005,0,0,0.5430632,0.45693678,0.5430632,True
non_essential_KCNK1|HGNC:6272,0,0,0.6676121,0.33238792,0.6676121,True
non_essential_HTR7|HGNC:5302,0,0,0.55789876,0.44210124,0.55789876,True
non_essential_KCNJ11|HGNC:6257,0,0,0.74167496,0.25832504,0.74167496,True
non_essential_ANKRD33|HGNC:13788,0,0,0.70994586,0.29005414,0.70994586,True
non_essential_ABHD14B|HGNC:28235,0,0,0.6956691,0.3043309,0.6956691,True
non_essential_GCNT2|HGNC:4204,0,0,0.5909958,0.4090042,0.5909958,True
non_essential_COX7A1|HGNC:2287,0,0,0.5354064,0.4645936,0.5354064,True
non_essential_LRRIQ4|HGNC:34298,0,0,0.5918394,0.40816063,0.5918394,True
non_essential_USP6NL|HGNC:16858,0,0,0.6791856,0.32081437,0.6791856,True
non_essential_EDEM2|HGNC:15877,0,0,0.6366692,0.36333078,0.6366692,True
non_essential_NIPA2|HGNC:17044,0,0,0.55750424,0.44249576,0.55750424,True
non_essential_PTPN5|HGNC:9657,0,0,0.7708706,0.22912937,0.7708706,True
non_essential_RIT1|HGNC:10023,0,0,0.5216185,0.4783815,0.5216185,True
non_essential_CYP4A11|HGNC:2642,0,0,0.6938772,0.30612278,0.6938772,True
non_essential_TIGD5|HGNC:18336,0,0,0.86970514,0.13029486,0.86970514,True
non_essential_CD274|HGNC:17635,0,0,0.516256,0.48374403,0.516256,True
non_essential_C1orf116|HGNC:28667,0,0,0.56259614,0.43740386,0.56259614,True
non_essential_FMNL3|HGNC:23698,0,0,0.622192,0.37780797,0.622192,True
non_essential_OPRD1|HGNC:8153,0,0,0.76729757,0.23270243,0.76729757,True
non_essential_IFI27|HGNC:5397,0,0,0.53552616,0.46447384,0.53552616,True
non_essential_TCTN2|HGNC:25774,0,0,0.5823508,0.4176492,0.5823508,True
non_essential_ARL4D|HGNC:656,0,0,0.7015422,0.2984578,0.7015422,True
non_essential_OR5H2|HGNC:14752,0,0,0.48656803,0.51343197,0.51343197,True
non_essential_ADTRP|HGNC:21214,0,0,0.5769049,0.4230951,0.5769049,True
non_essential_LECT2|HGNC:6550,0,0,0.5216551,0.47834492,0.5216551,True
non_essential_PBDC1|HGNC:28790,0,0,0.49774215,0.5022578,0.5022578,True
non_essential_SLC24A2|HGNC:10976,0,0,0.53143364,0.46856636,0.53143364,True
non_essential_TRAP1|HGNC:16264,0,0,0.6500795,0.3499205,0.6500795,True
non_essential_CHRNB1|HGNC:1961,0,0,0.64284676,0.35715324,0.64284676,True
non_essential_CORO2A|HGNC:2255,0,0,0.75971675,0.24028325,0.75971675,True
non_essential_ESYT3|HGNC:24295,0,0,0.6610996,0.3389004,0.6610996,True
non_essential_POLD4|HGNC:14106,0,0,0.7001724,0.29982758,0.7001724,True
non_essential_OR4K15|HGNC:15353,0,0,0.64240634,0.35759366,0.64240634,True
non_essential_EFCAB14|HGNC:29051,0,0,0.56889033,0.43110967,0.56889033,True
non_essential_FAM127B|HGNC:24514,0,0,0.74073875,0.25926125,0.74073875,True
non_essential_C1QTNF3|HGNC:14326,0,0,0.517978,0.482022,0.517978,True
non_essential_SORBS2|HGNC:24098,0,0,0.6378996,0.36210042,0.6378996,True
non_essential_TSPEAR|HGNC:1268,0,0,0.69202155,0.30797845,0.69202155,True
non_essential_SAMD3|HGNC:21574,0,0,0.4727577,0.5272423,0.5272423,True
non_essential_TRIM36|HGNC:16280,0,0,0.50367653,0.49632347,0.50367653,True
non_essential_ALG10B|HGNC:31088,0,0,0.51824766,0.48175234,0.51824766,True
non_essential_LYPD3|HGNC:24880,0,0,0.6909862,0.30901378,0.6909862,True
non_essential_PRKCDBP|HGNC:9400,0,0,0.78239477,0.21760523,0.78239477,True
non_essential_ANXA4|HGNC:542,0,0,0.53045005,0.46954995,0.53045005,True
non_essential_NOTCH3|HGNC:7883,0,0,0.62503004,0.37496996,0.62503004,True
non_essential_CYBA|HGNC:2577,0,0,0.86784965,0.13215035,0.86784965,True
non_essential_NEIL1|HGNC:18448,0,0,0.8825205,0.1174795,0.8825205,True
non_essential_ZPBP2|HGNC:20678,0,0,0.5005032,0.49949682,0.5005032,True
non_essential_NQO2|HGNC:7856,0,0,0.48701015,0.5129899,0.5129899,True
non_essential_NR2E3|HGNC:7974,0,0,0.7179773,0.2820227,0.7179773,True
non_essential_C11orf65|HGNC:28519,0,0,0.5102472,0.48975283,0.5102472,True
non_essential_SLFN14|HGNC:32689,0,0,0.5482542,0.4517458,0.5482542,True
non_essential_TMEM244|HGNC:21571,0,0,0.37627444,0.62372553,0.62372553,True
non_essential_OR5D16|HGNC:15283,0,0,0.42469212,0.57530785,0.57530785,True
non_essential_TMEM173|HGNC:27962,0,0,0.5967377,0.40326232,0.5967377,True
non_essential_LMO7DN|HGNC:44370,0,0,0.5568663,0.4431337,0.5568663,True
non_essential_BHLHE41|HGNC:16617,0,0,0.62507606,0.37492394,0.62507606,True
non_essential_ZNF248|HGNC:13041,0,0,0.44820237,0.5517976,0.5517976,True
non_essential_PLK3|HGNC:2154,0,0,0.61959094,0.38040906,0.61959094,True
non_essential_NPAS4|HGNC:18983,0,0,0.69997185,0.30002815,0.69997185,True
non_essential_NOX3|HGNC:7890,0,0,0.58169764,0.41830236,0.58169764,True
non_essential_NPIPB6|HGNC:37454,0,0,0.5550958,0.4449042,0.5550958,True
non_essential_DERL3|HGNC:14236,0,0,0.67423934,0.32576066,0.67423934,True
non_essential_TYSND1|HGNC:28531,0,0,0.6461333,0.3538667,0.6461333,True
non_essential_PSKH2|HGNC:18997,0,0,0.59283376,0.40716624,0.59283376,True
non_essential_KRTAP19-2|HGNC:18937,0,0,0.392639,0.60736096,0.60736096,True
non_essential_DCTD|HGNC:2710,0,0,0.52194077,0.47805923,0.52194077,True
non_essential_HOMER3|HGNC:17514,0,0,0.9252491,0.0747509,0.9252491,True
non_essential_CCDC3|HGNC:23813,0,0,0.7591927,0.2408073,0.7591927,True
non_essential_ACTL8|HGNC:24018,0,0,0.71311593,0.28688407,0.71311593,True
non_essential_HTR6|HGNC:5301,0,0,0.6502644,0.34973562,0.6502644,True
non_essential_NPY5R|HGNC:7958,0,0,0.4792694,0.5207306,0.5207306,True
non_essential_OR4X1|HGNC:14854,0,0,0.49876085,0.5012392,0.5012392,True
non_essential_ANKRD20A2|HGNC:31979,0,0,0.6382294,0.36177057,0.6382294,True
non_essential_OR8D4|HGNC:14840,0,0,0.4832321,0.51676786,0.51676786,True
non_essential_SIRT7|HGNC:14935,0,0,0.6849688,0.31503117,0.6849688,True
non_essential_TUBB4A|HGNC:20774,0,0,0.9309435,0.06905651,0.9309435,True
non_essential_ZNF18|HGNC:12969,0,0,0.49710953,0.50289047,0.50289047,True
non_essential_HIST1H2AC|HGNC:4733,0,0,0.6323679,0.3676321,0.6323679,True
non_essential_SHISA7|HGNC:35409,0,0,0.9297037,0.07029629,0.9297037,True
non_essential_WNK4|HGNC:14544,0,0,0.67139316,0.32860684,0.67139316,True
non_essential_WFDC8|HGNC:16163,0,0,0.5415379,0.45846212,0.5415379,True
non_essential_PSME1|HGNC:9568,0,0,0.49798945,0.5020106,0.5020106,True
non_essential_NHLRC3|HGNC:33751,0,0,0.48343244,0.5165676,0.5165676,True
non_essential_ZNF7|HGNC:13139,0,0,0.50195634,0.49804366,0.50195634,True
non_essential_C5orf63|HGNC:40051,0,0,0.4603712,0.5396288,0.5396288,True
non_essential_FCRL6|HGNC:31910,0,0,0.61057466,0.38942534,0.61057466,True
non_essential_APLN|HGNC:16665,0,0,0.44336736,0.55663264,0.55663264,True
non_essential_CDH22|HGNC:13251,0,0,0.7124694,0.2875306,0.7124694,True
non_essential_LDLRAP1|HGNC:18640,0,0,0.6431222,0.3568778,0.6431222,True
non_essential_DEFB131|HGNC:18108,0,0,0.465198,0.53480196,0.53480196,True
non_essential_MYO1C|HGNC:7597,0,0,0.70365703,0.29634297,0.70365703,True
non_essential_CHST2|HGNC:1970,0,0,0.6918143,0.3081857,0.6918143,True
non_essential_PLA2G4C|HGNC:9037,0,0,0.5932841,0.40671593,0.5932841,True
non_essential_PPID|HGNC:9257,0,0,0.6599619,0.34003812,0.6599619,True
non_essential_MAGEA1|HGNC:6796,0,0,0.65425867,0.34574133,0.65425867,True
non_essential_STK38|HGNC:17847,0,0,0.49272838,0.50727165,0.50727165,True
non_essential_KRT20|HGNC:20412,0,0,0.6621329,0.33786708,0.6621329,True
non_essential_CALM3|HGNC:1449,0,0,0.91989285,0.08010715,0.91989285,True
non_essential_SOX1|HGNC:11189,0,0,0.8045095,0.19549048,0.8045095,True
non_essential_SBK2|HGNC:34416,0,0,0.8276519,0.17234808,0.8276519,True
non_essential_ZNF701|HGNC:25597,0,0,0.49763608,0.5023639,0.5023639,True
non_essential_MMP10|HGNC:7156,0,0,0.58144903,0.41855097,0.58144903,True
non_essential_C16orf70|HGNC:29564,0,0,0.52656436,0.47343564,0.52656436,True
non_essential_MSRA|HGNC:7377,0,0,0.6500262,0.3499738,0.6500262,True
non_essential_CARD14|HGNC:16446,0,0,0.78670096,0.21329904,0.78670096,True
non_essential_COA6|HGNC:18025,0,0,0.6434032,0.35659683,0.6434032,True
non_essential_TYW1B|HGNC:33908,0,0,0.5911661,0.40883392,0.5911661,True
non_essential_ARSH|HGNC:32488,0,0,0.56514573,0.43485427,0.56514573,True
non_essential_SLC15A2|HGNC:10921,0,0,0.50628734,0.49371266,0.50628734,True
non_essential_IFNA10|HGNC:5418,0,0,0.5081388,0.49186122,0.5081388,True
non_essential_FHL3|HGNC:3704,0,0,0.6193517,0.38064831,0.6193517,True
non_essential_CSN2|HGNC:2447,0,0,0.53487784,0.46512216,0.53487784,True
non_essential_DNAJB7|HGNC:24986,0,0,0.47370493,0.52629507,0.52629507,True
non_essential_DEFB118|HGNC:16196,0,0,0.47161174,0.52838826,0.52838826,True
non_essential_OR5T2|HGNC:15296,0,0,0.49559063,0.5044094,0.5044094,True
non_essential_KIF2B|HGNC:29443,0,0,0.6616473,0.33835268,0.6616473,True
non_essential_LPO|HGNC:6678,0,0,0.648508,0.351492,0.648508,True
non_essential_DEFB127|HGNC:16206,0,0,0.48477426,0.51522577,0.51522577,True
non_essential_OR5I1|HGNC:8347,0,0,0.47797146,0.52202857,0.52202857,True
non_essential_SIGLEC15|HGNC:27596,0,0,0.67551035,0.32448965,0.67551035,True
non_essential_B4GALNT3|HGNC:24137,0,0,0.64858896,0.35141104,0.64858896,True
non_essential_TWF1|HGNC:9620,0,0,0.52661705,0.47338295,0.52661705,True
non_essential_KRTAP9-8|HGNC:17231,0,0,0.41721416,0.58278584,0.58278584,True
non_essential_CFAP70|HGNC:30726,0,0,0.5212008,0.47879922,0.5212008,True
non_essential_OR52H1|HGNC:15218,0,0,0.60087657,0.39912343,0.60087657,True
non_essential_TM2D1|HGNC:24142,0,0,0.4978747,0.50212526,0.50212526,True
non_essential_LYSMD3|HGNC:26969,0,0,0.4868428,0.5131572,0.5131572,True
non_essential_KRTAP10-3|HGNC:22968,0,0,0.7313027,0.26869732,0.7313027,True
non_essential_LTA4H|HGNC:6710,0,0,0.6315116,0.36848837,0.6315116,True
non_essential_TXNDC9|HGNC:24110,0,0,0.42317235,0.57682765,0.57682765,True
non_essential_PSMD9|HGNC:9567,0,0,0.7376671,0.26233292,0.7376671,True
non_essential_ZNF721|HGNC:29425,0,0,0.495332,0.504668,0.504668,True
non_essential_DEFB123|HGNC:18103,0,0,0.5027284,0.4972716,0.5027284,True
non_essential_INMT|HGNC:6069,0,0,0.763375,0.23662502,0.763375,True
non_essential_POLK|HGNC:9183,0,0,0.48342746,0.51657254,0.51657254,True
non_essential_LTB4R|HGNC:6713,0,0,0.65966886,0.34033114,0.65966886,True
non_essential_SAXO2|HGNC:33727,0,0,0.5004346,0.49956542,0.5004346,True
non_essential_ZBTB14|HGNC:12860,0,0,0.5195115,0.48048848,0.5195115,True
non_essential_SPATA32|HGNC:26349,0,0,0.7316049,0.26839513,0.7316049,True
non_essential_GPC2|HGNC:4450,0,0,0.706567,0.293433,0.706567,True
non_essential_DNAJC25|HGNC:34187,0,0,0.62467754,0.37532246,0.62467754,True
non_essential_CD52|HGNC:1804,0,0,0.45191106,0.5480889,0.5480889,True
non_essential_CYP1A1|HGNC:2595,0,0,0.5997029,0.4002971,0.5997029,True
non_essential_GMPR2|HGNC:4377,0,0,0.5413694,0.45863062,0.5413694,True
non_essential_RASL11B|HGNC:23804,0,0,0.65815157,0.34184843,0.65815157,True
non_essential_C1orf228|HGNC:34345,0,0,0.7023642,0.2976358,0.7023642,True
non_essential_DYM|HGNC:21317,0,0,0.6138632,0.38613677,0.6138632,True
non_essential_IL12RB2|HGNC:5972,0,0,0.5293721,0.4706279,0.5293721,True
non_essential_CLEC12A|HGNC:31713,0,0,0.5405916,0.4594084,0.5405916,True
non_essential_CBR4|HGNC:25891,0,0,0.5079429,0.49205709,0.5079429,True
non_essential_LILRA4|HGNC:15503,0,0,0.7929533,0.20704669,0.7929533,True
non_essential_BST1|HGNC:1118,0,0,0.6559027,0.34409732,0.6559027,True
non_essential_TAF9B|HGNC:17306,0,0,0.4940986,0.5059014,0.5059014,True
non_essential_SH2D3A|HGNC:16885,0,0,0.73747057,0.26252943,0.73747057,True
non_essential_C9orf69|HGNC:31009,0,0,0.64357203,0.35642797,0.64357203,True
non_essential_OR52L1|HGNC:14785,0,0,0.50497586,0.49502414,0.50497586,True
non_essential_THBS2|HGNC:11786,0,0,0.6290033,0.3709967,0.6290033,True
non_essential_RASD1|HGNC:15828,0,0,0.9296269,0.07037312,0.9296269,True
non_essential_ZNF585A|HGNC:26305,0,0,0.5234868,0.4765132,0.5234868,True
non_essential_PDK3|HGNC:8811,0,0,0.60153496,0.39846504,0.60153496,True
non_essential_SLC30A3|HGNC:11014,0,0,0.78645617,0.21354383,0.78645617,True
non_essential_MYO1F|HGNC:7600,0,0,0.6834672,0.3165328,0.6834672,True
non_essential_SFXN1|HGNC:16085,0,0,0.6440491,0.3559509,0.6440491,True
non_essential_FGF7|HGNC:3685,0,0,0.42404988,0.57595015,0.57595015,True
non_essential_TMEM119|HGNC:27884,0,0,0.67447615,0.32552385,0.67447615,True
non_essential_ENTPD2|HGNC:3364,0,0,0.8784503,0.121549726,0.8784503,True
non_essential_CCKBR|HGNC:1571,0,0,0.655682,0.34431797,0.655682,True
non_essential_PSG6|HGNC:9523,0,0,0.5221224,0.47787762,0.5221224,True
non_essential_SRSF9|HGNC:10791,0,1,0.9540997,0.045900285,0.9540997,False
non_essential_AKR1C1|HGNC:384,0,0,0.54804677,0.45195323,0.54804677,True
non_essential_TMEM99|HGNC:28305,0,0,0.46899205,0.53100795,0.53100795,True
non_essential_AMIGO2|HGNC:24073,0,0,0.5988825,0.4011175,0.5988825,True
non_essential_STK3|HGNC:11406,0,0,0.4924249,0.5075751,0.5075751,True
non_essential_SPATA12|HGNC:23221,0,0,0.49389458,0.5061054,0.5061054,True
non_essential_MYO5C|HGNC:7604,0,0,0.6166787,0.3833213,0.6166787,True
non_essential_ANKRD29|HGNC:27110,0,0,0.6247542,0.3752458,0.6247542,True
non_essential_SCN4B|HGNC:10592,0,0,0.73685473,0.26314527,0.73685473,True
non_essential_ZNRF1|HGNC:18452,0,0,0.5389208,0.46107918,0.5389208,True
non_essential_ZNF213|HGNC:13005,0,0,0.851807,0.148193,0.851807,True
non_essential_CLEC4E|HGNC:14555,0,0,0.48762614,0.51237386,0.51237386,True
non_essential_ZNF613|HGNC:25827,0,0,0.4821618,0.51783824,0.51783824,True
non_essential_PHLDB3|HGNC:30499,0,0,0.7024241,0.2975759,0.7024241,True
non_essential_ZFP62|HGNC:23241,0,0,0.4836258,0.51637423,0.51637423,True
non_essential_MS4A1|HGNC:7315,0,0,0.50116456,0.49883544,0.50116456,True
non_essential_C1orf123|HGNC:26059,0,0,0.52494043,0.47505957,0.52494043,True
non_essential_OR51A7|HGNC:15188,0,0,0.4763268,0.5236732,0.5236732,True
non_essential_RSPH4A|HGNC:21558,0,0,0.58893543,0.41106457,0.58893543,True
non_essential_NLRP6|HGNC:22944,0,0,0.8785487,0.12145132,0.8785487,True
non_essential_ERICH2|HGNC:44395,0,0,0.46021554,0.53978443,0.53978443,True
non_essential_TIGD6|HGNC:18332,0,0,0.5248395,0.47516048,0.5248395,True
non_essential_HKR1|HGNC:4928,0,0,0.522194,0.47780597,0.522194,True
non_essential_HLA-G|HGNC:4964,0,0,0.8288647,0.1711353,0.8288647,True
non_essential_C16orf96|HGNC:40031,0,0,0.60327977,0.39672023,0.60327977,True
non_essential_L3MBTL4|HGNC:26677,0,0,0.5275165,0.47248352,0.5275165,True
non_essential_DAPK3|HGNC:2676,0,0,0.89331317,0.10668683,0.89331317,True
non_essential_MXD1|HGNC:6761,0,0,0.6278693,0.3721307,0.6278693,True
non_essential_MUC4|HGNC:7514,0,0,0.5953498,0.4046502,0.5953498,True
non_essential_F13A1|HGNC:3531,0,0,0.6112786,0.3887214,0.6112786,True
non_essential_LZTS1|HGNC:13861,0,0,0.7336442,0.2663558,0.7336442,True
non_essential_GAS8|HGNC:4166,0,0,0.70553404,0.29446596,0.70553404,True
non_essential_RIPK3|HGNC:10021,0,0,0.6648076,0.33519238,0.6648076,True
non_essential_SLC10A4|HGNC:22980,0,0,0.6299565,0.37004352,0.6299565,True
non_essential_PPP1R3G|HGNC:14945,0,0,0.7505269,0.2494731,0.7505269,True
non_essential_DCAF12|HGNC:19911,0,0,0.53903913,0.46096087,0.53903913,True
non_essential_RGPD4|HGNC:32417,0,0,0.5643785,0.4356215,0.5643785,True
non_essential_TSPY3|HGNC:33876,0,0,0.64268684,0.35731316,0.64268684,True
non_essential_OR2M5|HGNC:19576,0,0,0.57117885,0.42882115,0.57117885,True
non_essential_TLR5|HGNC:11851,0,0,0.52471143,0.47528857,0.52471143,True
non_essential_PPM1H|HGNC:18583,0,0,0.7162817,0.2837183,0.7162817,True
non_essential_EDEM3|HGNC:16787,0,0,0.58190036,0.41809964,0.58190036,True
non_essential_MAGEE1|HGNC:24934,0,0,0.63025045,0.36974955,0.63025045,True
non_essential_AGTR2|HGNC:338,0,0,0.45945188,0.5405481,0.5405481,True
non_essential_HCRTR2|HGNC:4849,0,0,0.58364326,0.41635674,0.58364326,True
non_essential_SLC52A1|HGNC:30225,0,0,0.6623408,0.33765918,0.6623408,True
non_essential_PDLIM5|HGNC:17468,0,0,0.5160763,0.48392367,0.5160763,True
non_essential_CLEC6A|HGNC:14556,0,0,0.44590038,0.5540996,0.5540996,True
non_essential_TMEM178B|HGNC:44112,0,0,0.69586223,0.30413777,0.69586223,True
non_essential_TYW1|HGNC:25598,0,0,0.60658133,0.39341867,0.60658133,True
non_essential_PGRMC1|HGNC:16090,0,0,0.9206662,0.07933378,0.9206662,True
non_essential_AMT|HGNC:473,0,0,0.6419017,0.35809833,0.6419017,True
non_essential_PLEKHF2|HGNC:20757,0,0,0.47318226,0.52681774,0.52681774,True
non_essential_MT2A|HGNC:7406,0,0,0.41780442,0.5821956,0.5821956,True
non_essential_SERPINB3|HGNC:10569,0,0,0.5878456,0.41215438,0.5878456,True
non_essential_SPATA6L|HGNC:25472,0,0,0.5823375,0.4176625,0.5823375,True
non_essential_SLC45A2|HGNC:16472,0,0,0.60060304,0.39939696,0.60060304,True
non_essential_RWDD4|HGNC:23750,0,0,0.4983311,0.50166893,0.50166893,True
non_essential_MARCH9|HGNC:25139,0,0,0.66156745,0.33843255,0.66156745,True
non_essential_FAM127C|HGNC:33156,0,0,0.6675256,0.3324744,0.6675256,True
non_essential_SIT1|HGNC:17710,0,0,0.54002446,0.45997554,0.54002446,True
non_essential_AIMP1|HGNC:10648,0,0,0.47218257,0.5278174,0.5278174,True
non_essential_CCL16|HGNC:10614,0,0,0.51963043,0.48036957,0.51963043,True
non_essential_GPCPD1|HGNC:26957,0,0,0.50404793,0.49595207,0.50404793,True
non_essential_PROSER1|HGNC:20291,0,0,0.5314183,0.46858168,0.5314183,True
non_essential_R3HCC1|HGNC:27329,0,0,0.84383225,0.15616775,0.84383225,True
non_essential_OR6C70|HGNC:31299,0,0,0.45383784,0.5461621,0.5461621,True
non_essential_ADI1|HGNC:30576,0,0,0.5290866,0.4709134,0.5290866,True
non_essential_IGFL3|HGNC:32930,0,0,0.7958153,0.20418471,0.7958153,True
non_essential_COX6A1|HGNC:2277,0,0,0.604559,0.395441,0.604559,True
non_essential_FBXO22|HGNC:13593,0,0,0.62300336,0.37699664,0.62300336,True
non_essential_PKLR|HGNC:9020,0,0,0.64801806,0.35198194,0.64801806,True
non_essential_PGAP3|HGNC:23719,0,0,0.91959053,0.08040947,0.91959053,True
non_essential_OCSTAMP|HGNC:16116,0,0,0.66715616,0.33284384,0.66715616,True
non_essential_A2M|HGNC:7,0,0,0.61866945,0.38133055,0.61866945,True
non_essential_FAM196A|HGNC:33859,0,0,0.6630432,0.3369568,0.6630432,True
non_essential_ZGPAT|HGNC:15948,0,0,0.7502386,0.2497614,0.7502386,True
non_essential_RAB28|HGNC:9768,0,0,0.4771455,0.5228545,0.5228545,True
non_essential_UCK1|HGNC:14859,0,0,0.70347095,0.29652905,0.70347095,True
non_essential_GHRL|HGNC:18129,0,0,0.66854936,0.33145064,0.66854936,True
non_essential_RABL3|HGNC:18072,0,0,0.5489466,0.45105338,0.5489466,True
non_essential_AP1G2|HGNC:556,0,0,0.6947989,0.3052011,0.6947989,True
non_essential_OMA1|HGNC:29661,0,0,0.48740324,0.5125967,0.5125967,True
non_essential_FBXL22|HGNC:27537,0,0,0.7629174,0.2370826,0.7629174,True
non_essential_SPANXC|HGNC:14331,0,0,0.50024086,0.49975914,0.50024086,True
non_essential_GAS2L1|HGNC:16955,0,0,0.7565232,0.24347681,0.7565232,True
non_essential_CTAG2|HGNC:2492,0,0,0.68173724,0.31826276,0.68173724,True
non_essential_PLA2G10|HGNC:9029,0,0,0.60810566,0.39189434,0.60810566,True
non_essential_ZNF449|HGNC:21039,0,0,0.51272523,0.48727477,0.51272523,True
non_essential_LCE3D|HGNC:16615,0,0,0.51179665,0.48820335,0.51179665,True
non_essential_PAPLN|HGNC:19262,0,0,0.7320078,0.2679922,0.7320078,True
non_essential_SRSF5|HGNC:10787,0,0,0.51098883,0.48901117,0.51098883,True
non_essential_NIPAL3|HGNC:25233,0,0,0.6319881,0.3680119,0.6319881,True
non_essential_ABCC12|HGNC:14640,0,0,0.59527844,0.40472156,0.59527844,True
non_essential_FTHL17|HGNC:3987,0,0,0.93633455,0.06366545,0.93633455,True
non_essential_LGALS14|HGNC:30054,0,0,0.7131936,0.2868064,0.7131936,True
non_essential_ZNF557|HGNC:28632,0,0,0.58667755,0.41332245,0.58667755,True
non_essential_TATDN2|HGNC:28988,0,0,0.5871565,0.41284353,0.5871565,True
non_essential_ASB5|HGNC:17180,0,0,0.6836384,0.3163616,0.6836384,True
non_essential_NLRP4|HGNC:22943,0,0,0.63597006,0.36402994,0.63597006,True
non_essential_SPACA5B|HGNC:19142,0,0,0.4638693,0.53613067,0.53613067,True
non_essential_ZNF699|HGNC:24750,0,0,0.49374655,0.5062535,0.5062535,True
non_essential_BAIAP3|HGNC:948,0,0,0.76573145,0.23426855,0.76573145,True
non_essential_FBXO6|HGNC:13585,0,0,0.56289136,0.43710864,0.56289136,True
non_essential_PIK3CG|HGNC:8978,0,0,0.59818536,0.40181464,0.59818536,True
non_essential_APOD|HGNC:612,0,0,0.57899976,0.42100024,0.57899976,True
non_essential_FGF14|HGNC:3671,0,0,0.45905843,0.5409416,0.5409416,True
non_essential_HSF2BP|HGNC:5226,0,0,0.6057084,0.39429158,0.6057084,True
non_essential_MOCOS|HGNC:18234,0,0,0.60500747,0.39499253,0.60500747,True
non_essential_TBC1D8B|HGNC:24715,0,0,0.51726663,0.48273337,0.51726663,True
non_essential_CHGB|HGNC:1930,0,0,0.55700153,0.44299847,0.55700153,True
non_essential_ZNF705D|HGNC:33202,0,0,0.4721581,0.5278419,0.5278419,True
non_essential_OR10H5|HGNC:15389,0,0,0.8412711,0.1587289,0.8412711,True
non_essential_C20orf141|HGNC:16134,0,0,0.53917676,0.46082324,0.53917676,True
non_essential_FAM134A|HGNC:28450,0,0,0.7305157,0.26948428,0.7305157,True
non_essential_ZNF184|HGNC:12975,0,0,0.46778277,0.53221726,0.53221726,True
non_essential_SEMA4B|HGNC:10730,0,0,0.6841926,0.3158074,0.6841926,True
non_essential_CNGA4|HGNC:2152,0,0,0.67720747,0.32279253,0.67720747,True
non_essential_ZNF518A|HGNC:29009,0,0,0.48759285,0.5124072,0.5124072,True
non_essential_CPA5|HGNC:15722,0,0,0.6185294,0.38147062,0.6185294,True
non_essential_CLDN22|HGNC:2044,0,0,0.46445158,0.53554845,0.53554845,True
non_essential_TMPRSS7|HGNC:30846,0,0,0.53143185,0.46856815,0.53143185,True
non_essential_USP17L7|HGNC:37180,0,0,0.6139717,0.3860283,0.6139717,True
non_essential_COL18A1|HGNC:2195,0,0,0.74503225,0.25496775,0.74503225,True
non_essential_GPM6B|HGNC:4461,0,0,0.6215624,0.37843758,0.6215624,True
non_essential_SLC15A4|HGNC:23090,0,0,0.7316773,0.2683227,0.7316773,True
non_essential_ZNF707|HGNC:27815,0,0,0.68665445,0.31334555,0.68665445,True
non_essential_CPXM1|HGNC:15771,0,0,0.68820435,0.31179565,0.68820435,True
non_essential_TSKU|HGNC:28850,0,0,0.7425136,0.2574864,0.7425136,True
non_essential_TMEM208|HGNC:25015,0,0,0.57364684,0.42635316,0.57364684,True
non_essential_GAGE12J|HGNC:17778,0,0,0.50075537,0.49924463,0.50075537,True
non_essential_ESYT2|HGNC:22211,0,0,0.6376602,0.3623398,0.6376602,True
non_essential_UTY|HGNC:12638,0,0,0.59647965,0.40352035,0.59647965,True
non_essential_FRK|HGNC:3955,0,0,0.6119101,0.3880899,0.6119101,True
non_essential_MVB12B|HGNC:23368,0,0,0.49839506,0.5016049,0.5016049,True
non_essential_C17orf80|HGNC:29601,0,0,0.5350138,0.4649862,0.5350138,True
non_essential_NIPAL4|HGNC:28018,0,0,0.7165744,0.28342563,0.7165744,True
non_essential_RNF7|HGNC:10070,0,0,0.5722314,0.4277686,0.5722314,True
non_essential_GPLD1|HGNC:4459,0,0,0.63898474,0.36101526,0.63898474,True
non_essential_CERKL|HGNC:21699,0,0,0.5435276,0.4564724,0.5435276,True
non_essential_CIB1|HGNC:16920,0,0,0.66178393,0.33821607,0.66178393,True
non_essential_GLRX|HGNC:4330,0,0,0.46936142,0.5306386,0.5306386,True
non_essential_CPTP|HGNC:28116,0,0,0.8853482,0.1146518,0.8853482,True
non_essential_PGBD1|HGNC:19398,0,0,0.49674386,0.50325614,0.50325614,True
non_essential_ILDR1|HGNC:28741,0,0,0.6143084,0.38569158,0.6143084,True
non_essential_GPR87|HGNC:4538,0,0,0.4856614,0.5143386,0.5143386,True
non_essential_C11orf68|HGNC:28801,0,0,0.619121,0.38087898,0.619121,True
non_essential_ADAMTS14|HGNC:14899,0,0,0.62549424,0.37450576,0.62549424,True
non_essential_SLC17A2|HGNC:10930,0,0,0.5411113,0.4588887,0.5411113,True
non_essential_LOXHD1|HGNC:26521,0,0,0.63928246,0.36071754,0.63928246,True
non_essential_HFE|HGNC:4886,0,0,0.5220699,0.47793013,0.5220699,True
non_essential_CLTB|HGNC:2091,0,0,0.7670727,0.23292732,0.7670727,True
non_essential_THUMPD3|HGNC:24493,0,0,0.49403983,0.50596017,0.50596017,True
non_essential_TMCC3|HGNC:29199,0,0,0.602136,0.39786398,0.602136,True
non_essential_CTDSPL|HGNC:16890,0,0,0.5780982,0.42190182,0.5780982,True
non_essential_CYB5R1|HGNC:13397,0,0,0.6035987,0.3964013,0.6035987,True
non_essential_C3orf52|HGNC:26255,0,0,0.5350677,0.46493232,0.5350677,True
non_essential_PCGF6|HGNC:21156,0,0,0.59593934,0.40406066,0.59593934,True
non_essential_DND1|HGNC:23799,0,0,0.7362227,0.26377732,0.7362227,True
non_essential_MIF4GD|HGNC:24030,0,0,0.6510206,0.3489794,0.6510206,True
non_essential_ZNF682|HGNC:28857,0,0,0.46112433,0.5388757,0.5388757,True
non_essential_PRSS58|HGNC:39125,0,0,0.45625725,0.5437428,0.5437428,True
non_essential_FAM63B|HGNC:26954,0,0,0.58041394,0.41958606,0.58041394,True
non_essential_SFXN4|HGNC:16088,0,0,0.507887,0.492113,0.507887,True
non_essential_RAP2C|HGNC:21165,0,0,0.48094222,0.51905775,0.51905775,True
non_essential_OR8K5|HGNC:15315,0,0,0.5256457,0.47435433,0.5256457,True
non_essential_LRRC38|HGNC:27005,0,0,0.77464414,0.22535586,0.77464414,True
non_essential_PTH|HGNC:9606,0,0,0.46022376,0.5397762,0.5397762,True
non_essential_NT5C1B|HGNC:17818,0,0,0.6088609,0.3911391,0.6088609,True
non_essential_MYCL|HGNC:7555,0,0,0.7023606,0.29763943,0.7023606,True
non_essential_OR4N4|HGNC:15375,0,0,0.54356265,0.45643735,0.54356265,True
non_essential_IMPACT|HGNC:20387,0,0,0.49416026,0.5058397,0.5058397,True
non_essential_RCAN1|HGNC:3040,0,0,0.6871801,0.3128199,0.6871801,True
non_essential_DGKE|HGNC:2852,0,0,0.581981,0.418019,0.581981,True
non_essential_GOLGA8B|HGNC:31973,0,0,0.71087646,0.28912354,0.71087646,True
non_essential_ERICH4|HGNC:34497,0,0,0.64658886,0.35341114,0.64658886,True
non_essential_TTLL2|HGNC:21211,0,0,0.6242636,0.37573642,0.6242636,True
non_essential_CFL2|HGNC:1875,0,0,0.4094523,0.5905477,0.5905477,True
non_essential_FAM102A|HGNC:31419,0,0,0.8595634,0.14043659,0.8595634,True
non_essential_MYH7|HGNC:7577,0,0,0.6696978,0.33030218,0.6696978,True
non_essential_GPAT2|HGNC:27168,0,0,0.64202636,0.35797364,0.64202636,True
non_essential_VSIG2|HGNC:17149,0,0,0.62542397,0.37457603,0.62542397,True
non_essential_IFI6|HGNC:4054,0,0,0.6752847,0.32471532,0.6752847,True
non_essential_FAM107A|HGNC:30827,0,0,0.48383486,0.51616514,0.51616514,True
non_essential_CLIC3|HGNC:2064,0,0,0.9304657,0.0695343,0.9304657,True
non_essential_RNASE10|HGNC:19275,0,0,0.5123166,0.48768342,0.5123166,True
non_essential_ARHGAP28|HGNC:25509,0,0,0.66679716,0.33320284,0.66679716,True
non_essential_GPRC6A|HGNC:18510,0,0,0.4865364,0.5134636,0.5134636,True
non_essential_NAALADL2|HGNC:23219,0,0,0.5294299,0.4705701,0.5294299,True
non_essential_ECI1|HGNC:2703,0,0,0.6680545,0.33194548,0.6680545,True
non_essential_PBOV1|HGNC:21079,0,0,0.4438075,0.5561925,0.5561925,True
non_essential_CRISPLD1|HGNC:18206,0,0,0.50900376,0.49099624,0.50900376,True
non_essential_CD109|HGNC:21685,0,0,0.5972009,0.40279913,0.5972009,True
non_essential_TLE6|HGNC:30788,0,0,0.79295015,0.20704985,0.79295015,True
non_essential_NADSYN1|HGNC:29832,0,0,0.6810181,0.3189819,0.6810181,True
non_essential_NUDT12|HGNC:18826,0,0,0.47368935,0.5263107,0.5263107,True
non_essential_PTPRN2|HGNC:9677,0,0,0.7343708,0.26562917,0.7343708,True
non_essential_CCDC85C|HGNC:35459,0,0,0.93770903,0.062290967,0.93770903,True
non_essential_OR10T2|HGNC:14816,0,0,0.4821211,0.5178789,0.5178789,True
non_essential_ZNF600|HGNC:30951,0,0,0.4638808,0.5361192,0.5361192,True
non_essential_ARMC4|HGNC:25583,0,0,0.6192923,0.38070768,0.6192923,True
non_essential_OSGIN1|HGNC:30093,0,0,0.85030264,0.14969736,0.85030264,True
non_essential_LEMD1|HGNC:18725,0,0,0.57774174,0.42225826,0.57774174,True
non_essential_UGT2A1|HGNC:12542,0,0,0.49628136,0.5037186,0.5037186,True
non_essential_TMEM251|HGNC:20218,0,0,0.49801102,0.501989,0.501989,True
non_essential_SNX21|HGNC:16154,0,0,0.94572943,0.054270566,0.94572943,True
non_essential_ANKRD54|HGNC:25185,0,0,0.7478903,0.2521097,0.7478903,True
non_essential_AK1|HGNC:361,0,0,0.765471,0.23452902,0.765471,True
non_essential_DHRS11|HGNC:28639,0,0,0.6774174,0.3225826,0.6774174,True
non_essential_CT45A6|HGNC:33271,0,0,0.49131212,0.50868785,0.50868785,True
non_essential_IRS4|HGNC:6128,0,0,0.6156968,0.3843032,0.6156968,True
non_essential_HIRIP3|HGNC:4917,0,0,0.7660621,0.23393792,0.7660621,True
non_essential_IKZF5|HGNC:14283,0,0,0.5112295,0.48877048,0.5112295,True
non_essential_HIST1H4L|HGNC:4791,0,0,0.585307,0.414693,0.585307,True
non_essential_TLR10|HGNC:15634,0,0,0.4888701,0.51112986,0.51112986,True
non_essential_KCNK3|HGNC:6278,0,0,0.9149606,0.08503938,0.9149606,True
non_essential_THAP6|HGNC:23189,0,0,0.5095419,0.49045807,0.5095419,True
non_essential_ZNF311|HGNC:13847,0,0,0.50049686,0.49950314,0.50049686,True
non_essential_CRB3|HGNC:20237,0,0,0.65315074,0.34684926,0.65315074,True
non_essential_ANTXR2|HGNC:21732,0,0,0.59484774,0.40515226,0.59484774,True
non_essential_ZNF397|HGNC:18818,0,0,0.507827,0.49217302,0.507827,True
non_essential_SCLY|HGNC:18161,0,0,0.6607521,0.33924788,0.6607521,True
non_essential_PENK|HGNC:8831,0,0,0.53631246,0.46368754,0.53631246,True
non_essential_GPR63|HGNC:13302,0,0,0.5099042,0.4900958,0.5099042,True
non_essential_WSCD1|HGNC:29060,0,0,0.91261345,0.08738655,0.91261345,True
non_essential_ABCB6|HGNC:47,0,0,0.6380825,0.3619175,0.6380825,True
non_essential_CHIC2|HGNC:1935,0,0,0.5296388,0.47036117,0.5296388,True
non_essential_MAGEH1|HGNC:24092,0,0,0.6095718,0.3904282,0.6095718,True
non_essential_CEP295NL|HGNC:44659,0,0,0.547108,0.452892,0.547108,True
non_essential_KHNYN|HGNC:20166,0,0,0.6057626,0.3942374,0.6057626,True
non_essential_PLEKHA8|HGNC:30037,0,0,0.5041713,0.4958287,0.5041713,True
non_essential_CT47A7|HGNC:33288,0,0,0.78890824,0.21109176,0.78890824,True
non_essential_INPP5D|HGNC:6079,0,0,0.6788355,0.3211645,0.6788355,True
non_essential_PNPLA5|HGNC:24888,0,0,0.7069698,0.2930302,0.7069698,True
non_essential_CREG1|HGNC:2351,0,0,0.70548534,0.29451466,0.70548534,True
non_essential_TATDN3|HGNC:27010,0,0,0.5252421,0.4747579,0.5252421,True
non_essential_RSBN1|HGNC:25642,0,0,0.5867742,0.41322583,0.5867742,True
non_essential_AUNIP|HGNC:28363,0,0,0.506874,0.49312598,0.506874,True
non_essential_METTL18|HGNC:28793,0,0,0.46775478,0.5322452,0.5322452,True
non_essential_ZNF317|HGNC:13507,0,0,0.723386,0.276614,0.723386,True
non_essential_SH3BP2|HGNC:10825,0,0,0.80571747,0.19428253,0.80571747,True
non_essential_CASD1|HGNC:16014,0,0,0.5676164,0.4323836,0.5676164,True
non_essential_OR6K2|HGNC:15029,0,0,0.5697792,0.43022078,0.5697792,True
non_essential_CABP2|HGNC:1385,0,0,0.94288516,0.05711484,0.94288516,True
non_essential_SLC28A3|HGNC:16484,0,0,0.5912054,0.40879458,0.5912054,True
non_essential_TSPAN13|HGNC:21643,0,0,0.4815103,0.5184897,0.5184897,True
non_essential_C9orf16|HGNC:17823,0,0,0.6285455,0.37145448,0.6285455,True
non_essential_TMEM27|HGNC:29437,0,0,0.44101954,0.55898046,0.55898046,True
non_essential_DNAJC10|HGNC:24637,0,0,0.506644,0.493356,0.506644,True
non_essential_ZNF529|HGNC:29328,0,0,0.47036833,0.5296317,0.5296317,True
non_essential_CELA3B|HGNC:15945,0,0,0.87176335,0.12823665,0.87176335,True
non_essential_HACE1|HGNC:21033,0,0,0.5956335,0.4043665,0.5956335,True
non_essential_GRXCR1|HGNC:31673,0,0,0.5359408,0.46405917,0.5359408,True
non_essential_GMFB|HGNC:4373,0,0,0.5947041,0.4052959,0.5947041,True
non_essential_GAPDHS|HGNC:24864,0,0,0.8022601,0.1977399,0.8022601,True
non_essential_TAPBP|HGNC:11566,0,0,0.67208135,0.32791865,0.67208135,True
non_essential_ROM1|HGNC:10254,0,0,0.66800064,0.33199936,0.66800064,True
non_essential_ARFGAP1|HGNC:15852,0,0,0.65452594,0.34547406,0.65452594,True
non_essential_VNN1|HGNC:12705,0,0,0.5490788,0.45092118,0.5490788,True
non_essential_LIN37|HGNC:33234,0,0,0.9443215,0.055678487,0.9443215,True
non_essential_JRK|HGNC:6199,0,0,0.65710634,0.34289366,0.65710634,True
non_essential_ZBP1|HGNC:16176,0,0,0.57901335,0.42098665,0.57901335,True
non_essential_OR5F1|HGNC:8343,0,0,0.5707713,0.42922872,0.5707713,True
non_essential_USP21|HGNC:12620,0,0,0.66523623,0.33476377,0.66523623,True
non_essential_FAM81A|HGNC:28379,0,0,0.4926328,0.5073672,0.5073672,True
non_essential_PPP1R12B|HGNC:7619,0,0,0.56611925,0.43388075,0.56611925,True
non_essential_PRSS50|HGNC:17910,0,0,0.83002603,0.16997397,0.83002603,True
non_essential_LRCOL1|HGNC:44160,0,0,0.73592854,0.26407146,0.73592854,True
non_essential_APPL2|HGNC:18242,0,0,0.6135378,0.3864622,0.6135378,True
non_essential_SLCO1B1|HGNC:10959,0,0,0.4758992,0.5241008,0.5241008,True
non_essential_MS4A10|HGNC:13368,0,0,0.54852635,0.45147365,0.54852635,True
non_essential_ERI2|HGNC:30541,0,0,0.53078145,0.46921855,0.53078145,True
non_essential_LMBRD1|HGNC:23038,0,0,0.5322121,0.46778792,0.5322121,True
non_essential_CELA3A|HGNC:15944,0,0,0.86194044,0.13805956,0.86194044,True
non_essential_TBC1D3L|HGNC:51246,0,0,0.68128926,0.31871074,0.68128926,True
non_essential_NUDT10|HGNC:17621,0,0,0.65944856,0.34055144,0.65944856,True
non_essential_GPR85|HGNC:4536,0,0,0.53158045,0.46841955,0.53158045,True
non_essential_CAPNS2|HGNC:16371,0,0,0.48071533,0.51928467,0.51928467,True
non_essential_MTX1|HGNC:7504,0,0,0.84271675,0.15728325,0.84271675,True
non_essential_UBXN11|HGNC:30600,0,0,0.58315474,0.41684526,0.58315474,True
non_essential_C4orf48|HGNC:34437,0,0,0.60022503,0.39977497,0.60022503,True
non_essential_KIAA1328|HGNC:29248,0,0,0.5356808,0.46431923,0.5356808,True
non_essential_NMU|HGNC:7859,0,0,0.6210131,0.3789869,0.6210131,True
non_essential_CATSPERG|HGNC:25243,0,0,0.65013874,0.34986126,0.65013874,True
non_essential_ICAM3|HGNC:5346,0,0,0.74218404,0.25781596,0.74218404,True
non_essential_MUC22|HGNC:39755,0,0,0.56562775,0.43437225,0.56562775,True
non_essential_DUSP16|HGNC:17909,0,0,0.6429952,0.35700482,0.6429952,True
non_essential_PIWIL4|HGNC:18444,0,0,0.57329273,0.42670727,0.57329273,True
non_essential_TGFA|HGNC:11765,0,0,0.8733688,0.1266312,0.8733688,True
non_essential_VRK2|HGNC:12719,0,0,0.4863551,0.51364493,0.51364493,True
non_essential_CLDN6|HGNC:2048,0,0,0.8745023,0.1254977,0.8745023,True
non_essential_PYROXD2|HGNC:23517,0,0,0.57920885,0.42079115,0.57920885,True
non_essential_ISOC1|HGNC:24254,0,0,0.6559295,0.3440705,0.6559295,True
non_essential_ECHDC2|HGNC:23408,0,0,0.78625035,0.21374965,0.78625035,True
non_essential_OR51B6|HGNC:19600,0,0,0.47619766,0.52380234,0.52380234,True
non_essential_PLBD1|HGNC:26215,0,0,0.5311498,0.4688502,0.5311498,True
non_essential_BHMT|HGNC:1047,0,0,0.5291022,0.4708978,0.5291022,True
non_essential_EID2|HGNC:28292,0,0,0.6102828,0.38971722,0.6102828,True
non_essential_PHYHD1|HGNC:23396,0,0,0.6939872,0.3060128,0.6939872,True
non_essential_HABP4|HGNC:17062,0,0,0.652788,0.34721202,0.652788,True
non_essential_KANK1|HGNC:19309,0,0,0.6473387,0.3526613,0.6473387,True
non_essential_PROK1|HGNC:18454,0,0,0.5921792,0.40782082,0.5921792,True
non_essential_CYLC1|HGNC:2582,0,0,0.53301585,0.46698415,0.53301585,True
non_essential_SSH3|HGNC:30581,0,0,0.6773965,0.32260352,0.6773965,True
non_essential_OTUD6A|HGNC:32312,0,0,0.8060927,0.19390732,0.8060927,True
non_essential_ATAD3A|HGNC:25567,0,0,0.7337513,0.2662487,0.7337513,True
non_essential_HLA-E|HGNC:4962,0,0,0.7792871,0.2207129,0.7792871,True
non_essential_OR51A4|HGNC:14795,0,0,0.43683553,0.5631645,0.5631645,True
non_essential_OR2T8|HGNC:15020,0,0,0.65260226,0.34739774,0.65260226,True
non_essential_NCR3|HGNC:19077,0,0,0.7534294,0.24657059,0.7534294,True
non_essential_ADAM18|HGNC:196,0,0,0.49625126,0.5037488,0.5037488,True
non_essential_SH2D5|HGNC:28819,0,0,0.9455035,0.054496527,0.9455035,True
non_essential_ZNF438|HGNC:21029,0,0,0.5306784,0.4693216,0.5306784,True
non_essential_APOBEC2|HGNC:605,0,0,0.55254996,0.44745004,0.55254996,True
non_essential_MAGEB18|HGNC:28515,0,0,0.5315608,0.46843922,0.5315608,True
non_essential_PTH2R|HGNC:9609,0,0,0.62053144,0.37946856,0.62053144,True
non_essential_TNK1|HGNC:11940,0,0,0.7459793,0.2540207,0.7459793,True
non_essential_ASB13|HGNC:19765,0,0,0.89045775,0.10954225,0.89045775,True
non_essential_ARMCX1|HGNC:18073,0,0,0.5230791,0.4769209,0.5230791,True
non_essential_SFRP1|HGNC:10776,0,0,0.90302587,0.096974134,0.90302587,True
non_essential_ADAMDEC1|HGNC:16299,0,0,0.4822719,0.5177281,0.5177281,True
non_essential_DPPA3|HGNC:19199,0,0,0.53558326,0.46441674,0.53558326,True
non_essential_PHLDA2|HGNC:12385,0,1,0.95860046,0.04139954,0.95860046,False
non_essential_OR4D5|HGNC:14852,0,0,0.5721158,0.42788422,0.5721158,True
non_essential_OBP2B|HGNC:23381,0,0,0.5275372,0.47246277,0.5275372,True
non_essential_HS6ST3|HGNC:19134,0,0,0.69422734,0.30577266,0.69422734,True
non_essential_PRB4|HGNC:9340,0,1,0.95773166,0.042268336,0.95773166,False
non_essential_WIPF3|HGNC:22004,0,0,0.59679925,0.40320075,0.59679925,True
non_essential_MLX|HGNC:11645,0,0,0.6345758,0.36542422,0.6345758,True
non_essential_HCLS1|HGNC:4844,0,0,0.62682766,0.37317234,0.62682766,True
non_essential_SMIM20|HGNC:37260,0,0,0.5322417,0.4677583,0.5322417,True
non_essential_HMGCLL1|HGNC:21359,0,0,0.48049584,0.5195042,0.5195042,True
non_essential_RSPH1|HGNC:12371,0,0,0.5303929,0.4696071,0.5303929,True
non_essential_CNPY1|HGNC:27786,0,0,0.47014886,0.52985114,0.52985114,True
non_essential_CRYAB|HGNC:2389,0,0,0.6303659,0.3696341,0.6303659,True
non_essential_ERCC6|HGNC:3438,0,0,0.5990593,0.40094072,0.5990593,True
non_essential_SMIM24|HGNC:37244,0,0,0.744306,0.25569397,0.744306,True
non_essential_CCDC8|HGNC:25367,0,0,0.6913482,0.3086518,0.6913482,True
non_essential_ACSS3|HGNC:24723,0,0,0.60960037,0.39039963,0.60960037,True
non_essential_COBLL1|HGNC:23571,0,0,0.578773,0.42122698,0.578773,True
non_essential_ZKSCAN8|HGNC:12983,0,0,0.5416852,0.45831478,0.5416852,True
non_essential_NUGGC|HGNC:33550,0,0,0.5954423,0.4045577,0.5954423,True
non_essential_IER5|HGNC:5393,0,0,0.77454895,0.22545105,0.77454895,True
non_essential_PROKR1|HGNC:4524,0,0,0.7637722,0.23622781,0.7637722,True
non_essential_ERICH1|HGNC:27234,0,0,0.53624904,0.46375096,0.53624904,True
non_essential_TMEM210|HGNC:34059,0,0,0.6695524,0.3304476,0.6695524,True
non_essential_RAB41|HGNC:18293,0,0,0.5883324,0.4116676,0.5883324,True
non_essential_TEKT3|HGNC:14293,0,0,0.58155936,0.41844064,0.58155936,True
non_essential_NCR3LG1|HGNC:42400,0,0,0.541004,0.458996,0.541004,True
non_essential_OLFM3|HGNC:17990,0,0,0.53846866,0.46153134,0.53846866,True
non_essential_CXorf36|HGNC:25866,0,0,0.6936619,0.30633807,0.6936619,True
non_essential_CCDC170|HGNC:21177,0,0,0.67519134,0.32480866,0.67519134,True
non_essential_ERN2|HGNC:16942,0,0,0.6384068,0.3615932,0.6384068,True
non_essential_C12orf74|HGNC:27887,0,0,0.60070574,0.39929426,0.60070574,True
non_essential_OR9Q1|HGNC:14724,0,0,0.49195647,0.5080435,0.5080435,True
non_essential_RPH3A|HGNC:17056,0,0,0.6100887,0.3899113,0.6100887,True
non_essential_CCDC136|HGNC:22225,0,0,0.6041751,0.3958249,0.6041751,True
non_essential_MYOF|HGNC:3656,0,0,0.61491966,0.38508034,0.61491966,True
non_essential_ZSCAN32|HGNC:20812,0,0,0.5453246,0.45467538,0.5453246,True
non_essential_USP17L25|HGNC:44452,0,0,0.6399291,0.36007088,0.6399291,True
non_essential_HNRNPLL|HGNC:25127,0,0,0.58864594,0.41135406,0.58864594,True
non_essential_C2orf78|HGNC:34349,0,0,0.52197045,0.47802955,0.52197045,True
non_essential_KLHL29|HGNC:29404,0,0,0.66483396,0.33516604,0.66483396,True
non_essential_LIPM|HGNC:23455,0,0,0.48545676,0.51454324,0.51454324,True
non_essential_C19orf81|HGNC:40041,0,0,0.8841319,0.11586809,0.8841319,True
non_essential_PGAM4|HGNC:21731,0,0,0.6557607,0.3442393,0.6557607,True
non_essential_TRMT13|HGNC:25502,0,0,0.51313025,0.48686975,0.51313025,True
non_essential_IGDCC4|HGNC:13770,0,0,0.6597081,0.34029192,0.6597081,True
non_essential_PCDH12|HGNC:8657,0,0,0.61038876,0.38961124,0.61038876,True
non_essential_TEX29|HGNC:20370,0,0,0.5896704,0.41032958,0.5896704,True
non_essential_CXCR6|HGNC:16647,0,0,0.5463,0.4537,0.5463,True
non_essential_LRRC74B|HGNC:34301,0,0,0.6274331,0.37256688,0.6274331,True
non_essential_GORASP2|HGNC:17500,0,0,0.55280006,0.44719994,0.55280006,True
non_essential_POTEB3|HGNC:51240,0,0,0.56764543,0.43235457,0.56764543,True
non_essential_NANOS2|HGNC:23292,0,0,0.8451879,0.1548121,0.8451879,True
non_essential_WFDC10A|HGNC:16139,0,0,0.49732643,0.50267357,0.50267357,True
non_essential_DLEC1|HGNC:2899,0,0,0.6099604,0.39003962,0.6099604,True
non_essential_RGPD2|HGNC:32415,0,0,0.568139,0.43186098,0.568139,True
non_essential_CPXCR1|HGNC:2332,0,0,0.50100434,0.49899566,0.50100434,True
non_essential_CSH2|HGNC:2441,0,0,0.73281443,0.26718557,0.73281443,True
non_essential_FABP5|HGNC:3560,0,0,0.4192938,0.58070624,0.58070624,True
non_essential_CLHC1|HGNC:26453,0,0,0.48153868,0.51846135,0.51846135,True
non_essential_MZT2A|HGNC:33187,0,0,0.7450341,0.2549659,0.7450341,True
non_essential_DUX4|HGNC:50800,0,0,0.73854876,0.26145124,0.73854876,True
non_essential_PARP12|HGNC:21919,0,0,0.64553845,0.35446155,0.64553845,True
non_essential_ATF6B|HGNC:2349,0,0,0.6238966,0.3761034,0.6238966,True
non_essential_LAMP5|HGNC:16097,0,0,0.6397067,0.36029333,0.6397067,True
non_essential_SPDYE3|HGNC:35462,0,0,0.6729365,0.3270635,0.6729365,True
non_essential_C10orf35|HGNC:23519,0,0,0.6296401,0.3703599,0.6296401,True
non_essential_PELI3|HGNC:30010,0,0,0.7559556,0.24404442,0.7559556,True
non_essential_TRIM49|HGNC:13431,0,0,0.47715038,0.5228496,0.5228496,True
non_essential_NRGN|HGNC:8000,0,0,0.52596045,0.47403955,0.52596045,True
non_essential_CCDC180|HGNC:29303,0,0,0.6382132,0.36178678,0.6382132,True
non_essential_SRSF12|HGNC:21220,0,0,0.5508563,0.4491437,0.5508563,True
non_essential_SPPL2B|HGNC:30627,0,0,0.91247815,0.08752185,0.91247815,True
non_essential_ANXA2|HGNC:537,0,0,0.6396978,0.3603022,0.6396978,True
non_essential_CYHR1|HGNC:17806,0,0,0.94296277,0.057037234,0.94296277,True
non_essential_KCNK16|HGNC:14464,0,0,0.7124421,0.2875579,0.7124421,True
non_essential_TAGLN|HGNC:11553,0,0,0.7809911,0.21900892,0.7809911,True
non_essential_ITPR3|HGNC:6182,0,0,0.64825475,0.35174525,0.64825475,True
non_essential_GNA15|HGNC:4383,0,0,0.77933407,0.22066593,0.77933407,True
non_essential_CCDC129|HGNC:27363,0,0,0.63714707,0.36285293,0.63714707,True
non_essential_C16orf95|HGNC:40033,0,0,0.66185284,0.33814716,0.66185284,True
non_essential_TRIM15|HGNC:16284,0,0,0.7505766,0.24942338,0.7505766,True
non_essential_EPDR1|HGNC:17572,0,0,0.63930166,0.36069834,0.63930166,True
non_essential_CERS1|HGNC:14253,0,0,0.8262205,0.17377949,0.8262205,True
non_essential_ANKRD33B|HGNC:35240,0,0,0.8946441,0.10535592,0.8946441,True
non_essential_PRTN3|HGNC:9495,0,0,0.75347733,0.24652267,0.75347733,True
non_essential_AMPH|HGNC:471,0,0,0.5826821,0.41731793,0.5826821,True
non_essential_DHRS13|HGNC:28326,0,0,0.8197126,0.18028742,0.8197126,True
non_essential_UNG|HGNC:12572,0,0,0.6673742,0.3326258,0.6673742,True
non_essential_CCHCR1|HGNC:13930,0,0,0.74105823,0.25894177,0.74105823,True
non_essential_FZD7|HGNC:4045,0,0,0.70839196,0.29160804,0.70839196,True
non_essential_HPS1|HGNC:5163,0,0,0.73882926,0.26117074,0.73882926,True
non_essential_STEAP2|HGNC:17885,0,0,0.54094565,0.45905435,0.54094565,True
non_essential_BNC1|HGNC:1081,0,0,0.5897815,0.41021848,0.5897815,True
non_essential_TUBA3D|HGNC:24071,0,0,0.6338916,0.36610842,0.6338916,True
non_essential_GPR183|HGNC:3128,0,0,0.5349707,0.4650293,0.5349707,True
non_essential_PI16|HGNC:21245,0,0,0.8508201,0.14917988,0.8508201,True
non_essential_KIFC3|HGNC:6326,0,0,0.7023803,0.2976197,0.7023803,True
non_essential_CTNNAL1|HGNC:2512,0,0,0.57618576,0.42381424,0.57618576,True
non_essential_CCDC90B|HGNC:28108,0,0,0.5004717,0.4995283,0.5004717,True
non_essential_TYROBP|HGNC:12449,0,0,0.82415986,0.17584014,0.82415986,True
non_essential_PLA2G4B|HGNC:9036,0,0,0.66889757,0.33110243,0.66889757,True
non_essential_RPS4Y1|HGNC:10425,0,0,0.6091417,0.3908583,0.6091417,True
non_essential_RDH12|HGNC:19977,0,0,0.52544105,0.47455895,0.52544105,True
non_essential_ZFYVE26|HGNC:20761,0,0,0.63593507,0.36406493,0.63593507,True
non_essential_PPP1R1A|HGNC:9286,0,0,0.5996459,0.4003541,0.5996459,True
non_essential_TSPAN32|HGNC:13410,0,0,0.72928447,0.27071553,0.72928447,True
non_essential_NAT9|HGNC:23133,0,0,0.7153977,0.28460228,0.7153977,True
non_essential_FN3KRP|HGNC:25700,0,0,0.8121618,0.1878382,0.8121618,True
non_essential_CEP89|HGNC:25907,0,0,0.5930752,0.40692478,0.5930752,True
non_essential_SLC34A3|HGNC:20305,0,0,0.71532035,0.28467965,0.71532035,True
non_essential_NLRP1|HGNC:14374,0,0,0.6186397,0.3813603,0.6186397,True
non_essential_CIDEB|HGNC:1977,0,0,0.6399213,0.3600787,0.6399213,True
non_essential_ATAD3B|HGNC:24007,0,0,0.704767,0.295233,0.704767,True
non_essential_SPATA21|HGNC:28026,0,0,0.7242445,0.27575552,0.7242445,True
non_essential_APOBEC3D|HGNC:17354,0,0,0.6481622,0.3518378,0.6481622,True
non_essential_FOXD4L4|HGNC:23762,0,0,0.65103054,0.34896946,0.65103054,True
non_essential_SLC10A1|HGNC:10905,0,0,0.66921926,0.33078074,0.66921926,True
non_essential_SMIM6|HGNC:40032,0,0,0.42841363,0.5715864,0.5715864,True
non_essential_IGFBP2|HGNC:5471,0,0,0.93277544,0.06722456,0.93277544,True
non_essential_PIK3IP1|HGNC:24942,0,0,0.81628233,0.18371767,0.81628233,True
non_essential_EFCAB9|HGNC:34530,0,0,0.59437037,0.40562963,0.59437037,True
non_essential_EYA2|HGNC:3520,0,0,0.5514537,0.4485463,0.5514537,True
non_essential_CPO|HGNC:21011,0,0,0.49143675,0.5085633,0.5085633,True
non_essential_ZP4|HGNC:15770,0,0,0.55862063,0.44137937,0.55862063,True
non_essential_SMYD4|HGNC:21067,0,0,0.61367327,0.38632673,0.61367327,True
non_essential_DNAH7|HGNC:18661,0,0,0.6186037,0.3813963,0.6186037,True
non_essential_ZNF672|HGNC:26179,0,0,0.87551564,0.12448436,0.87551564,True
non_essential_CCNJL|HGNC:25876,0,0,0.65933716,0.34066284,0.65933716,True
non_essential_TRIML1|HGNC:26698,0,0,0.63181305,0.36818695,0.63181305,True
non_essential_BBS12|HGNC:26648,0,0,0.588053,0.411947,0.588053,True
non_essential_NEFM|HGNC:7734,0,0,0.66827035,0.33172965,0.66827035,True
non_essential_CSRP1|HGNC:2469,0,0,0.63495743,0.36504257,0.63495743,True
non_essential_P2RY14|HGNC:16442,0,0,0.4780881,0.52191186,0.52191186,True
non_essential_MPPE1|HGNC:15988,0,0,0.5360731,0.4639269,0.5360731,True
non_essential_ATXN1L|HGNC:33279,0,0,0.6310316,0.36896843,0.6310316,True
non_essential_TXNDC16|HGNC:19965,0,0,0.4938562,0.5061438,0.5061438,True
non_essential_HIST1H2AE|HGNC:4724,0,0,0.7000244,0.29997557,0.7000244,True
non_essential_CD302|HGNC:30843,0,0,0.5427584,0.4572416,0.5427584,True
non_essential_SLAMF6|HGNC:21392,0,0,0.48412138,0.5158786,0.5158786,True
non_essential_TRAK2|HGNC:13206,0,0,0.54528534,0.45471466,0.54528534,True
non_essential_OR10A5|HGNC:15131,0,0,0.54707134,0.45292866,0.54707134,True
non_essential_DHX34|HGNC:16719,0,0,0.70179504,0.29820496,0.70179504,True
non_essential_DMP1|HGNC:2932,0,0,0.4628709,0.5371291,0.5371291,True
non_essential_OR52A5|HGNC:19580,0,0,0.50108725,0.49891275,0.50108725,True
non_essential_PGLYRP4|HGNC:30015,0,0,0.63294053,0.36705947,0.63294053,True
non_essential_CDC42SE1|HGNC:17719,0,0,0.47167185,0.5283282,0.5283282,True
non_essential_TOM1L2|HGNC:11984,0,0,0.7171074,0.28289258,0.7171074,True
non_essential_KLHL33|HGNC:31952,0,0,0.64929354,0.35070646,0.64929354,True
non_essential_CDYL2|HGNC:23030,0,0,0.7110924,0.2889076,0.7110924,True
non_essential_IFNLR1|HGNC:18584,0,0,0.7166136,0.2833864,0.7166136,True
non_essential_TNXB|HGNC:11976,0,0,0.9084888,0.09151119,0.9084888,True
non_essential_CRTAP|HGNC:2379,0,0,0.5535209,0.44647908,0.5535209,True
non_essential_SLC17A4|HGNC:10932,0,0,0.50809515,0.49190485,0.50809515,True
non_essential_OR13C2|HGNC:14701,0,0,0.47797963,0.52202034,0.52202034,True
non_essential_PRR16|HGNC:29654,0,0,0.49918744,0.50081253,0.50081253,True
non_essential_KRT73|HGNC:28928,0,0,0.725978,0.27402198,0.725978,True
non_essential_UTS2R|HGNC:4468,0,0,0.8962781,0.10372192,0.8962781,True
non_essential_DPH7|HGNC:25199,0,0,0.6394536,0.3605464,0.6394536,True
non_essential_FAM90A1|HGNC:25526,0,0,0.7913581,0.20864189,0.7913581,True
non_essential_CNTD1|HGNC:26847,0,0,0.5405081,0.4594919,0.5405081,True
non_essential_DYNC1LI2|HGNC:2966,0,0,0.5606899,0.43931007,0.5606899,True
non_essential_SELENBP1|HGNC:10719,0,0,0.6341482,0.36585182,0.6341482,True
non_essential_SEPT11|HGNC:25589,0,0,0.5245229,0.4754771,0.5245229,True
non_essential_SEPT3|HGNC:10750,0,0,0.8540791,0.14592087,0.8540791,True
non_essential_C7orf57|HGNC:22247,0,0,0.6340531,0.3659469,0.6340531,True
non_essential_ATXN3|HGNC:7106,0,0,0.46769613,0.53230387,0.53230387,True
non_essential_LYRM1|HGNC:25074,0,0,0.5235726,0.47642738,0.5235726,True
non_essential_RAC3|HGNC:9803,0,0,0.8211443,0.17885572,0.8211443,True
non_essential_NAA16|HGNC:26164,0,0,0.53973556,0.46026444,0.53973556,True
non_essential_SRPK3|HGNC:11402,0,0,0.70641613,0.29358387,0.70641613,True
non_essential_TOLLIP|HGNC:16476,0,0,0.8088923,0.19110769,0.8088923,True
non_essential_LUM|HGNC:6724,0,0,0.48584878,0.5141512,0.5141512,True
non_essential_STK10|HGNC:11388,0,0,0.7513879,0.2486121,0.7513879,True
non_essential_DUOX1|HGNC:3062,0,0,0.69582117,0.30417883,0.69582117,True
non_essential_ZNF433|HGNC:20811,0,0,0.46809646,0.5319035,0.5319035,True
non_essential_OR10H2|HGNC:8173,0,0,0.79979557,0.20020443,0.79979557,True
non_essential_AP4S1|HGNC:575,0,0,0.47661546,0.5233846,0.5233846,True
non_essential_CYP4F3|HGNC:2646,0,0,0.6015566,0.3984434,0.6015566,True
non_essential_PPP1R14B|HGNC:9057,0,0,0.9181016,0.08189839,0.9181016,True
non_essential_ZNF626|HGNC:30461,0,0,0.40771842,0.5922816,0.5922816,True
non_essential_PGA4|HGNC:8886,0,0,0.6860168,0.3139832,0.6860168,True
non_essential_GGT6|HGNC:26891,0,0,0.688201,0.311799,0.688201,True
non_essential_MAN1B1|HGNC:6823,0,0,0.6427965,0.35720348,0.6427965,True
non_essential_P2RY2|HGNC:8541,0,0,0.7597493,0.2402507,0.7597493,True
non_essential_OR14I1|HGNC:19575,0,0,0.5318043,0.46819568,0.5318043,True
non_essential_CCSAP|HGNC:29578,0,0,0.7235046,0.2764954,0.7235046,True
non_essential_DACT3|HGNC:30745,0,0,0.888264,0.111736,0.888264,True
non_essential_DAPP1|HGNC:16500,0,0,0.5120315,0.4879685,0.5120315,True
non_essential_STH|HGNC:18839,0,0,0.51306325,0.48693675,0.51306325,True
non_essential_C1QTNF2|HGNC:14325,0,0,0.84858406,0.15141594,0.84858406,True
non_essential_PACRG|HGNC:19152,0,0,0.65811,0.34188998,0.65811,True
non_essential_MYL3|HGNC:7584,0,0,0.7938336,0.20616639,0.7938336,True
non_essential_B3GALNT2|HGNC:28596,0,0,0.6626616,0.3373384,0.6626616,True
non_essential_SLC4A3|HGNC:11029,0,0,0.71984714,0.28015286,0.71984714,True
non_essential_ZNF165|HGNC:12953,0,0,0.48713994,0.51286006,0.51286006,True
non_essential_MAP3K19|HGNC:26249,0,0,0.6270867,0.3729133,0.6270867,True
non_essential_MLC1|HGNC:17082,0,0,0.6630543,0.3369457,0.6630543,True
non_essential_CHST3|HGNC:1971,0,0,0.7237382,0.2762618,0.7237382,True
non_essential_SERPINB1|HGNC:3311,0,0,0.57072234,0.42927766,0.57072234,True
non_essential_DNMBP|HGNC:30373,0,0,0.59873646,0.40126354,0.59873646,True
non_essential_ACSM6|HGNC:31665,0,0,0.49289933,0.5071007,0.5071007,True
non_essential_CCDC134|HGNC:26185,0,0,0.7700425,0.22995752,0.7700425,True
non_essential_HDGFL1|HGNC:21095,0,0,0.7794326,0.2205674,0.7794326,True
non_essential_BCL3|HGNC:998,0,0,0.71148217,0.28851783,0.71148217,True
non_essential_TSPAN33|HGNC:28743,0,0,0.61213964,0.38786036,0.61213964,True
non_essential_CBLN2|HGNC:1544,0,0,0.5641483,0.4358517,0.5641483,True
non_essential_ANKRD27|HGNC:25310,0,0,0.6259812,0.3740188,0.6259812,True
non_essential_FN3K|HGNC:24822,0,0,0.69831187,0.30168813,0.69831187,True
non_essential_RSPO4|HGNC:16175,0,0,0.8346377,0.1653623,0.8346377,True
non_essential_EAF2|HGNC:23115,0,0,0.64077145,0.35922855,0.64077145,True
non_essential_MPST|HGNC:7223,0,0,0.93001014,0.06998986,0.93001014,True
non_essential_RNF182|HGNC:28522,0,0,0.46771026,0.53228974,0.53228974,True
non_essential_ME2|HGNC:6984,0,0,0.50037086,0.49962914,0.50037086,True
non_essential_GPR174|HGNC:30245,0,0,0.4656436,0.53435636,0.53435636,True
non_essential_KEL|HGNC:6308,0,0,0.6431332,0.35686678,0.6431332,True
non_essential_CDK14|HGNC:8883,0,0,0.5200569,0.4799431,0.5200569,True
non_essential_ZNF566|HGNC:25919,0,0,0.4500117,0.54998827,0.54998827,True
non_essential_TMEM25|HGNC:25890,0,0,0.8049733,0.1950267,0.8049733,True
non_essential_ZNF781|HGNC:26745,0,0,0.46908644,0.5309136,0.5309136,True
non_essential_PRR32|HGNC:34498,0,0,0.5207916,0.4792084,0.5207916,True
non_essential_BPIFB4|HGNC:16179,0,0,0.59249324,0.40750676,0.59249324,True
non_essential_CFAP157|HGNC:27843,0,0,0.6852064,0.3147936,0.6852064,True
non_essential_ZNF286A|HGNC:13501,0,0,0.4480668,0.55193317,0.55193317,True
non_essential_FLOT1|HGNC:3757,0,0,0.60023654,0.39976346,0.60023654,True
non_essential_RGPD8|HGNC:9849,0,0,0.5730482,0.42695183,0.5730482,True
non_essential_PLIN5|HGNC:33196,0,0,0.8271041,0.17289591,0.8271041,True
non_essential_PLPP1|HGNC:9228,0,0,0.54349506,0.45650494,0.54349506,True
non_essential_OR9G1|HGNC:15319,0,0,0.4655818,0.5344182,0.5344182,True
non_essential_PRRT3|HGNC:26591,0,0,0.6859682,0.31403178,0.6859682,True
non_essential_TDRD7|HGNC:30831,0,0,0.6080544,0.3919456,0.6080544,True
non_essential_CD24|HGNC:1645,0,0,0.6121852,0.38781482,0.6121852,True
non_essential_WBSCR28|HGNC:23018,0,0,0.65442616,0.34557384,0.65442616,True
non_essential_IL10|HGNC:5962,0,0,0.6690471,0.33095288,0.6690471,True
non_essential_ADAP2|HGNC:16487,0,0,0.68661255,0.31338745,0.68661255,True
non_essential_FITM1|HGNC:33714,0,0,0.60984206,0.39015794,0.60984206,True
non_essential_TMSB4Y|HGNC:11882,0,0,0.5408924,0.45910758,0.5408924,True
non_essential_DZIP1|HGNC:20908,0,0,0.6262573,0.3737427,0.6262573,True
non_essential_TMEM154|HGNC:26489,0,0,0.52080417,0.47919583,0.52080417,True
non_essential_TTLL4|HGNC:28976,0,0,0.6164839,0.38351607,0.6164839,True
non_essential_ACTRT1|HGNC:24027,0,0,0.59836674,0.40163326,0.59836674,True
non_essential_BMP3|HGNC:1070,0,0,0.56716955,0.43283045,0.56716955,True
non_essential_FBP2|HGNC:3607,0,0,0.5987166,0.40128338,0.5987166,True
non_essential_NPTXR|HGNC:7954,0,0,0.91477066,0.08522934,0.91477066,True
non_essential_FFAR2|HGNC:4501,0,0,0.7234492,0.27655083,0.7234492,True
non_essential_MYPOP|HGNC:20178,0,0,0.8858863,0.11411369,0.8858863,True
non_essential_ALPK1|HGNC:20917,0,0,0.544569,0.45543098,0.544569,True
non_essential_ATCAY|HGNC:779,0,0,0.751652,0.248348,0.751652,True
non_essential_IP6K1|HGNC:18360,0,0,0.6328885,0.3671115,0.6328885,True
non_essential_AKAP12|HGNC:370,0,0,0.649577,0.35042298,0.649577,True
non_essential_TECPR1|HGNC:22214,0,0,0.69285333,0.30714667,0.69285333,True
non_essential_PHLDA3|HGNC:8934,0,0,0.76457953,0.23542047,0.76457953,True
non_essential_ALDH3A2|HGNC:403,0,0,0.56425506,0.43574494,0.56425506,True
non_essential_NBL1|HGNC:7650,0,0,0.5642527,0.43574733,0.5642527,True
non_essential_SPINK7|HGNC:24643,0,0,0.44182307,0.55817693,0.55817693,True
non_essential_MICAL1|HGNC:20619,0,0,0.6267773,0.3732227,0.6267773,True
non_essential_ARHGEF38|HGNC:25968,0,0,0.5315859,0.46841413,0.5315859,True
non_essential_CABYR|HGNC:15569,0,0,0.5691166,0.4308834,0.5691166,True
non_essential_HOXA7|HGNC:5108,0,0,0.73493546,0.26506454,0.73493546,True
non_essential_MFSD4A|HGNC:25433,0,0,0.66649926,0.33350074,0.66649926,True
non_essential_SLC17A8|HGNC:20151,0,0,0.56047815,0.43952185,0.56047815,True
non_essential_OCIAD1|HGNC:16074,0,0,0.46480966,0.53519034,0.53519034,True
non_essential_SYCE1L|HGNC:37236,0,0,0.59403515,0.40596485,0.59403515,True
non_essential_ZSCAN4|HGNC:23709,0,0,0.49202576,0.50797427,0.50797427,True
non_essential_TMEM248|HGNC:25476,0,0,0.5334506,0.4665494,0.5334506,True
non_essential_NID1|HGNC:7821,0,0,0.6534951,0.34650493,0.6534951,True
non_essential_TMEM126A|HGNC:25382,0,0,0.51891625,0.48108375,0.51891625,True
non_essential_CDKN2A|HGNC:1787,0,0,0.84758,0.15241998,0.84758,True
non_essential_NME8|HGNC:16473,0,0,0.5088464,0.4911536,0.5088464,True
non_essential_TMEM55B|HGNC:19299,0,0,0.6960083,0.30399168,0.6960083,True
non_essential_ANKRD26|HGNC:29186,0,0,0.5917732,0.4082268,0.5917732,True
non_essential_EN2|HGNC:3343,0,0,0.7047496,0.29525042,0.7047496,True
non_essential_CCDC68|HGNC:24350,0,0,0.49438182,0.5056182,0.5056182,True
non_essential_LYZL1|HGNC:30502,0,0,0.7600739,0.2399261,0.7600739,True
non_essential_MICAL2|HGNC:24693,0,0,0.6277231,0.3722769,0.6277231,True
non_essential_IL37|HGNC:15563,0,0,0.52438605,0.47561395,0.52438605,True
non_essential_PIP5K1A|HGNC:8994,0,0,0.55066466,0.44933534,0.55066466,True
non_essential_FAM109B|HGNC:27161,0,0,0.687724,0.312276,0.687724,True
non_essential_TESK2|HGNC:11732,0,0,0.59060013,0.40939987,0.59060013,True
non_essential_TBPL2|HGNC:19841,0,0,0.48256037,0.5174396,0.5174396,True
non_essential_PLPPR1|HGNC:25993,0,0,0.5934003,0.4065997,0.5934003,True
non_essential_ZNF615|HGNC:24740,0,0,0.5349747,0.4650253,0.5349747,True
non_essential_MUM1|HGNC:29641,0,0,0.5865106,0.4134894,0.5865106,True
non_essential_PRSS1|HGNC:9475,0,0,0.69442546,0.30557454,0.69442546,True
non_essential_MARVELD3|HGNC:30525,0,0,0.65345824,0.34654176,0.65345824,True
non_essential_EIF4E1B|HGNC:33179,0,0,0.8319499,0.16805011,0.8319499,True
non_essential_TPD52L3|HGNC:23382,0,0,0.5523316,0.44766837,0.5523316,True
non_essential_ARL4A|HGNC:695,0,0,0.44139475,0.55860525,0.55860525,True
non_essential_ANKRD40|HGNC:28233,0,0,0.514279,0.485721,0.514279,True
non_essential_GMNC|HGNC:40049,0,0,0.5126393,0.48736072,0.5126393,True
non_essential_ITGB3BP|HGNC:6157,0,0,0.49307048,0.5069295,0.5069295,True
non_essential_ATP8A2|HGNC:13533,0,0,0.6370767,0.36292332,0.6370767,True
non_essential_FAM19A5|HGNC:21592,0,0,0.5583995,0.4416005,0.5583995,True
non_essential_TMTC2|HGNC:25440,0,0,0.55686194,0.44313806,0.55686194,True
non_essential_PPP2R2D|HGNC:23732,0,0,0.53343767,0.46656233,0.53343767,True
non_essential_FAM46C|HGNC:24712,0,0,0.6674529,0.33254713,0.6674529,True
non_essential_TOX2|HGNC:16095,0,0,0.85877794,0.14122206,0.85877794,True
non_essential_WBSCR17|HGNC:16347,0,0,0.69204056,0.30795944,0.69204056,True
non_essential_BEX3|HGNC:13388,0,0,0.48459807,0.51540196,0.51540196,True
non_essential_ECHS1|HGNC:3151,0,0,0.5888822,0.4111178,0.5888822,True
non_essential_MOB3B|HGNC:23825,0,0,0.6050236,0.39497638,0.6050236,True
non_essential_ANKRA2|HGNC:13208,0,0,0.47379744,0.52620256,0.52620256,True
non_essential_RNF169|HGNC:26961,0,0,0.5889342,0.41106582,0.5889342,True
non_essential_TMEM225|HGNC:32390,0,0,0.4964845,0.5035155,0.5035155,True
non_essential_SSX2B|HGNC:22263,0,0,0.5809167,0.4190833,0.5809167,True
non_essential_TTLL11|HGNC:18113,0,0,0.69116366,0.30883634,0.69116366,True
non_essential_CHCHD5|HGNC:17840,0,0,0.56130636,0.43869364,0.56130636,True
non_essential_ADAD2|HGNC:30714,0,0,0.7674378,0.23256218,0.7674378,True
non_essential_OVCA2|HGNC:24203,0,0,0.80397487,0.19602513,0.80397487,True
non_essential_FFAR4|HGNC:19061,0,0,0.7463997,0.2536003,0.7463997,True
non_essential_LDHC|HGNC:6544,0,0,0.45762217,0.5423778,0.5423778,True
non_essential_CPLX3|HGNC:27652,0,0,0.8831189,0.11688107,0.8831189,True
non_essential_SCAMP1|HGNC:10563,0,0,0.56289876,0.43710124,0.56289876,True
non_essential_OR2G2|HGNC:15007,0,0,0.49415395,0.505846,0.505846,True
non_essential_PPIAL4F|HGNC:33999,0,0,0.49330837,0.50669163,0.50669163,True
non_essential_NNMT|HGNC:7861,0,0,0.61375296,0.38624704,0.61375296,True
non_essential_ABCG8|HGNC:13887,0,0,0.7468926,0.25310743,0.7468926,True
non_essential_C1orf233|HGNC:42951,0,0,0.8929984,0.1070016,0.8929984,True
non_essential_DDIAS|HGNC:26351,0,0,0.46015006,0.53984994,0.53984994,True
non_essential_AK9|HGNC:33814,0,0,0.5476388,0.45236123,0.5476388,True
non_essential_TMEM120B|HGNC:32008,0,0,0.79671663,0.20328337,0.79671663,True
non_essential_SLC5A8|HGNC:19119,0,0,0.6156955,0.38430452,0.6156955,True
non_essential_IFNGR2|HGNC:5440,0,0,0.65570444,0.34429556,0.65570444,True
non_essential_OR11H12|HGNC:30738,0,0,0.48601168,0.5139883,0.5139883,True
non_essential_SUSD1|HGNC:25413,0,0,0.5222294,0.47777063,0.5222294,True
non_essential_UCP3|HGNC:12519,0,0,0.82767576,0.17232424,0.82767576,True
non_essential_CD320|HGNC:16692,0,0,0.75775796,0.24224204,0.75775796,True
non_essential_IL1RL2|HGNC:5999,0,0,0.57023996,0.42976004,0.57023996,True
non_essential_SIDT2|HGNC:24272,0,0,0.72035444,0.27964556,0.72035444,True
non_essential_SLC10A3|HGNC:22979,0,0,0.78453064,0.21546936,0.78453064,True
non_essential_GPAT3|HGNC:28157,0,0,0.53453475,0.46546525,0.53453475,True
non_essential_DFFA|HGNC:2772,0,0,0.6828304,0.3171696,0.6828304,True
non_essential_RAB2B|HGNC:20246,0,0,0.51793915,0.48206085,0.51793915,True
non_essential_RWDD1|HGNC:20993,0,0,0.5836828,0.41631722,0.5836828,True
non_essential_STK11IP|HGNC:19184,0,0,0.7151956,0.2848044,0.7151956,True
non_essential_RRNAD1|HGNC:24273,0,0,0.67471415,0.32528585,0.67471415,True
non_essential_NMBR|HGNC:7843,0,0,0.6086702,0.39132982,0.6086702,True
non_essential_ZNF354C|HGNC:16736,0,0,0.46039817,0.5396018,0.5396018,True
non_essential_VGLL2|HGNC:20232,0,0,0.80411404,0.19588596,0.80411404,True
non_essential_MYDGF|HGNC:16948,0,0,0.66505545,0.33494455,0.66505545,True
non_essential_SLC27A2|HGNC:10996,0,0,0.6550083,0.34499168,0.6550083,True
non_essential_SLC35B2|HGNC:16872,0,0,0.6538041,0.34619588,0.6538041,True
non_essential_VGLL4|HGNC:28966,0,0,0.7127473,0.28725272,0.7127473,True
non_essential_TMEM218|HGNC:27344,0,0,0.4850586,0.5149414,0.5149414,True
non_essential_PRSS23|HGNC:14370,0,0,0.5025841,0.4974159,0.5025841,True
non_essential_CHRM5|HGNC:1954,0,0,0.51131546,0.48868454,0.51131546,True
non_essential_LAMB4|HGNC:6491,0,0,0.63393587,0.36606413,0.63393587,True
non_essential_KLRB1|HGNC:6373,0,0,0.50956166,0.49043834,0.50956166,True
non_essential_KIFC2|HGNC:29530,0,0,0.6716034,0.32839662,0.6716034,True
non_essential_NXNL1|HGNC:25179,0,0,0.7542871,0.24571288,0.7542871,True
non_essential_AIM2|HGNC:357,0,0,0.5868316,0.41316837,0.5868316,True
non_essential_C12orf75|HGNC:35164,0,0,0.6548166,0.34518337,0.6548166,True
non_essential_TOMM40L|HGNC:25756,0,0,0.5543058,0.4456942,0.5543058,True
non_essential_ZNF761|HGNC:23179,0,0,0.38926512,0.6107349,0.6107349,True
non_essential_GYG1|HGNC:4699,0,0,0.48841932,0.5115807,0.5115807,True
non_essential_C1RL|HGNC:21265,0,0,0.61538893,0.38461107,0.61538893,True
non_essential_RHPN2|HGNC:19974,0,0,0.7464825,0.2535175,0.7464825,True
non_essential_TCEB3B|HGNC:30771,0,0,0.7316884,0.26831162,0.7316884,True
non_essential_AKAP7|HGNC:377,0,0,0.5008885,0.49911147,0.5008885,True
non_essential_SIRPG|HGNC:15757,0,0,0.6656523,0.33434772,0.6656523,True
non_essential_WNT7A|HGNC:12786,0,0,0.88577986,0.11422014,0.88577986,True
non_essential_PREPL|HGNC:30228,0,0,0.6240172,0.37598282,0.6240172,True
non_essential_FAHD1|HGNC:14169,0,0,0.9255385,0.07446152,0.9255385,True
non_essential_NLRP2|HGNC:22948,0,0,0.6418564,0.35814363,0.6418564,True
non_essential_SLC27A6|HGNC:11000,0,0,0.5759784,0.4240216,0.5759784,True
non_essential_TTC9|HGNC:20267,0,0,0.74700755,0.25299245,0.74700755,True
non_essential_MSTN|HGNC:4223,0,0,0.4666936,0.53330636,0.53330636,True
non_essential_DNAJC18|HGNC:28429,0,0,0.5860396,0.4139604,0.5860396,True
non_essential_TMEM263|HGNC:28281,0,0,0.5627274,0.4372726,0.5627274,True
non_essential_ACCSL|HGNC:34391,0,0,0.54556596,0.45443404,0.54556596,True
non_essential_CHRNB2|HGNC:1962,0,0,0.7731192,0.22688079,0.7731192,True
non_essential_PON1|HGNC:9204,0,0,0.50309384,0.49690616,0.50309384,True
non_essential_SETDB2|HGNC:20263,0,0,0.5328396,0.4671604,0.5328396,True
non_essential_OR8K1|HGNC:14831,0,0,0.4969953,0.50300467,0.50300467,True
non_essential_AP4M1|HGNC:574,0,0,0.675589,0.32441097,0.675589,True
non_essential_LILRB1|HGNC:6605,0,0,0.727024,0.27297598,0.727024,True
non_essential_TSHB|HGNC:12372,0,0,0.42730066,0.5726993,0.5726993,True
non_essential_ZCCHC16|HGNC:25214,0,0,0.4921658,0.5078342,0.5078342,True
non_essential_PRF1|HGNC:9360,0,0,0.7536537,0.2463463,0.7536537,True
non_essential_SH3RF1|HGNC:17650,0,0,0.57905024,0.42094976,0.57905024,True
non_essential_BAX|HGNC:959,0,0,0.9446674,0.0553326,0.9446674,True
non_essential_TBC1D4|HGNC:19165,0,0,0.5919645,0.40803552,0.5919645,True
non_essential_OR51F2|HGNC:15197,0,0,0.4763805,0.52361953,0.52361953,True
non_essential_FNDC4|HGNC:20239,0,0,0.8375684,0.1624316,0.8375684,True
non_essential_TSPAN17|HGNC:13594,0,0,0.6555273,0.3444727,0.6555273,True
non_essential_XRRA1|HGNC:18868,0,0,0.6397526,0.36024737,0.6397526,True
non_essential_C2CD4C|HGNC:29417,0,0,0.94117004,0.058829963,0.94117004,True
non_essential_ZBED8|HGNC:30804,0,0,0.57130367,0.42869633,0.57130367,True
non_essential_ARL6IP4|HGNC:18076,0,0,0.7956514,0.20434862,0.7956514,True
non_essential_CCDC14|HGNC:25766,0,0,0.57401836,0.42598164,0.57401836,True
non_essential_HLF|HGNC:4977,0,0,0.68524754,0.31475246,0.68524754,True
non_essential_FAM45A|HGNC:31793,0,0,0.5244657,0.47553432,0.5244657,True
non_essential_PLD2|HGNC:9068,0,0,0.7482824,0.25171763,0.7482824,True
non_essential_WFDC11|HGNC:20478,0,0,0.4146013,0.5853987,0.5853987,True
non_essential_CSF2RA|HGNC:2435,0,0,0.61355233,0.38644767,0.61355233,True
non_essential_OR4K5|HGNC:14745,0,0,0.49758446,0.50241554,0.50241554,True
non_essential_NME9|HGNC:21343,0,0,0.56970954,0.43029046,0.56970954,True
non_essential_FAM186A|HGNC:26980,0,0,0.60299766,0.39700234,0.60299766,True
non_essential_PRKD3|HGNC:9408,0,0,0.5482237,0.45177633,0.5482237,True
non_essential_DUSP5|HGNC:3071,0,0,0.68573827,0.31426173,0.68573827,True
non_essential_GALNT12|HGNC:19877,0,0,0.6720031,0.3279969,0.6720031,True
non_essential_ZNF530|HGNC:29297,0,0,0.49516052,0.5048395,0.5048395,True
non_essential_RFPL4A|HGNC:16449,0,0,0.5034343,0.4965657,0.5034343,True
non_essential_SLC22A4|HGNC:10968,0,0,0.615926,0.38407397,0.615926,True
non_essential_TC2N|HGNC:19859,0,0,0.5047786,0.49522138,0.5047786,True
non_essential_GYPB|HGNC:4703,0,0,0.45673844,0.5432615,0.5432615,True
non_essential_HTRA3|HGNC:30406,0,0,0.7452001,0.2547999,0.7452001,True
non_essential_HGSNAT|HGNC:26527,0,0,0.68346614,0.31653386,0.68346614,True
non_essential_C9orf84|HGNC:26535,0,0,0.5298672,0.47013283,0.5298672,True
non_essential_ADAM29|HGNC:207,0,0,0.5376619,0.4623381,0.5376619,True
non_essential_KIAA0101|HGNC:28961,0,0,0.46555054,0.53444946,0.53444946,True
non_essential_FLOT2|HGNC:3758,0,0,0.72265273,0.27734727,0.72265273,True
non_essential_TRIM26|HGNC:12962,0,0,0.69540304,0.30459696,0.69540304,True
non_essential_DFFB|HGNC:2773,0,0,0.6219619,0.3780381,0.6219619,True
non_essential_BTN1A1|HGNC:1135,0,0,0.6222995,0.3777005,0.6222995,True
non_essential_ZNF689|HGNC:25173,0,0,0.71377176,0.28622824,0.71377176,True
non_essential_STMN3|HGNC:15926,0,0,0.8746976,0.12530237,0.8746976,True
non_essential_SMCR8|HGNC:17921,0,0,0.6119848,0.3880152,0.6119848,True
non_essential_SLC22A15|HGNC:20301,0,0,0.66021246,0.33978754,0.66021246,True
non_essential_ZDBF2|HGNC:29313,0,0,0.6069771,0.3930229,0.6069771,True
non_essential_KRT15|HGNC:6421,0,0,0.60185456,0.39814544,0.60185456,True
non_essential_ANXA3|HGNC:541,0,0,0.60382545,0.39617455,0.60382545,True
non_essential_RPRM|HGNC:24201,0,0,0.658837,0.34116298,0.658837,True
non_essential_SERINC3|HGNC:11699,0,0,0.55007106,0.44992894,0.55007106,True
non_essential_TCEAL4|HGNC:26121,0,0,0.66641,0.33358997,0.66641,True
non_essential_MSX2|HGNC:7392,0,0,0.6768493,0.3231507,0.6768493,True
non_essential_CTAGE6|HGNC:28644,0,0,0.59574765,0.40425235,0.59574765,True
non_essential_USP53|HGNC:29255,0,0,0.5092531,0.49074692,0.5092531,True
non_essential_WDR76|HGNC:25773,0,0,0.615193,0.384807,0.615193,True
non_essential_LRIF1|HGNC:30299,0,0,0.56890535,0.43109465,0.56890535,True
non_essential_LARP6|HGNC:24012,0,0,0.72341895,0.27658105,0.72341895,True
non_essential_CNTNAP2|HGNC:13830,0,0,0.5846061,0.4153939,0.5846061,True
non_essential_TLR3|HGNC:11849,0,0,0.6382101,0.36178988,0.6382101,True
non_essential_APOBEC1|HGNC:604,0,0,0.4821333,0.51786673,0.51786673,True
non_essential_MARCH11|HGNC:33609,0,0,0.5238831,0.4761169,0.5238831,True
non_essential_OR51A2|HGNC:14764,0,0,0.45654345,0.54345655,0.54345655,True
non_essential_OS9|HGNC:16994,0,0,0.6865058,0.3134942,0.6865058,True
non_essential_KLHDC2|HGNC:20231,0,0,0.5615404,0.43845958,0.5615404,True
non_essential_CCBE1|HGNC:29426,0,0,0.7295093,0.2704907,0.7295093,True
non_essential_C3orf30|HGNC:26553,0,0,0.5392556,0.46074438,0.5392556,True
non_essential_IRAK3|HGNC:17020,0,0,0.55089223,0.44910777,0.55089223,True
non_essential_TMPRSS11E|HGNC:24465,0,0,0.48538947,0.5146105,0.5146105,True
non_essential_TMEM246|HGNC:28180,0,0,0.5772626,0.42273742,0.5772626,True
non_essential_ADIG|HGNC:28606,0,0,0.51592445,0.48407555,0.51592445,True
non_essential_PDE11A|HGNC:8773,0,0,0.558476,0.44152403,0.558476,True
non_essential_GIMAP1|HGNC:23237,0,0,0.7518441,0.24815589,0.7518441,True
non_essential_OR8G1|HGNC:8484,0,0,0.46470696,0.53529304,0.53529304,True
non_essential_NDUFA4L2|HGNC:29836,0,0,0.64491147,0.35508853,0.64491147,True
non_essential_CDK18|HGNC:8751,0,0,0.883231,0.116769016,0.883231,True
non_essential_EPB41L1|HGNC:3378,0,0,0.67793655,0.32206345,0.67793655,True
non_essential_SUN3|HGNC:22429,0,0,0.5252764,0.47472358,0.5252764,True
non_essential_HRG|HGNC:5181,0,0,0.59505016,0.40494984,0.59505016,True
non_essential_CLPTM1L|HGNC:24308,0,0,0.6781278,0.32187217,0.6781278,True
non_essential_ZNF416|HGNC:20645,0,0,0.48588327,0.51411676,0.51411676,True
non_essential_ANKEF1|HGNC:15803,0,0,0.5976611,0.40233892,0.5976611,True
non_essential_ENTHD1|HGNC:26352,0,0,0.5343021,0.46569788,0.5343021,True
non_essential_SNN|HGNC:11149,0,0,0.6246756,0.37532443,0.6246756,True
non_essential_USP26|HGNC:13485,0,0,0.4872498,0.5127502,0.5127502,True
non_essential_MYO1B|HGNC:7596,0,0,0.63809466,0.36190534,0.63809466,True
non_essential_CD74|HGNC:1697,0,0,0.7391375,0.26086253,0.7391375,True
non_essential_ANKRD66|HGNC:44669,0,0,0.55318516,0.44681484,0.55318516,True
non_essential_ROBO4|HGNC:17985,0,0,0.65195554,0.34804446,0.65195554,True
non_essential_SPAG11B|HGNC:14534,0,0,0.6590481,0.34095192,0.6590481,True
non_essential_TRPV1|HGNC:12716,0,0,0.7047494,0.2952506,0.7047494,True
non_essential_PLEK2|HGNC:19238,0,0,0.6383447,0.3616553,0.6383447,True
non_essential_RNF43|HGNC:18505,0,0,0.64169717,0.35830283,0.64169717,True
non_essential_GIF|HGNC:4268,0,0,0.63509953,0.36490047,0.63509953,True
non_essential_MBP|HGNC:6925,0,0,0.56172526,0.43827474,0.56172526,True
non_essential_LYPD1|HGNC:28431,0,0,0.5441913,0.4558087,0.5441913,True
non_essential_ABCA4|HGNC:34,0,0,0.6216426,0.3783574,0.6216426,True
non_essential_TTC30A|HGNC:25853,0,0,0.5692693,0.4307307,0.5692693,True
non_essential_C1orf146|HGNC:24032,0,0,0.38601044,0.6139896,0.6139896,True
non_essential_ZSWIM6|HGNC:29316,0,0,0.6058751,0.39412493,0.6058751,True
non_essential_GPR142|HGNC:20088,0,0,0.8519716,0.14802837,0.8519716,True
non_essential_TNFAIP8L3|HGNC:20620,0,0,0.54102457,0.45897543,0.54102457,True
non_essential_TAS1R2|HGNC:14905,0,0,0.65341645,0.34658355,0.65341645,True
non_essential_LCA5|HGNC:31923,0,0,0.53597885,0.46402115,0.53597885,True
non_essential_MARCH8|HGNC:23356,0,0,0.66945595,0.33054405,0.66945595,True
non_essential_PRG3|HGNC:9363,0,0,0.5127228,0.4872772,0.5127228,True
non_essential_OR51M1|HGNC:14847,0,0,0.5171759,0.4828241,0.5171759,True
non_essential_LBX2|HGNC:15525,0,0,0.86322623,0.13677377,0.86322623,True
non_essential_CLLU1OS|HGNC:24070,0,0,0.42173973,0.5782603,0.5782603,True
non_essential_NUP210|HGNC:30052,0,0,0.70106816,0.29893184,0.70106816,True
non_essential_CSTF2T|HGNC:17086,0,0,0.59394175,0.40605825,0.59394175,True
non_essential_C18orf32|HGNC:31690,0,0,0.47943693,0.52056307,0.52056307,True
non_essential_PRSS21|HGNC:9485,0,0,0.7042587,0.29574132,0.7042587,True
non_essential_DISP2|HGNC:19712,0,0,0.6645402,0.33545983,0.6645402,True
non_essential_HSPA12B|HGNC:16193,0,0,0.7249926,0.27500743,0.7249926,True
non_essential_CKB|HGNC:1991,0,1,0.96781117,0.032188833,0.96781117,False
non_essential_ACOX2|HGNC:120,0,0,0.63143253,0.36856747,0.63143253,True
non_essential_PLA2G4E|HGNC:24791,0,0,0.68783003,0.31216997,0.68783003,True
non_essential_OPA3|HGNC:8142,0,0,0.7618508,0.23814923,0.7618508,True
non_essential_TGM4|HGNC:11780,0,0,0.6340836,0.36591637,0.6340836,True
non_essential_GLT8D1|HGNC:24870,0,0,0.53192526,0.46807474,0.53192526,True
non_essential_ETFBKMT|HGNC:28739,0,0,0.45012304,0.5498769,0.5498769,True
non_essential_LCE3B|HGNC:29462,0,0,0.5820263,0.4179737,0.5820263,True
non_essential_ACTL9|HGNC:28494,0,0,0.75832516,0.24167484,0.75832516,True
non_essential_ASMTL|HGNC:751,0,0,0.85398984,0.14601016,0.85398984,True
non_essential_MFHAS1|HGNC:16982,0,0,0.6653548,0.3346452,0.6653548,True
non_essential_NLRP8|HGNC:22940,0,0,0.6731863,0.3268137,0.6731863,True
non_essential_RRAGD|HGNC:19903,0,0,0.49385378,0.5061462,0.5061462,True
non_essential_FAM205A|HGNC:41911,0,0,0.6030433,0.39695668,0.6030433,True
non_essential_HTR3C|HGNC:24003,0,0,0.646412,0.35358799,0.646412,True
non_essential_AKR1E2|HGNC:23437,0,0,0.51535225,0.48464775,0.51535225,True
non_essential_CST9|HGNC:13261,0,0,0.5840001,0.4159999,0.5840001,True
non_essential_TAGLN3|HGNC:29868,0,0,0.4757043,0.5242957,0.5242957,True
non_essential_YIPF6|HGNC:28304,0,0,0.5279334,0.47206658,0.5279334,True
non_essential_PRDM5|HGNC:9349,0,0,0.56607294,0.43392706,0.56607294,True
non_essential_IFNL3|HGNC:18365,0,0,0.63365906,0.36634094,0.63365906,True
non_essential_PALMD|HGNC:15846,0,0,0.5040351,0.49596488,0.5040351,True
non_essential_OR1N1|HGNC:8221,0,0,0.54946643,0.45053357,0.54946643,True
non_essential_TIMM10B|HGNC:4022,0,0,0.64371675,0.35628325,0.64371675,True
non_essential_CLEC16A|HGNC:29013,0,0,0.6245488,0.3754512,0.6245488,True
non_essential_FCGR2B|HGNC:3618,0,0,0.5747457,0.4252543,0.5747457,True
non_essential_OR6N2|HGNC:15035,0,0,0.54939437,0.45060563,0.54939437,True
non_essential_MASP1|HGNC:6901,0,0,0.6322673,0.3677327,0.6322673,True
non_essential_PCYOX1|HGNC:20588,0,0,0.5408306,0.4591694,0.5408306,True
non_essential_GSTK1|HGNC:16906,0,0,0.7415973,0.2584027,0.7415973,True
non_essential_RASGRP1|HGNC:9878,0,0,0.5713384,0.42866158,0.5713384,True
non_essential_FRRS1|HGNC:27622,0,0,0.50201595,0.49798405,0.50201595,True
non_essential_GAGE12G|HGNC:31907,0,0,0.50181496,0.49818504,0.50181496,True
non_essential_TMEM2|HGNC:11869,0,0,0.5632332,0.4367668,0.5632332,True
non_essential_TMEM164|HGNC:26217,0,0,0.5232758,0.4767242,0.5232758,True
non_essential_ZDHHC11|HGNC:19158,0,0,0.64641064,0.35358936,0.64641064,True
non_essential_RNF6|HGNC:10069,0,0,0.55526316,0.44473684,0.55526316,True
non_essential_BMP6|HGNC:1073,0,0,0.6772182,0.3227818,0.6772182,True
non_essential_BRS3|HGNC:1113,0,0,0.5207541,0.4792459,0.5207541,True
non_essential_NXPH3|HGNC:8077,0,0,0.53478146,0.46521854,0.53478146,True
non_essential_C7orf77|HGNC:51256,0,0,0.5168134,0.4831866,0.5168134,True
non_essential_SFTPC|HGNC:10802,0,0,0.5521248,0.4478752,0.5521248,True
non_essential_IFNB1|HGNC:5434,0,0,0.50276864,0.49723136,0.50276864,True
non_essential_KRBOX1|HGNC:38708,0,0,0.47377196,0.5262281,0.5262281,True
non_essential_NAALAD2|HGNC:14526,0,0,0.48885715,0.51114285,0.51114285,True
non_essential_AMIGO1|HGNC:20824,0,0,0.6626227,0.3373773,0.6626227,True
non_essential_MEIOB|HGNC:28569,0,0,0.49625802,0.503742,0.503742,True
non_essential_WNK2|HGNC:14542,0,0,0.6442447,0.35575533,0.6442447,True
non_essential_MSH2|HGNC:7325,0,0,0.6425494,0.3574506,0.6425494,True
non_essential_SNTG1|HGNC:13740,0,0,0.58476627,0.41523373,0.58476627,True
non_essential_SLC16A10|HGNC:17027,0,0,0.5543736,0.44562638,0.5543736,True
non_essential_APOC4|HGNC:611,0,0,0.66853976,0.33146024,0.66853976,True
non_essential_RSRP1|HGNC:25234,0,0,0.68565476,0.31434524,0.68565476,True
non_essential_M1AP|HGNC:25183,0,0,0.61262727,0.38737273,0.61262727,True
non_essential_UBXN2A|HGNC:27265,0,0,0.45835865,0.54164135,0.54164135,True
non_essential_EYS|HGNC:21555,0,0,0.54895407,0.45104593,0.54895407,True
non_essential_PRTFDC1|HGNC:23333,0,0,0.49527076,0.5047293,0.5047293,True
non_essential_MRAP|HGNC:1304,0,0,0.8698312,0.1301688,0.8698312,True
non_essential_C1QTNF1|HGNC:14324,0,0,0.87573665,0.124263346,0.87573665,True
non_essential_C10orf131|HGNC:31667,0,0,0.44188347,0.55811656,0.55811656,True
non_essential_MAGEB1|HGNC:6808,0,0,0.6553483,0.3446517,0.6553483,True
non_essential_ZNF239|HGNC:13031,0,0,0.4984793,0.5015207,0.5015207,True
non_essential_SAMD13|HGNC:24582,0,0,0.4048478,0.5951522,0.5951522,True
non_essential_SLC4A10|HGNC:13811,0,0,0.59409475,0.40590525,0.59409475,True
non_essential_PRAMEF20|HGNC:25224,0,0,0.6404701,0.3595299,0.6404701,True
non_essential_SUMF2|HGNC:20415,0,0,0.6565424,0.34345758,0.6565424,True
non_essential_UPB1|HGNC:16297,0,0,0.6804714,0.31952858,0.6804714,True
non_essential_ALDH3B2|HGNC:411,0,0,0.7609828,0.23901719,0.7609828,True
non_essential_C10orf142|HGNC:51236,0,0,0.666059,0.33394098,0.666059,True
non_essential_MMP25|HGNC:14246,0,0,0.80001634,0.19998366,0.80001634,True
non_essential_PGF|HGNC:8893,0,0,0.8798074,0.12019259,0.8798074,True
non_essential_CD27|HGNC:11922,0,0,0.5368631,0.4631369,0.5368631,True
non_essential_TUBB2A|HGNC:12412,0,0,0.9483384,0.05166161,0.9483384,True
non_essential_TRIB3|HGNC:16228,0,0,0.7480543,0.25194567,0.7480543,True
non_essential_COMMD8|HGNC:26036,0,0,0.5222572,0.4777428,0.5222572,True
non_essential_KRT84|HGNC:6461,0,0,0.6572983,0.34270167,0.6572983,True
non_essential_DAPL1|HGNC:21490,0,0,0.467662,0.532338,0.532338,True
non_essential_PROM2|HGNC:20685,0,0,0.76496404,0.23503596,0.76496404,True
non_essential_ALOX5|HGNC:435,0,0,0.7154476,0.2845524,0.7154476,True
non_essential_METTL2A|HGNC:25755,0,0,0.5326526,0.46734738,0.5326526,True
non_essential_OR14J1|HGNC:13971,0,0,0.58053535,0.41946465,0.58053535,True
non_essential_LRG1|HGNC:29480,0,0,0.6765554,0.3234446,0.6765554,True
non_essential_MSH5|HGNC:7328,0,0,0.63211536,0.36788464,0.63211536,True
non_essential_CHSY3|HGNC:24293,0,0,0.6385506,0.36144942,0.6385506,True
non_essential_C21orf91|HGNC:16459,0,0,0.48080155,0.5191984,0.5191984,True
non_essential_CXorf40B|HGNC:17402,0,0,0.6175848,0.38241518,0.6175848,True
non_essential_DMRT3|HGNC:13909,0,0,0.64663917,0.35336083,0.64663917,True
non_essential_IL11|HGNC:5966,0,0,0.6618484,0.33815157,0.6618484,True
non_essential_ADAM8|HGNC:215,0,0,0.7359202,0.2640798,0.7359202,True
non_essential_EIF4EBP1|HGNC:3288,0,0,0.62140983,0.37859017,0.62140983,True
non_essential_C6orf25|HGNC:13937,0,0,0.6784955,0.32150447,0.6784955,True
non_essential_CST7|HGNC:2479,0,0,0.7093484,0.29065162,0.7093484,True
non_essential_SETD3|HGNC:20493,0,0,0.64555657,0.35444343,0.64555657,True
non_essential_MSLN|HGNC:7371,0,0,0.73951346,0.26048654,0.73951346,True
non_essential_DEFB106A|HGNC:18088,0,0,0.4679553,0.5320447,0.5320447,True
non_essential_BOLA1|HGNC:24263,0,0,0.608613,0.391387,0.608613,True
non_essential_TMEM45A|HGNC:25480,0,0,0.47063312,0.52936685,0.52936685,True
non_essential_ERMARD|HGNC:21056,0,0,0.5562874,0.4437126,0.5562874,True
non_essential_KLHL21|HGNC:29041,0,0,0.92618394,0.07381606,0.92618394,True
non_essential_KNOP1|HGNC:34404,0,0,0.61468315,0.38531685,0.61468315,True
non_essential_HSD3B1|HGNC:5217,0,0,0.6017265,0.39827353,0.6017265,True
non_essential_CACNG8|HGNC:13628,0,0,0.82946354,0.17053646,0.82946354,True
non_essential_RAB25|HGNC:18238,0,0,0.7522797,0.2477203,0.7522797,True
non_essential_C2orf71|HGNC:34383,0,0,0.61811316,0.38188684,0.61811316,True
non_essential_TMSB15B|HGNC:28612,0,0,0.4809533,0.51904666,0.51904666,True
non_essential_VAV3|HGNC:12659,0,0,0.58555484,0.41444516,0.58555484,True
non_essential_PABPC3|HGNC:8556,0,0,0.5931134,0.40688658,0.5931134,True
non_essential_MMAB|HGNC:19331,0,0,0.50274885,0.49725115,0.50274885,True
non_essential_TRIP10|HGNC:12304,0,0,0.6163405,0.38365948,0.6163405,True
non_essential_C1orf189|HGNC:32305,0,0,0.49775693,0.50224304,0.50224304,True
non_essential_HIGD1A|HGNC:29527,0,0,0.4570148,0.5429852,0.5429852,True
non_essential_CRIP2|HGNC:2361,0,0,0.88739836,0.11260164,0.88739836,True
non_essential_C2orf70|HGNC:27938,0,0,0.81345737,0.18654263,0.81345737,True
non_essential_LRRC24|HGNC:28947,0,0,0.79892355,0.20107645,0.79892355,True
non_essential_ZDHHC1|HGNC:17916,0,0,0.65591496,0.34408504,0.65591496,True
non_essential_MTIF3|HGNC:29788,0,0,0.5126042,0.48739582,0.5126042,True
non_essential_CAPN8|HGNC:1485,0,0,0.6982516,0.3017484,0.6982516,True
non_essential_MMAA|HGNC:18871,0,0,0.5105578,0.48944223,0.5105578,True
non_essential_RNF183|HGNC:28721,0,0,0.80070215,0.19929785,0.80070215,True
non_essential_NT5E|HGNC:8021,0,0,0.6221122,0.3778878,0.6221122,True
non_essential_ZNF442|HGNC:20877,0,0,0.49566904,0.504331,0.504331,True
non_essential_AGBL1|HGNC:26504,0,0,0.59778565,0.40221435,0.59778565,True
non_essential_ANO7|HGNC:31677,0,0,0.6760706,0.32392943,0.6760706,True
non_essential_GIPC3|HGNC:18183,0,0,0.6997751,0.3002249,0.6997751,True
non_essential_LRRD1|HGNC:34300,0,0,0.50012136,0.49987864,0.50012136,True
non_essential_LPAR3|HGNC:14298,0,0,0.5392231,0.46077693,0.5392231,True
non_essential_OR51E1|HGNC:15194,0,0,0.5819873,0.41801268,0.5819873,True
non_essential_HIST3H2BB|HGNC:20514,0,1,0.98391724,0.016082764,0.98391724,False
non_essential_AP3M1|HGNC:569,0,0,0.5643143,0.4356857,0.5643143,True
non_essential_KBTBD3|HGNC:22934,0,0,0.4551721,0.54482794,0.54482794,True
non_essential_MEOX1|HGNC:7013,0,1,0.95711714,0.04288286,0.95711714,False
non_essential_RLN3|HGNC:17135,0,0,0.73072493,0.26927507,0.73072493,True
non_essential_ESR2|HGNC:3468,0,0,0.6298051,0.3701949,0.6298051,True
non_essential_TRAF5|HGNC:12035,0,0,0.49561483,0.5043852,0.5043852,True
non_essential_SCARA3|HGNC:19000,0,0,0.7890467,0.2109533,0.7890467,True
non_essential_C10orf107|HGNC:28678,0,0,0.45780826,0.54219174,0.54219174,True
non_essential_PIGF|HGNC:8962,0,0,0.430851,0.569149,0.569149,True
non_essential_ZNF620|HGNC:28742,0,0,0.47484845,0.52515155,0.52515155,True
non_essential_GFOD2|HGNC:28159,0,0,0.7234468,0.2765532,0.7234468,True
non_essential_ABCB9|HGNC:50,0,0,0.74006486,0.25993514,0.74006486,True
non_essential_KRTAP25-1|HGNC:34003,0,0,0.43177533,0.56822467,0.56822467,True
non_essential_DIABLO|HGNC:21528,0,0,0.5860375,0.41396248,0.5860375,True
non_essential_CREBL2|HGNC:2350,0,0,0.5023069,0.49769312,0.5023069,True
non_essential_MOB2|HGNC:24904,0,0,0.6995343,0.3004657,0.6995343,True
non_essential_FAM184A|HGNC:20991,0,0,0.56567514,0.43432486,0.56567514,True
non_essential_SSX5|HGNC:11339,0,0,0.70625824,0.29374176,0.70625824,True
non_essential_ALDH8A1|HGNC:15471,0,0,0.602688,0.397312,0.602688,True
non_essential_HTR3D|HGNC:24004,0,0,0.6350674,0.3649326,0.6350674,True
non_essential_VAMP7|HGNC:11486,0,0,0.5219439,0.47805607,0.5219439,True
non_essential_MS4A8|HGNC:13380,0,0,0.60770124,0.39229876,0.60770124,True
non_essential_FOLR3|HGNC:3795,0,0,0.6066936,0.39330637,0.6066936,True
non_essential_CNPY4|HGNC:28631,0,0,0.58445996,0.41554004,0.58445996,True
non_essential_TMEM167B|HGNC:30187,0,0,0.4663908,0.5336092,0.5336092,True
non_essential_DRICH1|HGNC:28031,0,0,0.47620565,0.52379435,0.52379435,True
non_essential_IFNA21|HGNC:5424,0,0,0.4906545,0.50934553,0.50934553,True
non_essential_SGCB|HGNC:10806,0,0,0.55544144,0.44455856,0.55544144,True
non_essential_OPRM1|HGNC:8156,0,0,0.542162,0.457838,0.542162,True
non_essential_STMN4|HGNC:16078,0,0,0.55264074,0.44735926,0.55264074,True
non_essential_ANKRD10|HGNC:20265,0,0,0.5799812,0.4200188,0.5799812,True
non_essential_SGK3|HGNC:10812,0,0,0.538911,0.46108902,0.538911,True
non_essential_ARPIN|HGNC:28782,0,1,0.9657447,0.034255326,0.9657447,False
non_essential_SYNPO2|HGNC:17732,0,0,0.6126734,0.3873266,0.6126734,True
non_essential_RBMY1B|HGNC:23914,0,0,0.51737136,0.48262864,0.51737136,True
non_essential_BRDT|HGNC:1105,0,0,0.55349684,0.44650316,0.55349684,True
non_essential_STIM2|HGNC:19205,0,0,0.5670736,0.43292642,0.5670736,True
non_essential_ZNF567|HGNC:28696,0,0,0.46075237,0.53924763,0.53924763,True
non_essential_PAPOLB|HGNC:15970,0,0,0.59786457,0.40213543,0.59786457,True
non_essential_UGT3A2|HGNC:27266,0,0,0.5295466,0.47045338,0.5295466,True
non_essential_CYP2J2|HGNC:2634,0,0,0.53967327,0.46032673,0.53967327,True
non_essential_CDH10|HGNC:1749,0,0,0.5947981,0.4052019,0.5947981,True
non_essential_ZYG11A|HGNC:32058,0,0,0.54716307,0.45283693,0.54716307,True
non_essential_UBE2U|HGNC:28559,0,0,0.4856599,0.5143401,0.5143401,True
non_essential_IL22RA2|HGNC:14901,0,0,0.49515024,0.5048498,0.5048498,True
non_essential_BIRC7|HGNC:13702,0,0,0.8384535,0.16154653,0.8384535,True
non_essential_STXBP6|HGNC:19666,0,0,0.6008838,0.39911622,0.6008838,True
non_essential_PLGLB1|HGNC:9072,0,0,0.456703,0.543297,0.543297,True
non_essential_HOXC9|HGNC:5130,0,0,0.8765322,0.1234678,0.8765322,True
non_essential_NUDT7|HGNC:8054,0,0,0.4989939,0.5010061,0.5010061,True
non_essential_OR6F1|HGNC:15027,0,0,0.49645784,0.5035422,0.5035422,True
non_essential_RRAS|HGNC:10447,0,0,0.85531795,0.14468205,0.85531795,True
non_essential_GMPR|HGNC:4376,0,0,0.67363065,0.32636935,0.67363065,True
non_essential_HAL|HGNC:4806,0,0,0.6458793,0.35412067,0.6458793,True
non_essential_ZDHHC7|HGNC:18459,0,0,0.57594943,0.42405057,0.57594943,True
non_essential_PDZK1|HGNC:8821,0,0,0.5177824,0.4822176,0.5177824,True
non_essential_CYP26C1|HGNC:20577,0,0,0.7095067,0.2904933,0.7095067,True
non_essential_QPRT|HGNC:9755,0,0,0.7413778,0.25862223,0.7413778,True
non_essential_HACD3|HGNC:24175,0,0,0.6265938,0.37340617,0.6265938,True
non_essential_C3AR1|HGNC:1319,0,0,0.6016266,0.39837343,0.6016266,True
non_essential_C17orf99|HGNC:34490,0,0,0.6268956,0.3731044,0.6268956,True
non_essential_CD6|HGNC:1691,0,0,0.6983093,0.3016907,0.6983093,True
non_essential_KRTAP10-12|HGNC:20533,0,0,0.5888281,0.4111719,0.5888281,True
non_essential_ZNF540|HGNC:25331,0,0,0.487229,0.512771,0.512771,True
non_essential_HSBP1L1|HGNC:37243,0,0,0.43331233,0.5666877,0.5666877,True
non_essential_CYTL1|HGNC:24435,0,0,0.67222327,0.32777673,0.67222327,True
non_essential_TM2D2|HGNC:24127,0,0,0.51838523,0.48161477,0.51838523,True
non_essential_CCL23|HGNC:10622,0,0,0.6444272,0.35557282,0.6444272,True
non_essential_RAB3C|HGNC:30269,0,0,0.5793681,0.4206319,0.5793681,True
non_essential_GOLGA6C|HGNC:32206,0,0,0.78805935,0.21194065,0.78805935,True
non_essential_DPCR1|HGNC:21666,0,0,0.5198633,0.4801367,0.5198633,True
non_essential_TDRD15|HGNC:45037,0,0,0.5503095,0.44969052,0.5503095,True
non_essential_CHRDL2|HGNC:24168,0,0,0.8345427,0.16545731,0.8345427,True
non_essential_SYNDIG1|HGNC:15885,0,0,0.70363164,0.29636836,0.70363164,True
non_essential_LRRC45|HGNC:28302,0,0,0.66348606,0.33651394,0.66348606,True
non_essential_CMC4|HGNC:35428,0,0,0.5604163,0.43958372,0.5604163,True
non_essential_PRKX|HGNC:9441,0,0,0.6986288,0.30137122,0.6986288,True
non_essential_HIST1H1D|HGNC:4717,0,0,0.67608356,0.32391644,0.67608356,True
non_essential_PDE6D|HGNC:8788,0,0,0.4929619,0.5070381,0.5070381,True
non_essential_ADORA2A|HGNC:263,0,0,0.71837,0.28162998,0.71837,True
non_essential_ZNF813|HGNC:33257,0,0,0.46762878,0.5323712,0.5323712,True
non_essential_PHKG1|HGNC:8930,0,0,0.8796035,0.120396495,0.8796035,True
non_essential_TBC1D12|HGNC:29082,0,0,0.61937356,0.38062644,0.61937356,True
non_essential_TCP10L2|HGNC:21254,0,0,0.70020866,0.29979134,0.70020866,True
non_essential_FOXN2|HGNC:5281,0,0,0.5016287,0.4983713,0.5016287,True
non_essential_EPN2|HGNC:18639,0,0,0.80634385,0.19365615,0.80634385,True
non_essential_EMC10|HGNC:27609,0,0,0.6872677,0.31273228,0.6872677,True
non_essential_RWDD2B|HGNC:1302,0,0,0.448755,0.551245,0.551245,True
non_essential_ZNF414|HGNC:20630,0,0,0.7378541,0.26214588,0.7378541,True
non_essential_LRRC66|HGNC:34299,0,0,0.56591094,0.43408906,0.56591094,True
non_essential_FUOM|HGNC:24733,0,0,0.62301624,0.37698376,0.62301624,True
non_essential_IRX2|HGNC:14359,0,0,0.91348064,0.08651936,0.91348064,True
non_essential_TPRA1|HGNC:30413,0,0,0.6387411,0.36125892,0.6387411,True
non_essential_WDYHV1|HGNC:25490,0,0,0.53306514,0.46693486,0.53306514,True
non_essential_FUT5|HGNC:4016,0,0,0.6993971,0.3006029,0.6993971,True
non_essential_NUDT22|HGNC:28189,0,0,0.71472234,0.28527766,0.71472234,True
non_essential_TP53TG5|HGNC:15856,0,0,0.6031978,0.3968022,0.6031978,True
non_essential_SPIN3|HGNC:27272,0,0,0.542389,0.45761102,0.542389,True
non_essential_C16orf13|HGNC:14141,0,0,0.6778338,0.3221662,0.6778338,True
non_essential_GPR21|HGNC:4476,0,0,0.51671183,0.48328817,0.51671183,True
non_essential_PCOLCE2|HGNC:8739,0,0,0.5627893,0.43721068,0.5627893,True
non_essential_TNFRSF21|HGNC:13469,0,0,0.627003,0.372997,0.627003,True
non_essential_NAB1|HGNC:7626,0,0,0.53868264,0.46131736,0.53868264,True
non_essential_B9D2|HGNC:28636,0,0,0.65343696,0.34656304,0.65343696,True
non_essential_SLC25A43|HGNC:30557,0,0,0.6315477,0.3684523,0.6315477,True
non_essential_TDRD10|HGNC:25316,0,0,0.609136,0.390864,0.609136,True
non_essential_MINPP1|HGNC:7102,0,0,0.6239713,0.37602872,0.6239713,True
non_essential_HDGF|HGNC:4856,0,0,0.6542373,0.34576273,0.6542373,True
non_essential_ZMYM5|HGNC:13029,0,0,0.45878568,0.54121435,0.54121435,True
non_essential_ACP7|HGNC:33781,0,0,0.71104074,0.28895926,0.71104074,True
non_essential_UBE2Q2L|HGNC:44656,0,0,0.6726413,0.32735872,0.6726413,True
non_essential_ZFP69|HGNC:24708,0,0,0.49668196,0.5033181,0.5033181,True
non_essential_KCTD20|HGNC:21052,0,0,0.49787512,0.5021249,0.5021249,True
non_essential_ZNF233|HGNC:30946,0,0,0.44507417,0.5549258,0.5549258,True
non_essential_MAGEA3|HGNC:6801,0,0,0.52027446,0.47972554,0.52027446,True
non_essential_EPHA5|HGNC:3389,0,0,0.5778286,0.4221714,0.5778286,True
non_essential_LMCD1|HGNC:6633,0,0,0.712724,0.28727603,0.712724,True
non_essential_C1QTNF9B|HGNC:34072,0,0,0.51851887,0.48148113,0.51851887,True
non_essential_TTC24|HGNC:32348,0,0,0.61896735,0.38103265,0.61896735,True
non_essential_SERP2|HGNC:20607,0,0,0.5000945,0.49990553,0.5000945,True
non_essential_LRRIQ3|HGNC:28318,0,0,0.484564,0.515436,0.515436,True
non_essential_C11orf91|HGNC:34444,0,0,0.82804906,0.17195094,0.82804906,True
non_essential_CCDC144A|HGNC:29072,0,0,0.5481089,0.45189112,0.5481089,True
non_essential_DCN|HGNC:2705,0,0,0.55841184,0.44158816,0.55841184,True
non_essential_RBMY1D|HGNC:23915,0,0,0.5118973,0.48810267,0.5118973,True
non_essential_C22orf42|HGNC:27160,0,0,0.5296731,0.4703269,0.5296731,True
non_essential_PTPN13|HGNC:9646,0,0,0.6114554,0.38854462,0.6114554,True
non_essential_TM4SF5|HGNC:11857,0,0,0.71568036,0.28431964,0.71568036,True
non_essential_ZNF839|HGNC:20345,0,0,0.60272884,0.39727116,0.60272884,True
non_essential_MEI1|HGNC:28613,0,0,0.6328727,0.3671273,0.6328727,True
non_essential_MMP8|HGNC:7175,0,0,0.6977251,0.30227488,0.6977251,True
non_essential_NRIP3|HGNC:1167,0,0,0.62036,0.37963998,0.62036,True
non_essential_PNPO|HGNC:30260,0,0,0.7023915,0.2976085,0.7023915,True
non_essential_CCL20|HGNC:10619,0,0,0.48279747,0.5172025,0.5172025,True
non_essential_ASPH|HGNC:757,0,0,0.6023544,0.3976456,0.6023544,True
non_essential_HEXA|HGNC:4878,0,0,0.6750121,0.3249879,0.6750121,True
non_essential_RBM46|HGNC:28401,0,0,0.55618274,0.44381726,0.55618274,True
non_essential_OR1S2|HGNC:15141,0,0,0.4931181,0.5068819,0.5068819,True
non_essential_SLC52A2|HGNC:30224,0,0,0.620338,0.37966198,0.620338,True
non_essential_NWD2|HGNC:29229,0,0,0.60024995,0.39975005,0.60024995,True
non_essential_SERPINA5|HGNC:8723,0,0,0.5204809,0.47951913,0.5204809,True
non_essential_TREM1|HGNC:17760,0,0,0.5510428,0.4489572,0.5510428,True
non_essential_HOXA10|HGNC:5100,0,0,0.6525819,0.34741813,0.6525819,True
non_essential_RMI2|HGNC:28349,0,0,0.6302158,0.36978418,0.6302158,True
non_essential_NQO1|HGNC:2874,0,0,0.5530287,0.4469713,0.5530287,True
non_essential_VPS37C|HGNC:26097,0,0,0.64048827,0.35951173,0.64048827,True
non_essential_C15orf61|HGNC:34453,0,0,0.6580768,0.34192318,0.6580768,True
non_essential_FAM71E1|HGNC:25107,0,0,0.77093476,0.22906524,0.77093476,True
non_essential_CROT|HGNC:2366,0,0,0.5129535,0.48704648,0.5129535,True
non_essential_ZNF669|HGNC:25736,0,0,0.5544166,0.4455834,0.5544166,True
non_essential_MLEC|HGNC:28973,0,0,0.72279334,0.27720666,0.72279334,True
non_essential_PYCR2|HGNC:30262,0,0,0.7006102,0.29938978,0.7006102,True
non_essential_PRG2|HGNC:9362,0,0,0.6607752,0.33922482,0.6607752,True
non_essential_FAM102B|HGNC:27637,0,0,0.53251386,0.46748614,0.53251386,True
non_essential_TMEM202|HGNC:33733,0,0,0.5189809,0.48101908,0.5189809,True
non_essential_HIGD2A|HGNC:28311,0,0,0.6701478,0.32985222,0.6701478,True
non_essential_MMP12|HGNC:7158,0,0,0.5112392,0.48876083,0.5112392,True
non_essential_FAM19A3|HGNC:21590,0,0,0.6795652,0.3204348,0.6795652,True
non_essential_TG|HGNC:11764,0,0,0.6001263,0.39987367,0.6001263,True
non_essential_SLC35F2|HGNC:23615,0,0,0.5307536,0.4692464,0.5307536,True
non_essential_C14orf28|HGNC:19834,0,0,0.5154654,0.48453462,0.5154654,True
non_essential_SIGLEC8|HGNC:10877,0,0,0.6023853,0.39761472,0.6023853,True
non_essential_PGAP2|HGNC:17893,0,0,0.6557677,0.34423232,0.6557677,True
non_essential_CDC14A|HGNC:1718,0,0,0.49705362,0.5029464,0.5029464,True
non_essential_TNFRSF10D|HGNC:11907,0,0,0.6373875,0.3626125,0.6373875,True
non_essential_PMP2|HGNC:9117,0,0,0.46155974,0.5384402,0.5384402,True
non_essential_ACSL5|HGNC:16526,0,0,0.6182215,0.38177848,0.6182215,True
non_essential_OR11H4|HGNC:15347,0,0,0.54614335,0.45385665,0.54614335,True
non_essential_TUSC5|HGNC:29592,0,0,0.68177766,0.31822234,0.68177766,True
non_essential_SLC25A44|HGNC:29036,0,0,0.5869646,0.4130354,0.5869646,True
non_essential_DUSP28|HGNC:33237,0,0,0.77455527,0.22544473,0.77455527,True
non_essential_OR4D6|HGNC:15175,0,0,0.5292931,0.47070688,0.5292931,True
non_essential_VWA3B|HGNC:28385,0,0,0.6305855,0.3694145,0.6305855,True
non_essential_TAS2R42|HGNC:18888,0,0,0.48851568,0.5114843,0.5114843,True
non_essential_DGAT2L6|HGNC:23250,0,0,0.6310242,0.36897582,0.6310242,True
non_essential_MS4A12|HGNC:13370,0,0,0.47738954,0.5226104,0.5226104,True
non_essential_LRMP|HGNC:6690,0,0,0.5373962,0.4626038,0.5373962,True
non_essential_IQCF2|HGNC:31815,0,0,0.56737524,0.43262476,0.56737524,True
non_essential_PRSS54|HGNC:26336,0,0,0.5853768,0.4146232,0.5853768,True
non_essential_CDC42EP2|HGNC:16263,0,0,0.8068537,0.19314629,0.8068537,True
non_essential_STK17B|HGNC:11396,0,0,0.4704483,0.52955174,0.52955174,True
non_essential_LURAP1L|HGNC:31452,0,0,0.62548524,0.37451476,0.62548524,True
non_essential_TNP2|HGNC:11952,0,0,0.63743037,0.36256963,0.63743037,True
non_essential_ARL5C|HGNC:31111,0,0,0.544928,0.455072,0.544928,True
non_essential_CT45A8|HGNC:51261,0,0,0.46562192,0.53437805,0.53437805,True
non_essential_KRT7|HGNC:6445,0,0,0.82244885,0.17755115,0.82244885,True
non_essential_TAT|HGNC:11573,0,0,0.5989998,0.4010002,0.5989998,True
non_essential_CATSPER4|HGNC:23220,0,0,0.6586839,0.3413161,0.6586839,True
non_essential_ZNF831|HGNC:16167,0,0,0.63241285,0.36758715,0.63241285,True
non_essential_UGT2B10|HGNC:12544,0,0,0.48022074,0.51977926,0.51977926,True
non_essential_OR9A2|HGNC:15093,0,0,0.47598538,0.5240146,0.5240146,True
non_essential_ALG3|HGNC:23056,0,0,0.7332968,0.2667032,0.7332968,True
non_essential_CATSPER2|HGNC:18810,0,0,0.6107968,0.3892032,0.6107968,True
non_essential_RGR|HGNC:9990,0,0,0.8736388,0.12636119,0.8736388,True
non_essential_ACSBG1|HGNC:29567,0,0,0.6378724,0.3621276,0.6378724,True
non_essential_C16orf89|HGNC:28687,0,0,0.6324943,0.36750573,0.6324943,True
non_essential_HEXIM2|HGNC:28591,0,0,0.8383233,0.1616767,0.8383233,True
non_essential_CASP14|HGNC:1502,0,0,0.5891974,0.4108026,0.5891974,True
non_essential_C4orf32|HGNC:26813,0,0,0.54852927,0.45147073,0.54852927,True
non_essential_MYOD1|HGNC:7611,0,0,0.7563808,0.2436192,0.7563808,True
non_essential_TBC1D22B|HGNC:21602,0,0,0.551134,0.448866,0.551134,True
non_essential_NLRP5|HGNC:21269,0,0,0.6666087,0.3333913,0.6666087,True
non_essential_HHLA2|HGNC:4905,0,0,0.58928347,0.41071653,0.58928347,True
non_essential_FAM65A|HGNC:25836,0,0,0.6136364,0.38636363,0.6136364,True
non_essential_FAM53B|HGNC:28968,0,0,0.67118317,0.32881683,0.67118317,True
non_essential_GLP1R|HGNC:4324,0,0,0.6963039,0.3036961,0.6963039,True
non_essential_TMEM215|HGNC:33816,0,0,0.62466514,0.37533486,0.62466514,True
non_essential_KRTAP22-1|HGNC:18947,0,0,0.45379305,0.54620695,0.54620695,True
non_essential_NUTM2A|HGNC:23438,0,0,0.69508696,0.30491304,0.69508696,True
non_essential_BIVM|HGNC:16034,0,0,0.57594943,0.42405057,0.57594943,True
non_essential_ARHGAP10|HGNC:26099,0,0,0.5923347,0.4076653,0.5923347,True
non_essential_GNPTG|HGNC:23026,0,0,0.736253,0.26374698,0.736253,True
non_essential_C14orf177|HGNC:26375,0,0,0.5099535,0.4900465,0.5099535,True
non_essential_DLX4|HGNC:2917,0,0,0.7839491,0.21605092,0.7839491,True
non_essential_SLC6A2|HGNC:11048,0,0,0.6770814,0.3229186,0.6770814,True
non_essential_CARMIL2|HGNC:27089,0,0,0.67066073,0.32933927,0.67066073,True
non_essential_OR1A1|HGNC:8179,0,0,0.49651363,0.5034864,0.5034864,True
non_essential_UHMK1|HGNC:19683,0,0,0.6395905,0.3604095,0.6395905,True
non_essential_HERPUD1|HGNC:13744,0,0,0.6325358,0.36746418,0.6325358,True
non_essential_ERGIC2|HGNC:30208,0,0,0.5582409,0.4417591,0.5582409,True
non_essential_CD70|HGNC:11937,0,0,0.91187996,0.08812004,0.91187996,True
non_essential_C1QL3|HGNC:19359,0,0,0.5684702,0.43152982,0.5684702,True
non_essential_TIRAP|HGNC:17192,0,0,0.6777465,0.32225353,0.6777465,True
non_essential_CD177|HGNC:30072,0,0,0.5934893,0.4065107,0.5934893,True
non_essential_CNDP1|HGNC:20675,0,0,0.59438044,0.40561956,0.59438044,True
non_essential_OR52E8|HGNC:15217,0,0,0.5545786,0.4454214,0.5545786,True
non_essential_STATH|HGNC:11369,0,0,0.43510103,0.56489897,0.56489897,True
non_essential_MC1R|HGNC:6929,0,0,0.87944746,0.12055254,0.87944746,True
non_essential_OR6B3|HGNC:15042,0,0,0.64750856,0.35249144,0.64750856,True
non_essential_KLHL32|HGNC:21221,0,0,0.62538147,0.37461853,0.62538147,True
non_essential_GATA5|HGNC:15802,0,0,0.9083717,0.09162831,0.9083717,True
non_essential_ANKRD42|HGNC:26752,0,0,0.51290303,0.48709697,0.51290303,True
non_essential_CST11|HGNC:15959,0,0,0.5550476,0.44495243,0.5550476,True
non_essential_GDF10|HGNC:4215,0,0,0.70507425,0.29492575,0.70507425,True
non_essential_DRC7|HGNC:25289,0,0,0.81564975,0.18435025,0.81564975,True
non_essential_CCDC106|HGNC:30181,0,0,0.70863193,0.29136807,0.70863193,True
non_essential_PALM3|HGNC:33274,0,0,0.66560763,0.33439237,0.66560763,True
non_essential_MAN1A1|HGNC:6821,0,0,0.64836174,0.35163826,0.64836174,True
non_essential_RITA1|HGNC:25925,0,0,0.870705,0.12929499,0.870705,True
non_essential_DNAH6|HGNC:2951,0,0,0.612465,0.38753498,0.612465,True
non_essential_SPSB2|HGNC:29522,0,0,0.7465911,0.2534089,0.7465911,True
non_essential_ACSM3|HGNC:10522,0,0,0.5308866,0.4691134,0.5308866,True
non_essential_GPER1|HGNC:4485,0,0,0.8399727,0.16002733,0.8399727,True
non_essential_OR8J3|HGNC:15312,0,0,0.50163823,0.49836177,0.50163823,True
non_essential_ARV1|HGNC:29561,0,0,0.52225727,0.47774273,0.52225727,True
non_essential_C19orf84|HGNC:27112,0,0,0.7767989,0.2232011,0.7767989,True
non_essential_LMAN2L|HGNC:19263,0,0,0.6232784,0.37672162,0.6232784,True
non_essential_ZFAND2B|HGNC:25206,0,0,0.71238124,0.28761876,0.71238124,True
non_essential_ZSWIM4|HGNC:25704,0,0,0.7666167,0.2333833,0.7666167,True
non_essential_HAO1|HGNC:4809,0,0,0.5417818,0.45821822,0.5417818,True
non_essential_CECR6|HGNC:1844,0,0,0.71198297,0.28801703,0.71198297,True
non_essential_TEX2|HGNC:30884,0,0,0.6042376,0.39576238,0.6042376,True
non_essential_OR5B3|HGNC:8324,0,0,0.47394395,0.52605605,0.52605605,True
non_essential_SNTA1|HGNC:11167,0,0,0.71558225,0.28441775,0.71558225,True
non_essential_CECR1|HGNC:1839,0,0,0.73215806,0.26784194,0.73215806,True
non_essential_COL6A2|HGNC:2212,0,1,0.955093,0.044906974,0.955093,False
non_essential_ZNF318|HGNC:13578,0,0,0.6144928,0.38550723,0.6144928,True
non_essential_MAS1L|HGNC:13961,0,0,0.5313907,0.46860927,0.5313907,True
non_essential_OR2V1|HGNC:8280,0,0,0.55055976,0.44944024,0.55055976,True
non_essential_IFNA1|HGNC:5417,0,0,0.5574151,0.44258487,0.5574151,True
non_essential_AP1M2|HGNC:558,0,0,0.74563146,0.25436854,0.74563146,True
non_essential_CDADC1|HGNC:20299,0,0,0.52510315,0.47489685,0.52510315,True
non_essential_FUNDC2|HGNC:24925,0,0,0.7229707,0.27702928,0.7229707,True
non_essential_SRGAP2B|HGNC:35237,0,0,0.6202562,0.3797438,0.6202562,True
non_essential_GP9|HGNC:4444,0,0,0.76530874,0.23469126,0.76530874,True
non_essential_SLC26A1|HGNC:10993,0,0,0.74789065,0.25210935,0.74789065,True
non_essential_CPLX1|HGNC:2309,0,0,0.7255015,0.27449852,0.7255015,True
non_essential_TEKT2|HGNC:11725,0,0,0.77794844,0.22205156,0.77794844,True
non_essential_DUSP19|HGNC:18894,0,0,0.44751588,0.55248415,0.55248415,True
non_essential_IFNA16|HGNC:5421,0,0,0.4815092,0.5184908,0.5184908,True
non_essential_KERA|HGNC:6309,0,0,0.49101925,0.50898075,0.50898075,True
non_essential_ARHGAP11B|HGNC:15782,0,0,0.52365947,0.47634053,0.52365947,True
non_essential_TNNT1|HGNC:11948,0,0,0.94761574,0.052384257,0.94761574,True
non_essential_SAPCD1|HGNC:13938,0,0,0.61434996,0.38565004,0.61434996,True
non_essential_GCFC2|HGNC:1317,0,0,0.5912541,0.40874588,0.5912541,True
non_essential_SPRED1|HGNC:20249,0,0,0.5047129,0.49528712,0.5047129,True
non_essential_SEC14L4|HGNC:20627,0,0,0.7128473,0.2871527,0.7128473,True
non_essential_C2CD5|HGNC:29062,0,0,0.58536744,0.41463256,0.58536744,True
non_essential_LACTB|HGNC:16468,0,0,0.61010075,0.38989925,0.61010075,True
non_essential_SSR4|HGNC:11326,0,0,0.67350423,0.32649577,0.67350423,True
non_essential_ZNF790|HGNC:33114,0,0,0.46565223,0.5343478,0.5343478,True
non_essential_SH3BGR|HGNC:10822,0,0,0.47735503,0.522645,0.522645,True
non_essential_HRH2|HGNC:5183,0,0,0.65742534,0.34257466,0.65742534,True
non_essential_CENPV|HGNC:29920,0,0,0.6068681,0.3931319,0.6068681,True
non_essential_IFNE|HGNC:18163,0,0,0.52390426,0.47609574,0.52390426,True
non_essential_GNA14|HGNC:4382,0,0,0.72860837,0.27139163,0.72860837,True
non_essential_SLC35E2|HGNC:20863,0,0,0.83016443,0.16983557,0.83016443,True
non_essential_GNPTAB|HGNC:29670,0,0,0.5293966,0.4706034,0.5293966,True
non_essential_HEXDC|HGNC:26307,0,0,0.6996266,0.30037338,0.6996266,True
non_essential_NEK3|HGNC:7746,0,0,0.50413346,0.49586654,0.50413346,True
non_essential_PAH|HGNC:8582,0,0,0.6085435,0.39145648,0.6085435,True
non_essential_MFSD6|HGNC:24711,0,0,0.57603633,0.42396367,0.57603633,True
non_essential_SIGLECL1|HGNC:26856,0,0,0.53734344,0.46265656,0.53734344,True
non_essential_ACAD11|HGNC:30211,0,0,0.59148866,0.40851134,0.59148866,True
non_essential_ACACB|HGNC:85,0,0,0.6472207,0.35277933,0.6472207,True
non_essential_PCMT1|HGNC:8728,0,0,0.5296738,0.4703262,0.5296738,True
non_essential_OR5AC2|HGNC:15431,0,0,0.49374622,0.5062538,0.5062538,True
non_essential_PRR27|HGNC:33193,0,0,0.5564383,0.44356167,0.5564383,True
non_essential_VTCN1|HGNC:28873,0,0,0.49039334,0.50960666,0.50960666,True
non_essential_BRI3BP|HGNC:14251,0,0,0.8226286,0.17737138,0.8226286,True
non_essential_TMEM185A|HGNC:17125,0,0,0.7109368,0.28906322,0.7109368,True
non_essential_GULP1|HGNC:18649,0,0,0.47161147,0.5283885,0.5283885,True
non_essential_CEP85L|HGNC:21638,0,0,0.5012064,0.4987936,0.5012064,True
non_essential_ANKS6|HGNC:26724,0,0,0.6758551,0.3241449,0.6758551,True
non_essential_GADD45A|HGNC:4095,0,0,0.6982816,0.3017184,0.6982816,True
non_essential_SUCLA2|HGNC:11448,0,0,0.5248663,0.47513372,0.5248663,True
non_essential_TBXAS1|HGNC:11609,0,0,0.6549477,0.3450523,0.6549477,True
non_essential_USP17L13|HGNC:44441,0,0,0.6556518,0.3443482,0.6556518,True
non_essential_SERPINA12|HGNC:18359,0,0,0.59728676,0.40271324,0.59728676,True
non_essential_FLYWCH2|HGNC:25178,0,0,0.6553428,0.34465718,0.6553428,True
non_essential_PARP3|HGNC:273,0,0,0.65571254,0.34428746,0.65571254,True
non_essential_POLDIP3|HGNC:23782,0,0,0.7130925,0.2869075,0.7130925,True
non_essential_E2F7|HGNC:23820,0,0,0.5926031,0.4073969,0.5926031,True
non_essential_PTRHD1|HGNC:33782,0,0,0.55338985,0.44661015,0.55338985,True
non_essential_MUC6|HGNC:7517,0,0,0.65645754,0.34354246,0.65645754,True
non_essential_KRTAP13-3|HGNC:18925,0,0,0.49922624,0.5007738,0.5007738,True
non_essential_RPL10L|HGNC:17976,0,0,0.6334212,0.36657882,0.6334212,True
non_essential_TCP11|HGNC:11658,0,0,0.60813314,0.39186686,0.60813314,True
non_essential_PODNL1|HGNC:26275,0,0,0.7111511,0.28884888,0.7111511,True
non_essential_C2orf91|HGNC:42966,0,0,0.5241468,0.4758532,0.5241468,True
non_essential_RNF144B|HGNC:21578,0,0,0.54292226,0.45707774,0.54292226,True
non_essential_SFT2D2|HGNC:25140,0,0,0.50799954,0.49200046,0.50799954,True
non_essential_RAB33A|HGNC:9773,0,0,0.6533535,0.3466465,0.6533535,True
non_essential_GLIPR2|HGNC:18007,0,0,0.6429894,0.3570106,0.6429894,True
non_essential_SLCO4A1|HGNC:10953,0,0,0.64912164,0.35087836,0.64912164,True
non_essential_SCCPDH|HGNC:24275,0,0,0.60745126,0.39254874,0.60745126,True
non_essential_FAM171B|HGNC:29412,0,0,0.5879294,0.41207057,0.5879294,True
non_essential_OR4F17|HGNC:15381,0,0,0.49576744,0.5042325,0.5042325,True
non_essential_KDM4E|HGNC:37098,0,0,0.528516,0.471484,0.528516,True
non_essential_GABRA3|HGNC:4077,0,0,0.64298,0.35702002,0.64298,True
non_essential_PINK1|HGNC:14581,0,0,0.6755676,0.32443237,0.6755676,True
non_essential_ADGRG3|HGNC:13728,0,0,0.6705515,0.32944852,0.6705515,True
non_essential_INSC|HGNC:33116,0,0,0.76104116,0.23895884,0.76104116,True
non_essential_IDO1|HGNC:6059,0,0,0.58074343,0.41925657,0.58074343,True
non_essential_IL3RA|HGNC:6012,0,0,0.7257371,0.2742629,0.7257371,True
non_essential_CCDC102B|HGNC:26295,0,0,0.52410066,0.47589934,0.52410066,True
non_essential_PIK3R5|HGNC:30035,0,0,0.64544433,0.35455567,0.64544433,True
non_essential_SPINT3|HGNC:11248,0,0,0.44026104,0.559739,0.559739,True
non_essential_NPIPA8|HGNC:41983,0,0,0.55374366,0.44625634,0.55374366,True
non_essential_TUB|HGNC:12406,0,0,0.64443034,0.35556966,0.64443034,True
non_essential_KCTD4|HGNC:23227,0,0,0.568004,0.431996,0.568004,True
non_essential_RAET1L|HGNC:16798,0,0,0.5835954,0.4164046,0.5835954,True
non_essential_KNG1|HGNC:6383,0,0,0.5222546,0.4777454,0.5222546,True
non_essential_TUBA8|HGNC:12410,0,0,0.6522851,0.3477149,0.6522851,True
non_essential_WDFY4|HGNC:29323,0,0,0.62773037,0.37226963,0.62773037,True
non_essential_TMEM64|HGNC:25441,0,0,0.61090785,0.38909215,0.61090785,True
non_essential_RPUSD1|HGNC:14173,0,0,0.8984691,0.10153091,0.8984691,True
non_essential_TMED5|HGNC:24251,0,0,0.5503773,0.4496227,0.5503773,True
non_essential_TMEM132A|HGNC:31092,0,0,0.7313469,0.2686531,0.7313469,True
non_essential_OXCT2|HGNC:18606,0,0,0.7372891,0.26271093,0.7372891,True
non_essential_PARD6G|HGNC:16076,0,0,0.71191335,0.28808665,0.71191335,True
non_essential_VTN|HGNC:12724,0,0,0.6212418,0.3787582,0.6212418,True
non_essential_SPATA2L|HGNC:28393,0,0,0.86284673,0.13715327,0.86284673,True
non_essential_UMOD|HGNC:12559,0,0,0.6426138,0.35738617,0.6426138,True
non_essential_KLK11|HGNC:6359,0,0,0.60545725,0.39454275,0.60545725,True
non_essential_LY86|HGNC:16837,0,0,0.473902,0.526098,0.526098,True
non_essential_ABLIM2|HGNC:19195,0,0,0.7074774,0.2925226,0.7074774,True
non_essential_CPA3|HGNC:2298,0,0,0.5110887,0.48891127,0.5110887,True
non_essential_ZNF75D|HGNC:13145,0,0,0.49197504,0.50802493,0.50802493,True
non_essential_FCRLA|HGNC:18504,0,0,0.5568833,0.44311672,0.5568833,True
non_essential_RNF138|HGNC:17765,0,0,0.47907966,0.52092034,0.52092034,True
non_essential_PVR|HGNC:9705,0,0,0.73758864,0.26241136,0.73758864,True
non_essential_OR5L2|HGNC:8351,0,0,0.5578481,0.4421519,0.5578481,True
non_essential_TERT|HGNC:11730,0,0,0.6943599,0.3056401,0.6943599,True
non_essential_FUT2|HGNC:4013,0,0,0.5439926,0.45600742,0.5439926,True
non_essential_EPHA1|HGNC:3385,0,0,0.6255212,0.37447882,0.6255212,True
non_essential_NEK8|HGNC:13387,0,0,0.69561636,0.30438364,0.69561636,True
non_essential_CCDC178|HGNC:29588,0,0,0.5355955,0.46440452,0.5355955,True
non_essential_CXorf21|HGNC:25667,0,0,0.46535006,0.53464997,0.53464997,True
non_essential_YPEL3|HGNC:18327,0,0,0.6214311,0.3785689,0.6214311,True
non_essential_KRTAP10-7|HGNC:22970,0,0,0.739124,0.260876,0.739124,True
non_essential_RHNO1|HGNC:28206,0,0,0.56054944,0.43945056,0.56054944,True
non_essential_NEFH|HGNC:7737,0,0,0.8175348,0.1824652,0.8175348,True
non_essential_FAM161A|HGNC:25808,0,0,0.59808123,0.40191877,0.59808123,True
non_essential_MYCBP|HGNC:7554,0,0,0.51501507,0.48498493,0.51501507,True
non_essential_COMMD2|HGNC:24993,0,0,0.53754026,0.46245974,0.53754026,True
non_essential_LRRC3|HGNC:14965,0,0,0.94961464,0.050385356,0.94961464,True
non_essential_DCBLD1|HGNC:21479,0,0,0.550399,0.449601,0.550399,True
non_essential_ELF1|HGNC:3316,0,0,0.55173314,0.44826686,0.55173314,True
non_essential_KPRP|HGNC:31823,0,0,0.6706134,0.3293866,0.6706134,True
non_essential_ZNF527|HGNC:29385,0,0,0.47754765,0.52245235,0.52245235,True
non_essential_GBX1|HGNC:4185,0,0,0.762404,0.23759598,0.762404,True
non_essential_BRI3|HGNC:1109,0,0,0.66511893,0.33488107,0.66511893,True
non_essential_SERPINB2|HGNC:8584,0,0,0.53354275,0.46645725,0.53354275,True
non_essential_SVIP|HGNC:25238,0,0,0.43098605,0.56901395,0.56901395,True
non_essential_RPL26L1|HGNC:17050,0,0,0.62446296,0.37553704,0.62446296,True
non_essential_LRRC39|HGNC:28228,0,0,0.4826784,0.5173216,0.5173216,True
non_essential_ZNF14|HGNC:12924,0,0,0.46691146,0.53308856,0.53308856,True
non_essential_C6orf163|HGNC:21403,0,0,0.5076996,0.4923004,0.5076996,True
non_essential_VSTM5|HGNC:34443,0,0,0.6576163,0.34238368,0.6576163,True
non_essential_EBF4|HGNC:29278,0,0,0.72724223,0.27275777,0.72724223,True
non_essential_KHDC1|HGNC:21366,0,0,0.58016366,0.41983634,0.58016366,True
non_essential_NKD2|HGNC:17046,0,1,0.9616517,0.038348317,0.9616517,False
non_essential_FLG2|HGNC:33276,0,0,0.5037799,0.4962201,0.5037799,True
non_essential_FAM9A|HGNC:18403,0,0,0.56741315,0.43258685,0.56741315,True
non_essential_LCN1|HGNC:6525,0,0,0.79094744,0.20905256,0.79094744,True
non_essential_MYH15|HGNC:31073,0,0,0.61665225,0.38334775,0.61665225,True
non_essential_BAAT|HGNC:932,0,0,0.5237011,0.47629893,0.5237011,True
non_essential_DUOXA1|HGNC:26507,0,0,0.73050714,0.26949286,0.73050714,True
non_essential_NEURL3|HGNC:25162,0,0,0.76703954,0.23296046,0.76703954,True
non_essential_ZADH2|HGNC:28697,0,0,0.5848201,0.4151799,0.5848201,True
non_essential_THEMIS|HGNC:21569,0,0,0.63243437,0.36756563,0.63243437,True
non_essential_SPATA6|HGNC:18309,0,0,0.6043359,0.3956641,0.6043359,True
non_essential_GAB4|HGNC:18325,0,0,0.7105814,0.28941858,0.7105814,True
non_essential_CHEK2|HGNC:16627,0,0,0.5106036,0.4893964,0.5106036,True
non_essential_GPR161|HGNC:23694,0,0,0.7048651,0.2951349,0.7048651,True
non_essential_BTN3A2|HGNC:1139,0,0,0.6314741,0.36852592,0.6314741,True
non_essential_CA8|HGNC:1382,0,0,0.5377468,0.4622532,0.5377468,True
non_essential_ALDH3A1|HGNC:405,0,0,0.6841994,0.3158006,0.6841994,True
non_essential_COLEC11|HGNC:17213,0,0,0.8254378,0.17456222,0.8254378,True
non_essential_SCGB3A1|HGNC:18384,0,0,0.53750587,0.46249413,0.53750587,True
non_essential_ADH5|HGNC:253,0,0,0.48673436,0.5132656,0.5132656,True
non_essential_CDCA7|HGNC:14628,0,0,0.6386381,0.36136192,0.6386381,True
non_essential_COL28A1|HGNC:22442,0,0,0.5167223,0.48327768,0.5167223,True
non_essential_ERMAP|HGNC:15743,0,0,0.62278825,0.37721175,0.62278825,True
non_essential_ENTPD7|HGNC:19745,0,0,0.5333256,0.4666744,0.5333256,True
non_essential_KRT12|HGNC:6414,0,0,0.6498549,0.3501451,0.6498549,True
non_essential_H2BFM|HGNC:27867,0,0,0.8744479,0.12555212,0.8744479,True
non_essential_CT47A11|HGNC:27397,0,0,0.78890824,0.21109176,0.78890824,True
non_essential_CHST14|HGNC:24464,0,0,0.70386577,0.29613423,0.70386577,True
non_essential_KCNV1|HGNC:18861,0,0,0.6699592,0.3300408,0.6699592,True
non_essential_MFSD3|HGNC:25157,0,0,0.8656221,0.1343779,0.8656221,True
non_essential_FSCB|HGNC:20494,0,0,0.60938746,0.39061254,0.60938746,True
non_essential_HLA-DPB1|HGNC:4940,0,0,0.66334635,0.33665365,0.66334635,True
non_essential_LYNX1|HGNC:29604,0,0,0.6504958,0.34950417,0.6504958,True
non_essential_ESAM|HGNC:17474,0,0,0.6703617,0.3296383,0.6703617,True
non_essential_PSD4|HGNC:19096,0,0,0.65537953,0.34462047,0.65537953,True
non_essential_FAM24A|HGNC:23470,0,0,0.584964,0.41503602,0.584964,True
non_essential_OR13C3|HGNC:14704,0,0,0.4614442,0.5385558,0.5385558,True
non_essential_TRAF3IP2|HGNC:1343,0,0,0.6046951,0.39530492,0.6046951,True
non_essential_COL4A4|HGNC:2206,0,0,0.59474534,0.40525466,0.59474534,True
non_essential_ZC4H2|HGNC:24931,0,0,0.5501131,0.44988692,0.5501131,True
non_essential_TRAPPC3L|HGNC:21090,0,0,0.44110352,0.5588965,0.5588965,True
non_essential_LEAP2|HGNC:29571,0,0,0.46306878,0.5369312,0.5369312,True
non_essential_NANOS3|HGNC:22048,0,0,0.84032357,0.15967643,0.84032357,True
non_essential_ZNF157|HGNC:12942,0,0,0.518385,0.481615,0.518385,True
non_essential_GGT1|HGNC:4250,0,0,0.7077102,0.2922898,0.7077102,True
non_essential_ABCB10|HGNC:41,0,0,0.62711257,0.37288743,0.62711257,True
non_essential_CLVS1|HGNC:23139,0,0,0.5966616,0.40333837,0.5966616,True
non_essential_GCG|HGNC:4191,0,0,0.65468085,0.34531915,0.65468085,True
non_essential_BHLHA9|HGNC:35126,0,0,0.7174159,0.28258407,0.7174159,True
non_essential_EGFLAM|HGNC:26810,0,0,0.58989334,0.41010666,0.58989334,True
non_essential_PPOX|HGNC:9280,0,0,0.6147994,0.38520062,0.6147994,True
non_essential_OR4S1|HGNC:14705,0,0,0.5295583,0.4704417,0.5295583,True
non_essential_HOMER2|HGNC:17513,0,0,0.72204596,0.27795404,0.72204596,True
non_essential_OR10A7|HGNC:15329,0,0,0.5101318,0.48986822,0.5101318,True
non_essential_OR4D10|HGNC:15173,0,0,0.451836,0.548164,0.548164,True
non_essential_TM7SF3|HGNC:23049,0,0,0.5266857,0.4733143,0.5266857,True
non_essential_IFI16|HGNC:5395,0,0,0.56709343,0.43290657,0.56709343,True
non_essential_OR6C65|HGNC:31295,0,0,0.4410556,0.5589444,0.5589444,True
non_essential_RXFP3|HGNC:24883,0,0,0.7878013,0.21219867,0.7878013,True
non_essential_FAM3D|HGNC:18665,0,0,0.57242423,0.42757577,0.57242423,True
non_essential_SH2B3|HGNC:29605,0,0,0.7062864,0.29371363,0.7062864,True
non_essential_PDE1A|HGNC:8774,0,0,0.5130201,0.4869799,0.5130201,True
non_essential_PERM1|HGNC:28208,0,0,0.71972305,0.28027695,0.71972305,True
non_essential_TRAPPC12|HGNC:24284,0,0,0.6562757,0.3437243,0.6562757,True
non_essential_KBTBD8|HGNC:30691,0,0,0.5336788,0.46632117,0.5336788,True
non_essential_ZBED9|HGNC:13851,0,0,0.541424,0.45857602,0.541424,True
non_essential_TLR1|HGNC:11847,0,0,0.5538338,0.44616622,0.5538338,True
non_essential_CASP5|HGNC:1506,0,0,0.64227957,0.35772043,0.64227957,True
non_essential_H2BFWT|HGNC:27252,0,0,0.9458497,0.054150283,0.9458497,True
non_essential_KIAA1841|HGNC:29387,0,0,0.63851714,0.36148286,0.63851714,True
non_essential_KLRG1|HGNC:6380,0,0,0.4517788,0.54822123,0.54822123,True
non_essential_CHRNA10|HGNC:13800,0,0,0.7697574,0.23024261,0.7697574,True
non_essential_TCP11L2|HGNC:28627,0,0,0.5867265,0.4132735,0.5867265,True
non_essential_ZNF479|HGNC:23258,0,0,0.5009726,0.49902737,0.5009726,True
non_essential_UBA7|HGNC:12471,0,0,0.6249873,0.3750127,0.6249873,True
non_essential_GAGE10|HGNC:30968,0,0,0.5538157,0.44618428,0.5538157,True
non_essential_PKD1L3|HGNC:21716,0,0,0.5842449,0.4157551,0.5842449,True
non_essential_FAM151A|HGNC:25032,0,0,0.61611027,0.38388973,0.61611027,True
non_essential_TTLL7|HGNC:26242,0,0,0.61154383,0.38845617,0.61154383,True
non_essential_CDKN1B|HGNC:1785,0,0,0.5962916,0.4037084,0.5962916,True
non_essential_LURAP1|HGNC:32327,0,0,0.67443246,0.32556754,0.67443246,True
non_essential_FIGF|HGNC:3708,0,0,0.53119844,0.46880156,0.53119844,True
non_essential_EVA1B|HGNC:25558,0,0,0.8990749,0.10092509,0.8990749,True
non_essential_TTC39A|HGNC:18657,0,0,0.6811738,0.3188262,0.6811738,True
non_essential_MAB21L1|HGNC:6757,0,0,0.6371205,0.3628795,0.6371205,True
non_essential_ZNF257|HGNC:13498,0,0,0.45374846,0.54625154,0.54625154,True
non_essential_MRGPRE|HGNC:30694,0,0,0.82491416,0.17508584,0.82491416,True
non_essential_ZDHHC6|HGNC:19160,0,0,0.5010248,0.49897522,0.5010248,True
non_essential_CKMT1A|HGNC:31736,0,0,0.65206283,0.34793717,0.65206283,True
non_essential_GOLGA6B|HGNC:32205,0,0,0.7624827,0.2375173,0.7624827,True
non_essential_GPR84|HGNC:4535,0,0,0.53560656,0.46439344,0.53560656,True
non_essential_FGF6|HGNC:3684,0,0,0.6384588,0.3615412,0.6384588,True
non_essential_PRRX2|HGNC:21338,0,0,0.6847701,0.3152299,0.6847701,True
non_essential_NAAA|HGNC:736,0,0,0.65186334,0.34813666,0.65186334,True
non_essential_COL4A3|HGNC:2204,0,0,0.6204324,0.37956762,0.6204324,True
non_essential_EXOC6B|HGNC:17085,0,0,0.52473277,0.47526723,0.52473277,True
non_essential_CEP78|HGNC:25740,0,0,0.63626105,0.36373895,0.63626105,True
non_essential_PNLDC1|HGNC:21185,0,0,0.6617118,0.3382882,0.6617118,True
non_essential_PDGFRL|HGNC:8805,0,0,0.71658546,0.28341454,0.71658546,True
non_essential_ZNF136|HGNC:12920,0,0,0.49416775,0.50583225,0.50583225,True
non_essential_SLC15A1|HGNC:10920,0,0,0.57407016,0.42592984,0.57407016,True
non_essential_CD14|HGNC:1628,0,0,0.7922927,0.20770729,0.7922927,True
non_essential_CSGALNACT2|HGNC:24292,0,0,0.51439935,0.48560065,0.51439935,True
non_essential_SCD5|HGNC:21088,0,0,0.7765062,0.22349381,0.7765062,True
non_essential_TRPM1|HGNC:7146,0,0,0.630505,0.36949497,0.630505,True
non_essential_SIGLEC5|HGNC:10874,0,0,0.62006974,0.37993026,0.62006974,True
non_essential_MTHFS|HGNC:7437,0,0,0.7259004,0.2740996,0.7259004,True
non_essential_DPCD|HGNC:24542,0,0,0.55627847,0.44372153,0.55627847,True
non_essential_EEPD1|HGNC:22223,0,0,0.70146877,0.29853123,0.70146877,True
non_essential_SLC29A3|HGNC:23096,0,0,0.76067936,0.23932064,0.76067936,True
non_essential_GPR157|HGNC:23687,0,0,0.91267544,0.08732456,0.91267544,True
non_essential_MAGEA10|HGNC:6797,0,0,0.5463612,0.4536388,0.5463612,True
non_essential_PLPPR3|HGNC:23497,0,0,0.76972497,0.23027503,0.76972497,True
non_essential_GJD3|HGNC:19147,0,0,0.8916392,0.10836083,0.8916392,True
non_essential_TMEM139|HGNC:22058,0,0,0.47154433,0.5284557,0.5284557,True
non_essential_BACH1|HGNC:935,0,0,0.62012947,0.37987053,0.62012947,True
non_essential_SPON2|HGNC:11253,0,0,0.74900186,0.25099814,0.74900186,True
non_essential_CGN|HGNC:17429,0,0,0.646568,0.353432,0.646568,True
non_essential_OR5D13|HGNC:15280,0,0,0.4557486,0.54425144,0.54425144,True
non_essential_PROX2|HGNC:26715,0,0,0.62419426,0.37580574,0.62419426,True
non_essential_ZNF845|HGNC:25112,0,0,0.49712116,0.50287884,0.50287884,True
non_essential_CACNA2D4|HGNC:20202,0,0,0.64122725,0.35877275,0.64122725,True
non_essential_PNMA5|HGNC:18743,0,0,0.59932464,0.40067536,0.59932464,True
non_essential_LVRN|HGNC:26904,0,0,0.6189411,0.38105887,0.6189411,True
non_essential_C1orf198|HGNC:25900,0,0,0.87875724,0.12124276,0.87875724,True
non_essential_TRNP1|HGNC:34348,0,0,0.7659951,0.23400491,0.7659951,True
non_essential_ZNF91|HGNC:13166,0,0,0.47941062,0.52058935,0.52058935,True
non_essential_ACTBL2|HGNC:17780,0,0,0.6122682,0.3877318,0.6122682,True
non_essential_PLEKHG5|HGNC:29105,0,0,0.6510345,0.34896553,0.6510345,True
non_essential_USP27X|HGNC:13486,0,0,0.59640425,0.40359575,0.59640425,True
non_essential_STEAP3|HGNC:24592,0,0,0.8992952,0.10070479,0.8992952,True
non_essential_ZBTB39|HGNC:29014,0,0,0.5683356,0.4316644,0.5683356,True
non_essential_DTD2|HGNC:20277,0,0,0.5155019,0.48449808,0.5155019,True
non_essential_TYK2|HGNC:12440,0,0,0.6356907,0.3643093,0.6356907,True
non_essential_DYX1C1|HGNC:21493,0,0,0.60676867,0.39323133,0.60676867,True
non_essential_RWDD3|HGNC:21393,0,0,0.536197,0.463803,0.536197,True
non_essential_PZP|HGNC:9750,0,0,0.59276396,0.40723604,0.59276396,True
non_essential_HIST1H2BH|HGNC:4755,0,0,0.8884351,0.111564875,0.8884351,True
non_essential_KRBA2|HGNC:26989,0,0,0.49902275,0.5009773,0.5009773,True
non_essential_DTHD1|HGNC:37261,0,0,0.5024585,0.4975415,0.5024585,True
non_essential_CDRT15L2|HGNC:34075,0,0,0.57709295,0.42290705,0.57709295,True
non_essential_MANEAL|HGNC:26452,0,0,0.67317253,0.32682747,0.67317253,True
non_essential_KLHL24|HGNC:25947,0,0,0.51336646,0.48663354,0.51336646,True
non_essential_DPPA2|HGNC:19197,0,0,0.50262636,0.49737364,0.50262636,True
non_essential_SLC30A8|HGNC:20303,0,0,0.5780079,0.42199212,0.5780079,True
non_essential_SHPK|HGNC:1492,0,0,0.7568158,0.24318421,0.7568158,True
non_essential_ZNF75A|HGNC:13146,0,0,0.42687255,0.57312745,0.57312745,True
non_essential_PRRG2|HGNC:9470,0,0,0.6353283,0.3646717,0.6353283,True
non_essential_SLC39A14|HGNC:20858,0,0,0.6345792,0.36542082,0.6345792,True
non_essential_MDM1|HGNC:29917,0,0,0.5485872,0.4514128,0.5485872,True
non_essential_CPNE3|HGNC:2316,0,0,0.61793476,0.38206524,0.61793476,True
non_essential_ADAM28|HGNC:206,0,0,0.49277762,0.5072224,0.5072224,True
non_essential_KCNJ5|HGNC:6266,0,0,0.7404106,0.25958937,0.7404106,True
non_essential_SSX3|HGNC:11337,0,0,0.5714552,0.42854482,0.5714552,True
non_essential_C10orf62|HGNC:23294,0,0,0.68110174,0.31889826,0.68110174,True
non_essential_CD22|HGNC:1643,0,0,0.6077542,0.39224583,0.6077542,True
non_essential_C1orf111|HGNC:27648,0,0,0.6601451,0.3398549,0.6601451,True
non_essential_EDDM3A|HGNC:16978,0,0,0.44422716,0.55577284,0.55577284,True
non_essential_LONRF2|HGNC:24788,0,0,0.6007135,0.3992865,0.6007135,True
non_essential_AS3MT|HGNC:17452,0,0,0.47042295,0.529577,0.529577,True
non_essential_RNF125|HGNC:21150,0,0,0.6177039,0.3822961,0.6177039,True
non_essential_RIC3|HGNC:30338,0,0,0.5282025,0.47179753,0.5282025,True
non_essential_KRTAP9-2|HGNC:16926,0,0,0.38426095,0.61573905,0.61573905,True
non_essential_CLEC4G|HGNC:24591,0,1,0.95046693,0.04953307,0.95046693,False
non_essential_IAPP|HGNC:5329,0,0,0.42251688,0.5774831,0.5774831,True
non_essential_PRR19|HGNC:33728,0,0,0.6343634,0.3656366,0.6343634,True
non_essential_MAPT|HGNC:6893,0,0,0.6463373,0.35366273,0.6463373,True
non_essential_TMPRSS11B|HGNC:25398,0,0,0.5271811,0.4728189,0.5271811,True
non_essential_APOA5|HGNC:17288,0,0,0.8405121,0.1594879,0.8405121,True
non_essential_OR10A3|HGNC:8162,0,0,0.48388234,0.5161177,0.5161177,True
non_essential_HIST4H4|HGNC:20510,0,0,0.70543206,0.29456794,0.70543206,True
non_essential_PSME2|HGNC:9569,0,0,0.58324915,0.41675085,0.58324915,True
non_essential_BIK|HGNC:1051,0,0,0.69848955,0.30151045,0.69848955,True
non_essential_KRTAP9-6|HGNC:18914,0,0,0.4039373,0.59606266,0.59606266,True
non_essential_SMUG1|HGNC:17148,0,0,0.94328034,0.05671966,0.94328034,True
non_essential_HSPA4L|HGNC:17041,0,0,0.5754067,0.42459333,0.5754067,True
non_essential_LRIG2|HGNC:20889,0,0,0.58015496,0.41984504,0.58015496,True
non_essential_CAGE1|HGNC:21622,0,0,0.49090645,0.5090935,0.5090935,True
non_essential_HES2|HGNC:16005,0,0,0.7775768,0.2224232,0.7775768,True
non_essential_FAM188A|HGNC:23578,0,0,0.54266644,0.45733356,0.54266644,True
non_essential_PAQR9|HGNC:30131,0,0,0.83561176,0.16438824,0.83561176,True
non_essential_CCL24|HGNC:10623,0,0,0.5489798,0.45102018,0.5489798,True
non_essential_RFESD|HGNC:29587,0,0,0.46324727,0.5367527,0.5367527,True
non_essential_NEIL3|HGNC:24573,0,0,0.57023585,0.42976415,0.57023585,True
non_essential_MLANA|HGNC:7124,0,0,0.42833653,0.5716635,0.5716635,True
non_essential_CCDC87|HGNC:25579,0,0,0.5778719,0.42212808,0.5778719,True
non_essential_IFI44L|HGNC:17817,0,0,0.4785452,0.5214548,0.5214548,True
non_essential_GREB1L|HGNC:31042,0,0,0.6064342,0.39356577,0.6064342,True
non_essential_TP53INP1|HGNC:18022,0,0,0.50022036,0.49977964,0.50022036,True
non_essential_TMEM221|HGNC:21943,0,0,0.8241739,0.17582607,0.8241739,True
non_essential_MAGEA11|HGNC:6798,0,0,0.5318799,0.4681201,0.5318799,True
non_essential_EIF1AY|HGNC:3252,0,0,0.50340533,0.49659467,0.50340533,True
non_essential_FAM63A|HGNC:25648,0,0,0.6109833,0.3890167,0.6109833,True
non_essential_TRIM38|HGNC:10059,0,0,0.50637686,0.49362314,0.50637686,True
non_essential_FGF2|HGNC:3676,0,0,0.7179237,0.2820763,0.7179237,True
non_essential_CEP250|HGNC:1859,0,0,0.6066981,0.3933019,0.6066981,True
non_essential_SVBP|HGNC:29204,0,0,0.81298596,0.18701404,0.81298596,True
non_essential_CASP1|HGNC:1499,0,0,0.6429158,0.3570842,0.6429158,True
non_essential_MEGF6|HGNC:3232,0,0,0.75476485,0.24523515,0.75476485,True
non_essential_SIGLEC11|HGNC:15622,0,0,0.7091421,0.2908579,0.7091421,True
non_essential_ATP9B|HGNC:13541,0,0,0.6555147,0.34448528,0.6555147,True
non_essential_KRTAP6-3|HGNC:18933,0,0,0.41314057,0.58685946,0.58685946,True
non_essential_C19orf47|HGNC:26723,0,0,0.73624945,0.26375055,0.73624945,True
non_essential_ICA1|HGNC:5343,0,0,0.5895759,0.4104241,0.5895759,True
non_essential_SLCO6A1|HGNC:23613,0,0,0.5018394,0.4981606,0.5018394,True
non_essential_C16orf45|HGNC:19213,0,0,0.62790483,0.37209517,0.62790483,True
non_essential_HIST1H4C|HGNC:4787,0,0,0.63202864,0.36797136,0.63202864,True
non_essential_HSF5|HGNC:26862,0,0,0.62313694,0.37686306,0.62313694,True
non_essential_CPA2|HGNC:2297,0,0,0.48648602,0.513514,0.513514,True
non_essential_STRA8|HGNC:30653,0,0,0.68578637,0.31421363,0.68578637,True
non_essential_TMEM19|HGNC:25605,0,0,0.5014094,0.4985906,0.5014094,True
non_essential_CAMKK2|HGNC:1470,0,0,0.87173486,0.12826514,0.87173486,True
non_essential_MGAT4C|HGNC:30871,0,0,0.5113947,0.48860532,0.5113947,True
non_essential_PLA2G4A|HGNC:9035,0,0,0.5283928,0.4716072,0.5283928,True
non_essential_CLCN1|HGNC:2019,0,0,0.61444664,0.38555336,0.61444664,True
non_essential_ANKMY1|HGNC:20987,0,0,0.6749388,0.3250612,0.6749388,True
non_essential_AMELX|HGNC:461,0,0,0.45850468,0.5414953,0.5414953,True
non_essential_CLCA2|HGNC:2016,0,0,0.5791294,0.4208706,0.5791294,True
non_essential_PRDM6|HGNC:9350,0,0,0.5655723,0.43442768,0.5655723,True
non_essential_TMEM8C|HGNC:33778,0,0,0.62150854,0.37849146,0.62150854,True
non_essential_C9orf64|HGNC:28144,0,0,0.58983034,0.41016966,0.58983034,True
non_essential_TEX14|HGNC:11737,0,0,0.54677624,0.45322376,0.54677624,True
non_essential_L3MBTL2|HGNC:18594,0,0,0.66074944,0.33925056,0.66074944,True
non_essential_L3HYPDH|HGNC:20488,0,0,0.57273185,0.42726815,0.57273185,True
non_essential_ASPHD2|HGNC:30437,0,0,0.83667934,0.16332066,0.83667934,True
non_essential_ZNF19|HGNC:12981,0,0,0.5089512,0.4910488,0.5089512,True
non_essential_PPM1M|HGNC:26506,0,0,0.6455209,0.35447907,0.6455209,True
non_essential_NKAIN2|HGNC:16443,0,0,0.49923307,0.50076693,0.50076693,True
non_essential_ZNF728|HGNC:32463,0,0,0.42644596,0.57355404,0.57355404,True
non_essential_NPRL2|HGNC:24969,0,0,0.7614526,0.23854738,0.7614526,True
non_essential_SCGB1C2|HGNC:51242,0,0,0.6531903,0.3468097,0.6531903,True
non_essential_DCLRE1C|HGNC:17642,0,0,0.56407326,0.43592674,0.56407326,True
non_essential_NPTX1|HGNC:7952,0,0,0.92647606,0.07352394,0.92647606,True
non_essential_IGSF11|HGNC:16669,0,0,0.5044228,0.49557722,0.5044228,True
non_essential_RAB9A|HGNC:9792,0,0,0.48455852,0.5154415,0.5154415,True
non_essential_TRPA1|HGNC:497,0,0,0.58286214,0.41713786,0.58286214,True
non_essential_PCED1A|HGNC:16212,0,0,0.74559003,0.25440997,0.74559003,True
non_essential_DEPDC4|HGNC:22952,0,0,0.57186204,0.42813796,0.57186204,True
non_essential_DUSP23|HGNC:21480,0,0,0.7924032,0.20759678,0.7924032,True
non_essential_PHF24|HGNC:29180,0,0,0.65860474,0.34139526,0.65860474,True
non_essential_AMTN|HGNC:33188,0,0,0.5062461,0.4937539,0.5062461,True
non_essential_OR5T3|HGNC:15297,0,0,0.4608526,0.5391474,0.5391474,True
non_essential_RPS6KA2|HGNC:10431,0,0,0.7490999,0.2509001,0.7490999,True
non_essential_TPD52L1|HGNC:12006,0,0,0.613658,0.386342,0.613658,True
non_essential_TMEM245|HGNC:1363,0,0,0.5713679,0.42863208,0.5713679,True
non_essential_LDOC1L|HGNC:13343,0,0,0.6583088,0.3416912,0.6583088,True
non_essential_TTC32|HGNC:32954,0,0,0.53743804,0.46256196,0.53743804,True
non_essential_RERGL|HGNC:26213,0,0,0.4631367,0.5368633,0.5368633,True
non_essential_OR2T10|HGNC:19573,0,0,0.4709656,0.5290344,0.5290344,True
non_essential_PTN|HGNC:9630,0,0,0.6678017,0.33219832,0.6678017,True
non_essential_CYP1B1|HGNC:2597,0,0,0.7052872,0.29471278,0.7052872,True
non_essential_HMCES|HGNC:24446,0,0,0.58206445,0.41793555,0.58206445,True
non_essential_SLC22A10|HGNC:18057,0,0,0.5627933,0.4372067,0.5627933,True
non_essential_KLHL26|HGNC:25623,0,0,0.742533,0.25746697,0.742533,True
non_essential_EIF5A2|HGNC:3301,0,0,0.44913217,0.5508678,0.5508678,True
non_essential_RBM45|HGNC:24468,0,0,0.6127082,0.3872918,0.6127082,True
non_essential_SYAP1|HGNC:16273,0,0,0.5541531,0.44584692,0.5541531,True
non_essential_RAX2|HGNC:18286,0,0,0.79412264,0.20587736,0.79412264,True
non_essential_SYNGR1|HGNC:11498,0,0,0.7263667,0.2736333,0.7263667,True
non_essential_WFDC10B|HGNC:20479,0,0,0.4644241,0.53557587,0.53557587,True
non_essential_C19orf57|HGNC:28153,0,0,0.606964,0.393036,0.606964,True
non_essential_OR56A4|HGNC:14791,0,0,0.54284525,0.45715475,0.54284525,True
non_essential_DNAJC22|HGNC:25802,0,0,0.5746772,0.42532277,0.5746772,True
non_essential_KIF13B|HGNC:14405,0,0,0.6653722,0.3346278,0.6653722,True
non_essential_CHRFAM7A|HGNC:15781,0,0,0.7327457,0.2672543,0.7327457,True
non_essential_GRTP1|HGNC:20310,0,0,0.6790311,0.32096893,0.6790311,True
non_essential_ANXA8L1|HGNC:23334,0,0,0.6103977,0.3896023,0.6103977,True
non_essential_CAPSL|HGNC:28375,0,0,0.49196205,0.5080379,0.5080379,True
non_essential_PNKD|HGNC:9153,0,0,0.7833569,0.2166431,0.7833569,True
non_essential_HIST1H2BL|HGNC:4748,0,1,0.98455507,0.015444934,0.98455507,False
non_essential_OR5H1|HGNC:8346,0,0,0.45617926,0.54382074,0.54382074,True
non_essential_C5orf38|HGNC:24226,0,0,0.5268341,0.47316593,0.5268341,True
non_essential_OR4X2|HGNC:15184,0,0,0.46996272,0.5300373,0.5300373,True
non_essential_OR2K2|HGNC:8264,0,0,0.51458114,0.48541886,0.51458114,True
non_essential_ZNF547|HGNC:26432,0,0,0.45581585,0.54418415,0.54418415,True
non_essential_HEPHL1|HGNC:30477,0,0,0.5662831,0.4337169,0.5662831,True
non_essential_TNFRSF10B|HGNC:11905,0,0,0.6750101,0.3249899,0.6750101,True
non_essential_ZNF558|HGNC:26422,0,0,0.49160305,0.508397,0.508397,True
non_essential_FAM181A|HGNC:20491,0,0,0.8988897,0.10111028,0.8988897,True
non_essential_SCN11A|HGNC:10583,0,0,0.5942213,0.4057787,0.5942213,True
non_essential_TRDMT1|HGNC:2977,0,0,0.5829426,0.4170574,0.5829426,True
non_essential_ABHD12|HGNC:15868,0,0,0.6653215,0.33467847,0.6653215,True
non_essential_TMEM234|HGNC:28837,0,0,0.6302244,0.3697756,0.6302244,True
non_essential_RPA4|HGNC:30305,0,0,0.4888277,0.5111723,0.5111723,True
non_essential_BRD3|HGNC:1104,0,0,0.6543947,0.3456053,0.6543947,True
non_essential_RNASE11|HGNC:19269,0,0,0.44847867,0.5515213,0.5515213,True
non_essential_SHMT1|HGNC:10850,0,0,0.5849988,0.4150012,0.5849988,True
non_essential_NMRK2|HGNC:17871,0,0,0.7051494,0.2948506,0.7051494,True
non_essential_UNC13C|HGNC:23149,0,0,0.5625153,0.43748468,0.5625153,True
non_essential_HLA-DQA1|HGNC:4942,0,0,0.7262965,0.27370352,0.7262965,True
non_essential_SEMA3G|HGNC:30400,0,0,0.72902274,0.27097726,0.72902274,True
non_essential_NAT14|HGNC:28918,0,0,0.6347808,0.36521918,0.6347808,True
non_essential_SHBG|HGNC:10839,0,0,0.5358788,0.46412122,0.5358788,True
non_essential_LYRM5|HGNC:27052,0,0,0.46679935,0.5332006,0.5332006,True
non_essential_SLC13A1|HGNC:10916,0,0,0.5014833,0.49851668,0.5014833,True
non_essential_N4BP2|HGNC:29851,0,0,0.5733921,0.4266079,0.5733921,True
non_essential_RASAL1|HGNC:9873,0,0,0.7139077,0.28609228,0.7139077,True
non_essential_RPS6KA6|HGNC:10435,0,0,0.50574565,0.49425435,0.50574565,True
non_essential_MS4A14|HGNC:30706,0,0,0.5342037,0.4657963,0.5342037,True
non_essential_BBS9|HGNC:30000,0,0,0.60651326,0.39348674,0.60651326,True
non_essential_CMAS|HGNC:18290,0,0,0.5805089,0.4194911,0.5805089,True
non_essential_TNFAIP8|HGNC:17260,0,0,0.46390554,0.5360944,0.5360944,True
non_essential_TOMM20L|HGNC:33752,0,0,0.617095,0.382905,0.617095,True
non_essential_SPHK2|HGNC:18859,0,0,0.7859335,0.2140665,0.7859335,True
non_essential_AVPR1A|HGNC:895,0,0,0.65989876,0.34010124,0.65989876,True
non_essential_C9orf135|HGNC:31422,0,0,0.49069333,0.50930667,0.50930667,True
non_essential_LRRC58|HGNC:26968,0,0,0.62193763,0.37806237,0.62193763,True
non_essential_CARTPT|HGNC:24323,0,0,0.83924717,0.16075283,0.83924717,True
non_essential_RHOQ|HGNC:17736,0,0,0.6084035,0.3915965,0.6084035,True
non_essential_HS3ST2|HGNC:5195,0,0,0.6747146,0.32528538,0.6747146,True
non_essential_RAB31|HGNC:9771,0,0,0.51268417,0.48731583,0.51268417,True
non_essential_HGH1|HGNC:24161,0,0,0.7199483,0.2800517,0.7199483,True
non_essential_PPP2R3B|HGNC:13417,0,0,0.7484712,0.2515288,0.7484712,True
non_essential_FGL1|HGNC:3695,0,0,0.5379893,0.46201068,0.5379893,True
non_essential_BDH2|HGNC:32389,0,0,0.55701053,0.44298947,0.55701053,True
non_essential_TCEAL9|HGNC:30084,0,0,0.45510507,0.54489493,0.54489493,True
non_essential_WBP2|HGNC:12738,0,0,0.7307261,0.26927388,0.7307261,True
non_essential_RNF225|HGNC:51249,0,0,0.9368581,0.06314188,0.9368581,True
non_essential_ARMC10|HGNC:21706,0,0,0.6123869,0.38761312,0.6123869,True
non_essential_RNF185|HGNC:26783,0,0,0.61710274,0.38289726,0.61710274,True
non_essential_HINT2|HGNC:18344,0,0,0.5258093,0.4741907,0.5258093,True
non_essential_CCR4|HGNC:1605,0,0,0.5196895,0.4803105,0.5196895,True
non_essential_UBOX5|HGNC:17777,0,0,0.650714,0.34928602,0.650714,True
non_essential_TMPO|HGNC:11875,0,0,0.5690428,0.4309572,0.5690428,True
non_essential_TCEAL7|HGNC:28336,0,0,0.49032414,0.50967586,0.50967586,True
non_essential_CAV3|HGNC:1529,0,0,0.55159503,0.44840497,0.55159503,True
non_essential_UCKL1|HGNC:15938,0,0,0.900587,0.09941298,0.900587,True
non_essential_CCDC96|HGNC:26900,0,0,0.6664095,0.3335905,0.6664095,True
non_essential_CYP4F8|HGNC:2648,0,0,0.5992656,0.40073442,0.5992656,True
non_essential_LIMA1|HGNC:24636,0,0,0.50935405,0.49064595,0.50935405,True
non_essential_ZNF12|HGNC:12902,0,0,0.508941,0.491059,0.508941,True
non_essential_C1orf186|HGNC:25341,0,0,0.5632219,0.43677813,0.5632219,True
non_essential_TAF7L|HGNC:11548,0,0,0.5358292,0.4641708,0.5358292,True
non_essential_AXDND1|HGNC:26564,0,0,0.60167307,0.39832693,0.60167307,True
non_essential_TTC9B|HGNC:26395,0,0,0.7728433,0.2271567,0.7728433,True
non_essential_LYG1|HGNC:27014,0,0,0.48962948,0.5103705,0.5103705,True
non_essential_ATRAID|HGNC:24090,0,0,0.5436851,0.45631492,0.5436851,True
non_essential_OR4N2|HGNC:14742,0,0,0.52265686,0.47734314,0.52265686,True
non_essential_PIGZ|HGNC:30596,0,0,0.78236884,0.21763116,0.78236884,True
non_essential_ALKBH7|HGNC:21306,0,0,0.9181897,0.081810296,0.9181897,True
non_essential_SSTR3|HGNC:11332,0,0,0.93649596,0.06350404,0.93649596,True
non_essential_EML4|HGNC:1316,0,0,0.5892667,0.41073328,0.5892667,True
non_essential_PRDX5|HGNC:9355,0,0,0.63395566,0.36604434,0.63395566,True
non_essential_HSPB3|HGNC:5248,0,0,0.6337126,0.3662874,0.6337126,True
non_essential_CGB7|HGNC:16451,0,0,0.77221835,0.22778165,0.77221835,True
non_essential_NCKAP5|HGNC:29847,0,0,0.612622,0.38737798,0.612622,True
non_essential_HUS1B|HGNC:16485,0,0,0.72105736,0.27894264,0.72105736,True
non_essential_WDR81|HGNC:26600,0,0,0.6740943,0.32590568,0.6740943,True
non_essential_ZNF180|HGNC:12970,0,0,0.4637658,0.5362342,0.5362342,True
non_essential_TAAR1|HGNC:17734,0,0,0.49340108,0.50659895,0.50659895,True
non_essential_ITIH3|HGNC:6168,0,0,0.63260126,0.36739874,0.63260126,True
non_essential_EMX1|HGNC:3340,0,0,0.84741205,0.15258795,0.84741205,True
non_essential_SNTB1|HGNC:11168,0,0,0.5812941,0.41870588,0.5812941,True
non_essential_GNG7|HGNC:4410,0,0,0.49844882,0.50155115,0.50155115,True
non_essential_FBXL15|HGNC:28155,0,0,0.878238,0.12176198,0.878238,True
non_essential_NDUFA3|HGNC:7686,0,0,0.5394518,0.46054822,0.5394518,True
non_essential_VPS37D|HGNC:18287,0,0,0.88808334,0.11191666,0.88808334,True
non_essential_MYEOV|HGNC:7563,0,0,0.6768492,0.3231508,0.6768492,True
non_essential_PRR14|HGNC:28458,0,0,0.73304707,0.26695293,0.73304707,True
non_essential_PKDREJ|HGNC:9015,0,0,0.58785087,0.41214913,0.58785087,True
non_essential_TPO|HGNC:12015,0,0,0.74543697,0.25456303,0.74543697,True
non_essential_BTBD8|HGNC:21019,0,0,0.50197,0.49803,0.50197,True
non_essential_GALP|HGNC:24840,0,0,0.5542127,0.4457873,0.5542127,True
non_essential_PDE6G|HGNC:8789,0,0,0.5813832,0.41861677,0.5813832,True
non_essential_UNC5D|HGNC:18634,0,0,0.58714914,0.41285086,0.58714914,True
non_essential_SLC4A1AP|HGNC:13813,0,0,0.59307307,0.40692693,0.59307307,True
non_essential_KCNJ14|HGNC:6260,0,0,0.70435524,0.29564476,0.70435524,True
non_essential_ECT2L|HGNC:21118,0,0,0.547267,0.45273298,0.547267,True
non_essential_ATP8B3|HGNC:13535,0,0,0.70694727,0.29305273,0.70694727,True
non_essential_ZNF593|HGNC:30943,0,0,0.817287,0.18271297,0.817287,True
non_essential_TGM7|HGNC:30790,0,0,0.6806875,0.3193125,0.6806875,True
non_essential_ZXDC|HGNC:28160,0,0,0.5753123,0.42468768,0.5753123,True
non_essential_KCNA3|HGNC:6221,0,0,0.6958289,0.3041711,0.6958289,True
non_essential_ENPP1|HGNC:3356,0,0,0.63637364,0.36362636,0.63637364,True
non_essential_HIST1H3I|HGNC:4771,0,0,0.6482773,0.35172272,0.6482773,True
non_essential_GPR171|HGNC:30057,0,0,0.4999418,0.5000582,0.5000582,True
non_essential_SCGB3A2|HGNC:18391,0,0,0.43542716,0.5645728,0.5645728,True
non_essential_TCAF2|HGNC:26878,0,0,0.6457834,0.35421658,0.6457834,True
non_essential_OR10V1|HGNC:15136,0,0,0.58722144,0.41277856,0.58722144,True
non_essential_ACER3|HGNC:16066,0,0,0.49767005,0.50232995,0.50232995,True
non_essential_C1orf194|HGNC:32331,0,0,0.43199912,0.5680009,0.5680009,True
non_essential_GPR32|HGNC:4487,0,0,0.73152864,0.26847136,0.73152864,True
non_essential_C5orf46|HGNC:33768,0,0,0.5850338,0.41496623,0.5850338,True
non_essential_DPRX|HGNC:32166,0,0,0.5668076,0.43319237,0.5668076,True
non_essential_PI4K2B|HGNC:18215,0,0,0.5571358,0.44286418,0.5571358,True
non_essential_TSPO2|HGNC:21256,0,0,0.45695877,0.5430412,0.5430412,True
non_essential_OLAH|HGNC:25625,0,0,0.47251213,0.5274879,0.5274879,True
non_essential_ASPRV1|HGNC:26321,0,0,0.67522097,0.32477903,0.67522097,True
non_essential_FAM72B|HGNC:24805,0,0,0.45601082,0.5439892,0.5439892,True
non_essential_TMBIM6|HGNC:11723,0,0,0.60718405,0.39281595,0.60718405,True
non_essential_POTEE|HGNC:33895,0,0,0.66627866,0.33372134,0.66627866,True
non_essential_ABHD1|HGNC:17553,0,0,0.6366454,0.36335462,0.6366454,True
non_essential_XCR1|HGNC:1625,0,0,0.6679125,0.33208752,0.6679125,True
non_essential_POLDIP2|HGNC:23781,0,0,0.64113104,0.35886896,0.64113104,True
non_essential_OR10Q1|HGNC:15134,0,0,0.6413961,0.3586039,0.6413961,True
non_essential_SPATA17|HGNC:25184,0,0,0.5240879,0.4759121,0.5240879,True
non_essential_KLLN|HGNC:37212,0,0,0.61806023,0.38193977,0.61806023,True
non_essential_IL36G|HGNC:15741,0,0,0.54946667,0.45053333,0.54946667,True
non_essential_CLRN2|HGNC:33939,0,0,0.70907474,0.29092526,0.70907474,True
non_essential_SCML4|HGNC:21397,0,0,0.7864939,0.2135061,0.7864939,True
non_essential_TRIM50|HGNC:19017,0,0,0.84898096,0.15101904,0.84898096,True
non_essential_GRB14|HGNC:4565,0,0,0.52863324,0.47136676,0.52863324,True
non_essential_CYP4F11|HGNC:13265,0,0,0.68516475,0.31483525,0.68516475,True
non_essential_ZNF202|HGNC:12994,0,0,0.57074076,0.42925924,0.57074076,True
non_essential_C3orf22|HGNC:28534,0,0,0.76122624,0.23877376,0.76122624,True
non_essential_ZNF432|HGNC:20810,0,0,0.5010941,0.4989059,0.5010941,True
non_essential_MARCH4|HGNC:29269,0,0,0.5834218,0.41657817,0.5834218,True
non_essential_MMP20|HGNC:7167,0,0,0.60784906,0.39215094,0.60784906,True
non_essential_KLF17|HGNC:18830,0,0,0.63478166,0.36521834,0.63478166,True
non_essential_TRPV3|HGNC:18084,0,0,0.62514925,0.37485075,0.62514925,True
non_essential_C1QTNF8|HGNC:31374,0,0,0.7063299,0.29367012,0.7063299,True
non_essential_HRH1|HGNC:5182,0,0,0.66728735,0.33271265,0.66728735,True
non_essential_C2orf82|HGNC:33763,0,0,0.9185975,0.08140248,0.9185975,True
non_essential_BLZF1|HGNC:1065,0,0,0.5226357,0.4773643,0.5226357,True
non_essential_RBM4B|HGNC:28842,0,0,0.60784274,0.39215726,0.60784274,True
non_essential_RNF187|HGNC:27146,0,0,0.7812604,0.21873963,0.7812604,True
non_essential_PSD3|HGNC:19093,0,0,0.6624305,0.33756948,0.6624305,True
non_essential_SLC46A1|HGNC:30521,0,0,0.631293,0.368707,0.631293,True
non_essential_LRRC70|HGNC:35155,0,0,0.48280942,0.5171906,0.5171906,True
non_essential_KCNC1|HGNC:6233,0,0,0.6925631,0.30743688,0.6925631,True
non_essential_ITGBL1|HGNC:6164,0,0,0.6394337,0.36056632,0.6394337,True
non_essential_DEFB134|HGNC:32399,0,0,0.4357097,0.5642903,0.5642903,True
non_essential_TMEM266|HGNC:26763,0,0,0.6894683,0.31053168,0.6894683,True
non_essential_LANCL2|HGNC:6509,0,0,0.57560307,0.42439693,0.57560307,True
non_essential_OR14A16|HGNC:15022,0,0,0.574525,0.425475,0.574525,True
non_essential_ADPRM|HGNC:30925,0,0,0.5113127,0.48868728,0.5113127,True
non_essential_VANGL1|HGNC:15512,0,0,0.56151175,0.43848825,0.56151175,True
non_essential_MKRN2|HGNC:7113,0,0,0.6125234,0.38747662,0.6125234,True
non_essential_EVC2|HGNC:19747,0,0,0.649132,0.350868,0.649132,True
non_essential_SHOX|HGNC:10853,0,0,0.7726536,0.22734642,0.7726536,True
non_essential_RAB11B|HGNC:9761,0,0,0.86666965,0.13333035,0.86666965,True
non_essential_SDS|HGNC:10691,0,0,0.6932272,0.30677283,0.6932272,True
non_essential_KCNC4|HGNC:6236,0,0,0.67333513,0.32666487,0.67333513,True
non_essential_SLCO5A1|HGNC:19046,0,0,0.6183453,0.38165468,0.6183453,True
non_essential_MPZ|HGNC:7225,0,0,0.6109255,0.3890745,0.6109255,True
non_essential_TTYH2|HGNC:13877,0,0,0.78327376,0.21672624,0.78327376,True
non_essential_MILR1|HGNC:27570,0,0,0.5206542,0.4793458,0.5206542,True
non_essential_ARMC12|HGNC:21099,0,0,0.69499594,0.30500406,0.69499594,True
non_essential_STK25|HGNC:11404,0,0,0.86242783,0.13757217,0.86242783,True
non_essential_CXCL6|HGNC:10643,0,0,0.61765534,0.38234466,0.61765534,True
non_essential_CALCOCO1|HGNC:29306,0,0,0.67698425,0.32301575,0.67698425,True
non_essential_STEAP4|HGNC:21923,0,0,0.5392107,0.46078932,0.5392107,True
non_essential_RXFP4|HGNC:14666,0,0,0.70116305,0.29883695,0.70116305,True
non_essential_OR1L6|HGNC:8218,0,0,0.48089415,0.51910585,0.51910585,True
non_essential_MAN2B2|HGNC:29623,0,0,0.85897654,0.14102346,0.85897654,True
non_essential_CD3D|HGNC:1673,0,0,0.53527933,0.46472067,0.53527933,True
non_essential_DCLK3|HGNC:19005,0,0,0.67798835,0.32201165,0.67798835,True
non_essential_TNK2|HGNC:19297,0,0,0.863945,0.136055,0.863945,True
non_essential_LPIN2|HGNC:14450,0,0,0.60197663,0.39802337,0.60197663,True
non_essential_STK32B|HGNC:14217,0,0,0.6131285,0.38687152,0.6131285,True
non_essential_TRIM22|HGNC:16379,0,0,0.58712804,0.41287196,0.58712804,True
non_essential_MMP1|HGNC:7155,0,0,0.5323165,0.4676835,0.5323165,True
non_essential_DNAAF1|HGNC:30539,0,0,0.6962493,0.3037507,0.6962493,True
non_essential_GPR61|HGNC:13300,0,0,0.80023193,0.19976807,0.80023193,True
non_essential_ELMO3|HGNC:17289,0,0,0.8192158,0.18078423,0.8192158,True
non_essential_ATP6V0D2|HGNC:18266,0,0,0.59064054,0.40935946,0.59064054,True
non_essential_C3orf33|HGNC:26434,0,0,0.5770511,0.4229489,0.5770511,True
non_essential_C5orf24|HGNC:26746,0,0,0.5079375,0.4920625,0.5079375,True
non_essential_SUN1|HGNC:18587,0,0,0.6538659,0.34613413,0.6538659,True
non_essential_CCDC53|HGNC:24256,0,0,0.4754762,0.5245238,0.5245238,True
non_essential_EVPL|HGNC:3503,0,0,0.7118205,0.28817952,0.7118205,True
non_essential_SEC22C|HGNC:16828,0,0,0.53567094,0.46432906,0.53567094,True
non_essential_SNTN|HGNC:33706,0,0,0.439332,0.560668,0.560668,True
non_essential_ZNF497|HGNC:23714,0,0,0.93871397,0.061286032,0.93871397,True
non_essential_OR1N2|HGNC:15111,0,0,0.5338909,0.4661091,0.5338909,True
non_essential_DCST2|HGNC:26562,0,0,0.6244816,0.37551838,0.6244816,True
non_essential_SPARCL1|HGNC:11220,0,0,0.48144963,0.5185504,0.5185504,True
non_essential_POMGNT2|HGNC:25902,0,0,0.6712407,0.3287593,0.6712407,True
non_essential_KLHL20|HGNC:25056,0,0,0.52863765,0.47136235,0.52863765,True
non_essential_ZNF846|HGNC:27260,0,0,0.46796095,0.53203905,0.53203905,True
non_essential_FAM179A|HGNC:33715,0,0,0.713102,0.28689802,0.713102,True
non_essential_MAGEA12|HGNC:6799,0,0,0.5085692,0.49143082,0.5085692,True
non_essential_GJB1|HGNC:4283,0,0,0.5918731,0.4081269,0.5918731,True
non_essential_CBX3|HGNC:1553,0,0,0.5041653,0.4958347,0.5041653,True
non_essential_ZNF519|HGNC:30574,0,0,0.46415904,0.535841,0.535841,True
non_essential_FAM26F|HGNC:33391,0,0,0.617393,0.38260698,0.617393,True
non_essential_ATF5|HGNC:790,0,0,0.7225961,0.2774039,0.7225961,True
non_essential_HOXB5|HGNC:5116,0,0,0.67667055,0.32332945,0.67667055,True
non_essential_FAM151B|HGNC:33716,0,0,0.49054763,0.50945234,0.50945234,True
non_essential_USP50|HGNC:20079,0,0,0.6129866,0.38701338,0.6129866,True
non_essential_FFAR3|HGNC:4499,0,0,0.6617963,0.33820373,0.6617963,True
non_essential_TUFT1|HGNC:12422,0,0,0.49851516,0.5014849,0.5014849,True
non_essential_RHOG|HGNC:672,0,0,0.9466706,0.05332941,0.9466706,True
non_essential_GFRAL|HGNC:32789,0,0,0.4845126,0.51548743,0.51548743,True
non_essential_CHDH|HGNC:24288,0,0,0.7082264,0.29177362,0.7082264,True
non_essential_PPL|HGNC:9273,0,0,0.70223254,0.29776746,0.70223254,True
non_essential_UCN3|HGNC:17781,0,0,0.85177463,0.14822537,0.85177463,True
non_essential_FAM71A|HGNC:26541,0,0,0.54361284,0.45638716,0.54361284,True
non_essential_OR10AD1|HGNC:14819,0,0,0.51633996,0.48366004,0.51633996,True
non_essential_RAB32|HGNC:9772,0,0,0.55174077,0.44825923,0.55174077,True
non_essential_GCC1|HGNC:19095,0,0,0.6254356,0.3745644,0.6254356,True
non_essential_DFNB59|HGNC:29502,0,0,0.4836189,0.51638114,0.51638114,True
non_essential_OR4F3|HGNC:8300,0,0,0.48840857,0.51159143,0.51159143,True
non_essential_C20orf173|HGNC:16166,0,0,0.6151166,0.3848834,0.6151166,True
non_essential_NKAIN1|HGNC:25743,0,0,0.65519553,0.34480447,0.65519553,True
non_essential_ARL13A|HGNC:31709,0,0,0.4884932,0.5115068,0.5115068,True
non_essential_DTNB|HGNC:3058,0,0,0.62436295,0.37563705,0.62436295,True
non_essential_GPC1|HGNC:4449,0,0,0.94272727,0.057272732,0.94272727,True
non_essential_HS3ST3B1|HGNC:5198,0,0,0.9411657,0.058834314,0.9411657,True
non_essential_SETSIP|HGNC:42937,0,0,0.5433861,0.4566139,0.5433861,True
non_essential_PRPSAP1|HGNC:9466,0,0,0.66113263,0.33886737,0.66113263,True
non_essential_GAL|HGNC:4114,0,0,0.7086917,0.29130828,0.7086917,True
non_essential_PLA2G2E|HGNC:13414,0,0,0.62683874,0.37316126,0.62683874,True
non_essential_TNFRSF9|HGNC:11924,0,0,0.62440985,0.37559015,0.62440985,True
non_essential_MATN1|HGNC:6907,0,0,0.77583814,0.22416186,0.77583814,True
non_essential_LIM2|HGNC:6610,0,0,0.8794808,0.12051922,0.8794808,True
non_essential_HGFAC|HGNC:4894,0,0,0.91404545,0.08595455,0.91404545,True
non_essential_ELSPBP1|HGNC:14417,0,0,0.5197286,0.4802714,0.5197286,True
non_essential_MTSS1L|HGNC:25094,0,0,0.79457664,0.20542336,0.79457664,True
non_essential_CCER1|HGNC:28373,0,0,0.71966153,0.28033847,0.71966153,True
non_essential_PRIM2|HGNC:9370,0,0,0.4801833,0.5198167,0.5198167,True
non_essential_BLOC1S2|HGNC:20984,0,0,0.4952835,0.5047165,0.5047165,True
non_essential_TMEM220|HGNC:33757,0,0,0.5172095,0.48279053,0.5172095,True
non_essential_BOD1L2|HGNC:28505,0,0,0.61020243,0.38979757,0.61020243,True
non_essential_EFCC1|HGNC:25692,0,0,0.8406037,0.15939629,0.8406037,True
non_essential_SLC47A1|HGNC:25588,0,0,0.6295388,0.37046123,0.6295388,True
non_essential_ASB15|HGNC:19767,0,0,0.6130717,0.38692832,0.6130717,True
non_essential_SLC26A5|HGNC:9359,0,0,0.5857327,0.4142673,0.5857327,True
non_essential_MEP1A|HGNC:7015,0,0,0.7159976,0.28400242,0.7159976,True
non_essential_SUSD4|HGNC:25470,0,0,0.63746965,0.36253035,0.63746965,True
non_essential_TMCO4|HGNC:27393,0,0,0.6974836,0.3025164,0.6974836,True
non_essential_UCP2|HGNC:12518,0,0,0.77663106,0.22336894,0.77663106,True
non_essential_RBM23|HGNC:20155,0,0,0.5648368,0.4351632,0.5648368,True
non_essential_EPM2A|HGNC:3413,0,0,0.7051788,0.2948212,0.7051788,True
non_essential_LGALS9|HGNC:6570,0,0,0.90006506,0.099934936,0.90006506,True
non_essential_ZNF480|HGNC:23305,0,0,0.4644336,0.5355664,0.5355664,True
non_essential_WNT10A|HGNC:13829,0,0,0.8047152,0.19528478,0.8047152,True
non_essential_CRYGC|HGNC:2410,0,0,0.85284036,0.14715964,0.85284036,True
non_essential_GOLGA1|HGNC:4424,0,0,0.63123316,0.36876684,0.63123316,True
non_essential_CCDC9|HGNC:24560,0,0,0.9193374,0.08066261,0.9193374,True
non_essential_PSPN|HGNC:9579,0,0,0.80092806,0.19907194,0.80092806,True
non_essential_FAM170A|HGNC:27963,0,0,0.5243869,0.47561312,0.5243869,True
non_essential_C9orf142|HGNC:27849,0,0,0.86931646,0.13068354,0.86931646,True
non_essential_CCR6|HGNC:1607,0,0,0.63805217,0.36194783,0.63805217,True
non_essential_ETV3L|HGNC:33834,0,0,0.62179154,0.37820846,0.62179154,True
non_essential_CEP76|HGNC:25727,0,0,0.5809372,0.4190628,0.5809372,True
non_essential_C9orf129|HGNC:31116,0,0,0.76211387,0.23788613,0.76211387,True
non_essential_GXYLT2|HGNC:33383,0,0,0.69010496,0.30989504,0.69010496,True
non_essential_TRIM61|HGNC:24339,0,0,0.4189437,0.5810563,0.5810563,True
non_essential_ZMYM1|HGNC:26253,0,0,0.54001224,0.45998776,0.54001224,True
non_essential_EPS8L2|HGNC:21296,0,0,0.7565321,0.24346793,0.7565321,True
non_essential_OR2B11|HGNC:31249,0,0,0.54038376,0.45961624,0.54038376,True
non_essential_LGALS7|HGNC:6568,0,0,0.91465604,0.08534396,0.91465604,True
non_essential_MRGPRX3|HGNC:17980,0,0,0.64444906,0.35555094,0.64444906,True
non_essential_SFTPA2|HGNC:10799,0,0,0.65610737,0.34389263,0.65610737,True
non_essential_PPTC7|HGNC:30695,0,0,0.69783986,0.30216014,0.69783986,True
non_essential_GFY|HGNC:44663,0,0,0.64124817,0.35875183,0.64124817,True
non_essential_PLK5|HGNC:27001,0,0,0.72219723,0.27780277,0.72219723,True
non_essential_ZBTB10|HGNC:30953,0,0,0.547454,0.452546,0.547454,True
non_essential_SPANXN5|HGNC:33178,0,0,0.42882818,0.5711718,0.5711718,True
non_essential_SCGB1D2|HGNC:18396,0,0,0.42344612,0.5765539,0.5765539,True
non_essential_SLC25A40|HGNC:29680,0,0,0.46728504,0.53271496,0.53271496,True
non_essential_TGIF2LX|HGNC:18570,0,0,0.64671767,0.35328233,0.64671767,True
non_essential_RBM24|HGNC:21539,0,0,0.65833455,0.34166545,0.65833455,True
non_essential_SPTBN4|HGNC:14896,0,0,0.6867623,0.31323773,0.6867623,True
non_essential_ZNF454|HGNC:21200,0,0,0.47386009,0.5261399,0.5261399,True
non_essential_HIST1H2AL|HGNC:4730,0,0,0.76860106,0.23139894,0.76860106,True
non_essential_ARRDC4|HGNC:28087,0,0,0.6101745,0.38982552,0.6101745,True
non_essential_TCERG1L|HGNC:23533,0,0,0.6756833,0.32431668,0.6756833,True
non_essential_ATP1A4|HGNC:14073,0,0,0.66999066,0.33000934,0.66999066,True
non_essential_FOXD4L6|HGNC:31986,0,0,0.6473172,0.35268283,0.6473172,True
non_essential_ZNF772|HGNC:33106,0,0,0.49310842,0.5068916,0.5068916,True
non_essential_CCL15|HGNC:10613,0,0,0.53498006,0.46501994,0.53498006,True
non_essential_OR2A7|HGNC:8234,0,0,0.51530826,0.48469174,0.51530826,True
non_essential_C21orf58|HGNC:1300,0,0,0.90416014,0.09583986,0.90416014,True
non_essential_FBRSL1|HGNC:29308,0,0,0.9450351,0.0549649,0.9450351,True
non_essential_QSOX2|HGNC:30249,0,0,0.6928604,0.30713958,0.6928604,True
non_essential_GNG13|HGNC:14131,0,0,0.6907886,0.30921137,0.6907886,True
non_essential_ZNF334|HGNC:15806,0,0,0.4651899,0.53481007,0.53481007,True
non_essential_HSD17B8|HGNC:3554,0,0,0.7258188,0.2741812,0.7258188,True
non_essential_OR5M3|HGNC:14806,0,0,0.49268225,0.5073178,0.5073178,True
non_essential_GPR176|HGNC:32370,0,0,0.6757731,0.32422692,0.6757731,True
non_essential_NDNF|HGNC:26256,0,0,0.591026,0.408974,0.591026,True
non_essential_OLFM4|HGNC:17190,0,0,0.574988,0.425012,0.574988,True
non_essential_PIGX|HGNC:26046,0,0,0.52943665,0.47056335,0.52943665,True
non_essential_TAAR9|HGNC:20977,0,0,0.5048396,0.4951604,0.5048396,True
non_essential_PDC|HGNC:8759,0,0,0.46848428,0.5315157,0.5315157,True
non_essential_TBC1D10C|HGNC:24702,0,0,0.9337036,0.0662964,0.9337036,True
non_essential_OR5B17|HGNC:15267,0,0,0.5310843,0.4689157,0.5310843,True
non_essential_ACTL7A|HGNC:161,0,0,0.8893438,0.1106562,0.8893438,True
non_essential_CKAP4|HGNC:16991,0,0,0.68718076,0.31281924,0.68718076,True
non_essential_KIAA0930|HGNC:1314,0,0,0.73647064,0.26352936,0.73647064,True
non_essential_TRIM47|HGNC:19020,0,0,0.7007718,0.2992282,0.7007718,True
non_essential_DMRTA2|HGNC:13908,0,0,0.86748224,0.13251776,0.86748224,True
non_essential_CAMK4|HGNC:1464,0,0,0.62849647,0.37150353,0.62849647,True
non_essential_FAM46A|HGNC:18345,0,0,0.6201418,0.3798582,0.6201418,True
non_essential_HMCN1|HGNC:19194,0,0,0.60988647,0.39011353,0.60988647,True
non_essential_HIST1H2AK|HGNC:4726,0,0,0.79723495,0.20276505,0.79723495,True
non_essential_FNDC5|HGNC:20240,0,0,0.6486102,0.35138983,0.6486102,True
non_essential_TMEM68|HGNC:26510,0,0,0.5017306,0.49826938,0.5017306,True
non_essential_OR2T4|HGNC:15016,0,0,0.49643865,0.5035614,0.5035614,True
non_essential_UCN2|HGNC:18414,0,0,0.6054939,0.3945061,0.6054939,True
non_essential_CCM2L|HGNC:16153,0,0,0.6119495,0.3880505,0.6119495,True
non_essential_PHF14|HGNC:22203,0,0,0.54124516,0.45875484,0.54124516,True
non_essential_PKD1L2|HGNC:21715,0,0,0.59416646,0.40583354,0.59416646,True
non_essential_TMEM182|HGNC:26391,0,0,0.56738,0.43262,0.56738,True
non_essential_MARC2|HGNC:26064,0,0,0.57931006,0.42068994,0.57931006,True
non_essential_CYTH2|HGNC:9502,0,0,0.8345666,0.1654334,0.8345666,True
non_essential_EMID1|HGNC:18036,0,0,0.6698224,0.3301776,0.6698224,True
non_essential_TCTEX1D1|HGNC:26882,0,0,0.60410726,0.39589274,0.60410726,True
non_essential_PRR7|HGNC:28130,0,0,0.7915291,0.20847088,0.7915291,True
non_essential_XAGE5|HGNC:30930,0,0,0.46947515,0.53052485,0.53052485,True
non_essential_NOTCH4|HGNC:7884,0,0,0.6529044,0.3470956,0.6529044,True
non_essential_CLDN17|HGNC:2038,0,0,0.49157792,0.5084221,0.5084221,True
non_essential_TCEA3|HGNC:11615,0,0,0.67810917,0.32189083,0.67810917,True
non_essential_VAMP3|HGNC:12644,0,0,0.47940454,0.52059543,0.52059543,True
non_essential_SLC25A46|HGNC:25198,0,0,0.5347555,0.46524447,0.5347555,True
non_essential_TNIP3|HGNC:19315,0,0,0.58231986,0.41768014,0.58231986,True
non_essential_CABP5|HGNC:13714,0,0,0.48429617,0.5157038,0.5157038,True
non_essential_MTX3|HGNC:24812,0,0,0.46569166,0.5343083,0.5343083,True
non_essential_SLC25A16|HGNC:10986,0,0,0.6274866,0.3725134,0.6274866,True
non_essential_HIST1H3A|HGNC:4766,0,0,0.73372465,0.26627535,0.73372465,True
non_essential_CHPF2|HGNC:29270,0,0,0.71265906,0.28734094,0.71265906,True
non_essential_CC2D2B|HGNC:31666,0,0,0.48497146,0.51502854,0.51502854,True
non_essential_TLR7|HGNC:15631,0,0,0.59063846,0.40936154,0.59063846,True
non_essential_ABLIM3|HGNC:29132,0,0,0.76618576,0.23381424,0.76618576,True
non_essential_IQCK|HGNC:28556,0,0,0.58977973,0.41022027,0.58977973,True
non_essential_LRRC18|HGNC:23199,0,0,0.550611,0.44938898,0.550611,True
non_essential_CREB3L3|HGNC:18855,0,0,0.64175737,0.35824263,0.64175737,True
non_essential_TEPP|HGNC:33745,0,0,0.6570968,0.3429032,0.6570968,True
non_essential_KIF6|HGNC:21202,0,0,0.5875538,0.4124462,0.5875538,True
non_essential_KRTAP4-7|HGNC:18898,0,0,0.539494,0.46050602,0.539494,True
non_essential_RAP2B|HGNC:9862,0,0,0.8158117,0.1841883,0.8158117,True
non_essential_ZNF624|HGNC:29254,0,0,0.47697097,0.523029,0.523029,True
non_essential_LRRC8B|HGNC:30692,0,0,0.6558197,0.3441803,0.6558197,True
non_essential_EDEM1|HGNC:18967,0,0,0.6178572,0.38214278,0.6178572,True
non_essential_MKX|HGNC:23729,0,0,0.66374177,0.33625823,0.66374177,True
non_essential_TINAG|HGNC:14599,0,0,0.523471,0.476529,0.523471,True
non_essential_CD163|HGNC:1631,0,0,0.6282737,0.37172627,0.6282737,True
non_essential_AGL|HGNC:321,0,0,0.54249644,0.45750356,0.54249644,True
non_essential_GAGE12C|HGNC:28402,0,0,0.47089314,0.52910686,0.52910686,True
non_essential_RDH11|HGNC:17964,0,0,0.5402173,0.45978272,0.5402173,True
non_essential_UBE2D4|HGNC:21647,0,0,0.5478316,0.4521684,0.5478316,True
non_essential_APMAP|HGNC:13238,0,0,0.5963777,0.40362233,0.5963777,True
non_essential_SAMD11|HGNC:28706,0,0,0.889587,0.110413015,0.889587,True
non_essential_RASSF4|HGNC:20793,0,0,0.722069,0.27793097,0.722069,True
non_essential_CHCHD10|HGNC:15559,0,0,0.62102646,0.37897354,0.62102646,True
non_essential_TMEM158|HGNC:30293,0,0,0.6646366,0.3353634,0.6646366,True
non_essential_RLBP1|HGNC:10024,0,0,0.6798023,0.3201977,0.6798023,True
non_essential_DEFA4|HGNC:2763,0,0,0.6017324,0.39826763,0.6017324,True
non_essential_SHISA8|HGNC:18351,0,0,0.7841377,0.21586227,0.7841377,True
non_essential_ZNF404|HGNC:19417,0,0,0.48099902,0.519001,0.519001,True
non_essential_FAM13C|HGNC:19371,0,0,0.6718846,0.3281154,0.6718846,True
non_essential_GFRA3|HGNC:4245,0,0,0.6841718,0.3158282,0.6841718,True
non_essential_SLAMF7|HGNC:21394,0,0,0.49331933,0.50668067,0.50668067,True
non_essential_SOGA3|HGNC:21494,0,0,0.69228536,0.30771464,0.69228536,True
non_essential_SUSD6|HGNC:19956,0,0,0.63276625,0.36723375,0.63276625,True
non_essential_BPIFA3|HGNC:16204,0,0,0.528575,0.471425,0.528575,True
non_essential_ZNRF4|HGNC:17726,0,0,0.8318934,0.16810662,0.8318934,True
non_essential_HBG1|HGNC:4831,0,0,0.8025379,0.19746208,0.8025379,True
non_essential_TACR3|HGNC:11528,0,0,0.706189,0.29381102,0.706189,True
non_essential_PATE3|HGNC:35426,0,0,0.44455042,0.5554496,0.5554496,True
non_essential_CFAP99|HGNC:51180,0,0,0.6393686,0.3606314,0.6393686,True
non_essential_SPECC1|HGNC:30615,0,0,0.5749962,0.42500383,0.5749962,True
non_essential_KLHL41|HGNC:16905,0,0,0.5483633,0.45163667,0.5483633,True
non_essential_ANKRD36|HGNC:24079,0,0,0.5849027,0.4150973,0.5849027,True
non_essential_TSNAXIP1|HGNC:18586,0,0,0.68911725,0.31088275,0.68911725,True
non_essential_SEPT1|HGNC:2879,0,0,0.77074605,0.22925395,0.77074605,True
non_essential_BZW1|HGNC:18380,0,0,0.5622155,0.4377845,0.5622155,True
non_essential_TAS2R50|HGNC:18882,0,0,0.43370804,0.5662919,0.5662919,True
non_essential_ZFYVE27|HGNC:26559,0,0,0.7292343,0.27076572,0.7292343,True
non_essential_FSIP2|HGNC:21675,0,0,0.60065913,0.39934087,0.60065913,True
non_essential_OR2D3|HGNC:15146,0,0,0.51776624,0.48223376,0.51776624,True
non_essential_PPP2R2C|HGNC:9306,0,0,0.7082539,0.29174608,0.7082539,True
non_essential_KLHL14|HGNC:29266,0,0,0.7008212,0.29917878,0.7008212,True
non_essential_PSPH|HGNC:9577,0,0,0.5171551,0.4828449,0.5171551,True
non_essential_CCDC190|HGNC:28736,0,0,0.46391398,0.536086,0.536086,True
non_essential_CPA6|HGNC:17245,0,0,0.4999582,0.50004184,0.50004184,True
non_essential_NUTM2G|HGNC:23449,0,0,0.74763936,0.25236064,0.74763936,True
non_essential_MOGAT2|HGNC:23248,0,0,0.6439665,0.3560335,0.6439665,True
non_essential_IGFN1|HGNC:24607,0,0,0.6292205,0.3707795,0.6292205,True
non_essential_ZNF382|HGNC:17409,0,0,0.5165608,0.4834392,0.5165608,True
non_essential_NRN1L|HGNC:29811,0,0,0.63623375,0.36376625,0.63623375,True
non_essential_MTCL1|HGNC:29121,0,0,0.6446603,0.3553397,0.6446603,True
non_essential_ZNF649|HGNC:25741,0,0,0.45160317,0.5483968,0.5483968,True
non_essential_TCEAL5|HGNC:22282,0,0,0.57356966,0.42643034,0.57356966,True
non_essential_SLC35G5|HGNC:15546,0,0,0.7347843,0.2652157,0.7347843,True
non_essential_FAM47C|HGNC:25301,0,0,0.5873366,0.4126634,0.5873366,True
non_essential_S100A9|HGNC:10499,0,0,0.56645995,0.43354005,0.56645995,True
non_essential_SLC9A4|HGNC:11077,0,0,0.59144455,0.40855545,0.59144455,True
non_essential_TES|HGNC:14620,0,0,0.5910547,0.40894532,0.5910547,True
non_essential_PLP2|HGNC:9087,0,0,0.66210645,0.33789355,0.66210645,True
non_essential_FKBP1B|HGNC:3712,0,0,0.46234107,0.53765893,0.53765893,True
non_essential_C8orf34|HGNC:30905,0,0,0.59550875,0.40449125,0.59550875,True
non_essential_OXTR|HGNC:8529,0,0,0.8747788,0.1252212,0.8747788,True
non_essential_PPIL6|HGNC:21557,0,0,0.54600364,0.45399636,0.54600364,True
non_essential_POF1B|HGNC:13711,0,0,0.5003565,0.4996435,0.5003565,True
non_essential_LENEP|HGNC:14429,0,0,0.3953825,0.6046175,0.6046175,True
non_essential_SNCAIP|HGNC:11139,0,0,0.56896,0.43104,0.56896,True
non_essential_VASH1|HGNC:19964,0,0,0.9268168,0.07318318,0.9268168,True
non_essential_OPALIN|HGNC:20707,0,0,0.46544558,0.5345544,0.5345544,True
non_essential_C10orf71|HGNC:26973,0,0,0.65248466,0.34751534,0.65248466,True
non_essential_CLEC4F|HGNC:25357,0,0,0.5880547,0.41194528,0.5880547,True
non_essential_IQCF3|HGNC:31816,0,0,0.66256857,0.33743143,0.66256857,True
non_essential_TRIM60|HGNC:21162,0,0,0.5055023,0.49449772,0.5055023,True
non_essential_TCEAL1|HGNC:11616,0,0,0.5398474,0.46015263,0.5398474,True
non_essential_CXCL10|HGNC:10637,0,0,0.4772809,0.5227191,0.5227191,True
non_essential_PPIC|HGNC:9256,0,0,0.66022587,0.33977413,0.66022587,True
non_essential_C19orf38|HGNC:34073,0,0,0.7349473,0.26505268,0.7349473,True
non_essential_KLK8|HGNC:6369,0,0,0.6768665,0.32313353,0.6768665,True
non_essential_C9orf92|HGNC:19054,0,0,0.39712226,0.60287774,0.60287774,True
non_essential_CAPN12|HGNC:13249,0,0,0.86001873,0.13998127,0.86001873,True
non_essential_FAM135A|HGNC:21084,0,0,0.52593696,0.47406304,0.52593696,True
non_essential_HMHB1|HGNC:29677,0,0,0.43789122,0.56210876,0.56210876,True
non_essential_PLD3|HGNC:17158,0,0,0.9230971,0.076902926,0.9230971,True
non_essential_MYO1G|HGNC:13880,0,0,0.77002954,0.22997046,0.77002954,True
non_essential_KCNAB1|HGNC:6228,0,0,0.6065723,0.39342773,0.6065723,True
non_essential_PCMTD2|HGNC:15882,0,0,0.52610344,0.47389656,0.52610344,True
non_essential_ZNF501|HGNC:23717,0,0,0.42175657,0.57824343,0.57824343,True
non_essential_TMEM213|HGNC:27220,0,0,0.78641254,0.21358746,0.78641254,True
non_essential_FKBP9|HGNC:3725,0,0,0.6756983,0.32430172,0.6756983,True
non_essential_FAM220A|HGNC:22422,0,0,0.48875403,0.51124597,0.51124597,True
non_essential_APITD1|HGNC:23163,0,0,0.5422438,0.45775622,0.5422438,True
non_essential_KCNG1|HGNC:6248,0,0,0.76920754,0.23079246,0.76920754,True
non_essential_IL10RB|HGNC:5965,0,0,0.50339806,0.49660194,0.50339806,True
non_essential_NEIL2|HGNC:18956,0,0,0.6743017,0.32569832,0.6743017,True
non_essential_PDCD1LG2|HGNC:18731,0,0,0.56093824,0.43906176,0.56093824,True
non_essential_CST3|HGNC:2475,0,0,0.7299307,0.2700693,0.7299307,True
non_essential_CECR5|HGNC:1843,0,0,0.73782796,0.26217204,0.73782796,True
non_essential_ADAMTS7|HGNC:223,0,0,0.6449031,0.35509688,0.6449031,True
non_essential_DBP|HGNC:2697,0,0,0.9022264,0.09777361,0.9022264,True
non_essential_RGS17|HGNC:14088,0,0,0.45528245,0.54471755,0.54471755,True
non_essential_SPRR2F|HGNC:11266,0,0,0.52978015,0.47021985,0.52978015,True
non_essential_PPP1R3B|HGNC:14942,0,0,0.64109033,0.35890967,0.64109033,True
non_essential_CSRP2|HGNC:2470,0,0,0.5365483,0.46345168,0.5365483,True
non_essential_R3HDM1|HGNC:9757,0,0,0.54460806,0.45539194,0.54460806,True
non_essential_SWAP70|HGNC:17070,0,0,0.561816,0.43818402,0.561816,True
non_essential_OAS3|HGNC:8088,0,0,0.7828749,0.21712512,0.7828749,True
non_essential_DEFB124|HGNC:18104,0,0,0.4260447,0.5739553,0.5739553,True
non_essential_TMEM143|HGNC:25603,0,0,0.6832211,0.3167789,0.6832211,True
non_essential_FCRLB|HGNC:26431,0,0,0.648998,0.35100198,0.648998,True
non_essential_MAGEB10|HGNC:25377,0,0,0.55280274,0.44719726,0.55280274,True
non_essential_FAM124B|HGNC:26224,0,0,0.5804532,0.41954678,0.5804532,True
non_essential_CALY|HGNC:17938,0,0,0.8689729,0.1310271,0.8689729,True
non_essential_SLC25A18|HGNC:10988,0,0,0.65209717,0.34790283,0.65209717,True
non_essential_GPR45|HGNC:4503,0,0,0.6532234,0.3467766,0.6532234,True
non_essential_VPS13B|HGNC:2183,0,0,0.6069705,0.3930295,0.6069705,True
non_essential_LYPD8|HGNC:44208,0,0,0.5211714,0.4788286,0.5211714,True
non_essential_CRISP2|HGNC:12024,0,0,0.45239297,0.54760706,0.54760706,True
non_essential_C6orf52|HGNC:20881,0,0,0.5102056,0.48979437,0.5102056,True
non_essential_C12orf73|HGNC:34450,0,0,0.5226534,0.4773466,0.5226534,True
non_essential_ACTL7B|HGNC:162,0,0,0.7394464,0.2605536,0.7394464,True
non_essential_APOL6|HGNC:14870,0,0,0.6838057,0.3161943,0.6838057,True
non_essential_RGCC|HGNC:20369,0,0,0.6432504,0.3567496,0.6432504,True
non_essential_DNAH2|HGNC:2948,0,0,0.64844435,0.35155565,0.64844435,True
non_essential_SSTR4|HGNC:11333,0,0,0.9019124,0.09808761,0.9019124,True
non_essential_ST6GAL1|HGNC:10860,0,0,0.5575812,0.4424188,0.5575812,True
non_essential_KRTAP13-2|HGNC:18923,0,0,0.5504121,0.44958788,0.5504121,True
non_essential_TMEM80|HGNC:27453,0,0,0.68108857,0.31891143,0.68108857,True
non_essential_STYXL1|HGNC:18165,0,0,0.5700729,0.4299271,0.5700729,True
non_essential_MSRB2|HGNC:17061,0,0,0.6434355,0.35656452,0.6434355,True
non_essential_VMAC|HGNC:33803,0,0,0.54162145,0.45837855,0.54162145,True
non_essential_SPANXN2|HGNC:33175,0,0,0.4609965,0.5390035,0.5390035,True
non_essential_SERPINA7|HGNC:11583,0,0,0.47354242,0.52645755,0.52645755,True
non_essential_PLIN2|HGNC:248,0,0,0.60514635,0.39485365,0.60514635,True
non_essential_STAM2|HGNC:11358,0,0,0.48311073,0.5168893,0.5168893,True
non_essential_DNASE1L2|HGNC:2958,0,0,0.8620011,0.13799888,0.8620011,True
non_essential_XKR3|HGNC:28778,0,0,0.49733227,0.5026677,0.5026677,True
non_essential_PKN3|HGNC:17999,0,0,0.6795629,0.32043707,0.6795629,True
non_essential_IL18BP|HGNC:5987,0,0,0.7821622,0.21783781,0.7821622,True
non_essential_TMEM159|HGNC:30136,0,0,0.5886868,0.41131318,0.5886868,True
non_essential_CCDC120|HGNC:28910,0,0,0.7438412,0.25615883,0.7438412,True
non_essential_PNMT|HGNC:9160,0,0,0.76687086,0.23312914,0.76687086,True
non_essential_DRP2|HGNC:3032,0,0,0.60837746,0.39162254,0.60837746,True
non_essential_GOLGA8H|HGNC:37443,0,0,0.6161356,0.3838644,0.6161356,True
non_essential_RNF224|HGNC:41912,0,0,0.68310106,0.31689894,0.68310106,True
non_essential_ZNF84|HGNC:13159,0,0,0.4909263,0.50907373,0.50907373,True
non_essential_FAM98C|HGNC:27119,0,0,0.668368,0.33163202,0.668368,True
non_essential_LY6G6C|HGNC:13936,0,0,0.5361937,0.46380627,0.5361937,True
non_essential_LASP1|HGNC:6513,0,0,0.6665682,0.33343178,0.6665682,True
non_essential_BLK|HGNC:1057,0,0,0.6815118,0.31848818,0.6815118,True
non_essential_FAM83G|HGNC:32554,0,0,0.7151376,0.2848624,0.7151376,True
non_essential_FCGR3B|HGNC:3620,0,0,0.48669,0.51330996,0.51330996,True
non_essential_NRG4|HGNC:29862,0,0,0.43924838,0.5607516,0.5607516,True
non_essential_SFXN5|HGNC:16073,0,0,0.60171014,0.39828986,0.60171014,True
non_essential_MAP1LC3A|HGNC:6838,0,0,0.91668785,0.083312154,0.91668785,True
non_essential_OR6C74|HGNC:31303,0,0,0.45571634,0.5442836,0.5442836,True
non_essential_CCDC105|HGNC:26866,0,0,0.69797987,0.30202013,0.69797987,True
non_essential_NISCH|HGNC:18006,0,0,0.63796914,0.36203086,0.63796914,True
non_essential_SCRN3|HGNC:30382,0,0,0.48480636,0.51519364,0.51519364,True
non_essential_GPHA2|HGNC:18054,0,0,0.85658073,0.14341927,0.85658073,True
non_essential_SRPX|HGNC:11309,0,0,0.6109938,0.3890062,0.6109938,True
non_essential_NBPF6|HGNC:31988,0,0,0.620284,0.37971598,0.620284,True
non_essential_GPR146|HGNC:21718,0,0,0.8904221,0.109577894,0.8904221,True
non_essential_NOMO1|HGNC:30060,0,0,0.6365363,0.3634637,0.6365363,True
non_essential_TMEM235|HGNC:27563,0,0,0.76768136,0.23231864,0.76768136,True
non_essential_SIGMAR1|HGNC:8157,0,0,0.7393765,0.2606235,0.7393765,True
non_essential_RRH|HGNC:10450,0,0,0.4658176,0.5341824,0.5341824,True
non_essential_OR8D2|HGNC:8482,0,0,0.4735183,0.5264817,0.5264817,True
non_essential_EVI2A|HGNC:3499,0,0,0.49653795,0.5034621,0.5034621,True
non_essential_RASSF2|HGNC:9883,0,0,0.63739455,0.36260545,0.63739455,True
non_essential_PLCE1|HGNC:17175,0,0,0.6243758,0.37562418,0.6243758,True
non_essential_GAN|HGNC:4137,0,0,0.6668413,0.33315867,0.6668413,True
non_essential_SAXO1|HGNC:28566,0,0,0.615492,0.384508,0.615492,True
non_essential_DIO1|HGNC:2883,0,0,0.5483576,0.4516424,0.5483576,True
non_essential_ABCA7|HGNC:37,0,0,0.65409034,0.34590966,0.65409034,True
non_essential_KLHDC7B|HGNC:25145,0,0,0.8320381,0.1679619,0.8320381,True
non_essential_FASLG|HGNC:11936,0,0,0.6023147,0.3976853,0.6023147,True
non_essential_LGALS3|HGNC:6563,0,0,0.5167788,0.48322117,0.5167788,True
non_essential_NOD1|HGNC:16390,0,0,0.75730956,0.24269044,0.75730956,True
non_essential_ZSCAN5A|HGNC:23710,0,0,0.5791588,0.42084122,0.5791588,True
non_essential_PATE4|HGNC:35427,0,0,0.49600974,0.5039903,0.5039903,True
non_essential_ABCC9|HGNC:60,0,0,0.6180197,0.3819803,0.6180197,True
non_essential_ZNF844|HGNC:25932,0,0,0.50236106,0.49763894,0.50236106,True
non_essential_DEGS1|HGNC:13709,0,0,0.5670768,0.4329232,0.5670768,True
non_essential_FAM178B|HGNC:28036,0,0,0.6655842,0.3344158,0.6655842,True
non_essential_HSD3B2|HGNC:5218,0,0,0.5760297,0.42397028,0.5760297,True
non_essential_CD84|HGNC:1704,0,0,0.5085742,0.4914258,0.5085742,True
non_essential_RFXANK|HGNC:9987,0,0,0.920798,0.079202,0.920798,True
non_essential_ZNF805|HGNC:23272,0,0,0.4904428,0.5095572,0.5095572,True
non_essential_CLDN12|HGNC:2034,0,0,0.50313646,0.49686354,0.50313646,True
non_essential_FAM167B|HGNC:28133,0,0,0.7253492,0.2746508,0.7253492,True
non_essential_CDO1|HGNC:1795,0,0,0.5854369,0.41456312,0.5854369,True
non_essential_SLC2A4|HGNC:11009,0,0,0.69602895,0.30397105,0.69602895,True
non_essential_CCNI|HGNC:1595,0,0,0.4856917,0.51430833,0.51430833,True
non_essential_OR7E24|HGNC:8396,0,0,0.5365125,0.4634875,0.5365125,True
non_essential_PCP4|HGNC:8742,0,0,0.4297449,0.5702551,0.5702551,True
non_essential_C19orf48|HGNC:29667,0,0,0.56495726,0.43504274,0.56495726,True
non_essential_CARMIL3|HGNC:20272,0,0,0.69327646,0.30672354,0.69327646,True
non_essential_GOLGA5|HGNC:4428,0,0,0.5552829,0.4447171,0.5552829,True
non_essential_PDHX|HGNC:21350,0,0,0.5838269,0.4161731,0.5838269,True
non_essential_CCR9|HGNC:1610,0,0,0.64221364,0.35778636,0.64221364,True
non_essential_MAP10|HGNC:29265,0,0,0.64832777,0.35167223,0.64832777,True
non_essential_SERPINA11|HGNC:19193,0,0,0.6310029,0.3689971,0.6310029,True
non_essential_SLC22A2|HGNC:10966,0,0,0.6370663,0.3629337,0.6370663,True
non_essential_METTL13|HGNC:24248,0,0,0.6465597,0.35344028,0.6465597,True
non_essential_ZNF843|HGNC:28710,0,0,0.80077773,0.19922227,0.80077773,True
non_essential_KRTAP4-2|HGNC:18900,0,0,0.4451095,0.5548905,0.5548905,True
non_essential_HERC5|HGNC:24368,0,0,0.549435,0.45056498,0.549435,True
non_essential_MTUS1|HGNC:29789,0,0,0.53855604,0.46144396,0.53855604,True
non_essential_PNMA6A|HGNC:28248,0,0,0.7475587,0.2524413,0.7475587,True
non_essential_NEK6|HGNC:7749,0,0,0.7095503,0.29044968,0.7095503,True
non_essential_MTRNR2L7|HGNC:37164,0,0,0.47627184,0.52372813,0.52372813,True
non_essential_COPS9|HGNC:21314,0,0,0.6582261,0.34177393,0.6582261,True
non_essential_RANBP6|HGNC:9851,0,0,0.6226125,0.37738752,0.6226125,True
non_essential_DAOA|HGNC:21191,0,0,0.47163376,0.5283662,0.5283662,True
non_essential_PRAC2|HGNC:30143,0,0,0.5511306,0.4488694,0.5511306,True
non_essential_FBXL12|HGNC:13611,0,0,0.94322526,0.056774735,0.94322526,True
non_essential_HSFX1|HGNC:29603,0,0,0.6887123,0.3112877,0.6887123,True
non_essential_MAGEA9B|HGNC:31909,0,0,0.7135022,0.28649777,0.7135022,True
non_essential_C15orf57|HGNC:28295,0,0,0.5536476,0.44635242,0.5536476,True
non_essential_PTGR1|HGNC:18429,0,0,0.5099222,0.4900778,0.5099222,True
non_essential_POM121L2|HGNC:13973,0,0,0.5605281,0.4394719,0.5605281,True
non_essential_KCNE1|HGNC:6240,0,0,0.8595931,0.1404069,0.8595931,True
non_essential_IL22RA1|HGNC:13700,0,0,0.6417124,0.35828757,0.6417124,True
non_essential_RNASE7|HGNC:19278,0,0,0.5644066,0.43559343,0.5644066,True
non_essential_LGALS9B|HGNC:24842,0,0,0.87432826,0.12567174,0.87432826,True
non_essential_VWA8|HGNC:29071,0,0,0.6194272,0.3805728,0.6194272,True
non_essential_WWC1|HGNC:29435,0,0,0.646105,0.353895,0.646105,True
non_essential_SLC9B2|HGNC:25143,0,0,0.5061466,0.4938534,0.5061466,True
non_essential_DEFB106B|HGNC:28879,0,0,0.4679553,0.5320447,0.5320447,True
non_essential_GPR18|HGNC:4472,0,0,0.5976906,0.40230942,0.5976906,True
non_essential_ACOD1|HGNC:33904,0,0,0.5184476,0.48155242,0.5184476,True
non_essential_CACNG5|HGNC:1409,0,0,0.7821791,0.21782088,0.7821791,True
non_essential_C5|HGNC:1331,0,0,0.62972015,0.37027985,0.62972015,True
non_essential_DEFB104A|HGNC:18115,0,0,0.41923577,0.58076423,0.58076423,True
non_essential_OR5AP2|HGNC:15258,0,0,0.4682632,0.5317368,0.5317368,True
non_essential_NT5C2|HGNC:8022,0,0,0.5550009,0.4449991,0.5550009,True
non_essential_FRZB|HGNC:3959,0,0,0.60908246,0.39091754,0.60908246,True
non_essential_ZNF730|HGNC:32470,0,0,0.46954444,0.5304556,0.5304556,True
non_essential_FAM229A|HGNC:44652,0,0,0.7647102,0.23528981,0.7647102,True
non_essential_LRRC46|HGNC:25047,0,0,0.7363854,0.2636146,0.7363854,True
non_essential_SLC1A3|HGNC:10941,0,0,0.5966663,0.40333372,0.5966663,True
non_essential_GGACT|HGNC:25100,0,0,0.65426254,0.34573746,0.65426254,True
non_essential_PPIAL4C|HGNC:33995,0,0,0.49490905,0.50509095,0.50509095,True
non_essential_PCCB|HGNC:8654,0,0,0.7531359,0.24686408,0.7531359,True
non_essential_ARMC9|HGNC:20730,0,0,0.5748998,0.4251002,0.5748998,True
non_essential_MAMDC4|HGNC:24083,0,0,0.6847464,0.31525362,0.6847464,True
non_essential_COL22A1|HGNC:22989,0,0,0.68097854,0.31902146,0.68097854,True
non_essential_ULK2|HGNC:13480,0,0,0.6071912,0.3928088,0.6071912,True
non_essential_CSTL1|HGNC:15958,0,0,0.52550805,0.47449195,0.52550805,True
non_essential_PJA2|HGNC:17481,0,0,0.46773562,0.53226435,0.53226435,True
non_essential_DERA|HGNC:24269,0,0,0.6484416,0.3515584,0.6484416,True
non_essential_FRA10AC1|HGNC:1162,0,0,0.49131072,0.5086893,0.5086893,True
non_essential_MANEA|HGNC:21072,0,0,0.50413567,0.49586433,0.50413567,True
non_essential_DDX53|HGNC:20083,0,0,0.54399866,0.45600134,0.54399866,True
non_essential_GABRR3|HGNC:17969,0,0,0.50452334,0.49547666,0.50452334,True
non_essential_VN1R1|HGNC:13548,0,0,0.50019264,0.49980736,0.50019264,True
non_essential_MAGEB5|HGNC:23795,0,0,0.5670206,0.4329794,0.5670206,True
non_essential_RAD18|HGNC:18278,0,0,0.55364275,0.44635725,0.55364275,True
non_essential_LRRC10B|HGNC:37215,0,0,0.84130794,0.15869206,0.84130794,True
non_essential_DNAJB8|HGNC:23699,0,0,0.9018431,0.09815693,0.9018431,True
non_essential_GPHB5|HGNC:18055,0,0,0.47416836,0.52583164,0.52583164,True
non_essential_CACHD1|HGNC:29314,0,0,0.58753836,0.41246164,0.58753836,True
non_essential_RASL10B|HGNC:30295,0,0,0.6924978,0.3075022,0.6924978,True
non_essential_HMGN2|HGNC:4986,0,0,0.93533593,0.064664066,0.93533593,True
non_essential_ZDHHC19|HGNC:20713,0,0,0.6668108,0.3331892,0.6668108,True
non_essential_ZDHHC9|HGNC:18475,0,0,0.6431047,0.35689533,0.6431047,True
non_essential_TCEAL6|HGNC:24553,0,0,0.5950584,0.40494162,0.5950584,True
non_essential_AGXT2|HGNC:14412,0,0,0.6754751,0.32452488,0.6754751,True
non_essential_RPS6KL1|HGNC:20222,0,0,0.65887105,0.34112895,0.65887105,True
non_essential_OR51B4|HGNC:14708,0,0,0.491136,0.508864,0.508864,True
non_essential_SAMD9L|HGNC:1349,0,0,0.5256479,0.47435212,0.5256479,True
non_essential_TNFSF8|HGNC:11938,0,0,0.6248931,0.37510687,0.6248931,True
non_essential_ZNF493|HGNC:23708,0,0,0.46198288,0.53801715,0.53801715,True
non_essential_CLC|HGNC:2014,0,0,0.6283549,0.3716451,0.6283549,True
non_essential_IFIT1B|HGNC:23442,0,0,0.5292129,0.4707871,0.5292129,True
non_essential_ZNF333|HGNC:15624,0,0,0.5580103,0.44198972,0.5580103,True
non_essential_GCA|HGNC:15990,0,0,0.508571,0.49142897,0.508571,True
non_essential_CRELD2|HGNC:28150,0,0,0.6867229,0.31327713,0.6867229,True
non_essential_SPDYA|HGNC:30613,0,0,0.49825668,0.5017433,0.5017433,True
non_essential_TMEM14C|HGNC:20952,0,0,0.583548,0.416452,0.583548,True
non_essential_SMLR1|HGNC:44670,0,0,0.6587313,0.34126872,0.6587313,True
non_essential_GSTA2|HGNC:4627,0,0,0.4622248,0.53777516,0.53777516,True
non_essential_C10orf53|HGNC:27421,0,0,0.5077213,0.4922787,0.5077213,True
non_essential_KLHDC4|HGNC:25272,0,0,0.6784616,0.3215384,0.6784616,True
non_essential_ZNF577|HGNC:28673,0,0,0.48681453,0.5131855,0.5131855,True
non_essential_INSRR|HGNC:6093,0,0,0.6512039,0.34879613,0.6512039,True
non_essential_C1orf174|HGNC:27915,0,0,0.6300854,0.3699146,0.6300854,True
non_essential_MYLK3|HGNC:29826,0,0,0.55049074,0.44950926,0.55049074,True
non_essential_SMIM19|HGNC:25166,0,0,0.4132625,0.5867375,0.5867375,True
non_essential_ZNF45|HGNC:13111,0,0,0.49642566,0.5035744,0.5035744,True
non_essential_GNG10|HGNC:4402,0,0,0.5548185,0.4451815,0.5548185,True
non_essential_EGLN3|HGNC:14661,0,0,0.72022265,0.27977735,0.72022265,True
non_essential_APOA1|HGNC:600,0,0,0.8555213,0.14447868,0.8555213,True
non_essential_COX6C|HGNC:2285,0,0,0.51314217,0.48685783,0.51314217,True
non_essential_CCDC182|HGNC:49392,0,0,0.71850485,0.28149515,0.71850485,True
non_essential_SPRR2D|HGNC:11264,0,0,0.45785528,0.5421447,0.5421447,True
non_essential_MROH7|HGNC:24802,0,0,0.64719176,0.35280824,0.64719176,True
non_essential_ZNF726|HGNC:32462,0,0,0.46721363,0.53278637,0.53278637,True
non_essential_ACAP1|HGNC:16467,0,0,0.67960405,0.32039595,0.67960405,True
non_essential_DLG2|HGNC:2901,0,0,0.5176316,0.4823684,0.5176316,True
non_essential_GNPDA1|HGNC:4417,0,0,0.5921054,0.4078946,0.5921054,True
non_essential_MMP15|HGNC:7161,0,0,0.7375488,0.26245117,0.7375488,True
non_essential_PDK4|HGNC:8812,0,0,0.58811057,0.41188943,0.58811057,True
non_essential_ADORA3|HGNC:268,0,0,0.5824626,0.4175374,0.5824626,True
non_essential_TSPYL1|HGNC:12382,0,0,0.6209834,0.37901658,0.6209834,True
non_essential_CCDC177|HGNC:23243,0,0,0.73290795,0.26709205,0.73290795,True
non_essential_TMEM8A|HGNC:17205,0,0,0.76195306,0.23804694,0.76195306,True
non_essential_GFRA4|HGNC:13821,0,0,0.7424384,0.25756162,0.7424384,True
non_essential_HIST1H3E|HGNC:4769,0,0,0.89648217,0.10351783,0.89648217,True
non_essential_FAIM2|HGNC:17067,0,0,0.6117375,0.3882625,0.6117375,True
non_essential_AVPI1|HGNC:30898,0,0,0.6367322,0.36326778,0.6367322,True
non_essential_ACSF3|HGNC:27288,0,0,0.7065905,0.29340953,0.7065905,True
non_essential_KRTAP22-2|HGNC:37091,0,0,0.42301732,0.5769827,0.5769827,True
non_essential_HIPK4|HGNC:19007,0,0,0.81223077,0.18776923,0.81223077,True
non_essential_TTC22|HGNC:26067,0,0,0.7657277,0.2342723,0.7657277,True
non_essential_CTSV|HGNC:2538,0,0,0.53120446,0.46879554,0.53120446,True
non_essential_TRIM17|HGNC:13430,0,0,0.7493004,0.25069958,0.7493004,True
non_essential_TLR4|HGNC:11850,0,0,0.5429452,0.4570548,0.5429452,True
non_essential_BOC|HGNC:17173,0,0,0.6015184,0.3984816,0.6015184,True
non_essential_ASZ1|HGNC:1350,0,0,0.52093303,0.47906697,0.52093303,True
non_essential_ARHGAP12|HGNC:16348,0,0,0.58291,0.41709,0.58291,True
non_essential_ATP13A2|HGNC:30213,0,0,0.6367055,0.36329448,0.6367055,True
non_essential_SLC2A6|HGNC:11011,0,1,0.962288,0.037711978,0.962288,False
non_essential_NTAN1|HGNC:29909,0,0,0.5230941,0.47690588,0.5230941,True
non_essential_LIMD2|HGNC:28142,0,0,0.64649963,0.35350037,0.64649963,True
non_essential_ZNF146|HGNC:12931,0,0,0.45945084,0.54054916,0.54054916,True
non_essential_ST3GAL4|HGNC:10864,0,0,0.6500621,0.34993792,0.6500621,True
non_essential_OR11H2|HGNC:14716,0,0,0.45781767,0.5421823,0.5421823,True
non_essential_FAM105A|HGNC:25629,0,0,0.55165595,0.44834405,0.55165595,True
non_essential_ZCCHC18|HGNC:32459,0,0,0.50880855,0.49119145,0.50880855,True
non_essential_PRAM1|HGNC:30091,0,0,0.9091565,0.0908435,0.9091565,True
non_essential_TNFAIP2|HGNC:11895,0,0,0.72708666,0.27291334,0.72708666,True
non_essential_MREG|HGNC:25478,0,0,0.5693843,0.43061572,0.5693843,True
non_essential_C9orf24|HGNC:19919,0,0,0.7376631,0.2623369,0.7376631,True
non_essential_RBMY1J|HGNC:23917,0,0,0.5153515,0.48464853,0.5153515,True
non_essential_OR5B2|HGNC:8323,0,0,0.49475417,0.5052458,0.5052458,True
non_essential_F12|HGNC:3530,0,0,0.81861424,0.18138576,0.81861424,True
non_essential_GBP5|HGNC:19895,0,0,0.5282471,0.47175288,0.5282471,True
non_essential_CTSK|HGNC:2536,0,0,0.49994907,0.5000509,0.5000509,True
non_essential_CSAG1|HGNC:24294,0,0,0.55647725,0.44352275,0.55647725,True
non_essential_PDZD3|HGNC:19891,0,0,0.6563008,0.34369922,0.6563008,True
non_essential_C4orf17|HGNC:25274,0,0,0.48686945,0.51313055,0.51313055,True
non_essential_LY6G6D|HGNC:13935,0,0,0.5511628,0.44883722,0.5511628,True
non_essential_TIFA|HGNC:19075,0,0,0.5732376,0.4267624,0.5732376,True
non_essential_KLK15|HGNC:20453,0,0,0.6436401,0.3563599,0.6436401,True
non_essential_TRIM14|HGNC:16283,0,0,0.820139,0.17986101,0.820139,True
non_essential_C1orf122|HGNC:24789,0,0,0.6234652,0.37653482,0.6234652,True
non_essential_MLLT11|HGNC:16997,0,0,0.68250114,0.31749886,0.68250114,True
non_essential_ARPC1A|HGNC:703,0,0,0.64999026,0.35000974,0.64999026,True
non_essential_SDCCAG8|HGNC:10671,0,0,0.5898582,0.41014183,0.5898582,True
non_essential_MYOT|HGNC:12399,0,0,0.5660815,0.43391848,0.5660815,True
non_essential_CCR5|HGNC:1606,0,0,0.5442334,0.45576662,0.5442334,True
non_essential_CSN3|HGNC:2446,0,0,0.46023658,0.53976345,0.53976345,True
non_essential_C1QTNF6|HGNC:14343,0,0,0.77945685,0.22054315,0.77945685,True
non_essential_RALYL|HGNC:27036,0,0,0.5906884,0.4093116,0.5906884,True
non_essential_CDC42EP4|HGNC:17147,0,0,0.9320881,0.06791192,0.9320881,True
non_essential_FAM159A|HGNC:28757,0,0,0.66840285,0.33159715,0.66840285,True
non_essential_COL25A1|HGNC:18603,0,0,0.6788308,0.3211692,0.6788308,True
non_essential_NICN1|HGNC:18317,0,0,0.8342353,0.16576469,0.8342353,True
non_essential_CGB8|HGNC:16453,0,0,0.76476204,0.23523796,0.76476204,True
non_essential_NCKAP5L|HGNC:29321,0,0,0.6698975,0.3301025,0.6698975,True
non_essential_TXNRD3|HGNC:20667,0,0,0.6225056,0.3774944,0.6225056,True
non_essential_NRIP2|HGNC:23078,0,0,0.599021,0.40097898,0.599021,True
non_essential_KRT34|HGNC:6452,0,0,0.78828937,0.21171063,0.78828937,True
non_essential_BCAN|HGNC:23059,0,0,0.7415146,0.25848538,0.7415146,True
non_essential_TOMM5|HGNC:31369,0,0,0.63323754,0.36676246,0.63323754,True
non_essential_OR2T27|HGNC:31252,0,0,0.60207844,0.39792156,0.60207844,True
non_essential_GKN2|HGNC:24588,0,0,0.4671263,0.5328737,0.5328737,True
non_essential_SLC24A4|HGNC:10978,0,0,0.5904606,0.4095394,0.5904606,True
non_essential_C11orf74|HGNC:25142,0,0,0.4634474,0.5365526,0.5365526,True
non_essential_LRRC52|HGNC:32156,0,0,0.5812198,0.4187802,0.5812198,True
non_essential_KCNK15|HGNC:13814,0,1,0.9624031,0.03759688,0.9624031,False
non_essential_RTCA|HGNC:17981,0,0,0.59142125,0.40857875,0.59142125,True
non_essential_RNF150|HGNC:23138,0,0,0.5785649,0.42143512,0.5785649,True
non_essential_RBM41|HGNC:25617,0,0,0.52798516,0.47201484,0.52798516,True
non_essential_KLK10|HGNC:6358,0,0,0.6967953,0.30320472,0.6967953,True
non_essential_MEDAG|HGNC:25926,0,0,0.6776039,0.3223961,0.6776039,True
non_essential_PDIA4|HGNC:30167,0,0,0.6780855,0.3219145,0.6780855,True
non_essential_CEP112|HGNC:28514,0,0,0.6397114,0.36028862,0.6397114,True
non_essential_SOX12|HGNC:11198,0,0,0.90577805,0.09422195,0.90577805,True
non_essential_VPS13A|HGNC:1908,0,0,0.60658026,0.39341974,0.60658026,True
non_essential_BTG2|HGNC:1131,0,0,0.76588845,0.23411155,0.76588845,True
non_essential_PLEKHA7|HGNC:27049,0,0,0.64019066,0.35980934,0.64019066,True
non_essential_LBHD1|HGNC:28351,0,0,0.5969724,0.4030276,0.5969724,True
non_essential_RABAC1|HGNC:9794,0,0,0.8944547,0.10554528,0.8944547,True
non_essential_SSFA2|HGNC:11319,0,0,0.64367783,0.35632217,0.64367783,True
non_essential_TIGIT|HGNC:26838,0,0,0.8666355,0.1333645,0.8666355,True
non_essential_PLCXD1|HGNC:23148,0,0,0.88163733,0.118362665,0.88163733,True
non_essential_ZNF616|HGNC:28062,0,0,0.4968139,0.5031861,0.5031861,True
non_essential_CYP2D6|HGNC:2625,0,0,0.73311526,0.26688474,0.73311526,True
non_essential_COL9A1|HGNC:2217,0,0,0.54783255,0.45216745,0.54783255,True
non_essential_TMEM87B|HGNC:25913,0,0,0.48756683,0.5124332,0.5124332,True
non_essential_CER1|HGNC:1862,0,0,0.5204712,0.47952878,0.5204712,True
non_essential_SLITRK4|HGNC:23502,0,0,0.6004792,0.3995208,0.6004792,True
non_essential_MIDN|HGNC:16298,0,0,0.87039965,0.12960035,0.87039965,True
non_essential_CRABP1|HGNC:2338,0,0,0.74754405,0.25245595,0.74754405,True
non_essential_CCL3L3|HGNC:30554,0,0,0.72015,0.27985,0.72015,True
non_essential_ESD|HGNC:3465,0,0,0.49362552,0.5063745,0.5063745,True
non_essential_PCP2|HGNC:30209,0,0,0.77998024,0.22001976,0.77998024,True
non_essential_RPEL1|HGNC:45241,0,0,0.53092873,0.46907127,0.53092873,True
non_essential_SLC5A5|HGNC:11040,0,0,0.71822166,0.28177834,0.71822166,True
non_essential_USP17L26|HGNC:44454,0,0,0.6399291,0.36007088,0.6399291,True
non_essential_NT5DC2|HGNC:25717,0,0,0.76543903,0.23456097,0.76543903,True
non_essential_NOS2|HGNC:7873,0,0,0.7015942,0.29840583,0.7015942,True
non_essential_N4BP3|HGNC:29852,0,0,0.6423633,0.3576367,0.6423633,True
non_essential_ELF4|HGNC:3319,0,0,0.62088275,0.37911725,0.62088275,True
non_essential_LIMD1|HGNC:6612,0,0,0.64579976,0.35420024,0.64579976,True
non_essential_ZNF648|HGNC:18190,0,0,0.7423638,0.2576362,0.7423638,True
non_essential_SULT2A1|HGNC:11458,0,0,0.48352927,0.51647073,0.51647073,True
non_essential_FSTL5|HGNC:21386,0,0,0.5209093,0.4790907,0.5209093,True
non_essential_IFNL1|HGNC:18363,0,0,0.58796614,0.41203386,0.58796614,True
non_essential_OR5H14|HGNC:31286,0,0,0.51055914,0.48944086,0.51055914,True
non_essential_LAP3|HGNC:18449,0,0,0.58483714,0.41516286,0.58483714,True
non_essential_FADS1|HGNC:3574,0,0,0.6428996,0.35710043,0.6428996,True
non_essential_ENPP5|HGNC:13717,0,0,0.50167525,0.49832475,0.50167525,True
non_essential_TRIM40|HGNC:18736,0,0,0.60106045,0.39893955,0.60106045,True
non_essential_NME4|HGNC:7852,0,0,0.72972035,0.27027965,0.72972035,True
non_essential_KIF9|HGNC:16666,0,0,0.60780656,0.39219344,0.60780656,True
non_essential_ALX3|HGNC:449,0,0,0.9286638,0.07133621,0.9286638,True
non_essential_NUDT17|HGNC:26618,0,0,0.6719289,0.32807112,0.6719289,True
non_essential_ZNF550|HGNC:28643,0,0,0.49263966,0.50736034,0.50736034,True
non_essential_SLC6A20|HGNC:30927,0,0,0.67468566,0.32531434,0.67468566,True
non_essential_QDPR|HGNC:9752,0,0,0.58904487,0.41095513,0.58904487,True
non_essential_QTRT2|HGNC:25771,0,0,0.48534295,0.514657,0.514657,True
non_essential_IL1RAP|HGNC:5995,0,0,0.5785134,0.42148662,0.5785134,True
non_essential_LAYN|HGNC:29471,0,0,0.5307787,0.4692213,0.5307787,True
non_essential_STBD1|HGNC:24854,0,0,0.5915774,0.4084226,0.5915774,True
non_essential_KRTAP4-4|HGNC:16928,0,0,0.48095927,0.5190407,0.5190407,True
non_essential_DEPDC7|HGNC:29899,0,0,0.53719306,0.46280694,0.53719306,True
non_essential_CLEC17A|HGNC:34520,0,0,0.61287206,0.38712794,0.61287206,True
non_essential_TRIM54|HGNC:16008,0,0,0.62373793,0.37626207,0.62373793,True
non_essential_UGT2B11|HGNC:12545,0,0,0.46561795,0.53438205,0.53438205,True
non_essential_UBAP1L|HGNC:40028,0,0,0.6886813,0.3113187,0.6886813,True
non_essential_LCE1E|HGNC:29466,0,0,0.6506464,0.3493536,0.6506464,True
non_essential_CSPP1|HGNC:26193,0,0,0.58693224,0.41306776,0.58693224,True
non_essential_RTN3|HGNC:10469,0,0,0.57946616,0.42053384,0.57946616,True
non_essential_TIMD4|HGNC:25132,0,0,0.62103075,0.37896925,0.62103075,True
non_essential_GINM1|HGNC:21074,0,0,0.479267,0.520733,0.520733,True
non_essential_AP5S1|HGNC:15875,0,0,0.5841054,0.41589463,0.5841054,True
non_essential_ADGRE1|HGNC:3336,0,0,0.61970043,0.38029957,0.61970043,True
non_essential_EREG|HGNC:3443,0,0,0.4686789,0.5313211,0.5313211,True
non_essential_USP4|HGNC:12627,0,0,0.6633072,0.3366928,0.6633072,True
non_essential_RASL10A|HGNC:16954,0,0,0.6878181,0.3121819,0.6878181,True
non_essential_HDHD2|HGNC:25364,0,0,0.49610293,0.5038971,0.5038971,True
non_essential_PSORS1C1|HGNC:17202,0,0,0.6608935,0.3391065,0.6608935,True
non_essential_MAP1S|HGNC:15715,0,0,0.8394043,0.16059572,0.8394043,True
non_essential_RDH13|HGNC:19978,0,0,0.74169993,0.25830007,0.74169993,True
non_essential_SORCS2|HGNC:16698,0,0,0.6611928,0.33880723,0.6611928,True
non_essential_ZNF528|HGNC:29384,0,0,0.5023796,0.4976204,0.5023796,True
non_essential_TCP11L1|HGNC:25655,0,0,0.64770126,0.35229874,0.64770126,True
non_essential_TRAM1|HGNC:20568,0,0,0.55037683,0.44962317,0.55037683,True
non_essential_ABCA6|HGNC:36,0,0,0.54056513,0.45943487,0.54056513,True
non_essential_IDUA|HGNC:5391,0,0,0.85295355,0.14704645,0.85295355,True
non_essential_C5orf45|HGNC:30817,0,0,0.77476364,0.22523636,0.77476364,True
non_essential_USP17L27|HGNC:44455,0,0,0.6399291,0.36007088,0.6399291,True
non_essential_VLDLR|HGNC:12698,0,0,0.58927566,0.41072434,0.58927566,True
non_essential_SNX11|HGNC:14975,0,0,0.6141577,0.38584232,0.6141577,True
non_essential_TBC1D19|HGNC:25624,0,0,0.49860084,0.50139916,0.50139916,True
non_essential_ZNF485|HGNC:23440,0,0,0.493329,0.506671,0.506671,True
non_essential_C19orf73|HGNC:25534,0,0,0.5595836,0.4404164,0.5595836,True
non_essential_VEGFB|HGNC:12681,0,0,0.8496229,0.1503771,0.8496229,True
non_essential_IGLON5|HGNC:34550,0,0,0.793013,0.20698702,0.793013,True
non_essential_ODF3L2|HGNC:26841,0,0,0.9141256,0.08587438,0.9141256,True
non_essential_C10orf113|HGNC:31447,0,0,0.5414136,0.4585864,0.5414136,True
non_essential_PARD3B|HGNC:14446,0,0,0.64153093,0.35846907,0.64153093,True
non_essential_NAIF1|HGNC:25446,0,0,0.8706758,0.1293242,0.8706758,True
non_essential_DMGDH|HGNC:24475,0,0,0.6170704,0.38292962,0.6170704,True
non_essential_SH3BGRL2|HGNC:15567,0,0,0.45001942,0.5499806,0.5499806,True
non_essential_OR8B4|HGNC:8473,0,0,0.4480134,0.5519866,0.5519866,True
non_essential_CCDC113|HGNC:25002,0,0,0.6498619,0.35013813,0.6498619,True
non_essential_SEPN1|HGNC:15999,0,0,0.73550725,0.26449275,0.73550725,True
non_essential_ARMCX6|HGNC:26094,0,0,0.4773917,0.5226083,0.5226083,True
non_essential_FAM198B|HGNC:25312,0,0,0.6337644,0.3662356,0.6337644,True
non_essential_CDCA7L|HGNC:30777,0,0,0.6648462,0.33515382,0.6648462,True
non_essential_HCST|HGNC:16977,0,0,0.65611184,0.34388816,0.65611184,True
non_essential_RMDN2|HGNC:26567,0,0,0.58729374,0.41270626,0.58729374,True
non_essential_BLCAP|HGNC:1055,0,0,0.4532787,0.54672134,0.54672134,True
non_essential_H1FX|HGNC:4722,0,0,0.74293065,0.25706935,0.74293065,True
non_essential_ADH1B|HGNC:250,0,0,0.5977233,0.4022767,0.5977233,True
non_essential_C16orf62|HGNC:24641,0,0,0.62995386,0.37004614,0.62995386,True
non_essential_UTS2B|HGNC:30894,0,0,0.4264702,0.57352984,0.57352984,True
non_essential_PLEKHG4B|HGNC:29399,0,0,0.61664456,0.38335544,0.61664456,True
non_essential_BCL2L12|HGNC:13787,0,0,0.68197423,0.31802577,0.68197423,True
non_essential_GUCA2A|HGNC:4682,0,0,0.56514496,0.43485504,0.56514496,True
non_essential_PPIAL4G|HGNC:33996,0,0,0.48782852,0.5121715,0.5121715,True
non_essential_SCUBE2|HGNC:30425,0,0,0.67307526,0.32692474,0.67307526,True
non_essential_APBB1IP|HGNC:17379,0,0,0.650934,0.34906602,0.650934,True
non_essential_KAAG1|HGNC:21031,0,0,0.79971415,0.20028585,0.79971415,True
non_essential_CD1E|HGNC:1638,0,0,0.53614384,0.46385616,0.53614384,True
non_essential_ARHGAP33|HGNC:23085,0,0,0.7573242,0.24267578,0.7573242,True
non_essential_S100B|HGNC:10500,0,0,0.6222788,0.3777212,0.6222788,True
non_essential_DEFB105A|HGNC:18087,0,0,0.5217345,0.47826552,0.5217345,True
non_essential_CDHR2|HGNC:18231,0,0,0.6533696,0.3466304,0.6533696,True
non_essential_TAS2R46|HGNC:18877,0,0,0.4231024,0.5768976,0.5768976,True
non_essential_FSD2|HGNC:18024,0,0,0.5400692,0.45993078,0.5400692,True
non_essential_ASB3|HGNC:16013,0,0,0.6301762,0.3698238,0.6301762,True
non_essential_KCNE2|HGNC:6242,0,0,0.4765099,0.5234901,0.5234901,True
non_essential_TNFAIP6|HGNC:11898,0,0,0.49813938,0.5018606,0.5018606,True
non_essential_OR2L8|HGNC:15014,0,0,0.48327118,0.5167288,0.5167288,True
non_essential_KDELC2|HGNC:28496,0,0,0.56719786,0.43280214,0.56719786,True
non_essential_CT47A10|HGNC:33291,0,0,0.78890824,0.21109176,0.78890824,True
non_essential_ZNF77|HGNC:13150,0,0,0.57248014,0.42751986,0.57248014,True
non_essential_TROVE2|HGNC:11313,0,0,0.5696615,0.4303385,0.5696615,True
non_essential_RERG|HGNC:15980,0,0,0.49144524,0.50855476,0.50855476,True
non_essential_SLC48A1|HGNC:26035,0,0,0.8243394,0.17566061,0.8243394,True
non_essential_NCMAP|HGNC:29332,0,0,0.5493187,0.45068133,0.5493187,True
non_essential_TLX1|HGNC:5056,0,0,0.9441591,0.05584091,0.9441591,True
non_essential_GPD1|HGNC:4455,0,0,0.5413004,0.45869958,0.5413004,True
non_essential_SPSB4|HGNC:30630,0,0,0.74795455,0.25204545,0.74795455,True
non_essential_TEDDM1|HGNC:30233,0,0,0.52487206,0.47512794,0.52487206,True
non_essential_CYP20A1|HGNC:20576,0,0,0.58597606,0.41402394,0.58597606,True
non_essential_OR3A3|HGNC:8284,0,0,0.5873082,0.41269177,0.5873082,True
non_essential_FUK|HGNC:29500,0,0,0.66848975,0.33151025,0.66848975,True
non_essential_HBQ1|HGNC:4833,0,0,0.92491,0.07508999,0.92491,True
non_essential_HCRTR1|HGNC:4848,0,0,0.69871145,0.30128855,0.69871145,True
non_essential_WFDC6|HGNC:16164,0,0,0.4507556,0.5492444,0.5492444,True
non_essential_RTP1|HGNC:28580,0,0,0.75506705,0.24493295,0.75506705,True
non_essential_ETNPPL|HGNC:14404,0,0,0.48844472,0.5115553,0.5115553,True
non_essential_LANCL3|HGNC:24767,0,0,0.7371985,0.26280153,0.7371985,True
non_essential_PANK1|HGNC:8598,0,0,0.6500367,0.3499633,0.6500367,True
non_essential_KHDC1L|HGNC:37274,0,0,0.53608936,0.46391064,0.53608936,True
non_essential_TRIM77|HGNC:34228,0,0,0.48448634,0.51551366,0.51551366,True
non_essential_ATAT1|HGNC:21186,0,0,0.552827,0.447173,0.552827,True
non_essential_PRAMEF11|HGNC:14086,0,0,0.6126976,0.3873024,0.6126976,True
non_essential_MBOAT1|HGNC:21579,0,0,0.5052085,0.4947915,0.5052085,True
non_essential_R3HDM4|HGNC:28270,0,0,0.7453183,0.2546817,0.7453183,True
non_essential_MTCP1|HGNC:7423,0,0,0.714232,0.28576797,0.714232,True
non_essential_ST13|HGNC:11343,0,0,0.52621883,0.47378117,0.52621883,True
non_essential_TSSC4|HGNC:12386,0,0,0.79973793,0.20026207,0.79973793,True
non_essential_NPR1|HGNC:7943,0,0,0.720506,0.279494,0.720506,True
non_essential_KCTD18|HGNC:26446,0,0,0.60551757,0.39448243,0.60551757,True
non_essential_GPATCH2|HGNC:25499,0,0,0.5336312,0.4663688,0.5336312,True
non_essential_SMCO1|HGNC:27407,0,0,0.4659834,0.5340166,0.5340166,True
non_essential_C16orf87|HGNC:33754,0,0,0.48121557,0.5187844,0.5187844,True
non_essential_DHX57|HGNC:20086,0,0,0.62305903,0.37694097,0.62305903,True
non_essential_RGS3|HGNC:9999,0,0,0.6562946,0.34370542,0.6562946,True
non_essential_RNF128|HGNC:21153,0,0,0.63810754,0.36189246,0.63810754,True
non_essential_CR1|HGNC:2334,0,0,0.5735339,0.4264661,0.5735339,True
non_essential_SPZ1|HGNC:30721,0,0,0.44144523,0.55855477,0.55855477,True
non_essential_CCNO|HGNC:18576,0,0,0.7214295,0.27857047,0.7214295,True
non_essential_FOCAD|HGNC:23377,0,0,0.6154053,0.38459468,0.6154053,True
non_essential_FAM227B|HGNC:26543,0,0,0.47727373,0.5227263,0.5227263,True
non_essential_PTGIS|HGNC:9603,0,0,0.75898093,0.24101907,0.75898093,True
non_essential_CNOT6|HGNC:14099,0,0,0.6681067,0.33189332,0.6681067,True
non_essential_SH2D2A|HGNC:10821,0,0,0.8320465,0.16795349,0.8320465,True
non_essential_OR10H4|HGNC:15388,0,0,0.51041585,0.48958415,0.51041585,True
non_essential_CST8|HGNC:2480,0,0,0.47247964,0.52752036,0.52752036,True
non_essential_SLFN12L|HGNC:33920,0,0,0.4928588,0.50714123,0.50714123,True
non_essential_MS4A15|HGNC:28573,0,0,0.73948866,0.26051134,0.73948866,True
non_essential_SH2D1A|HGNC:10820,0,0,0.57043546,0.42956454,0.57043546,True
non_essential_PM20D1|HGNC:26518,0,0,0.6077619,0.39223808,0.6077619,True
non_essential_FAM25A|HGNC:23436,0,0,0.9200791,0.07992089,0.9200791,True
non_essential_OLFML1|HGNC:24473,0,0,0.49685794,0.50314206,0.50314206,True
non_essential_SPTBN5|HGNC:15680,0,0,0.7339099,0.2660901,0.7339099,True
non_essential_IQCJ|HGNC:32406,0,0,0.7027917,0.2972083,0.7027917,True
non_essential_KIAA1217|HGNC:25428,0,0,0.6313219,0.3686781,0.6313219,True
non_essential_SPP1|HGNC:11255,0,0,0.52091724,0.47908276,0.52091724,True
non_essential_BICDL1|HGNC:28095,0,0,0.74341935,0.25658065,0.74341935,True
non_essential_CD33|HGNC:1659,0,0,0.55795926,0.44204074,0.55795926,True
non_essential_TNNC1|HGNC:11943,0,0,0.77126384,0.22873616,0.77126384,True
non_essential_PRR34|HGNC:25606,0,0,0.62995183,0.37004817,0.62995183,True
non_essential_MYL4|HGNC:7585,0,0,0.5378539,0.4621461,0.5378539,True
non_essential_KCNJ16|HGNC:6262,0,0,0.5428881,0.4571119,0.5428881,True
non_essential_SNX24|HGNC:21533,0,0,0.48369303,0.516307,0.516307,True
non_essential_SPDYE6|HGNC:35465,0,0,0.6010184,0.39898157,0.6010184,True
non_essential_RSPO1|HGNC:21679,0,0,0.6363199,0.36368012,0.6363199,True
non_essential_TEX15|HGNC:11738,0,0,0.57581204,0.42418796,0.57581204,True
non_essential_SLC25A23|HGNC:19375,0,0,0.7449237,0.2550763,0.7449237,True
non_essential_ICA1L|HGNC:14442,0,0,0.5601803,0.4398197,0.5601803,True
non_essential_ST8SIA2|HGNC:10870,0,0,0.7382237,0.26177633,0.7382237,True
non_essential_EMB|HGNC:30465,0,0,0.500299,0.49970102,0.500299,True
non_essential_KCNE5|HGNC:6241,0,0,0.76782346,0.23217654,0.76782346,True
non_essential_PNLIPRP3|HGNC:23492,0,0,0.551507,0.448493,0.551507,True
non_essential_PIGO|HGNC:23215,0,0,0.6610123,0.3389877,0.6610123,True
non_essential_SYDE2|HGNC:25841,0,0,0.6087445,0.3912555,0.6087445,True
non_essential_FAM91A1|HGNC:26306,0,0,0.58101696,0.41898304,0.58101696,True
non_essential_WDR72|HGNC:26790,0,0,0.5257893,0.47421068,0.5257893,True
non_essential_SCN3B|HGNC:20665,0,0,0.6876823,0.31231773,0.6876823,True
non_essential_STARD3NL|HGNC:19169,0,0,0.5045584,0.49544162,0.5045584,True
non_essential_ARPP21|HGNC:16968,0,0,0.5341898,0.46581018,0.5341898,True
non_essential_RBP1|HGNC:9919,0,0,0.6586749,0.3413251,0.6586749,True
non_essential_SCGB2A2|HGNC:7050,0,0,0.4556216,0.5443784,0.5443784,True
non_essential_C8orf86|HGNC:33774,0,0,0.6470821,0.3529179,0.6470821,True
non_essential_ISG20|HGNC:6130,0,0,0.68629766,0.31370234,0.68629766,True
non_essential_SPRR4|HGNC:23173,0,0,0.5772547,0.4227453,0.5772547,True
non_essential_METTL15|HGNC:26606,0,0,0.5338304,0.4661696,0.5338304,True
non_essential_MTRNR2L1|HGNC:37155,0,0,0.49799466,0.50200534,0.50200534,True
non_essential_TSPAN15|HGNC:23298,0,0,0.742887,0.25711298,0.742887,True
non_essential_PDIA6|HGNC:30168,0,0,0.61380756,0.38619244,0.61380756,True
non_essential_C16orf92|HGNC:26346,0,0,0.5113651,0.48863488,0.5113651,True
non_essential_LGMN|HGNC:9472,0,0,0.633925,0.36607498,0.633925,True
non_essential_REEP3|HGNC:23711,0,0,0.5028475,0.4971525,0.5028475,True
non_essential_FCRL3|HGNC:18506,0,0,0.4996136,0.50038636,0.50038636,True
non_essential_GDE1|HGNC:29644,0,0,0.54437375,0.45562625,0.54437375,True
non_essential_NWD1|HGNC:27619,0,0,0.7440113,0.25598872,0.7440113,True
non_essential_JRKL|HGNC:6200,0,0,0.5243402,0.4756598,0.5243402,True
non_essential_RNASE3|HGNC:10046,0,0,0.42247185,0.5775281,0.5775281,True
non_essential_SLC45A4|HGNC:29196,0,0,0.77296704,0.22703296,0.77296704,True
non_essential_AP1AR|HGNC:28808,0,0,0.4905461,0.5094539,0.5094539,True
non_essential_TRIM49D1|HGNC:43973,0,0,0.5285747,0.4714253,0.5285747,True
non_essential_HAPLN4|HGNC:31357,0,0,0.6955021,0.3044979,0.6955021,True
non_essential_C9orf72|HGNC:28337,0,0,0.55991316,0.44008684,0.55991316,True
non_essential_LACC1|HGNC:26789,0,0,0.46632925,0.5336708,0.5336708,True
non_essential_ST8SIA5|HGNC:17827,0,0,0.7344919,0.26550812,0.7344919,True
non_essential_ADGRE5|HGNC:1711,0,0,0.6935906,0.30640942,0.6935906,True
non_essential_FBXW10|HGNC:1211,0,0,0.5677764,0.43222362,0.5677764,True
non_essential_XKR9|HGNC:20937,0,0,0.44418877,0.5558112,0.5558112,True
non_essential_SMOX|HGNC:15862,0,0,0.7036227,0.2963773,0.7036227,True
non_essential_LDHB|HGNC:6541,0,0,0.5548736,0.4451264,0.5548736,True
non_essential_SPACA1|HGNC:14967,0,0,0.5357254,0.4642746,0.5357254,True
non_essential_C20orf194|HGNC:17721,0,0,0.6095771,0.39042288,0.6095771,True
non_essential_ZNF516|HGNC:28990,0,0,0.69553965,0.30446035,0.69553965,True
non_essential_POU4F3|HGNC:9220,0,0,0.79520977,0.20479023,0.79520977,True
non_essential_GJC2|HGNC:17494,0,1,0.95424616,0.045753837,0.95424616,False
non_essential_CNEP1R1|HGNC:26759,0,0,0.476632,0.523368,0.523368,True
non_essential_LY9|HGNC:6730,0,0,0.61115766,0.38884234,0.61115766,True
non_essential_EPS8L1|HGNC:21295,0,0,0.74522007,0.25477993,0.74522007,True
non_essential_GP5|HGNC:4443,0,0,0.6590521,0.34094793,0.6590521,True
non_essential_DCAF4L1|HGNC:27723,0,0,0.63831073,0.36168927,0.63831073,True
non_essential_APLF|HGNC:28724,0,0,0.51612234,0.48387766,0.51612234,True
non_essential_TNFRSF10A|HGNC:11904,0,0,0.7148862,0.2851138,0.7148862,True
non_essential_C3orf14|HGNC:25024,0,0,0.46565628,0.5343437,0.5343437,True
non_essential_POTEF|HGNC:33905,0,0,0.6625368,0.3374632,0.6625368,True
non_essential_ASMT|HGNC:750,0,0,0.6731851,0.3268149,0.6731851,True
non_essential_CCDC122|HGNC:26478,0,0,0.44149873,0.55850124,0.55850124,True
non_essential_TMEM156|HGNC:26260,0,0,0.5401841,0.45981592,0.5401841,True
non_essential_FAM175B|HGNC:28975,0,0,0.589865,0.41013497,0.589865,True
non_essential_ACSF2|HGNC:26101,0,0,0.73637974,0.26362026,0.73637974,True
non_essential_C1orf127|HGNC:26730,0,0,0.59460866,0.40539134,0.59460866,True
non_essential_LAT2|HGNC:12749,0,0,0.6376979,0.36230212,0.6376979,True
non_essential_CRX|HGNC:2383,0,0,0.67779523,0.32220477,0.67779523,True
non_essential_PTGFRN|HGNC:9601,0,0,0.67667556,0.32332444,0.67667556,True
non_essential_CASP2|HGNC:1503,0,0,0.64613533,0.35386467,0.64613533,True
non_essential_ZNF737|HGNC:32468,0,0,0.47541058,0.5245894,0.5245894,True
non_essential_SLC35G3|HGNC:26848,0,0,0.7080097,0.29199028,0.7080097,True
non_essential_CCDC74A|HGNC:25197,0,0,0.65570873,0.34429127,0.65570873,True
non_essential_DNASE1L1|HGNC:2957,0,0,0.7891419,0.2108581,0.7891419,True
non_essential_C16orf52|HGNC:27087,0,0,0.46507007,0.53492993,0.53492993,True
non_essential_IPCEF1|HGNC:21204,0,0,0.51458806,0.48541194,0.51458806,True
non_essential_NPVF|HGNC:13782,0,0,0.47334218,0.5266578,0.5266578,True
non_essential_FAP|HGNC:3590,0,0,0.5997041,0.4002959,0.5997041,True
non_essential_GSAP|HGNC:28042,0,0,0.6128666,0.38713342,0.6128666,True
non_essential_CYB5D1|HGNC:26516,0,0,0.7370469,0.2629531,0.7370469,True
non_essential_MT1HL1|HGNC:31864,0,0,0.5016623,0.4983377,0.5016623,True
non_essential_CFHR3|HGNC:16980,0,0,0.46635377,0.5336462,0.5336462,True
non_essential_IL22|HGNC:14900,0,0,0.68019915,0.31980085,0.68019915,True
non_essential_IL17C|HGNC:5983,0,0,0.84966385,0.15033615,0.84966385,True
non_essential_AZU1|HGNC:913,0,0,0.92131907,0.07868093,0.92131907,True
non_essential_TMEM212|HGNC:34295,0,0,0.4303145,0.56968546,0.56968546,True
non_essential_ADGRG1|HGNC:4512,0,0,0.75264895,0.24735105,0.75264895,True
non_essential_KLF11|HGNC:11811,0,0,0.639979,0.360021,0.639979,True
non_essential_EXO5|HGNC:26115,0,0,0.48675564,0.5132444,0.5132444,True
non_essential_GZMH|HGNC:4710,0,0,0.516821,0.48317897,0.516821,True
non_essential_C1orf185|HGNC:28096,0,0,0.44889978,0.55110025,0.55110025,True
non_essential_SGCE|HGNC:10808,0,0,0.54080623,0.45919377,0.54080623,True
non_essential_CCL11|HGNC:10610,0,0,0.4791976,0.5208024,0.5208024,True
non_essential_TAS2R16|HGNC:14921,0,0,0.54150444,0.45849556,0.54150444,True
non_essential_ANKRD44|HGNC:25259,0,0,0.61939704,0.38060296,0.61939704,True
non_essential_OR6C6|HGNC:31293,0,0,0.43585095,0.564149,0.564149,True
non_essential_TEX28|HGNC:2563,0,0,0.62256634,0.37743366,0.62256634,True
non_essential_PCOLCE|HGNC:8738,0,0,0.6778419,0.3221581,0.6778419,True
non_essential_UBLCP1|HGNC:28110,0,0,0.49052235,0.5094776,0.5094776,True
non_essential_OR2L2|HGNC:8266,0,0,0.5545893,0.44541073,0.5545893,True
non_essential_KCNN3|HGNC:6292,0,0,0.69679534,0.30320466,0.69679534,True
non_essential_TTC39B|HGNC:23704,0,0,0.54680276,0.45319724,0.54680276,True
non_essential_FRG2B|HGNC:33518,0,0,0.51575226,0.48424774,0.51575226,True
non_essential_KCNU1|HGNC:18867,0,0,0.5204916,0.4795084,0.5204916,True
non_essential_FBXL4|HGNC:13601,0,0,0.5069191,0.4930809,0.5069191,True
non_essential_TMEM37|HGNC:18216,0,0,0.6173539,0.38264608,0.6173539,True
non_essential_LGALS12|HGNC:15788,0,0,0.5664285,0.43357152,0.5664285,True
non_essential_RNF34|HGNC:17297,0,0,0.51741964,0.48258036,0.51741964,True
non_essential_SLC25A38|HGNC:26054,0,0,0.6179818,0.3820182,0.6179818,True
non_essential_G6PC2|HGNC:28906,0,0,0.60162795,0.39837205,0.60162795,True
non_essential_NET1|HGNC:14592,0,0,0.6138076,0.38619238,0.6138076,True
non_essential_KRTDAP|HGNC:16313,0,0,0.87667376,0.12332624,0.87667376,True
non_essential_C18orf54|HGNC:13796,0,0,0.4480556,0.5519444,0.5519444,True
non_essential_HOMEZ|HGNC:20164,0,0,0.5330726,0.4669274,0.5330726,True
non_essential_MMEL1|HGNC:14668,0,0,0.7294536,0.27054638,0.7294536,True
non_essential_SULT1C2|HGNC:11456,0,0,0.5978509,0.40214908,0.5978509,True
non_essential_ZNF599|HGNC:26408,0,0,0.49912503,0.500875,0.500875,True
non_essential_DEFB107A|HGNC:18086,0,0,0.38677028,0.61322975,0.61322975,True
non_essential_TFF1|HGNC:11755,0,0,0.5334102,0.4665898,0.5334102,True
non_essential_FAM107B|HGNC:23726,0,0,0.6429204,0.35707963,0.6429204,True
non_essential_LCE2A|HGNC:29469,0,0,0.48083612,0.51916385,0.51916385,True
non_essential_RNF152|HGNC:26811,0,0,0.82937944,0.17062056,0.82937944,True
non_essential_ABCC3|HGNC:54,0,0,0.67683345,0.32316655,0.67683345,True
non_essential_GYPC|HGNC:4704,0,0,0.5407691,0.4592309,0.5407691,True
non_essential_NKX1-2|HGNC:31652,0,0,0.8927927,0.1072073,0.8927927,True
non_essential_ANXA5|HGNC:543,0,0,0.5629235,0.4370765,0.5629235,True
non_essential_TMIE|HGNC:30800,0,0,0.64353335,0.35646665,0.64353335,True
non_essential_FNDC9|HGNC:33547,0,0,0.6411825,0.35881752,0.6411825,True
non_essential_KDM1B|HGNC:21577,0,0,0.5607568,0.4392432,0.5607568,True
non_essential_DCD|HGNC:14669,0,0,0.6091815,0.39081848,0.6091815,True
non_essential_GRIN3A|HGNC:16767,0,0,0.60307163,0.39692837,0.60307163,True
non_essential_ZNF425|HGNC:20690,0,0,0.5674384,0.43256158,0.5674384,True
non_essential_FBXO34|HGNC:20201,0,0,0.5458998,0.4541002,0.5458998,True
non_essential_CSNK2A3|HGNC:2458,0,0,0.53052825,0.46947175,0.53052825,True
non_essential_CD55|HGNC:2665,0,0,0.5853011,0.4146989,0.5853011,True
non_essential_SMAD3|HGNC:6769,0,0,0.69921684,0.30078316,0.69921684,True
non_essential_RASL11A|HGNC:23802,0,0,0.7181873,0.28181273,0.7181873,True
non_essential_SLC16A12|HGNC:23094,0,0,0.5483925,0.45160753,0.5483925,True
non_essential_RGL4|HGNC:31911,0,0,0.67089164,0.32910836,0.67089164,True
non_essential_CACNG6|HGNC:13625,0,0,0.671705,0.328295,0.671705,True
non_essential_MYL10|HGNC:29825,0,0,0.81549895,0.18450105,0.81549895,True
non_essential_PTGES|HGNC:9599,0,0,0.6366654,0.3633346,0.6366654,True
non_essential_CAMK2D|HGNC:1462,0,0,0.4842838,0.5157162,0.5157162,True
non_essential_TAX1BP3|HGNC:30684,0,0,0.79558426,0.20441574,0.79558426,True
non_essential_UPK1B|HGNC:12578,0,0,0.48535758,0.5146424,0.5146424,True
non_essential_TM4SF20|HGNC:26230,0,0,0.49727413,0.50272584,0.50272584,True
non_essential_TXNDC12|HGNC:24626,0,0,0.54322386,0.45677614,0.54322386,True
non_essential_EXOG|HGNC:3347,0,0,0.6488858,0.3511142,0.6488858,True
non_essential_SLC2A7|HGNC:13445,0,0,0.66578186,0.33421814,0.66578186,True
non_essential_GCSAML|HGNC:29583,0,0,0.44031975,0.5596802,0.5596802,True
non_essential_RNF44|HGNC:19180,0,0,0.6907861,0.30921388,0.6907861,True
non_essential_WRNIP1|HGNC:20876,0,0,0.6525546,0.34744543,0.6525546,True
non_essential_ALOX15|HGNC:433,0,0,0.6634521,0.3365479,0.6634521,True
non_essential_ZAR1|HGNC:20436,0,0,0.75534624,0.24465376,0.75534624,True
non_essential_OR8H2|HGNC:15308,0,0,0.48002547,0.5199745,0.5199745,True
non_essential_OASL|HGNC:8090,0,0,0.60683507,0.39316493,0.60683507,True
non_essential_MPG|HGNC:7211,0,0,0.5869753,0.41302472,0.5869753,True
non_essential_GP6|HGNC:14388,0,0,0.6160754,0.3839246,0.6160754,True
non_essential_CHURC1|HGNC:20099,0,0,0.505002,0.49499798,0.505002,True
non_essential_MAATS1|HGNC:24010,0,0,0.6201294,0.3798706,0.6201294,True
non_essential_SPIB|HGNC:11242,0,0,0.9156039,0.084396124,0.9156039,True
non_essential_ZNF391|HGNC:18779,0,0,0.4531946,0.5468054,0.5468054,True
non_essential_CST4|HGNC:2476,0,0,0.63800806,0.36199194,0.63800806,True
non_essential_PHF10|HGNC:18250,0,0,0.5038586,0.49614137,0.5038586,True
non_essential_ACOT8|HGNC:15919,0,0,0.76001453,0.23998547,0.76001453,True
non_essential_SMYD3|HGNC:15513,0,0,0.64958256,0.35041744,0.64958256,True
non_essential_OR52M1|HGNC:15225,0,0,0.49945882,0.5005412,0.5005412,True
non_essential_SLC6A16|HGNC:13622,0,0,0.5519518,0.44804817,0.5519518,True
non_essential_SASH1|HGNC:19182,0,0,0.67439336,0.32560664,0.67439336,True
non_essential_SYNGR2|HGNC:11499,0,0,0.9313313,0.06866872,0.9313313,True
non_essential_CLVS2|HGNC:23046,0,0,0.59506226,0.40493774,0.59506226,True
non_essential_OR10K2|HGNC:14826,0,0,0.5007398,0.4992602,0.5007398,True
non_essential_RARRES2|HGNC:9868,0,0,0.6107677,0.38923228,0.6107677,True
non_essential_C1S|HGNC:1247,0,0,0.6300883,0.36991167,0.6300883,True
non_essential_IFNA13|HGNC:5419,0,0,0.5461892,0.4538108,0.5461892,True
non_essential_ERAS|HGNC:5174,0,0,0.61309385,0.38690615,0.61309385,True
non_essential_FAM20A|HGNC:23015,0,0,0.61303586,0.38696414,0.61303586,True
non_essential_FGF11|HGNC:3667,0,0,0.8428951,0.15710491,0.8428951,True
non_essential_OR4F29|HGNC:31275,0,0,0.48840857,0.51159143,0.51159143,True
non_essential_VPS37B|HGNC:25754,0,0,0.70941,0.29059,0.70941,True
non_essential_TJAP1|HGNC:17949,0,0,0.65109086,0.34890914,0.65109086,True
non_essential_AGR2|HGNC:328,0,0,0.4969253,0.5030747,0.5030747,True
non_essential_PRH1|HGNC:9366,0,0,0.6057212,0.39427882,0.6057212,True
non_essential_ANGEL1|HGNC:19961,0,0,0.5753776,0.42462242,0.5753776,True
non_essential_MYD88|HGNC:7562,0,0,0.6327814,0.3672186,0.6327814,True
non_essential_AKR1B10|HGNC:382,0,0,0.52757037,0.47242963,0.52757037,True
non_essential_LRRC36|HGNC:25615,0,0,0.55856967,0.44143033,0.55856967,True
non_essential_STC2|HGNC:11374,0,0,0.55566186,0.44433814,0.55566186,True
non_essential_ULBP2|HGNC:14894,0,0,0.58713996,0.41286004,0.58713996,True
non_essential_PLA2G2A|HGNC:9031,0,0,0.55293083,0.44706917,0.55293083,True
non_essential_HIST3H3|HGNC:4778,0,0,0.8519098,0.14809018,0.8519098,True
non_essential_PHACTR2|HGNC:20956,0,0,0.569678,0.430322,0.569678,True
non_essential_SEC14L1|HGNC:10698,0,0,0.6489951,0.3510049,0.6489951,True
non_essential_OR4S2|HGNC:15183,0,0,0.45652723,0.54347277,0.54347277,True
non_essential_OXT|HGNC:8528,0,0,0.82676476,0.17323524,0.82676476,True
non_essential_FAM114A2|HGNC:1333,0,0,0.5075772,0.49242282,0.5075772,True
non_essential_KDM4D|HGNC:25498,0,0,0.61781657,0.38218343,0.61781657,True
non_essential_ZNF23|HGNC:13023,0,0,0.46031925,0.5396807,0.5396807,True
non_essential_ZNF121|HGNC:12904,0,0,0.47373876,0.5262612,0.5262612,True
non_essential_LRP3|HGNC:6695,0,0,0.6623649,0.3376351,0.6623649,True
non_essential_KANSL1L|HGNC:26310,0,0,0.4620585,0.53794146,0.53794146,True
non_essential_ZNF595|HGNC:27196,0,0,0.48049903,0.519501,0.519501,True
non_essential_PRR35|HGNC:14139,0,0,0.827472,0.17252803,0.827472,True
non_essential_P3H4|HGNC:16946,0,0,0.74641776,0.25358224,0.74641776,True
non_essential_POU2F3|HGNC:19864,0,0,0.6061097,0.39389032,0.6061097,True
non_essential_SDPR|HGNC:10690,0,0,0.68924254,0.31075746,0.68924254,True
non_essential_PINLYP|HGNC:44206,0,0,0.61807936,0.38192064,0.61807936,True
non_essential_KIAA1324|HGNC:29618,0,0,0.64861083,0.35138917,0.64861083,True
non_essential_C16orf74|HGNC:23362,0,0,0.57114416,0.42885584,0.57114416,True
non_essential_RFFL|HGNC:24821,0,0,0.6226091,0.37739092,0.6226091,True
non_essential_THPO|HGNC:11795,0,0,0.54657197,0.45342803,0.54657197,True
non_essential_AICDA|HGNC:13203,0,0,0.5352266,0.46477342,0.5352266,True
non_essential_NAA11|HGNC:28125,0,0,0.62032706,0.37967294,0.62032706,True
non_essential_IL21|HGNC:6005,0,0,0.47395858,0.5260414,0.5260414,True
non_essential_CDC25C|HGNC:1727,0,0,0.5294841,0.4705159,0.5294841,True
non_essential_PARP15|HGNC:26876,0,0,0.64497274,0.35502726,0.64497274,True
non_essential_C19orf45|HGNC:24745,0,0,0.72657156,0.27342844,0.72657156,True
non_essential_NLGN3|HGNC:14289,0,0,0.6479943,0.35200572,0.6479943,True
non_essential_OR52N5|HGNC:15231,0,0,0.5194711,0.4805289,0.5194711,True
non_essential_ALK|HGNC:427,0,0,0.6385922,0.36140782,0.6385922,True
non_essential_RAB6A|HGNC:9786,0,0,0.52263254,0.47736746,0.52263254,True
non_essential_UGT8|HGNC:12555,0,0,0.50790966,0.49209034,0.50790966,True
non_essential_DYNLL2|HGNC:24596,0,0,0.46663076,0.53336924,0.53336924,True
non_essential_CFAP53|HGNC:26530,0,0,0.6078134,0.39218658,0.6078134,True
non_essential_GNMT|HGNC:4415,0,0,0.67004603,0.32995397,0.67004603,True
non_essential_SP140L|HGNC:25105,0,0,0.6089085,0.39109153,0.6089085,True
non_essential_AMER2|HGNC:26360,0,0,0.8322093,0.16779071,0.8322093,True
non_essential_AKR1C4|HGNC:387,0,0,0.5177831,0.4822169,0.5177831,True
non_essential_BSCL2|HGNC:15832,0,0,0.67591846,0.32408154,0.67591846,True
non_essential_NKIRAS2|HGNC:17898,0,0,0.7151699,0.2848301,0.7151699,True
non_essential_ZNF627|HGNC:30570,0,0,0.5509582,0.44904178,0.5509582,True
non_essential_ZNF396|HGNC:18824,0,0,0.4996929,0.5003071,0.5003071,True
non_essential_VSTM2B|HGNC:33595,0,0,0.9304108,0.0695892,0.9304108,True
non_essential_CD7|HGNC:1695,0,0,0.83651936,0.16348064,0.83651936,True
non_essential_PROSC|HGNC:9457,0,0,0.58070326,0.41929674,0.58070326,True
non_essential_TSPAN11|HGNC:30795,0,0,0.8416019,0.15839809,0.8416019,True
non_essential_BEND2|HGNC:28509,0,0,0.5907494,0.40925062,0.5907494,True
non_essential_SH3YL1|HGNC:29546,0,0,0.54972225,0.45027775,0.54972225,True
non_essential_GDF2|HGNC:4217,0,0,0.5724039,0.4275961,0.5724039,True
non_essential_MMADHC|HGNC:25221,0,0,0.44834808,0.55165195,0.55165195,True
non_essential_GYS2|HGNC:4707,0,0,0.5852775,0.4147225,0.5852775,True
non_essential_KIAA1644|HGNC:29335,0,0,0.7366386,0.2633614,0.7366386,True
non_essential_C3orf58|HGNC:28490,0,0,0.68777794,0.31222206,0.68777794,True
non_essential_PSMB10|HGNC:9538,0,0,0.69446224,0.30553776,0.69446224,True
non_essential_ZNF766|HGNC:28063,0,0,0.48429325,0.5157068,0.5157068,True
non_essential_ZP2|HGNC:13188,0,0,0.49280164,0.50719833,0.50719833,True
non_essential_OR7C1|HGNC:8373,0,0,0.5221594,0.4778406,0.5221594,True
non_essential_PLGLB2|HGNC:9073,0,0,0.456703,0.543297,0.543297,True
non_essential_MT1A|HGNC:7393,0,0,0.38272467,0.61727536,0.61727536,True
non_essential_FUCA1|HGNC:4006,0,0,0.72748095,0.27251905,0.72748095,True
non_essential_CLDN18|HGNC:2039,0,0,0.69537795,0.30462205,0.69537795,True
non_essential_WDR63|HGNC:30711,0,0,0.578678,0.421322,0.578678,True
non_essential_HIST1H4F|HGNC:4783,0,0,0.751274,0.24872601,0.751274,True
non_essential_SLC25A34|HGNC:27653,0,0,0.7654289,0.2345711,0.7654289,True
non_essential_TRIM42|HGNC:19014,0,0,0.7133721,0.2866279,0.7133721,True
non_essential_SCG3|HGNC:13707,0,0,0.48462728,0.51537275,0.51537275,True
non_essential_ULK3|HGNC:19703,0,0,0.85488266,0.14511734,0.85488266,True
non_essential_KRTAP5-9|HGNC:23604,0,0,0.50579196,0.49420804,0.50579196,True
non_essential_APOF|HGNC:615,0,0,0.58638746,0.41361254,0.58638746,True
non_essential_SLN|HGNC:11089,0,0,0.40254492,0.5974551,0.5974551,True
non_essential_FOXO4|HGNC:7139,0,0,0.72672844,0.27327156,0.72672844,True
non_essential_HIST1H2BD|HGNC:4747,0,0,0.90717065,0.09282935,0.90717065,True
non_essential_ADAMTS4|HGNC:220,0,0,0.67919827,0.32080173,0.67919827,True
non_essential_SAR1A|HGNC:10534,0,0,0.60641986,0.39358014,0.60641986,True
non_essential_LRIT2|HGNC:23443,0,0,0.5323508,0.46764922,0.5323508,True
non_essential_GRPR|HGNC:4609,0,0,0.653653,0.34634697,0.653653,True
non_essential_OR8G5|HGNC:19622,0,0,0.48056442,0.5194356,0.5194356,True
non_essential_TMEM129|HGNC:25137,0,0,0.7876238,0.21237618,0.7876238,True
non_essential_KRTAP5-1|HGNC:23596,0,0,0.459701,0.540299,0.540299,True
non_essential_ARSK|HGNC:25239,0,0,0.58015615,0.41984385,0.58015615,True
non_essential_OTOG|HGNC:8516,0,0,0.62077427,0.37922573,0.62077427,True
non_essential_C2CD4D|HGNC:37210,0,0,0.62164396,0.37835604,0.62164396,True
non_essential_GFOD1|HGNC:21096,0,0,0.6950319,0.30496812,0.6950319,True
non_essential_PRAMEF9|HGNC:27996,0,0,0.65766066,0.34233934,0.65766066,True
non_essential_TRMT61B|HGNC:26070,0,0,0.6468468,0.35315323,0.6468468,True
non_essential_RAB37|HGNC:30268,0,0,0.63574886,0.36425114,0.63574886,True
non_essential_PLEK|HGNC:9070,0,0,0.50301915,0.49698085,0.50301915,True
non_essential_UHRF1BP1|HGNC:21216,0,0,0.626771,0.37322903,0.626771,True
non_essential_TRIB1|HGNC:16891,0,0,0.65377307,0.34622693,0.65377307,True
non_essential_OR2W1|HGNC:8281,0,0,0.48441565,0.51558435,0.51558435,True
non_essential_ZNF611|HGNC:28766,0,0,0.48621187,0.5137881,0.5137881,True
non_essential_LINGO4|HGNC:31814,0,0,0.6086054,0.39139462,0.6086054,True
non_essential_ZNF808|HGNC:33230,0,0,0.5042822,0.49571782,0.5042822,True
non_essential_RAB20|HGNC:18260,0,0,0.8549932,0.14500678,0.8549932,True
non_essential_AP3S1|HGNC:2013,0,0,0.4750473,0.5249527,0.5249527,True
non_essential_CXorf58|HGNC:26356,0,0,0.48218367,0.5178163,0.5178163,True
non_essential_ZSCAN1|HGNC:23712,0,0,0.73707956,0.26292044,0.73707956,True
non_essential_SMIM13|HGNC:27356,0,0,0.6313034,0.36869657,0.6313034,True
non_essential_DAGLB|HGNC:28923,0,0,0.5868231,0.4131769,0.5868231,True
non_essential_GUCY1A3|HGNC:4685,0,0,0.5480801,0.4519199,0.5480801,True
non_essential_ZNF729|HGNC:32464,0,0,0.46682924,0.53317076,0.53317076,True
non_essential_THADA|HGNC:19217,0,0,0.61085063,0.38914937,0.61085063,True
non_essential_FOLR2|HGNC:3793,0,0,0.69741684,0.30258316,0.69741684,True
non_essential_TSSK6|HGNC:30410,0,0,0.8315779,0.1684221,0.8315779,True
non_essential_PABPC5|HGNC:13629,0,0,0.58463186,0.41536814,0.58463186,True
non_essential_SEMA4A|HGNC:10729,0,0,0.62308204,0.37691796,0.62308204,True
non_essential_TRIM44|HGNC:19016,0,0,0.60940284,0.39059716,0.60940284,True
non_essential_IL34|HGNC:28529,0,0,0.8965545,0.10344547,0.8965545,True
non_essential_MMRN2|HGNC:19888,0,0,0.75327176,0.24672824,0.75327176,True
non_essential_FAM114A1|HGNC:25087,0,0,0.5999655,0.4000345,0.5999655,True
non_essential_HIST1H3C|HGNC:4768,0,0,0.9251313,0.07486868,0.9251313,True
non_essential_SFI1|HGNC:29064,0,0,0.6259481,0.37405193,0.6259481,True
non_essential_EFS|HGNC:16898,0,0,0.639496,0.36050397,0.639496,True
non_essential_ZHX3|HGNC:15935,0,0,0.658064,0.341936,0.658064,True
non_essential_MCAM|HGNC:6934,0,0,0.64173484,0.35826516,0.64173484,True
non_essential_GRIN3B|HGNC:16768,0,0,0.82788664,0.17211336,0.82788664,True
non_essential_CYB5A|HGNC:2570,0,0,0.5273809,0.47261912,0.5273809,True
non_essential_FBXW4|HGNC:10847,0,0,0.6634832,0.3365168,0.6634832,True
non_essential_TCN1|HGNC:11652,0,0,0.6200156,0.37998438,0.6200156,True
non_essential_LRTM2|HGNC:32443,0,0,0.69828856,0.30171144,0.69828856,True
non_essential_IFNG|HGNC:5438,0,0,0.5245179,0.4754821,0.5245179,True
non_essential_C17orf107|HGNC:37238,0,0,0.64391786,0.35608214,0.64391786,True
non_essential_C1orf106|HGNC:25599,0,0,0.90712875,0.09287125,0.90712875,True
non_essential_KHDRBS2|HGNC:18114,0,0,0.6822073,0.3177927,0.6822073,True
non_essential_TMEM126B|HGNC:30883,0,0,0.5079021,0.4920979,0.5079021,True
non_essential_OR4C11|HGNC:15167,0,0,0.4746825,0.5253175,0.5253175,True
non_essential_CGB5|HGNC:16452,0,0,0.76476204,0.23523796,0.76476204,True
non_essential_RAB29|HGNC:9789,0,0,0.62012404,0.37987596,0.62012404,True
non_essential_MOB1A|HGNC:16015,0,0,0.5991262,0.40087378,0.5991262,True
non_essential_SLC43A3|HGNC:17466,0,0,0.6910004,0.3089996,0.6910004,True
non_essential_ITM2C|HGNC:6175,0,0,0.80933636,0.19066364,0.80933636,True
non_essential_OR5M11|HGNC:15291,0,0,0.53291476,0.46708524,0.53291476,True
non_essential_RHOU|HGNC:17794,0,0,0.8059757,0.19402432,0.8059757,True
non_essential_RDM1|HGNC:19950,0,0,0.50095403,0.49904597,0.50095403,True
non_essential_CETP|HGNC:1869,0,0,0.6490126,0.35098737,0.6490126,True
non_essential_CASQ1|HGNC:1512,0,0,0.6348222,0.3651778,0.6348222,True
non_essential_MYOZ1|HGNC:13752,0,0,0.6434416,0.35655838,0.6434416,True
non_essential_ZNF488|HGNC:23535,0,0,0.7085574,0.29144257,0.7085574,True
non_essential_ADRA2A|HGNC:281,0,0,0.91146934,0.08853066,0.91146934,True
non_essential_HYAL1|HGNC:5320,0,0,0.6906843,0.30931568,0.6906843,True
non_essential_CCDC66|HGNC:27709,0,0,0.50247884,0.49752116,0.50247884,True
non_essential_BCL6B|HGNC:1002,0,0,0.67948526,0.32051474,0.67948526,True
non_essential_TRAT1|HGNC:30698,0,0,0.45676953,0.5432305,0.5432305,True
non_essential_DEFB107B|HGNC:31918,0,0,0.38677028,0.61322975,0.61322975,True
non_essential_CRISPLD2|HGNC:25248,0,0,0.70317805,0.29682195,0.70317805,True
non_essential_SH2D4B|HGNC:31440,0,0,0.7530821,0.2469179,0.7530821,True
non_essential_INHBC|HGNC:6068,0,0,0.50841874,0.49158126,0.50841874,True
non_essential_BCKDHA|HGNC:986,0,0,0.708948,0.29105198,0.708948,True
non_essential_KRTAP12-2|HGNC:20530,0,0,0.54554874,0.45445126,0.54554874,True
non_essential_TFF2|HGNC:11756,0,0,0.501784,0.49821597,0.501784,True
non_essential_ASB14|HGNC:19766,0,0,0.56250757,0.43749243,0.56250757,True
non_essential_MAP9|HGNC:26118,0,0,0.5083512,0.4916488,0.5083512,True
non_essential_LOXL4|HGNC:17171,0,0,0.6323323,0.36766768,0.6323323,True
non_essential_RP2|HGNC:10274,0,0,0.5268238,0.47317618,0.5268238,True
non_essential_HAGH|HGNC:4805,0,0,0.7634893,0.2365107,0.7634893,True
non_essential_SAMD9|HGNC:1348,0,0,0.5455996,0.45440042,0.5455996,True
non_essential_CGNL1|HGNC:25931,0,0,0.6399918,0.36000818,0.6399918,True
non_essential_PF4|HGNC:8861,0,0,0.53143686,0.46856314,0.53143686,True
non_essential_DCAF8L2|HGNC:31811,0,0,0.5671971,0.43280292,0.5671971,True
non_essential_QSOX1|HGNC:9756,0,0,0.67282593,0.32717407,0.67282593,True
non_essential_KRTAP6-1|HGNC:18931,0,0,0.35334054,0.6466595,0.6466595,True
non_essential_RDH16|HGNC:29674,0,0,0.6566862,0.3433138,0.6566862,True
non_essential_PTPN3|HGNC:9655,0,0,0.58650625,0.41349375,0.58650625,True
non_essential_OR2T3|HGNC:14727,0,0,0.62506884,0.37493116,0.62506884,True
non_essential_SLC25A53|HGNC:31894,0,0,0.6182889,0.38171113,0.6182889,True
non_essential_IMPG1|HGNC:6055,0,0,0.581462,0.41853797,0.581462,True
non_essential_PTPN7|HGNC:9659,0,0,0.6529794,0.34702063,0.6529794,True
non_essential_RASEF|HGNC:26464,0,0,0.5957859,0.40421408,0.5957859,True
non_essential_USP17L24|HGNC:44453,0,0,0.6399291,0.36007088,0.6399291,True
non_essential_APOM|HGNC:13916,0,0,0.62189937,0.37810063,0.62189937,True
non_essential_LCE2B|HGNC:16610,0,0,0.41839236,0.58160764,0.58160764,True
non_essential_SLC39A12|HGNC:20860,0,0,0.5129554,0.48704457,0.5129554,True
non_essential_FCRL5|HGNC:18508,0,0,0.5751221,0.42487788,0.5751221,True
non_essential_CEACAM5|HGNC:1817,0,0,0.60973144,0.39026856,0.60973144,True
non_essential_NKAPL|HGNC:21584,0,0,0.6357299,0.3642701,0.6357299,True
non_essential_ARID3C|HGNC:21209,0,0,0.731859,0.26814097,0.731859,True
non_essential_ZCCHC5|HGNC:22997,0,0,0.4551478,0.5448522,0.5448522,True
non_essential_BEND7|HGNC:23514,0,0,0.6049567,0.3950433,0.6049567,True
non_essential_TOMM7|HGNC:21648,0,0,0.43962538,0.5603746,0.5603746,True
non_essential_ZNF804A|HGNC:21711,0,0,0.55613214,0.44386786,0.55613214,True
non_essential_AMPD1|HGNC:468,0,0,0.5477593,0.4522407,0.5477593,True
non_essential_NINJ1|HGNC:7824,0,0,0.6456977,0.3543023,0.6456977,True
non_essential_ODF2L|HGNC:29225,0,0,0.5236879,0.4763121,0.5236879,True
non_essential_SEPW1|HGNC:10752,0,0,0.48644477,0.5135552,0.5135552,True
non_essential_ATP6V1G2|HGNC:862,0,0,0.63743055,0.36256945,0.63743055,True
non_essential_HES6|HGNC:18254,0,0,0.8352406,0.1647594,0.8352406,True
non_essential_SLC25A2|HGNC:22921,0,0,0.5180438,0.48195618,0.5180438,True
non_essential_C20orf195|HGNC:28764,0,0,0.92598903,0.07401097,0.92598903,True
non_essential_SEMA3B|HGNC:10724,0,0,0.7424305,0.2575695,0.7424305,True
non_essential_TBC1D7|HGNC:21066,0,0,0.6359418,0.3640582,0.6359418,True
non_essential_HBB|HGNC:4827,0,0,0.4834955,0.5165045,0.5165045,True
non_essential_MDH1B|HGNC:17836,0,0,0.5933569,0.4066431,0.5933569,True
non_essential_SH3TC2|HGNC:29427,0,0,0.62487435,0.37512565,0.62487435,True
non_essential_NAA40|HGNC:25845,0,0,0.623046,0.37695402,0.623046,True
non_essential_MINA|HGNC:19441,0,0,0.6246718,0.37532818,0.6246718,True
non_essential_CRHR1|HGNC:2357,0,0,0.74741304,0.25258696,0.74741304,True
non_essential_OR4C13|HGNC:15169,0,0,0.45149398,0.548506,0.548506,True
non_essential_SPATA13|HGNC:23222,0,0,0.628841,0.37115902,0.628841,True
non_essential_C1orf159|HGNC:26062,0,0,0.7243578,0.27564222,0.7243578,True
non_essential_IQCD|HGNC:25168,0,0,0.58602345,0.41397655,0.58602345,True
non_essential_IL21R|HGNC:6006,0,0,0.63942873,0.36057127,0.63942873,True
non_essential_SYT13|HGNC:14962,0,0,0.7135526,0.2864474,0.7135526,True
non_essential_ZNF575|HGNC:27606,0,0,0.89163715,0.10836285,0.89163715,True
non_essential_TMEM134|HGNC:26142,0,0,0.9138375,0.08616251,0.9138375,True
non_essential_SLC14A1|HGNC:10918,0,0,0.63711566,0.36288434,0.63711566,True
non_essential_ANXA11|HGNC:535,0,0,0.64344263,0.35655737,0.64344263,True
non_essential_PANO1|HGNC:51237,0,0,0.9324279,0.06757212,0.9324279,True
non_essential_TEX9|HGNC:29585,0,0,0.5021919,0.4978081,0.5021919,True
non_essential_SHKBP1|HGNC:19214,0,0,0.6734531,0.3265469,0.6734531,True
non_essential_TMEM161A|HGNC:26020,0,0,0.7074022,0.29259777,0.7074022,True
non_essential_FAM231A|HGNC:49427,0,0,0.5715617,0.4284383,0.5715617,True
non_essential_IL17F|HGNC:16404,0,0,0.65038806,0.34961194,0.65038806,True
non_essential_CCDC60|HGNC:28610,0,0,0.5481365,0.45186353,0.5481365,True
non_essential_FAAH|HGNC:3553,0,0,0.68757576,0.31242424,0.68757576,True
non_essential_C22orf31|HGNC:26931,0,0,0.6245668,0.3754332,0.6245668,True
non_essential_CAMK2N1|HGNC:24190,0,0,0.5842958,0.4157042,0.5842958,True
non_essential_DHRS4|HGNC:16985,0,0,0.6160348,0.3839652,0.6160348,True
non_essential_DYSF|HGNC:3097,0,0,0.6125973,0.3874027,0.6125973,True
non_essential_TMEM254|HGNC:25804,0,0,0.49767986,0.5023202,0.5023202,True
non_essential_CTRL|HGNC:2524,0,0,0.6524156,0.34758443,0.6524156,True
non_essential_A4GALT|HGNC:18149,0,0,0.91874903,0.081250966,0.91874903,True
non_essential_GTF2IRD2|HGNC:30775,0,0,0.62157315,0.37842685,0.62157315,True
non_essential_C4BPB|HGNC:1328,0,0,0.5079031,0.4920969,0.5079031,True
non_essential_FAT2|HGNC:3596,0,0,0.61386395,0.38613605,0.61386395,True
non_essential_ZNF16|HGNC:12947,0,0,0.55203426,0.44796574,0.55203426,True
non_essential_C11orf24|HGNC:1174,0,0,0.5925364,0.4074636,0.5925364,True
non_essential_C6orf10|HGNC:13922,0,0,0.5224884,0.47751158,0.5224884,True
non_essential_DRD2|HGNC:3023,0,0,0.8170495,0.1829505,0.8170495,True
non_essential_FIBIN|HGNC:33747,0,0,0.67884576,0.32115424,0.67884576,True
non_essential_CD5L|HGNC:1690,0,0,0.63373125,0.36626875,0.63373125,True
non_essential_SPDYE4|HGNC:35463,0,0,0.7431934,0.2568066,0.7431934,True
non_essential_ZNF429|HGNC:20817,0,0,0.45630747,0.5436925,0.5436925,True
non_essential_B3GNT7|HGNC:18811,0,0,0.80337244,0.19662756,0.80337244,True
non_essential_SFRP2|HGNC:10777,0,0,0.6577272,0.34227282,0.6577272,True
non_essential_GTF2IRD2B|HGNC:33125,0,0,0.62381744,0.37618256,0.62381744,True
non_essential_SCRT1|HGNC:15950,0,0,0.92040014,0.07959986,0.92040014,True
non_essential_MYLK|HGNC:7590,0,0,0.6275882,0.3724118,0.6275882,True
non_essential_VCPKMT|HGNC:20352,0,0,0.60917324,0.39082676,0.60917324,True
non_essential_LGR6|HGNC:19719,0,0,0.7090234,0.29097658,0.7090234,True
non_essential_GRINA|HGNC:4589,0,0,0.7273674,0.2726326,0.7273674,True
non_essential_PRSS42|HGNC:30716,0,0,0.6324201,0.36757988,0.6324201,True
non_essential_IFIT5|HGNC:13328,0,0,0.62019914,0.37980086,0.62019914,True
non_essential_TRHDE|HGNC:30748,0,0,0.59600306,0.40399694,0.59600306,True
non_essential_C14orf180|HGNC:33795,0,0,0.7547729,0.2452271,0.7547729,True
non_essential_SLFN12|HGNC:25500,0,0,0.5242213,0.4757787,0.5242213,True
non_essential_HEATR4|HGNC:16761,0,0,0.6708884,0.32911158,0.6708884,True
non_essential_SLC8A2|HGNC:11069,0,0,0.65702057,0.34297943,0.65702057,True
non_essential_FAM69B|HGNC:28290,0,0,0.9256218,0.07437819,0.9256218,True
non_essential_CACNG7|HGNC:13626,0,0,0.7017614,0.29823858,0.7017614,True
non_essential_RELL2|HGNC:26902,0,0,0.6889517,0.31104833,0.6889517,True
non_essential_PRR23D1|HGNC:49420,0,0,0.5956368,0.40436321,0.5956368,True
non_essential_KIAA1161|HGNC:19918,0,0,0.7353558,0.2646442,0.7353558,True
non_essential_OR51Q1|HGNC:14851,0,0,0.6497817,0.3502183,0.6497817,True
non_essential_ABHD2|HGNC:18717,0,0,0.8530591,0.14694089,0.8530591,True
non_essential_PAPPA2|HGNC:14615,0,0,0.5985477,0.4014523,0.5985477,True
non_essential_TMOD2|HGNC:11872,0,0,0.5733055,0.4266945,0.5733055,True
non_essential_CSN1S1|HGNC:2445,0,0,0.4773145,0.5226855,0.5226855,True
non_essential_RBP7|HGNC:30316,0,0,0.47395426,0.52604574,0.52604574,True
non_essential_AKR1C3|HGNC:386,0,0,0.47962785,0.52037215,0.52037215,True
non_essential_FCHSD1|HGNC:25463,0,0,0.72101235,0.27898765,0.72101235,True
non_essential_KNCN|HGNC:26488,0,0,0.63097054,0.36902946,0.63097054,True
non_essential_NPHP4|HGNC:19104,0,0,0.6637738,0.33622622,0.6637738,True
non_essential_ZNF676|HGNC:20429,0,0,0.45452994,0.54547006,0.54547006,True
non_essential_CFHR1|HGNC:4888,0,0,0.49504876,0.50495124,0.50495124,True
non_essential_CSTA|HGNC:2481,0,0,0.47360727,0.5263927,0.5263927,True
non_essential_CD300A|HGNC:19319,0,0,0.6877615,0.3122385,0.6877615,True
non_essential_L3MBTL1|HGNC:15905,0,0,0.62625146,0.37374854,0.62625146,True
non_essential_SAYSD1|HGNC:21025,0,0,0.5775825,0.42241752,0.5775825,True
non_essential_RNF212|HGNC:27729,0,0,0.55555993,0.44444007,0.55555993,True
non_essential_IL20RB|HGNC:6004,0,0,0.7840705,0.21592951,0.7840705,True
non_essential_DCAF17|HGNC:25784,0,0,0.5584808,0.4415192,0.5584808,True
non_essential_AP3M2|HGNC:570,0,0,0.60964644,0.39035356,0.60964644,True
non_essential_HPR|HGNC:5156,0,0,0.5358396,0.46416038,0.5358396,True
non_essential_OR8J1|HGNC:14855,0,0,0.48347223,0.5165278,0.5165278,True
non_essential_RBAK|HGNC:17680,0,0,0.5020326,0.49796742,0.5020326,True
non_essential_OXR1|HGNC:15822,0,0,0.5956962,0.4043038,0.5956962,True
non_essential_EPHX4|HGNC:23758,0,0,0.51243544,0.48756456,0.51243544,True
non_essential_HNRNPA0|HGNC:5030,0,0,0.745498,0.254502,0.745498,True
non_essential_COL24A1|HGNC:20821,0,0,0.5746155,0.42538452,0.5746155,True
non_essential_TNFSF11|HGNC:11926,0,0,0.5642837,0.43571627,0.5642837,True
non_essential_MORF4L2|HGNC:16849,0,0,0.5639666,0.43603343,0.5639666,True
non_essential_C9orf153|HGNC:31456,0,0,0.414655,0.58534503,0.58534503,True
non_essential_SH3TC1|HGNC:26009,0,0,0.6611644,0.3388356,0.6611644,True
non_essential_MTRNR2L4|HGNC:37161,0,0,0.5378647,0.46213531,0.5378647,True
non_essential_TAS2R10|HGNC:14918,0,0,0.434665,0.56533504,0.56533504,True
non_essential_KCNE3|HGNC:6243,0,0,0.4682981,0.5317019,0.5317019,True
non_essential_CT47A1|HGNC:33282,0,0,0.7884564,0.21154362,0.7884564,True
non_essential_ELAC1|HGNC:14197,0,0,0.52381617,0.47618383,0.52381617,True
non_essential_OR5B12|HGNC:15432,0,0,0.4499472,0.55005276,0.55005276,True
non_essential_GDF7|HGNC:4222,0,0,0.8099893,0.19001073,0.8099893,True
non_essential_UACA|HGNC:15947,0,0,0.597001,0.40299898,0.597001,True
non_essential_ZKSCAN5|HGNC:12867,0,0,0.52082324,0.47917676,0.52082324,True
non_essential_CYP2C19|HGNC:2621,0,0,0.6325253,0.36747468,0.6325253,True
non_essential_TMBIM4|HGNC:24257,0,0,0.4919022,0.50809777,0.50809777,True
non_essential_PLGRKT|HGNC:23633,0,0,0.49785408,0.5021459,0.5021459,True
non_essential_N4BP1|HGNC:29850,0,0,0.6369529,0.36304712,0.6369529,True
non_essential_SQRDL|HGNC:20390,0,0,0.66490924,0.33509076,0.66490924,True
non_essential_USP2|HGNC:12618,0,0,0.67095673,0.32904327,0.67095673,True
non_essential_AKAP5|HGNC:375,0,0,0.48542762,0.5145724,0.5145724,True
non_essential_SPG20|HGNC:18514,0,0,0.5408698,0.45913023,0.5408698,True
non_essential_CLUL1|HGNC:2096,0,0,0.5839196,0.41608042,0.5839196,True
non_essential_MROH1|HGNC:26958,0,0,0.67021906,0.32978094,0.67021906,True
non_essential_TREML1|HGNC:20434,0,0,0.58241445,0.41758555,0.58241445,True
non_essential_KLHL25|HGNC:25732,0,0,0.9162106,0.08378941,0.9162106,True
non_essential_XAF1|HGNC:30932,0,0,0.5286476,0.4713524,0.5286476,True
non_essential_TCTN3|HGNC:24519,0,0,0.6319851,0.36801487,0.6319851,True
non_essential_ABCA13|HGNC:14638,0,0,0.6368424,0.36315757,0.6368424,True
non_essential_C14orf93|HGNC:20162,0,0,0.62794954,0.37205046,0.62794954,True
non_essential_OR10P1|HGNC:15378,0,0,0.65543467,0.34456533,0.65543467,True
non_essential_KRTAP5-10|HGNC:23605,0,0,0.44097447,0.5590255,0.5590255,True
non_essential_SLC38A3|HGNC:18044,0,0,0.7420657,0.25793427,0.7420657,True
non_essential_OR4A15|HGNC:15152,0,0,0.46314842,0.5368516,0.5368516,True
non_essential_HBD|HGNC:4829,0,0,0.48697618,0.51302385,0.51302385,True
non_essential_TDP1|HGNC:18884,0,0,0.59210294,0.40789706,0.59210294,True
non_essential_RNF135|HGNC:21158,0,0,0.6545517,0.34544832,0.6545517,True
non_essential_ECHDC1|HGNC:21489,0,0,0.49087,0.50913,0.50913,True
non_essential_TRPC6|HGNC:12338,0,0,0.5372398,0.4627602,0.5372398,True
non_essential_NLRP14|HGNC:22939,0,0,0.52271247,0.47728753,0.52271247,True
non_essential_C17orf74|HGNC:27315,0,0,0.8038485,0.1961515,0.8038485,True
non_essential_MGAT4A|HGNC:7047,0,0,0.5259473,0.47405273,0.5259473,True
non_essential_ANKFN1|HGNC:26766,0,0,0.54045236,0.45954764,0.54045236,True
non_essential_EFCAB6|HGNC:24204,0,0,0.6164153,0.38358468,0.6164153,True
non_essential_TSPO|HGNC:1158,0,0,0.70971483,0.29028517,0.70971483,True
non_essential_NPNT|HGNC:27405,0,0,0.53568065,0.46431935,0.53568065,True
non_essential_CLIP4|HGNC:26108,0,0,0.5381386,0.46186137,0.5381386,True
non_essential_SPINK2|HGNC:11245,0,0,0.48478517,0.5152148,0.5152148,True
non_essential_SPDYE1|HGNC:16408,0,0,0.56486166,0.43513834,0.56486166,True
non_essential_NEURL2|HGNC:16156,0,0,0.7847505,0.21524948,0.7847505,True
non_essential_KRT37|HGNC:6455,0,0,0.8573899,0.14261007,0.8573899,True
non_essential_PSMB11|HGNC:31963,0,0,0.6758048,0.3241952,0.6758048,True
non_essential_NHEJ1|HGNC:25737,0,0,0.54514176,0.45485824,0.54514176,True
non_essential_KLHL40|HGNC:30372,0,0,0.86442405,0.13557595,0.86442405,True
non_essential_KLK12|HGNC:6360,0,0,0.692067,0.30793297,0.692067,True
non_essential_SCN2B|HGNC:10589,0,0,0.90834147,0.09165853,0.90834147,True
non_essential_SSNA1|HGNC:11321,0,0,0.7708512,0.2291488,0.7708512,True
non_essential_MRGPRD|HGNC:29626,0,0,0.6604815,0.3395185,0.6604815,True
non_essential_SP140|HGNC:17133,0,0,0.6126264,0.38737363,0.6126264,True
non_essential_MLIP|HGNC:21355,0,0,0.61325836,0.38674164,0.61325836,True
non_essential_NAT2|HGNC:7646,0,0,0.52014697,0.47985303,0.52014697,True
non_essential_KRTAP21-2|HGNC:18946,0,0,0.35096812,0.6490319,0.6490319,True
non_essential_RASSF3|HGNC:14271,0,0,0.5730245,0.4269755,0.5730245,True
non_essential_SCP2D1|HGNC:16211,0,0,0.46010584,0.53989416,0.53989416,True
non_essential_COIL|HGNC:2184,0,0,0.57912296,0.42087704,0.57912296,True
non_essential_LYSMD2|HGNC:28571,0,0,0.68533236,0.31466764,0.68533236,True
non_essential_TMEM50B|HGNC:1280,0,0,0.46645924,0.5335407,0.5335407,True
non_essential_TMEM47|HGNC:18515,0,0,0.6499582,0.3500418,0.6499582,True
non_essential_BLOC1S5|HGNC:18561,0,0,0.48389494,0.51610506,0.51610506,True
non_essential_BEGAIN|HGNC:24163,0,0,0.75495654,0.24504346,0.75495654,True
non_essential_CD99|HGNC:7082,0,0,0.53645426,0.46354574,0.53645426,True
non_essential_CHST7|HGNC:13817,0,0,0.81622696,0.18377304,0.81622696,True
non_essential_TEX13A|HGNC:11735,0,0,0.6731315,0.32686847,0.6731315,True
non_essential_MRPL36|HGNC:14490,0,0,0.59521526,0.40478474,0.59521526,True
non_essential_LIN7B|HGNC:17788,0,0,0.7259871,0.27401292,0.7259871,True
non_essential_KCNK10|HGNC:6273,0,0,0.6000317,0.39996833,0.6000317,True
non_essential_ABHD17C|HGNC:26925,0,0,0.64316666,0.35683334,0.64316666,True
non_essential_DAO|HGNC:2671,0,0,0.8040096,0.19599038,0.8040096,True
non_essential_GML|HGNC:4375,0,0,0.49071857,0.5092814,0.5092814,True
non_essential_ZUFSP|HGNC:21224,0,0,0.4436691,0.5563309,0.5563309,True
non_essential_HAVCR1|HGNC:17866,0,0,0.55070364,0.44929636,0.55070364,True
non_essential_AKAP9|HGNC:379,0,0,0.6197065,0.3802935,0.6197065,True
non_essential_ADRB2|HGNC:286,0,0,0.5675304,0.4324696,0.5675304,True
non_essential_CETN3|HGNC:1868,0,0,0.4645508,0.5354492,0.5354492,True
non_essential_NOXA1|HGNC:10668,0,0,0.8776777,0.12232232,0.8776777,True
non_essential_ZFP2|HGNC:26138,0,0,0.4411701,0.5588299,0.5588299,True
non_essential_TBC1D24|HGNC:29203,0,0,0.8668126,0.13318741,0.8668126,True
non_essential_RNF157|HGNC:29402,0,0,0.6221024,0.37789762,0.6221024,True
non_essential_GMFG|HGNC:4374,0,0,0.55239236,0.44760764,0.55239236,True
non_essential_CD300LF|HGNC:29883,0,0,0.7596554,0.24034458,0.7596554,True
non_essential_ABCC10|HGNC:52,0,0,0.65853083,0.34146917,0.65853083,True
non_essential_IFITM1|HGNC:5412,0,0,0.52531546,0.47468454,0.52531546,True
non_essential_DEF8|HGNC:25969,0,0,0.88247967,0.11752033,0.88247967,True
non_essential_MAGEE2|HGNC:24935,0,0,0.55838513,0.44161487,0.55838513,True
non_essential_SCGB1D1|HGNC:18395,0,0,0.5028323,0.4971677,0.5028323,True
non_essential_MORN2|HGNC:30166,0,0,0.40666893,0.5933311,0.5933311,True
non_essential_CLECL1|HGNC:24462,0,0,0.47214115,0.52785885,0.52785885,True
non_essential_EHBP1L1|HGNC:30682,0,0,0.65466136,0.34533864,0.65466136,True
non_essential_TMEM132B|HGNC:29397,0,0,0.62821096,0.37178904,0.62821096,True
non_essential_CUEDC2|HGNC:28352,0,0,0.59242594,0.40757406,0.59242594,True
non_essential_RHOXF2B|HGNC:33519,0,0,0.67683244,0.32316756,0.67683244,True
non_essential_OPN1MW2|HGNC:26952,0,0,0.9047571,0.09524292,0.9047571,True
non_essential_SH2D4A|HGNC:26102,0,0,0.67013866,0.32986134,0.67013866,True
non_essential_SUMO4|HGNC:21181,0,0,0.43792605,0.56207395,0.56207395,True
non_essential_TMOD3|HGNC:11873,0,0,0.4656786,0.5343214,0.5343214,True
non_essential_FOXD4|HGNC:3805,0,0,0.7167514,0.2832486,0.7167514,True
non_essential_ATP6V0A4|HGNC:866,0,0,0.6201834,0.3798166,0.6201834,True
non_essential_C2orf61|HGNC:26850,0,0,0.5461287,0.4538713,0.5461287,True
non_essential_RAET1G|HGNC:16795,0,0,0.6901568,0.30984318,0.6901568,True
non_essential_TBC1D16|HGNC:28356,0,0,0.9243037,0.07569629,0.9243037,True
non_essential_ORMDL1|HGNC:16036,0,0,0.45098862,0.54901135,0.54901135,True
non_essential_SP100|HGNC:11206,0,0,0.5663096,0.43369043,0.5663096,True
non_essential_RIMKLA|HGNC:28725,0,0,0.6056421,0.39435792,0.6056421,True
non_essential_UQCR11|HGNC:30862,0,0,0.48780385,0.5121962,0.5121962,True
non_essential_ATF7IP2|HGNC:20397,0,0,0.5077241,0.4922759,0.5077241,True
non_essential_DCAF4|HGNC:20229,0,0,0.6894997,0.31050032,0.6894997,True
non_essential_PCMTD1|HGNC:30483,0,0,0.494726,0.505274,0.505274,True
non_essential_SDSL|HGNC:30404,0,0,0.6732601,0.3267399,0.6732601,True
non_essential_ZIM3|HGNC:16366,0,0,0.47960374,0.52039623,0.52039623,True
non_essential_ANKRD9|HGNC:20096,0,0,0.8672126,0.1327874,0.8672126,True
non_essential_UBE2B|HGNC:12473,0,0,0.4882089,0.5117911,0.5117911,True
non_essential_COQ9|HGNC:25302,0,0,0.7889959,0.21100408,0.7889959,True
non_essential_KIAA0408|HGNC:21636,0,0,0.54804057,0.45195943,0.54804057,True
non_essential_JMJD4|HGNC:25724,0,0,0.82554686,0.17445314,0.82554686,True
non_essential_GPR155|HGNC:22951,0,0,0.54135865,0.45864135,0.54135865,True
non_essential_TLR6|HGNC:16711,0,0,0.5661499,0.4338501,0.5661499,True
non_essential_SLC16A7|HGNC:10928,0,0,0.5069843,0.4930157,0.5069843,True
non_essential_METTL7A|HGNC:24550,0,0,0.51544434,0.48455566,0.51544434,True
non_essential_NDUFS6|HGNC:7713,0,0,0.6316982,0.3683018,0.6316982,True
non_essential_HLA-DPA1|HGNC:4938,0,0,0.640118,0.359882,0.640118,True
non_essential_CFAP45|HGNC:17229,0,0,0.6743173,0.3256827,0.6743173,True
non_essential_EPHX2|HGNC:3402,0,0,0.7656176,0.23438239,0.7656176,True
non_essential_SLAMF9|HGNC:18430,0,0,0.5385108,0.4614892,0.5385108,True
non_essential_CYP27A1|HGNC:2605,0,0,0.7221051,0.2778949,0.7221051,True
non_essential_P2RY11|HGNC:8540,0,0,0.9048844,0.0951156,0.9048844,True
non_essential_SPRY3|HGNC:11271,0,0,0.60015124,0.39984876,0.60015124,True
non_essential_LRRC57|HGNC:26719,0,0,0.60640955,0.39359045,0.60640955,True
non_essential_ZNF215|HGNC:13007,0,0,0.4727559,0.5272441,0.5272441,True
non_essential_NKX6-3|HGNC:26328,0,0,0.7435006,0.2564994,0.7435006,True
non_essential_OR9G4|HGNC:15322,0,0,0.46539694,0.53460306,0.53460306,True
non_essential_ZNF703|HGNC:25883,0,0,0.8755406,0.124459386,0.8755406,True
non_essential_DUOX2|HGNC:13273,0,0,0.6905349,0.3094651,0.6905349,True
non_essential_NXPE1|HGNC:28527,0,0,0.4717379,0.52826214,0.52826214,True
non_essential_CDH17|HGNC:1756,0,0,0.545131,0.45486897,0.545131,True
non_essential_SENP8|HGNC:22992,0,0,0.5439398,0.45606017,0.5439398,True
non_essential_SYT4|HGNC:11512,0,0,0.46053,0.53946996,0.53946996,True
non_essential_AUH|HGNC:890,0,0,0.5055588,0.4944412,0.5055588,True
non_essential_ANKRD62|HGNC:35241,0,0,0.5438314,0.4561686,0.5438314,True
non_essential_SPATA8|HGNC:28676,0,0,0.4769911,0.52300894,0.52300894,True
non_essential_PLPP4|HGNC:23531,0,0,0.5515421,0.4484579,0.5515421,True
non_essential_DCSTAMP|HGNC:18549,0,0,0.5620777,0.4379223,0.5620777,True
non_essential_SLC45A3|HGNC:8642,0,0,0.6513517,0.3486483,0.6513517,True
non_essential_TRPM4|HGNC:17993,0,0,0.62914705,0.37085295,0.62914705,True
non_essential_TPD52L2|HGNC:12007,0,0,0.7061912,0.29380882,0.7061912,True
non_essential_ZNF302|HGNC:13848,0,0,0.5348664,0.4651336,0.5348664,True
non_essential_HOXB9|HGNC:5120,0,0,0.6491036,0.35089642,0.6491036,True
non_essential_TTLL12|HGNC:28974,0,0,0.8618929,0.13810712,0.8618929,True
non_essential_FGF20|HGNC:3677,0,0,0.62917084,0.37082916,0.62917084,True
non_essential_ACAP3|HGNC:16754,0,0,0.7638549,0.23614508,0.7638549,True
non_essential_ZNF780A|HGNC:27603,0,0,0.4845683,0.5154317,0.5154317,True
non_essential_KLHDC9|HGNC:28489,0,0,0.66228765,0.33771235,0.66228765,True
non_essential_FICD|HGNC:18416,0,0,0.6594659,0.3405341,0.6594659,True
non_essential_SYP|HGNC:11506,0,0,0.68507993,0.31492007,0.68507993,True
non_essential_SLC2A5|HGNC:11010,0,0,0.6846796,0.31532037,0.6846796,True
non_essential_TRIM63|HGNC:16007,0,0,0.69572425,0.30427575,0.69572425,True
non_essential_IAH1|HGNC:27696,0,0,0.6729849,0.3270151,0.6729849,True
non_essential_APOBEC3G|HGNC:17357,0,0,0.73562914,0.26437086,0.73562914,True
non_essential_CDH19|HGNC:1758,0,0,0.50791836,0.49208164,0.50791836,True
non_essential_TNNI3K|HGNC:19661,0,0,0.6060974,0.3939026,0.6060974,True
non_essential_DEFB126|HGNC:15900,0,0,0.45791104,0.542089,0.542089,True
non_essential_S100P|HGNC:10504,0,0,0.5371399,0.4628601,0.5371399,True
non_essential_EFCAB1|HGNC:25678,0,0,0.47526884,0.52473116,0.52473116,True
non_essential_NOMO3|HGNC:25242,0,0,0.6310316,0.36896843,0.6310316,True
non_essential_DIRC1|HGNC:15760,0,0,0.44054002,0.55946,0.55946,True
non_essential_COPZ2|HGNC:19356,0,0,0.63460517,0.36539483,0.63460517,True
non_essential_MYO1A|HGNC:7595,0,0,0.6333702,0.36662978,0.6333702,True
non_essential_LCE2C|HGNC:29460,0,0,0.43483964,0.5651604,0.5651604,True
non_essential_MXRA5|HGNC:7539,0,0,0.62637776,0.37362224,0.62637776,True
non_essential_SNX10|HGNC:14974,0,0,0.47536957,0.5246304,0.5246304,True
non_essential_VAV2|HGNC:12658,0,0,0.6402344,0.3597656,0.6402344,True
non_essential_RNF25|HGNC:14662,0,0,0.6771272,0.32287282,0.6771272,True
non_essential_ABCG1|HGNC:73,0,0,0.66563857,0.33436143,0.66563857,True
non_essential_KCND1|HGNC:6237,0,0,0.6342402,0.3657598,0.6342402,True
non_essential_POMK|HGNC:26267,0,0,0.64938956,0.35061044,0.64938956,True
non_essential_CMPK2|HGNC:27015,0,0,0.6736186,0.3263814,0.6736186,True
non_essential_RBP4|HGNC:9922,0,0,0.88340753,0.11659247,0.88340753,True
non_essential_CR2|HGNC:2336,0,0,0.56821793,0.43178207,0.56821793,True
non_essential_AP1S3|HGNC:18971,0,0,0.48897275,0.5110272,0.5110272,True
non_essential_PSAPL1|HGNC:33131,0,0,0.7264766,0.2735234,0.7264766,True
non_essential_RASL12|HGNC:30289,0,0,0.78929853,0.21070147,0.78929853,True
non_essential_TM9SF1|HGNC:11864,0,0,0.6538548,0.3461452,0.6538548,True
non_essential_HIST1H4E|HGNC:4790,0,0,0.86207575,0.13792425,0.86207575,True
non_essential_LCAT|HGNC:6522,0,0,0.74049664,0.25950336,0.74049664,True
non_essential_USP17L21|HGNC:44449,0,0,0.621079,0.37892097,0.621079,True
non_essential_FPGT|HGNC:3825,0,0,0.55613154,0.44386846,0.55613154,True
non_essential_TMEM222|HGNC:25363,0,0,0.6968149,0.3031851,0.6968149,True
non_essential_SLC43A1|HGNC:9225,0,0,0.83004487,0.16995513,0.83004487,True
non_essential_METAP1D|HGNC:32583,0,0,0.5277028,0.4722972,0.5277028,True
non_essential_LRRC71|HGNC:26556,0,0,0.6843374,0.31566262,0.6843374,True
non_essential_ZC2HC1B|HGNC:21174,0,0,0.5420627,0.4579373,0.5420627,True
non_essential_SLC22A18|HGNC:10964,0,0,0.89880884,0.10119116,0.89880884,True
non_essential_SLC35E2B|HGNC:33941,0,0,0.82892245,0.17107755,0.82892245,True
non_essential_SEMG2|HGNC:10743,0,0,0.5240312,0.47596878,0.5240312,True
non_essential_GYLTL1B|HGNC:16522,0,0,0.6984749,0.30152512,0.6984749,True
non_essential_REEP6|HGNC:30078,0,0,0.70538396,0.29461604,0.70538396,True
non_essential_GUCY2D|HGNC:4689,0,0,0.6558092,0.34419078,0.6558092,True
non_essential_FRRS1L|HGNC:1362,0,0,0.5753585,0.4246415,0.5753585,True
non_essential_TMEM233|HGNC:37219,0,0,0.59896773,0.40103227,0.59896773,True
non_essential_MFSD8|HGNC:28486,0,0,0.5076048,0.49239522,0.5076048,True
non_essential_A3GALT2|HGNC:30005,0,0,0.74435854,0.25564146,0.74435854,True
non_essential_LYAR|HGNC:26021,0,0,0.50109744,0.49890256,0.50109744,True
non_essential_MS4A4A|HGNC:13371,0,0,0.4344724,0.56552756,0.56552756,True
non_essential_SMIM15|HGNC:33861,0,0,0.45794383,0.5420562,0.5420562,True
non_essential_SOWAHC|HGNC:26149,0,0,0.6163506,0.3836494,0.6163506,True
non_essential_FAM219B|HGNC:24695,0,0,0.6897577,0.3102423,0.6897577,True
non_essential_SMKR1|HGNC:43561,0,0,0.6802498,0.3197502,0.6802498,True
non_essential_CYP2C9|HGNC:2623,0,0,0.5086951,0.49130487,0.5086951,True
non_essential_EML3|HGNC:26666,0,0,0.6741791,0.32582092,0.6741791,True
non_essential_TCAF1|HGNC:22201,0,0,0.61756647,0.38243353,0.61756647,True
non_essential_POMZP3|HGNC:9203,0,0,0.6438522,0.35614783,0.6438522,True
non_essential_C6orf229|HGNC:49394,0,0,0.47799835,0.5220016,0.5220016,True
non_essential_CPT2|HGNC:2330,0,0,0.60661125,0.39338875,0.60661125,True
non_essential_CAPN1|HGNC:1476,0,0,0.7047784,0.29522163,0.7047784,True
non_essential_FAM166B|HGNC:34242,0,0,0.6442135,0.3557865,0.6442135,True
non_essential_FCRL4|HGNC:18507,0,0,0.69698554,0.30301446,0.69698554,True
non_essential_ITGAD|HGNC:6146,0,0,0.64296967,0.35703033,0.64296967,True
non_essential_BTN3A3|HGNC:1140,0,0,0.5887116,0.41128838,0.5887116,True
non_essential_HCK|HGNC:4840,0,0,0.7557492,0.24425077,0.7557492,True
non_essential_RNASE4|HGNC:10047,0,0,0.48654592,0.5134541,0.5134541,True
non_essential_RIN2|HGNC:18750,0,0,0.66641974,0.33358026,0.66641974,True
non_essential_TUBG2|HGNC:12419,0,0,0.6984236,0.30157638,0.6984236,True
non_essential_PRR23A|HGNC:37172,0,0,0.7979092,0.2020908,0.7979092,True
non_essential_C17orf58|HGNC:27568,0,0,0.46714196,0.532858,0.532858,True
non_essential_SPACA9|HGNC:1367,0,0,0.7667894,0.23321062,0.7667894,True
non_essential_PRRG3|HGNC:30798,0,0,0.72904205,0.27095795,0.72904205,True
non_essential_RRBP1|HGNC:10448,0,0,0.6652889,0.33471107,0.6652889,True
non_essential_CEP128|HGNC:20359,0,0,0.63028383,0.36971617,0.63028383,True
non_essential_MMP3|HGNC:7173,0,0,0.5289304,0.47106957,0.5289304,True
non_essential_YY2|HGNC:31684,0,0,0.653674,0.346326,0.653674,True
non_essential_RNF219|HGNC:20308,0,0,0.5469559,0.45304412,0.5469559,True
non_essential_LAT|HGNC:18874,0,0,0.5680811,0.43191892,0.5680811,True
non_essential_STK33|HGNC:14568,0,0,0.5089419,0.4910581,0.5089419,True
non_essential_ISLR|HGNC:6133,0,0,0.82306945,0.17693055,0.82306945,True
non_essential_DMRTA1|HGNC:13826,0,0,0.61155546,0.38844454,0.61155546,True
non_essential_EID1|HGNC:1191,0,0,0.59428465,0.40571535,0.59428465,True
non_essential_HPS3|HGNC:15597,0,0,0.65896535,0.34103465,0.65896535,True
non_essential_GLYATL1|HGNC:30519,0,0,0.5345053,0.4654947,0.5345053,True
non_essential_PAMR1|HGNC:24554,0,0,0.6272612,0.37273878,0.6272612,True
non_essential_TRPV2|HGNC:18082,0,0,0.59117496,0.40882504,0.59117496,True
non_essential_HELZ2|HGNC:30021,0,0,0.66556305,0.33443695,0.66556305,True
non_essential_STXBP4|HGNC:19694,0,0,0.5060006,0.49399942,0.5060006,True
non_essential_MYPN|HGNC:23246,0,0,0.6270865,0.37291348,0.6270865,True
non_essential_ARL14EPL|HGNC:44201,0,0,0.4703845,0.5296155,0.5296155,True
non_essential_MGST2|HGNC:7063,0,0,0.42869726,0.5713028,0.5713028,True
non_essential_ADRA1B|HGNC:278,0,0,0.68281394,0.31718606,0.68281394,True
non_essential_ARL8B|HGNC:25564,0,0,0.52064794,0.47935206,0.52064794,True
non_essential_C10orf90|HGNC:26563,0,0,0.64329284,0.35670716,0.64329284,True
non_essential_C17orf47|HGNC:26844,0,0,0.5775689,0.4224311,0.5775689,True
non_essential_CYP27C1|HGNC:33480,0,0,0.64658654,0.35341346,0.64658654,True
non_essential_TMEM255B|HGNC:28297,0,0,0.63908994,0.36091006,0.63908994,True
non_essential_CCDC138|HGNC:26531,0,0,0.51381934,0.48618066,0.51381934,True
non_essential_SLC1A4|HGNC:10942,0,0,0.6688088,0.33119118,0.6688088,True
non_essential_TRIM68|HGNC:21161,0,0,0.5294554,0.47054458,0.5294554,True
non_essential_DNASE1L3|HGNC:2959,0,0,0.7411874,0.2588126,0.7411874,True
non_essential_GJD4|HGNC:23296,0,0,0.80280983,0.19719017,0.80280983,True
non_essential_FAM229B|HGNC:33858,0,0,0.47490415,0.5250958,0.5250958,True
non_essential_ISM2|HGNC:23176,0,0,0.7405048,0.2594952,0.7405048,True
non_essential_SLC17A1|HGNC:10929,0,0,0.502279,0.49772102,0.502279,True
non_essential_FAM92A1|HGNC:30452,0,0,0.54590845,0.45409155,0.54590845,True
non_essential_PUS7|HGNC:26033,0,0,0.53136545,0.46863455,0.53136545,True
non_essential_FAM177A1|HGNC:19829,0,0,0.5033187,0.49668127,0.5033187,True
non_essential_GHRH|HGNC:4265,0,0,0.5613104,0.4386896,0.5613104,True
non_essential_TRIM25|HGNC:12932,0,0,0.5787885,0.42121148,0.5787885,True
non_essential_C15orf59|HGNC:33753,0,0,0.76616716,0.23383284,0.76616716,True
non_essential_TBC1D29|HGNC:24509,0,0,0.48813546,0.51186454,0.51186454,True
non_essential_ADAMTS18|HGNC:17110,0,0,0.5927438,0.4072562,0.5927438,True
non_essential_NIM1K|HGNC:28646,0,0,0.6135783,0.38642168,0.6135783,True
non_essential_PAEP|HGNC:8573,0,0,0.7601017,0.23989832,0.7601017,True
non_essential_PLA2G4F|HGNC:27396,0,0,0.6288198,0.37118018,0.6288198,True
non_essential_KCNK9|HGNC:6283,0,0,0.7004502,0.29954982,0.7004502,True
non_essential_FFAR1|HGNC:4498,0,0,0.74862903,0.25137097,0.74862903,True
non_essential_HIP1R|HGNC:18415,0,0,0.82760906,0.17239094,0.82760906,True
non_essential_TUSC2|HGNC:17034,0,0,0.71628433,0.28371567,0.71628433,True
non_essential_VCY1B|HGNC:31751,0,1,0.9555913,0.04440868,0.9555913,False
non_essential_RAB5C|HGNC:9785,0,0,0.6639785,0.33602148,0.6639785,True
non_essential_KLHL12|HGNC:19360,0,0,0.6105129,0.3894871,0.6105129,True
non_essential_C6orf141|HGNC:21351,0,0,0.6732892,0.32671082,0.6732892,True
non_essential_IL1R2|HGNC:5994,0,0,0.62156403,0.37843597,0.62156403,True
non_essential_LYPD4|HGNC:28659,0,0,0.53268737,0.46731263,0.53268737,True
non_essential_TULP2|HGNC:12424,0,0,0.69603705,0.30396295,0.69603705,True
non_essential_TPGS1|HGNC:25058,0,1,0.9574266,0.042573392,0.9574266,False
non_essential_OR6B2|HGNC:15041,0,0,0.7132681,0.2867319,0.7132681,True
non_essential_GPR55|HGNC:4511,0,0,0.6984237,0.30157632,0.6984237,True
non_essential_ZNF782|HGNC:33110,0,0,0.4982087,0.5017913,0.5017913,True
non_essential_KRTAP11-1|HGNC:18922,0,0,0.50496864,0.49503136,0.50496864,True
non_essential_VPS4B|HGNC:10895,0,0,0.517473,0.48252702,0.517473,True
non_essential_MEPE|HGNC:13361,0,0,0.50099707,0.49900293,0.50099707,True
non_essential_EGFL8|HGNC:13944,0,0,0.6785542,0.32144582,0.6785542,True
non_essential_PRELID2|HGNC:28306,0,0,0.53660846,0.46339154,0.53660846,True
non_essential_BGLAP|HGNC:1043,0,0,0.6550184,0.3449816,0.6550184,True
non_essential_PMM1|HGNC:9114,0,0,0.7800765,0.2199235,0.7800765,True
non_essential_TPTE|HGNC:12023,0,0,0.5764563,0.4235437,0.5764563,True
non_essential_VSTM2L|HGNC:16096,0,0,0.8191333,0.18086672,0.8191333,True
non_essential_FAM83C|HGNC:16121,0,0,0.6060598,0.3939402,0.6060598,True
non_essential_SMAP2|HGNC:25082,0,0,0.5640019,0.43599808,0.5640019,True
non_essential_GCHFR|HGNC:4194,0,0,0.52223086,0.47776914,0.52223086,True
non_essential_UCMA|HGNC:25205,0,0,0.6380344,0.3619656,0.6380344,True
non_essential_TNFAIP8L1|HGNC:28279,0,0,0.696067,0.30393302,0.696067,True
non_essential_CD8A|HGNC:1706,0,0,0.80178446,0.19821554,0.80178446,True
non_essential_LRRC1|HGNC:14307,0,0,0.51672125,0.48327875,0.51672125,True
non_essential_OR6A2|HGNC:15301,0,0,0.51380914,0.48619086,0.51380914,True
non_essential_GDAP1|HGNC:15968,0,0,0.6523189,0.3476811,0.6523189,True
non_essential_RGS7|HGNC:10003,0,0,0.63739854,0.36260146,0.63739854,True
non_essential_ARHGEF35|HGNC:33846,0,0,0.5780211,0.4219789,0.5780211,True
non_essential_CLEC4A|HGNC:13257,0,0,0.50222665,0.49777335,0.50222665,True
non_essential_MKNK2|HGNC:7111,0,0,0.65465724,0.34534276,0.65465724,True
non_essential_PMCH|HGNC:9109,0,0,0.4350541,0.56494594,0.56494594,True
non_essential_RAI14|HGNC:14873,0,0,0.5271613,0.4728387,0.5271613,True
non_essential_C15orf65|HGNC:44654,0,0,0.39825207,0.60174793,0.60174793,True
non_essential_THNSL1|HGNC:26160,0,0,0.5005077,0.4994923,0.5005077,True
non_essential_CPD|HGNC:2301,0,0,0.6270058,0.37299418,0.6270058,True
non_essential_ITM2B|HGNC:6174,0,0,0.5176858,0.48231423,0.5176858,True
non_essential_TMEM200A|HGNC:21075,0,0,0.5733095,0.42669052,0.5733095,True
non_essential_GSTM1|HGNC:4632,0,0,0.6230791,0.37692088,0.6230791,True
non_essential_ALDH2|HGNC:404,0,0,0.76846665,0.23153335,0.76846665,True
non_essential_OR51E2|HGNC:15195,0,0,0.5515305,0.44846952,0.5515305,True
non_essential_NR1I3|HGNC:7969,0,0,0.7174075,0.28259248,0.7174075,True
non_essential_GUCY2F|HGNC:4691,0,0,0.6213155,0.37868452,0.6213155,True
non_essential_ZNF681|HGNC:26457,0,0,0.4837346,0.5162654,0.5162654,True
non_essential_CTSS|HGNC:2545,0,0,0.53246605,0.46753395,0.53246605,True
non_essential_BSX|HGNC:20450,0,0,0.7947334,0.2052666,0.7947334,True
non_essential_FAM53A|HGNC:31860,0,0,0.732889,0.267111,0.732889,True
non_essential_BTNL2|HGNC:1142,0,0,0.6031992,0.39680082,0.6031992,True
non_essential_PNCK|HGNC:13415,0,0,0.7550597,0.24494028,0.7550597,True
non_essential_KIF21A|HGNC:19349,0,0,0.55710584,0.44289416,0.55710584,True
non_essential_HRCT1|HGNC:33872,0,0,0.6110704,0.3889296,0.6110704,True
non_essential_PSG4|HGNC:9521,0,0,0.5586518,0.4413482,0.5586518,True
non_essential_CRYGD|HGNC:2411,0,0,0.7171659,0.2828341,0.7171659,True
non_essential_CYP4V2|HGNC:23198,0,0,0.60766304,0.39233696,0.60766304,True
non_essential_FAM174A|HGNC:24943,0,0,0.6543553,0.3456447,0.6543553,True
non_essential_OCLN|HGNC:8104,0,0,0.49481863,0.5051814,0.5051814,True
non_essential_NT5C3A|HGNC:17820,0,0,0.5342006,0.4657994,0.5342006,True
non_essential_GABARAPL2|HGNC:13291,0,0,0.8055493,0.19445068,0.8055493,True
non_essential_MCOLN1|HGNC:13356,0,0,0.83729404,0.16270596,0.83729404,True
non_essential_ZNF316|HGNC:13843,0,0,0.70979285,0.29020715,0.70979285,True
non_essential_ZNF862|HGNC:34519,0,0,0.62457556,0.37542444,0.62457556,True
non_essential_CCDC82|HGNC:26282,0,0,0.51216984,0.48783016,0.51216984,True
non_essential_OR1G1|HGNC:8204,0,0,0.51730615,0.48269385,0.51730615,True
non_essential_FUT3|HGNC:4014,0,0,0.69497126,0.30502874,0.69497126,True
non_essential_OGFOD2|HGNC:25823,0,0,0.7285604,0.2714396,0.7285604,True
non_essential_SETD9|HGNC:28508,0,0,0.5527002,0.44729978,0.5527002,True
non_essential_ZNF879|HGNC:37273,0,0,0.51236355,0.48763645,0.51236355,True
non_essential_IFIH1|HGNC:18873,0,0,0.5364298,0.46357018,0.5364298,True
non_essential_ZCCHC3|HGNC:16230,0,0,0.75585806,0.24414194,0.75585806,True
non_essential_ATP23|HGNC:29452,0,0,0.54057056,0.45942944,0.54057056,True
non_essential_SEMA4F|HGNC:10734,0,0,0.639244,0.36075598,0.639244,True
non_essential_PRR15L|HGNC:28149,0,0,0.83464235,0.16535765,0.83464235,True
non_essential_UBE2Q2|HGNC:19248,0,0,0.529603,0.470397,0.529603,True
non_essential_C7orf25|HGNC:21703,0,0,0.54763764,0.45236236,0.54763764,True
non_essential_BEX5|HGNC:27990,0,0,0.44124702,0.558753,0.558753,True
non_essential_ORM1|HGNC:8498,0,0,0.6487313,0.3512687,0.6487313,True
non_essential_NUDT9|HGNC:8056,0,0,0.51966774,0.48033226,0.51966774,True
non_essential_DOC2A|HGNC:2985,0,0,0.71477455,0.28522545,0.71477455,True
non_essential_DCDC2B|HGNC:32576,0,0,0.48705754,0.51294243,0.51294243,True
non_essential_JAKMIP3|HGNC:23523,0,0,0.70685804,0.29314196,0.70685804,True
non_essential_SCT|HGNC:10607,0,0,0.7063155,0.29368448,0.7063155,True
non_essential_AKR7A3|HGNC:390,0,0,0.81339437,0.18660563,0.81339437,True
non_essential_SGSM2|HGNC:29026,0,0,0.6871887,0.31281132,0.6871887,True
non_essential_CA9|HGNC:1383,0,0,0.7336096,0.26639038,0.7336096,True
non_essential_LRRC8C|HGNC:25075,0,0,0.61924744,0.38075256,0.61924744,True
non_essential_CSPG4|HGNC:2466,0,0,0.6819513,0.31804872,0.6819513,True
non_essential_OR4N5|HGNC:15358,0,0,0.55082685,0.44917315,0.55082685,True
non_essential_PRAMEF10|HGNC:27997,0,0,0.48768955,0.51231045,0.51231045,True
non_essential_C6orf47|HGNC:19076,0,0,0.64308906,0.35691094,0.64308906,True
non_essential_OR3A2|HGNC:8283,0,0,0.5493816,0.4506184,0.5493816,True
non_essential_ERP27|HGNC:26495,0,0,0.6063213,0.39367872,0.6063213,True
non_essential_TBX19|HGNC:11596,0,0,0.64898735,0.35101265,0.64898735,True
non_essential_HTRA4|HGNC:26909,0,0,0.6105689,0.38943112,0.6105689,True
non_essential_DOCK5|HGNC:23476,0,0,0.66005546,0.33994454,0.66005546,True
non_essential_ZNF232|HGNC:13026,0,0,0.56185734,0.43814266,0.56185734,True
non_essential_RNF149|HGNC:23137,0,0,0.5156307,0.48436928,0.5156307,True
non_essential_LCE3E|HGNC:29463,0,0,0.53709614,0.46290386,0.53709614,True
non_essential_ZBTB24|HGNC:21143,0,0,0.533796,0.466204,0.533796,True
non_essential_LRRCC1|HGNC:29373,0,0,0.54772687,0.45227313,0.54772687,True
non_essential_PAFAH2|HGNC:8579,0,0,0.6156841,0.3843159,0.6156841,True
non_essential_ARRB2|HGNC:712,0,0,0.86844605,0.13155395,0.86844605,True
non_essential_THBS3|HGNC:11787,0,0,0.61554456,0.38445544,0.61554456,True
non_essential_ATP8B4|HGNC:13536,0,0,0.52425426,0.47574574,0.52425426,True
non_essential_FAM76A|HGNC:28530,0,0,0.5813602,0.41863978,0.5813602,True
non_essential_PIGY|HGNC:28213,0,0,0.652077,0.34792298,0.652077,True
non_essential_CGRRF1|HGNC:15528,0,0,0.4775461,0.5224539,0.5224539,True
non_essential_CTSB|HGNC:2527,0,0,0.6866769,0.31332308,0.6866769,True
non_essential_CPNE1|HGNC:2314,0,0,0.6552627,0.3447373,0.6552627,True
non_essential_STUM|HGNC:30491,0,0,0.70817745,0.29182255,0.70817745,True
non_essential_GALNT10|HGNC:19873,0,0,0.67060137,0.32939863,0.67060137,True
non_essential_ENGASE|HGNC:24622,0,0,0.64503044,0.35496956,0.64503044,True
non_essential_USP17L12|HGNC:44440,0,0,0.62371737,0.37628263,0.62371737,True
non_essential_ABCC8|HGNC:59,0,0,0.6208248,0.3791752,0.6208248,True
non_essential_PTER|HGNC:9590,0,0,0.55760103,0.44239897,0.55760103,True
non_essential_ZNF28|HGNC:13073,0,0,0.52886456,0.47113544,0.52886456,True
non_essential_SORD|HGNC:11184,0,0,0.5568279,0.4431721,0.5568279,True
non_essential_TGM5|HGNC:11781,0,0,0.65711814,0.34288186,0.65711814,True
non_essential_FAM81B|HGNC:26335,0,0,0.5876276,0.4123724,0.5876276,True
non_essential_APOC2|HGNC:609,0,0,0.56244767,0.43755233,0.56244767,True
non_essential_PRX|HGNC:13797,0,0,0.6731551,0.32684487,0.6731551,True
non_essential_RABGAP1L|HGNC:24663,0,0,0.52974606,0.47025394,0.52974606,True
non_essential_TMEM88|HGNC:32371,0,0,0.6073854,0.3926146,0.6073854,True
non_essential_C5orf30|HGNC:25052,0,0,0.567404,0.43259603,0.567404,True
non_essential_TNS4|HGNC:24352,0,0,0.8798736,0.120126426,0.8798736,True
non_essential_ARL10|HGNC:22042,0,0,0.7886218,0.21137822,0.7886218,True
non_essential_KRTAP1-4|HGNC:18904,0,0,0.624074,0.37592602,0.624074,True
non_essential_IL2|HGNC:6001,0,0,0.47416866,0.52583134,0.52583134,True
non_essential_CDC42EP5|HGNC:17408,0,0,0.7035507,0.2964493,0.7035507,True
non_essential_CYP3A5|HGNC:2638,0,0,0.55422515,0.44577485,0.55422515,True
non_essential_MUCL1|HGNC:30588,0,0,0.5271188,0.4728812,0.5271188,True
non_essential_FAM129A|HGNC:16784,0,0,0.6149825,0.3850175,0.6149825,True
non_essential_FAM162B|HGNC:21549,0,0,0.64972174,0.35027826,0.64972174,True
non_essential_A1BG|HGNC:5,0,0,0.9160552,0.0839448,0.9160552,True
non_essential_DNAJB13|HGNC:30718,0,0,0.7001092,0.29989082,0.7001092,True
non_essential_ABHD3|HGNC:18718,0,0,0.5273958,0.47260422,0.5273958,True
non_essential_EGF|HGNC:3229,0,0,0.55848116,0.44151884,0.55848116,True
non_essential_USH2A|HGNC:12601,0,0,0.60619736,0.39380264,0.60619736,True
non_essential_AHRR|HGNC:346,0,0,0.80237806,0.19762194,0.80237806,True
non_essential_GALNT14|HGNC:22946,0,0,0.628732,0.37126797,0.628732,True
non_essential_HIST1H3G|HGNC:4772,0,0,0.68381995,0.31618005,0.68381995,True
non_essential_WNT8A|HGNC:12788,0,0,0.5589948,0.44100517,0.5589948,True
non_essential_LRRC19|HGNC:23379,0,0,0.4222274,0.5777726,0.5777726,True
non_essential_ZNF439|HGNC:20873,0,0,0.48703247,0.5129675,0.5129675,True
non_essential_REG1A|HGNC:9951,0,0,0.5692087,0.43079132,0.5692087,True
non_essential_SDF2|HGNC:10675,0,0,0.6305494,0.36945063,0.6305494,True
non_essential_MGST3|HGNC:7064,0,0,0.4919555,0.5080445,0.5080445,True
non_essential_HIST1H2AG|HGNC:4737,0,0,0.8939669,0.10603309,0.8939669,True
non_essential_WDR93|HGNC:26924,0,0,0.5588718,0.4411282,0.5588718,True
non_essential_IQGAP2|HGNC:6111,0,0,0.5929281,0.4070719,0.5929281,True
non_essential_SLC7A13|HGNC:23092,0,0,0.51331097,0.48668903,0.51331097,True
non_essential_SSX4|HGNC:11338,0,0,0.5709569,0.4290431,0.5709569,True
non_essential_PFKL|HGNC:8876,0,0,0.66161203,0.33838797,0.66161203,True
non_essential_MAP7D3|HGNC:25742,0,0,0.5896109,0.41038913,0.5896109,True
non_essential_FAM3A|HGNC:13749,0,0,0.7495485,0.2504515,0.7495485,True
non_essential_AP1S2|HGNC:560,0,0,0.487164,0.512836,0.512836,True
non_essential_IL24|HGNC:11346,0,0,0.51587534,0.48412466,0.51587534,True
non_essential_BTC|HGNC:1121,0,0,0.49114648,0.50885355,0.50885355,True
non_essential_OR2C1|HGNC:8242,0,0,0.5561868,0.4438132,0.5561868,True
non_essential_CCDC152|HGNC:34438,0,0,0.47576198,0.524238,0.524238,True
non_essential_SIGLEC1|HGNC:11127,0,0,0.65203714,0.34796286,0.65203714,True
non_essential_C7orf33|HGNC:21724,0,0,0.48406425,0.5159358,0.5159358,True
non_essential_IGSF22|HGNC:26750,0,0,0.6262366,0.37376338,0.6262366,True
non_essential_HLA-DRA|HGNC:4947,0,0,0.523102,0.476898,0.523102,True
non_essential_TRAPPC6B|HGNC:23066,0,0,0.4710197,0.5289803,0.5289803,True
non_essential_CST5|HGNC:2477,0,0,0.54281914,0.45718086,0.54281914,True
non_essential_CD163L1|HGNC:30375,0,0,0.6040091,0.3959909,0.6040091,True
non_essential_TTC21A|HGNC:30761,0,0,0.6665115,0.33348852,0.6665115,True
non_essential_SLFN13|HGNC:26481,0,0,0.61831033,0.38168967,0.61831033,True
non_essential_DKKL1|HGNC:16528,0,0,0.660802,0.339198,0.660802,True
non_essential_TMSB15A|HGNC:30744,0,0,0.50040394,0.49959606,0.50040394,True
non_essential_KRT82|HGNC:6459,0,0,0.7027609,0.29723912,0.7027609,True
non_essential_ACMSD|HGNC:19288,0,0,0.625467,0.374533,0.625467,True
non_essential_TEC|HGNC:11719,0,0,0.604566,0.39543402,0.604566,True
non_essential_BPY2C|HGNC:18225,0,0,0.48654053,0.51345944,0.51345944,True
non_essential_APOA4|HGNC:602,0,0,0.9349477,0.06505227,0.9349477,True
non_essential_SPRR2G|HGNC:11267,0,0,0.44967726,0.5503228,0.5503228,True
non_essential_UAP1L1|HGNC:28082,0,0,0.7496428,0.2503572,0.7496428,True
non_essential_TTC38|HGNC:26082,0,0,0.66806865,0.33193135,0.66806865,True
non_essential_HIST1H2BC|HGNC:4757,0,0,0.9280431,0.07195687,0.9280431,True
non_essential_FAM86B2|HGNC:32222,0,0,0.70658016,0.29341984,0.70658016,True
non_essential_UBE2V2|HGNC:12495,0,0,0.4573314,0.5426686,0.5426686,True
non_essential_ADPGK|HGNC:25250,0,0,0.61544013,0.38455987,0.61544013,True
non_essential_SYN1|HGNC:11494,0,0,0.70538807,0.29461193,0.70538807,True
non_essential_GPX3|HGNC:4555,0,0,0.7330342,0.2669658,0.7330342,True
non_essential_PITHD1|HGNC:25022,0,0,0.63974184,0.36025816,0.63974184,True
non_essential_C4orf19|HGNC:25618,0,0,0.60085535,0.39914465,0.60085535,True
non_essential_NUPR1|HGNC:29990,0,0,0.633108,0.36689198,0.633108,True
non_essential_AREG|HGNC:651,0,0,0.4823169,0.5176831,0.5176831,True
non_essential_PADI3|HGNC:18337,0,0,0.66810894,0.33189106,0.66810894,True
non_essential_DOC2B|HGNC:2986,0,0,0.76267,0.23733002,0.76267,True
non_essential_SPATA31A6|HGNC:32006,0,0,0.61757684,0.38242316,0.61757684,True
non_essential_KRT72|HGNC:28932,0,0,0.70108664,0.29891336,0.70108664,True
non_essential_ATP6V1G3|HGNC:18265,0,0,0.48947045,0.5105295,0.5105295,True
non_essential_ZSCAN21|HGNC:13104,0,0,0.5283238,0.47167617,0.5283238,True
non_essential_RAET1E|HGNC:16793,0,0,0.5240083,0.47599173,0.5240083,True
non_essential_TMEM247|HGNC:42967,0,0,0.76263213,0.23736787,0.76263213,True
non_essential_MFRP|HGNC:18121,0,0,0.6690063,0.3309937,0.6690063,True
non_essential_SHISA3|HGNC:25159,0,0,0.6765863,0.32341373,0.6765863,True
non_essential_CT47A12|HGNC:33292,0,0,0.78890824,0.21109176,0.78890824,True
non_essential_PHTF2|HGNC:13411,0,0,0.5563538,0.4436462,0.5563538,True
non_essential_COL16A1|HGNC:2193,0,0,0.55305123,0.44694877,0.55305123,True
non_essential_PLAG1|HGNC:9045,0,0,0.6010364,0.39896357,0.6010364,True
non_essential_KLRF2|HGNC:37646,0,0,0.43150073,0.56849927,0.56849927,True
non_essential_OR6C4|HGNC:19632,0,0,0.4750955,0.5249045,0.5249045,True
non_essential_CT47A5|HGNC:33286,0,0,0.78890824,0.21109176,0.78890824,True
non_essential_POTEG|HGNC:33896,0,0,0.5781634,0.4218366,0.5781634,True
non_essential_SPP2|HGNC:11256,0,0,0.59687364,0.40312636,0.59687364,True
non_essential_TTC16|HGNC:26536,0,0,0.8028029,0.19719708,0.8028029,True
non_essential_FAM19A4|HGNC:21591,0,0,0.51619667,0.48380333,0.51619667,True
non_essential_COQ10A|HGNC:26515,0,0,0.88830256,0.111697435,0.88830256,True
non_essential_LTF|HGNC:6720,0,0,0.62883383,0.37116617,0.62883383,True
non_essential_DCUN1D3|HGNC:28734,0,0,0.53026456,0.46973544,0.53026456,True
non_essential_PNLIP|HGNC:9155,0,0,0.5429275,0.4570725,0.5429275,True
non_essential_TEP1|HGNC:11726,0,0,0.64189297,0.35810703,0.64189297,True
non_essential_HLA-B|HGNC:4932,0,0,0.71618176,0.28381824,0.71618176,True
non_essential_TMEM106A|HGNC:28288,0,0,0.6139861,0.38601393,0.6139861,True
non_essential_SH2D7|HGNC:34549,0,0,0.6174445,0.38255548,0.6174445,True
non_essential_LDLRAD4|HGNC:1224,0,0,0.51332927,0.48667073,0.51332927,True
non_essential_FBXW12|HGNC:20729,0,0,0.55788827,0.44211173,0.55788827,True
non_essential_LRAT|HGNC:6685,0,0,0.68123454,0.31876546,0.68123454,True
non_essential_ST3GAL6|HGNC:18080,0,0,0.5377365,0.46226352,0.5377365,True
non_essential_SPHAR|HGNC:16957,0,0,0.4371734,0.56282663,0.56282663,True
non_essential_SAP25|HGNC:41908,0,0,0.61179966,0.38820034,0.61179966,True
non_essential_PPP1R3F|HGNC:14944,0,0,0.6705327,0.3294673,0.6705327,True
non_essential_KRT3|HGNC:6440,0,0,0.7364736,0.26352638,0.7364736,True
non_essential_SDR16C5|HGNC:30311,0,0,0.47226593,0.52773404,0.52773404,True
non_essential_HPD|HGNC:5147,0,0,0.6548193,0.3451807,0.6548193,True
non_essential_C3orf70|HGNC:33731,0,0,0.6022207,0.3977793,0.6022207,True
non_essential_ZNF385D|HGNC:26191,0,0,0.5374723,0.4625277,0.5374723,True
non_essential_APOL2|HGNC:619,0,0,0.5160021,0.48399788,0.5160021,True
non_essential_DCDC2|HGNC:18141,0,0,0.6500402,0.3499598,0.6500402,True
non_essential_SH3BP5|HGNC:10827,0,0,0.5479856,0.4520144,0.5479856,True
non_essential_OSBPL2|HGNC:15761,0,0,0.6515547,0.3484453,0.6515547,True
non_essential_SLC5A9|HGNC:22146,0,0,0.7176235,0.28237653,0.7176235,True
non_essential_PGM2L1|HGNC:20898,0,0,0.50388956,0.49611044,0.50388956,True
non_essential_ZNF441|HGNC:20875,0,0,0.46935743,0.53064257,0.53064257,True
non_essential_TMEM102|HGNC:26722,0,0,0.6987799,0.30122012,0.6987799,True
non_essential_SLC25A20|HGNC:1421,0,0,0.53038055,0.46961945,0.53038055,True
non_essential_PABPC1L2B|HGNC:31852,0,0,0.80053824,0.19946176,0.80053824,True
non_essential_B3GAT2|HGNC:922,0,0,0.67377144,0.32622856,0.67377144,True
non_essential_OSCAR|HGNC:29960,0,0,0.7167166,0.2832834,0.7167166,True
non_essential_CMTM6|HGNC:19177,0,0,0.5380849,0.46191508,0.5380849,True
non_essential_NANOS1|HGNC:23044,0,0,0.87867945,0.121320546,0.87867945,True
non_essential_KCNK7|HGNC:6282,0,0,0.7234468,0.2765532,0.7234468,True
non_essential_TP53AIP1|HGNC:29984,0,0,0.5040349,0.49596512,0.5040349,True
non_essential_OR8B2|HGNC:8471,0,0,0.46769106,0.53230894,0.53230894,True
non_essential_MELK|HGNC:16870,0,0,0.51716614,0.48283386,0.51716614,True
non_essential_BPIFB2|HGNC:16177,0,0,0.69886243,0.30113757,0.69886243,True
non_essential_TLL2|HGNC:11844,0,0,0.6964658,0.3035342,0.6964658,True
non_essential_WTIP|HGNC:20964,0,0,0.7040055,0.29599452,0.7040055,True
non_essential_ALS2|HGNC:443,0,0,0.599182,0.400818,0.599182,True
non_essential_ZNF683|HGNC:28495,0,0,0.66767883,0.33232117,0.66767883,True
non_essential_PHYHIP|HGNC:16865,0,0,0.90631324,0.09368676,0.90631324,True
non_essential_ZNF268|HGNC:13061,0,0,0.48325253,0.5167475,0.5167475,True
non_essential_ETFB|HGNC:3482,0,0,0.88161916,0.118380845,0.88161916,True
non_essential_SQSTM1|HGNC:11280,0,0,0.7111644,0.2888356,0.7111644,True
non_essential_SVOPL|HGNC:27034,0,0,0.67592806,0.32407194,0.67592806,True
non_essential_H1FOO|HGNC:18463,0,0,0.61836237,0.38163763,0.61836237,True
non_essential_TMTC3|HGNC:26899,0,0,0.5254671,0.4745329,0.5254671,True
non_essential_ZNF773|HGNC:30487,0,0,0.46807343,0.5319266,0.5319266,True
non_essential_TMEM51|HGNC:25488,0,0,0.7122459,0.28775412,0.7122459,True
non_essential_GIP|HGNC:4270,0,0,0.618242,0.38175797,0.618242,True
non_essential_RFTN1|HGNC:30278,0,0,0.6094768,0.3905232,0.6094768,True
non_essential_NTF4|HGNC:8024,0,0,0.6906056,0.30939442,0.6906056,True
non_essential_DYNLT1|HGNC:11697,0,0,0.46118665,0.53881335,0.53881335,True
non_essential_OR1K1|HGNC:8212,0,0,0.6204653,0.37953472,0.6204653,True
non_essential_RNF39|HGNC:18064,0,0,0.7394654,0.26053458,0.7394654,True
non_essential_PASD1|HGNC:20686,0,0,0.62442565,0.37557435,0.62442565,True
non_essential_TSPAN2|HGNC:20659,0,0,0.5540272,0.4459728,0.5540272,True
non_essential_LHB|HGNC:6584,0,0,0.8145543,0.18544573,0.8145543,True
non_essential_STAB1|HGNC:18628,0,0,0.62944025,0.37055975,0.62944025,True
non_essential_TGM2|HGNC:11778,0,0,0.7835411,0.21645892,0.7835411,True
non_essential_LY6G6F|HGNC:13933,0,0,0.60141665,0.39858335,0.60141665,True
non_essential_DEFA3|HGNC:2762,0,0,0.75007993,0.24992007,0.75007993,True
non_essential_TAAR5|HGNC:30236,0,0,0.5449696,0.45503038,0.5449696,True
non_essential_GDPD1|HGNC:20883,0,0,0.5552509,0.44474912,0.5552509,True
non_essential_OLA1|HGNC:28833,0,0,0.4652223,0.5347777,0.5347777,True
non_essential_KCNK12|HGNC:6274,0,0,0.7930892,0.20691079,0.7930892,True
non_essential_IRAK2|HGNC:6113,0,0,0.7105251,0.2894749,0.7105251,True
non_essential_NCALD|HGNC:7655,0,0,0.65143496,0.34856504,0.65143496,True
non_essential_CHADL|HGNC:25165,0,0,0.81703174,0.18296826,0.81703174,True
non_essential_ZNF695|HGNC:30954,0,0,0.44159177,0.55840826,0.55840826,True
non_essential_FAM117B|HGNC:14440,0,0,0.7093183,0.29068172,0.7093183,True
non_essential_KLHL8|HGNC:18644,0,0,0.5631565,0.4368435,0.5631565,True
non_essential_KCNE4|HGNC:6244,0,0,0.7088226,0.2911774,0.7088226,True
non_essential_INSM2|HGNC:17539,0,0,0.717092,0.28290802,0.717092,True
non_essential_IGSF8|HGNC:17813,0,0,0.6913683,0.30863172,0.6913683,True
non_essential_DDB2|HGNC:2718,0,0,0.61990476,0.38009524,0.61990476,True
non_essential_MTRNR2L3|HGNC:37157,0,0,0.54366887,0.45633113,0.54366887,True
non_essential_PARP11|HGNC:1186,0,0,0.5860111,0.4139889,0.5860111,True
non_essential_VASH2|HGNC:25723,0,0,0.61691934,0.38308066,0.61691934,True
non_essential_QRFPR|HGNC:15565,0,0,0.5538144,0.4461856,0.5538144,True
non_essential_NFE2L3|HGNC:7783,0,0,0.6056173,0.39438272,0.6056173,True
non_essential_HPF1|HGNC:26051,0,0,0.5522477,0.4477523,0.5522477,True
non_essential_PPP1R12C|HGNC:14947,0,0,0.7226319,0.27736813,0.7226319,True
non_essential_UPP2|HGNC:23061,0,0,0.47037086,0.5296291,0.5296291,True
non_essential_AURKC|HGNC:11391,0,0,0.61240906,0.38759094,0.61240906,True
non_essential_SIRPB1|HGNC:15928,0,0,0.6938452,0.3061548,0.6938452,True
non_essential_ITGB6|HGNC:6161,0,0,0.59884596,0.40115404,0.59884596,True
non_essential_FCER2|HGNC:3612,0,0,0.8751797,0.12482029,0.8751797,True
non_essential_SAA1|HGNC:10513,0,0,0.62524074,0.37475926,0.62524074,True
non_essential_ZNF235|HGNC:12866,0,0,0.48637387,0.5136261,0.5136261,True
non_essential_P4HA3|HGNC:30135,0,0,0.5951151,0.40488487,0.5951151,True
non_essential_TMEM196|HGNC:22431,0,0,0.56440467,0.43559533,0.56440467,True
non_essential_BTG1|HGNC:1130,0,0,0.5120672,0.4879328,0.5120672,True
non_essential_HSD11B1|HGNC:5208,0,0,0.5386884,0.46131158,0.5386884,True
non_essential_GIMAP7|HGNC:22404,0,0,0.48641407,0.5135859,0.5135859,True
non_essential_PRRG4|HGNC:30799,0,0,0.5146524,0.48534763,0.5146524,True
non_essential_TTC29|HGNC:29936,0,0,0.549097,0.450903,0.549097,True
non_essential_ZNF106|HGNC:12886,0,0,0.61109537,0.38890463,0.61109537,True
non_essential_FUT1|HGNC:4012,0,0,0.6696848,0.33031517,0.6696848,True
non_essential_CDRT1|HGNC:14379,0,0,0.5866415,0.4133585,0.5866415,True
non_essential_CDH18|HGNC:1757,0,0,0.6247177,0.3752823,0.6247177,True
non_essential_CPNE8|HGNC:23498,0,0,0.519542,0.48045802,0.519542,True
non_essential_CELA2A|HGNC:24609,0,0,0.7249028,0.2750972,0.7249028,True
non_essential_GSDMB|HGNC:23690,0,0,0.5964879,0.40351212,0.5964879,True
non_essential_BIN2|HGNC:1053,0,0,0.57798237,0.42201763,0.57798237,True
non_essential_LRRC28|HGNC:28355,0,0,0.5448537,0.4551463,0.5448537,True
non_essential_METTL24|HGNC:21566,0,0,0.5565715,0.44342852,0.5565715,True
non_essential_PLOD2|HGNC:9082,0,0,0.4966416,0.50335836,0.50335836,True
non_essential_LRBA|HGNC:1742,0,0,0.61406255,0.38593745,0.61406255,True
non_essential_ACPT|HGNC:14376,0,0,0.7639641,0.23603588,0.7639641,True
non_essential_SERPINA9|HGNC:15995,0,0,0.48790872,0.5120913,0.5120913,True
non_essential_OR6S1|HGNC:15363,0,0,0.561382,0.438618,0.561382,True
non_essential_NUCB1|HGNC:8043,0,0,0.824261,0.17573899,0.824261,True
non_essential_PIK3R3|HGNC:8981,0,0,0.5060621,0.4939379,0.5060621,True
non_essential_ADGRF3|HGNC:18989,0,0,0.66667837,0.33332163,0.66667837,True
non_essential_THEG|HGNC:13706,0,0,0.8778899,0.12211013,0.8778899,True
non_essential_CCL22|HGNC:10621,0,0,0.7162131,0.2837869,0.7162131,True
non_essential_ZKSCAN2|HGNC:25677,0,0,0.5471802,0.45281982,0.5471802,True
non_essential_GUCA2B|HGNC:4683,0,0,0.72080666,0.27919334,0.72080666,True
non_essential_ILDR2|HGNC:18131,0,0,0.6979543,0.3020457,0.6979543,True
non_essential_BPY2|HGNC:13508,0,0,0.48654053,0.51345944,0.51345944,True
non_essential_KPNA7|HGNC:21839,0,0,0.6031069,0.39689308,0.6031069,True
non_essential_CD1D|HGNC:1637,0,0,0.69665104,0.30334896,0.69665104,True
non_essential_UPRT|HGNC:28334,0,0,0.54873204,0.45126796,0.54873204,True
non_essential_WFIKKN2|HGNC:30916,0,0,0.89315915,0.10684085,0.89315915,True
non_essential_LRRC14|HGNC:20419,0,0,0.81591785,0.18408215,0.81591785,True
non_essential_SLC2A10|HGNC:13444,0,0,0.7148492,0.28515083,0.7148492,True
non_essential_PRAF2|HGNC:28911,0,0,0.6836634,0.31633657,0.6836634,True
non_essential_MIB2|HGNC:30577,0,0,0.76212806,0.23787194,0.76212806,True
non_essential_OR7D4|HGNC:8380,0,0,0.5376329,0.46236712,0.5376329,True
non_essential_GLUD1|HGNC:4335,0,0,0.65474796,0.34525204,0.65474796,True
non_essential_WNT8B|HGNC:12789,0,0,0.6560188,0.3439812,0.6560188,True
non_essential_ICOS|HGNC:5351,0,0,0.42976886,0.57023114,0.57023114,True
non_essential_CD164L2|HGNC:32043,0,0,0.68523,0.31476998,0.68523,True
non_essential_SLC35B4|HGNC:20584,0,0,0.6258137,0.37418628,0.6258137,True
non_essential_MARCO|HGNC:6895,0,0,0.6396837,0.36031628,0.6396837,True
non_essential_MMRN1|HGNC:7178,0,0,0.6341399,0.3658601,0.6341399,True
non_essential_ZNF556|HGNC:25669,0,0,0.5243274,0.4756726,0.5243274,True
non_essential_DUSP22|HGNC:16077,0,0,0.57687014,0.42312986,0.57687014,True
non_essential_IFNA4|HGNC:5425,0,0,0.5046403,0.49535972,0.5046403,True
non_essential_CTXN3|HGNC:31110,0,0,0.47628126,0.5237187,0.5237187,True
non_essential_MIOX|HGNC:14522,0,0,0.7356841,0.2643159,0.7356841,True
non_essential_TMEM52B|HGNC:26438,0,0,0.5446801,0.45531988,0.5446801,True
non_essential_IFI27L2|HGNC:19753,0,0,0.5373223,0.46267772,0.5373223,True
non_essential_TDRP|HGNC:26951,0,0,0.50800693,0.49199307,0.50800693,True
non_essential_SERPINA1|HGNC:8941,0,0,0.63369673,0.36630327,0.63369673,True
non_essential_JMJD7|HGNC:34397,0,0,0.67825425,0.32174575,0.67825425,True
non_essential_IFNAR2|HGNC:5433,0,0,0.4991051,0.5008949,0.5008949,True
non_essential_MMP13|HGNC:7159,0,0,0.6176232,0.3823768,0.6176232,True
non_essential_SST|HGNC:11329,0,0,0.7584123,0.2415877,0.7584123,True
non_essential_PSD2|HGNC:19092,0,0,0.65657634,0.34342366,0.65657634,True
non_essential_NCEH1|HGNC:29260,0,0,0.5971447,0.40285528,0.5971447,True
non_essential_TMEM50A|HGNC:30590,0,0,0.4701308,0.5298692,0.5298692,True
non_essential_LY6H|HGNC:6728,0,0,0.64010644,0.35989356,0.64010644,True
non_essential_TDRD12|HGNC:25044,0,0,0.53664577,0.46335423,0.53664577,True
non_essential_ASB12|HGNC:19763,0,0,0.63219976,0.36780024,0.63219976,True
non_essential_TRIM56|HGNC:19028,0,0,0.6486326,0.3513674,0.6486326,True
non_essential_RGS11|HGNC:9993,0,0,0.8699329,0.13006711,0.8699329,True
non_essential_BMP8A|HGNC:21650,0,0,0.7940642,0.20593578,0.7940642,True
non_essential_DNAJB4|HGNC:14886,0,0,0.5174666,0.4825334,0.5174666,True
non_essential_LHFPL5|HGNC:21253,0,0,0.8287932,0.17120677,0.8287932,True
non_essential_WDFY1|HGNC:20451,0,0,0.6621973,0.3378027,0.6621973,True
non_essential_MT1M|HGNC:14296,0,0,0.44026142,0.5597386,0.5597386,True
non_essential_MTNR1A|HGNC:7463,0,0,0.57613415,0.42386585,0.57613415,True
non_essential_RAG2|HGNC:9832,0,0,0.49408242,0.50591755,0.50591755,True
non_essential_PRUNE2|HGNC:25209,0,0,0.58492666,0.41507334,0.58492666,True
non_essential_TTR|HGNC:12405,0,0,0.6006538,0.39934617,0.6006538,True
non_essential_HOXD1|HGNC:5132,0,0,0.81359744,0.18640256,0.81359744,True
non_essential_RNF145|HGNC:20853,0,0,0.5415538,0.4584462,0.5415538,True
non_essential_ZNF99|HGNC:13175,0,0,0.44857693,0.5514231,0.5514231,True
non_essential_CRISP3|HGNC:16904,0,0,0.49737832,0.50262165,0.50262165,True
non_essential_SYNE2|HGNC:17084,0,0,0.6394307,0.3605693,0.6394307,True
non_essential_BPIFA1|HGNC:15749,0,0,0.74346423,0.25653577,0.74346423,True
non_essential_TPBG|HGNC:12004,0,0,0.57957333,0.42042667,0.57957333,True
non_essential_LIPJ|HGNC:21773,0,0,0.45590422,0.54409575,0.54409575,True
non_essential_IRX4|HGNC:6129,0,0,0.7529381,0.24706191,0.7529381,True
non_essential_ATP2B4|HGNC:817,0,0,0.6010332,0.3989668,0.6010332,True
non_essential_OR8D1|HGNC:8481,0,0,0.4668158,0.5331842,0.5331842,True
non_essential_LRFN5|HGNC:20360,0,0,0.5441845,0.4558155,0.5441845,True
non_essential_SLC6A15|HGNC:13621,0,0,0.51745754,0.48254246,0.51745754,True
non_essential_TMEM163|HGNC:25380,0,0,0.6282169,0.37178308,0.6282169,True
non_essential_ZNF430|HGNC:20808,0,0,0.4394203,0.56057966,0.56057966,True
non_essential_C15orf48|HGNC:29898,0,0,0.41796744,0.58203256,0.58203256,True
non_essential_IQUB|HGNC:21995,0,0,0.50095177,0.49904823,0.50095177,True
non_essential_FGD2|HGNC:3664,0,0,0.7258274,0.2741726,0.7258274,True
non_essential_TSPY4|HGNC:37287,0,0,0.6187389,0.3812611,0.6187389,True
non_essential_ATG10|HGNC:20315,0,0,0.4451748,0.5548252,0.5548252,True
non_essential_TOB2|HGNC:11980,0,0,0.6809297,0.31907028,0.6809297,True
non_essential_KCNMB4|HGNC:6289,0,0,0.6615464,0.3384536,0.6615464,True
non_essential_GNG8|HGNC:19664,0,0,0.58813095,0.41186905,0.58813095,True
non_essential_ACADSB|HGNC:91,0,0,0.5634454,0.4365546,0.5634454,True
non_essential_KRTAP1-3|HGNC:16771,0,0,0.513777,0.48622298,0.513777,True
non_essential_IL6|HGNC:6018,0,0,0.5290413,0.4709587,0.5290413,True
non_essential_ACAT1|HGNC:93,0,0,0.5231495,0.4768505,0.5231495,True
non_essential_DENND1B|HGNC:28404,0,0,0.5828637,0.4171363,0.5828637,True
non_essential_TUBB2B|HGNC:30829,0,0,0.8245502,0.17544979,0.8245502,True
non_essential_FAM104B|HGNC:25085,0,0,0.5373705,0.4626295,0.5373705,True
non_essential_CDH26|HGNC:15902,0,0,0.5268103,0.4731897,0.5268103,True
non_essential_GANC|HGNC:4139,0,0,0.54120386,0.45879614,0.54120386,True
non_essential_BCHE|HGNC:983,0,0,0.47152206,0.5284779,0.5284779,True
non_essential_IFITM3|HGNC:5414,0,0,0.69311154,0.30688846,0.69311154,True
non_essential_DTNBP1|HGNC:17328,0,0,0.65487623,0.34512377,0.65487623,True
non_essential_DOK3|HGNC:24583,0,0,0.80355364,0.19644636,0.80355364,True
non_essential_SMIM2|HGNC:28776,0,0,0.5929976,0.4070024,0.5929976,True
non_essential_GABRQ|HGNC:14454,0,0,0.570171,0.429829,0.570171,True
non_essential_AFAP1L1|HGNC:26714,0,0,0.7418003,0.2581997,0.7418003,True
non_essential_SLC25A35|HGNC:31921,0,0,0.65994567,0.34005433,0.65994567,True
non_essential_SLC7A8|HGNC:11066,0,0,0.63406044,0.36593956,0.63406044,True
non_essential_TBC1D3K|HGNC:51245,0,0,0.6831752,0.3168248,0.6831752,True
non_essential_ATHL1|HGNC:26210,0,0,0.73196846,0.26803154,0.73196846,True
non_essential_STAC|HGNC:11353,0,0,0.5811086,0.41889137,0.5811086,True
non_essential_ASCL5|HGNC:33169,0,0,0.9084336,0.091566384,0.9084336,True
non_essential_SUN2|HGNC:14210,0,0,0.737729,0.262271,0.737729,True
non_essential_NXPE4|HGNC:23117,0,0,0.5087279,0.4912721,0.5087279,True
non_essential_TMTC1|HGNC:24099,0,0,0.6833658,0.31663418,0.6833658,True
non_essential_GRAMD1A|HGNC:29305,0,0,0.70697963,0.29302037,0.70697963,True
non_essential_APOC1|HGNC:607,0,0,0.8151057,0.18489432,0.8151057,True
non_essential_GTPBP6|HGNC:30189,0,0,0.902744,0.097256005,0.902744,True
non_essential_DOK1|HGNC:2990,0,0,0.67176634,0.32823366,0.67176634,True
non_essential_SIRT2|HGNC:10886,0,0,0.77625,0.22375,0.77625,True
non_essential_RBBP9|HGNC:9892,0,0,0.48279572,0.5172043,0.5172043,True
non_essential_PLCXD3|HGNC:31822,0,0,0.49103266,0.50896734,0.50896734,True
non_essential_ZDHHC15|HGNC:20342,0,0,0.56094325,0.43905675,0.56094325,True
non_essential_IL1RN|HGNC:6000,0,0,0.61025196,0.38974804,0.61025196,True
non_essential_KIAA1143|HGNC:29198,0,0,0.52530634,0.47469366,0.52530634,True
non_essential_AK8|HGNC:26526,0,0,0.669288,0.33071202,0.669288,True
non_essential_TTC31|HGNC:25759,0,0,0.64679074,0.35320926,0.64679074,True
non_essential_GNG2|HGNC:4404,0,0,0.4648606,0.53513944,0.53513944,True
non_essential_TMEM123|HGNC:30138,0,0,0.60975635,0.39024365,0.60975635,True
non_essential_IGSF9|HGNC:18132,0,0,0.6169167,0.38308328,0.6169167,True
non_essential_PARK2|HGNC:8607,0,0,0.6304809,0.3695191,0.6304809,True
non_essential_ART3|HGNC:725,0,0,0.48326585,0.5167341,0.5167341,True
non_essential_ZNF43|HGNC:13109,0,0,0.43674833,0.5632517,0.5632517,True
non_essential_BANK1|HGNC:18233,0,0,0.52424467,0.47575533,0.52424467,True
non_essential_PRSS3|HGNC:9486,0,0,0.8119421,0.1880579,0.8119421,True
non_essential_ZNF786|HGNC:21806,0,0,0.5927913,0.40720868,0.5927913,True
non_essential_SLC26A9|HGNC:14469,0,0,0.64133257,0.35866743,0.64133257,True
non_essential_ZSCAN20|HGNC:13093,0,0,0.5982714,0.40172857,0.5982714,True
non_essential_LCE4A|HGNC:16613,0,0,0.52523047,0.47476953,0.52523047,True
non_essential_SLC27A1|HGNC:10995,0,0,0.7193276,0.28067237,0.7193276,True
non_essential_APOBEC3C|HGNC:17353,0,0,0.67970747,0.32029253,0.67970747,True
non_essential_CPLX4|HGNC:24330,0,0,0.6275182,0.37248182,0.6275182,True
non_essential_CD36|HGNC:1663,0,0,0.48439777,0.51560223,0.51560223,True
non_essential_SERPINB13|HGNC:8944,0,0,0.4757332,0.52426684,0.52426684,True
non_essential_ZNF720|HGNC:26987,0,0,0.4544101,0.5455899,0.5455899,True
non_essential_CFAP46|HGNC:25247,0,0,0.620372,0.379628,0.620372,True
non_essential_BORCS7|HGNC:23516,0,0,0.65164965,0.34835035,0.65164965,True
non_essential_MUC21|HGNC:21661,0,0,0.51111823,0.48888177,0.51111823,True
non_essential_ART5|HGNC:24049,0,0,0.6525258,0.34747422,0.6525258,True
non_essential_MAGEB2|HGNC:6809,0,0,0.6419857,0.3580143,0.6419857,True
non_essential_OR10C1|HGNC:8165,0,0,0.5972225,0.4027775,0.5972225,True
non_essential_MOXD1|HGNC:21063,0,0,0.5496732,0.4503268,0.5496732,True
non_essential_TRANK1|HGNC:29011,0,0,0.6367491,0.3632509,0.6367491,True
non_essential_NID2|HGNC:13389,0,0,0.6372901,0.36270988,0.6372901,True
non_essential_ZNF865|HGNC:38705,0,1,0.970787,0.029213011,0.970787,False
non_essential_MICB|HGNC:7091,0,0,0.71486557,0.28513443,0.71486557,True
non_essential_CRELD1|HGNC:14630,0,0,0.5789143,0.42108572,0.5789143,True
non_essential_BTBD1|HGNC:1120,0,0,0.6209639,0.37903613,0.6209639,True
non_essential_OVCH2|HGNC:29970,0,0,0.50777024,0.49222976,0.50777024,True
non_essential_SGPP2|HGNC:19953,0,0,0.65801924,0.34198076,0.65801924,True
non_essential_AADAT|HGNC:17929,0,0,0.50825226,0.49174774,0.50825226,True
non_essential_ALDOB|HGNC:417,0,0,0.6219604,0.3780396,0.6219604,True
non_essential_MFNG|HGNC:7038,0,0,0.7934433,0.20655668,0.7934433,True
non_essential_ZNF716|HGNC:32458,0,0,0.43686864,0.56313133,0.56313133,True
non_essential_GTF2A1L|HGNC:30727,0,0,0.4749177,0.5250823,0.5250823,True
non_essential_KCNC3|HGNC:6235,0,0,0.7872782,0.21272182,0.7872782,True
non_essential_CD207|HGNC:17935,0,0,0.6170015,0.38299853,0.6170015,True
non_essential_AQP6|HGNC:639,0,0,0.7222264,0.27777362,0.7222264,True
non_essential_CASP4|HGNC:1505,0,0,0.58446926,0.41553074,0.58446926,True
non_essential_ITPKC|HGNC:14897,0,0,0.61593956,0.38406044,0.61593956,True
non_essential_USP17L11|HGNC:44439,0,0,0.649178,0.35082197,0.649178,True
non_essential_FAN1|HGNC:29170,0,0,0.6056524,0.3943476,0.6056524,True
non_essential_RCN3|HGNC:21145,0,1,0.95781994,0.04218006,0.95781994,False
non_essential_GALNT2|HGNC:4124,0,0,0.61498886,0.38501114,0.61498886,True
non_essential_FAM216A|HGNC:30180,0,0,0.680396,0.31960398,0.680396,True
non_essential_ASCL4|HGNC:24311,0,0,0.8786583,0.121341705,0.8786583,True
non_essential_ZNF586|HGNC:25949,0,0,0.49110916,0.50889087,0.50889087,True
non_essential_WFDC12|HGNC:16115,0,0,0.7706079,0.22939211,0.7706079,True
non_essential_CCDC88B|HGNC:26757,0,0,0.7327257,0.26727432,0.7327257,True
non_essential_EPB41L3|HGNC:3380,0,0,0.63972163,0.36027837,0.63972163,True
non_essential_POU6F2|HGNC:21694,0,0,0.6213796,0.3786204,0.6213796,True
non_essential_CLGN|HGNC:2060,0,0,0.5207567,0.47924328,0.5207567,True
non_essential_SCMH1|HGNC:19003,0,0,0.67416877,0.32583123,0.67416877,True
non_essential_PRSS57|HGNC:31397,0,0,0.9091945,0.09080547,0.9091945,True
non_essential_TMEM40|HGNC:25620,0,0,0.6285508,0.37144917,0.6285508,True
non_essential_NEK4|HGNC:11399,0,0,0.55658406,0.44341594,0.55658406,True
non_essential_SELP|HGNC:10721,0,0,0.51354396,0.48645604,0.51354396,True
non_essential_FOXO3|HGNC:3821,0,0,0.70292664,0.29707336,0.70292664,True
non_essential_IFNA6|HGNC:5427,0,0,0.61168,0.38832003,0.61168,True
non_essential_CYP39A1|HGNC:17449,0,0,0.47363484,0.52636516,0.52636516,True
non_essential_UQCRHL|HGNC:51714,0,0,0.4277559,0.5722441,0.5722441,True
non_essential_TTC23|HGNC:25730,0,0,0.5803611,0.41963887,0.5803611,True
non_essential_DISC1|HGNC:2888,0,0,0.6486627,0.3513373,0.6486627,True
non_essential_KIAA1958|HGNC:23427,0,0,0.58837545,0.41162455,0.58837545,True
non_essential_TMEM252|HGNC:28537,0,0,0.4881702,0.5118298,0.5118298,True
non_essential_C8orf88|HGNC:44672,0,0,0.5083673,0.4916327,0.5083673,True
non_essential_KRTAP23-1|HGNC:18928,0,0,0.4639888,0.5360112,0.5360112,True
non_essential_ZFP90|HGNC:23329,0,0,0.50307846,0.49692154,0.50307846,True
non_essential_SORBS3|HGNC:30907,0,0,0.686814,0.313186,0.686814,True
non_essential_TMEM71|HGNC:26572,0,0,0.4681227,0.5318773,0.5318773,True
non_essential_MAK|HGNC:6816,0,0,0.5326209,0.4673791,0.5326209,True
non_essential_KDELR3|HGNC:6306,0,0,0.51856405,0.48143595,0.51856405,True
non_essential_IL17A|HGNC:5981,0,0,0.6004376,0.39956242,0.6004376,True
non_essential_CGREF1|HGNC:16962,0,0,0.52192163,0.47807837,0.52192163,True
non_essential_ARFGAP3|HGNC:661,0,0,0.5900867,0.4099133,0.5900867,True
non_essential_KCTD19|HGNC:24753,0,0,0.5886346,0.4113654,0.5886346,True
non_essential_SOAT2|HGNC:11178,0,0,0.7813916,0.21860838,0.7813916,True
non_essential_MLXIPL|HGNC:12744,0,0,0.68995905,0.31004095,0.68995905,True
non_essential_PXMP4|HGNC:15920,0,0,0.6772744,0.3227256,0.6772744,True
non_essential_CD1B|HGNC:1635,0,0,0.5214768,0.4785232,0.5214768,True
non_essential_CCDC28B|HGNC:28163,0,0,0.627822,0.37217802,0.627822,True
non_essential_INA|HGNC:6057,0,0,0.7863205,0.21367949,0.7863205,True
non_essential_DECR2|HGNC:2754,0,0,0.82807416,0.17192584,0.82807416,True
non_essential_TRIM49C|HGNC:38877,0,0,0.48683065,0.51316935,0.51316935,True
non_essential_C1orf168|HGNC:27295,0,0,0.49356452,0.5064355,0.5064355,True
non_essential_TTLL1|HGNC:1312,0,0,0.5932618,0.40673822,0.5932618,True
non_essential_MAP3K7CL|HGNC:16457,0,0,0.6768214,0.3231786,0.6768214,True
non_essential_SPARC|HGNC:11219,0,0,0.7198592,0.28014082,0.7198592,True
non_essential_AHNAK2|HGNC:20125,0,0,0.5899446,0.4100554,0.5899446,True
non_essential_GJA9|HGNC:19155,0,0,0.50403255,0.49596745,0.50403255,True
non_essential_FAM64A|HGNC:25483,0,0,0.7091545,0.2908455,0.7091545,True
non_essential_MYOZ2|HGNC:1330,0,0,0.43827993,0.5617201,0.5617201,True
non_essential_PTGER1|HGNC:9593,0,0,0.77344686,0.22655314,0.77344686,True
non_essential_CLEC2A|HGNC:24191,0,0,0.43393716,0.5660628,0.5660628,True
non_essential_TMEM237|HGNC:14432,0,0,0.4917088,0.50829124,0.50829124,True
non_essential_ZNF346|HGNC:16403,0,0,0.6436147,0.3563853,0.6436147,True
non_essential_MDFIC|HGNC:28870,0,0,0.63914615,0.36085385,0.63914615,True
non_essential_SYCN|HGNC:18442,0,0,0.79118925,0.20881075,0.79118925,True
non_essential_ARAP2|HGNC:16924,0,0,0.59891987,0.40108013,0.59891987,True
non_essential_CCDC62|HGNC:30723,0,0,0.6046003,0.3953997,0.6046003,True
non_essential_SELL|HGNC:10720,0,0,0.47048828,0.5295117,0.5295117,True
non_essential_GIN1|HGNC:25959,0,0,0.4576295,0.5423705,0.5423705,True
non_essential_CHST4|HGNC:1972,0,0,0.7367898,0.26321018,0.7367898,True
non_essential_ZSWIM7|HGNC:26993,0,0,0.59243464,0.40756536,0.59243464,True
non_essential_TRPV5|HGNC:3145,0,0,0.62745357,0.37254643,0.62745357,True
non_essential_FBXO46|HGNC:25069,0,0,0.6935506,0.3064494,0.6935506,True
non_essential_KLHDC8B|HGNC:28557,0,0,0.6345906,0.36540937,0.6345906,True
non_essential_VNN2|HGNC:12706,0,0,0.63569623,0.36430377,0.63569623,True
non_essential_H6PD|HGNC:4795,0,0,0.6725325,0.3274675,0.6725325,True
non_essential_SEPT9|HGNC:7323,0,0,0.8694604,0.1305396,0.8694604,True
non_essential_ZCCHC2|HGNC:22916,0,0,0.65425146,0.34574854,0.65425146,True
non_essential_WNT10B|HGNC:12775,0,0,0.7105758,0.28942418,0.7105758,True
non_essential_FBXL14|HGNC:28624,0,0,0.71458334,0.28541666,0.71458334,True
non_essential_OR4M1|HGNC:14735,0,0,0.501808,0.498192,0.501808,True
non_essential_TMEM88B|HGNC:37099,0,0,0.6555076,0.34449238,0.6555076,True
non_essential_TRIM49B|HGNC:42955,0,0,0.4933962,0.50660384,0.50660384,True
non_essential_C1orf112|HGNC:25565,0,0,0.5217254,0.47827458,0.5217254,True
non_essential_KRT24|HGNC:18527,0,0,0.5805376,0.41946238,0.5805376,True
non_essential_HSD17B11|HGNC:22960,0,0,0.59348494,0.40651506,0.59348494,True
non_essential_GPR158|HGNC:23689,0,0,0.6269639,0.3730361,0.6269639,True
non_essential_SAAL1|HGNC:25158,0,0,0.650306,0.349694,0.650306,True
non_essential_NUCB2|HGNC:8044,0,0,0.4704905,0.52950954,0.52950954,True
non_essential_CHMP1A|HGNC:8740,0,0,0.8508121,0.14918792,0.8508121,True
non_essential_VASN|HGNC:18517,0,0,0.7959906,0.20400941,0.7959906,True
non_essential_ZNF320|HGNC:13842,0,0,0.4780981,0.5219019,0.5219019,True
non_essential_ZNF714|HGNC:27124,0,0,0.48772252,0.5122775,0.5122775,True
non_essential_IRF1|HGNC:6116,0,0,0.626931,0.373069,0.626931,True
non_essential_CR1L|HGNC:2335,0,0,0.6062506,0.39374942,0.6062506,True
non_essential_OR52B6|HGNC:15211,0,0,0.5529265,0.44707352,0.5529265,True
non_essential_RNASE8|HGNC:19277,0,0,0.4580981,0.5419019,0.5419019,True
non_essential_TMEM239|HGNC:40044,0,0,0.5390062,0.46099383,0.5390062,True
non_essential_EEF2K|HGNC:24615,0,0,0.65359604,0.34640396,0.65359604,True
non_essential_SPATA20|HGNC:26125,0,0,0.66755396,0.33244604,0.66755396,True
non_essential_TRIM5|HGNC:16276,0,0,0.50638086,0.49361914,0.50638086,True
non_essential_ADCY6|HGNC:237,0,0,0.66774184,0.33225816,0.66774184,True
non_essential_PHYKPL|HGNC:28249,0,0,0.6570247,0.34297532,0.6570247,True
non_essential_MADCAM1|HGNC:6765,0,0,0.84131515,0.15868485,0.84131515,True
non_essential_TMEM116|HGNC:25084,0,0,0.50144875,0.49855125,0.50144875,True
non_essential_MCCC2|HGNC:6937,0,0,0.584834,0.41516602,0.584834,True
non_essential_TMEM61|HGNC:27296,0,0,0.8183168,0.18168318,0.8183168,True
non_essential_RHO|HGNC:10012,0,0,0.6522584,0.3477416,0.6522584,True
non_essential_ANKRD20A3|HGNC:31981,0,0,0.6385661,0.36143392,0.6385661,True
non_essential_POLR3GL|HGNC:28466,0,0,0.64483595,0.35516405,0.64483595,True
non_essential_PALD1|HGNC:23530,0,0,0.6963688,0.3036312,0.6963688,True
non_essential_TTPA|HGNC:12404,0,0,0.7267277,0.27327228,0.7267277,True
non_essential_FBXW9|HGNC:28136,0,0,0.6795572,0.3204428,0.6795572,True
non_essential_SPAG16|HGNC:23225,0,0,0.60682744,0.39317256,0.60682744,True
non_essential_PLEKHA4|HGNC:14339,0,0,0.6641518,0.3358482,0.6641518,True
non_essential_C1orf35|HGNC:19032,0,0,0.8214863,0.1785137,0.8214863,True
non_essential_ABCG2|HGNC:74,0,0,0.5822482,0.4177518,0.5822482,True
non_essential_MAB21L3|HGNC:26787,0,0,0.6152621,0.3847379,0.6152621,True
non_essential_OPN3|HGNC:14007,0,0,0.6913361,0.3086639,0.6913361,True
non_essential_ZNF225|HGNC:13018,0,0,0.50594074,0.49405926,0.50594074,True
non_essential_ZNF639|HGNC:30950,0,0,0.49372083,0.5062792,0.5062792,True
non_essential_PVALB|HGNC:9704,0,0,0.58316445,0.41683555,0.58316445,True
non_essential_ZNF583|HGNC:26427,0,0,0.48878968,0.5112103,0.5112103,True
non_essential_LRRN4|HGNC:16208,0,0,0.7256035,0.27439648,0.7256035,True
non_essential_SCFD2|HGNC:30676,0,0,0.57561946,0.42438054,0.57561946,True
non_essential_CHRNB4|HGNC:1964,0,0,0.6701466,0.32985342,0.6701466,True
non_essential_KRTAP10-8|HGNC:20525,0,0,0.539635,0.460365,0.539635,True
non_essential_SPHKAP|HGNC:30619,0,0,0.6259084,0.37409163,0.6259084,True
non_essential_KIAA1147|HGNC:29472,0,0,0.7650284,0.23497158,0.7650284,True
non_essential_PRTG|HGNC:26373,0,0,0.61742103,0.38257897,0.61742103,True
non_essential_RHBDD1|HGNC:23081,0,0,0.50710535,0.49289465,0.50710535,True
non_essential_GHITM|HGNC:17281,0,0,0.5245097,0.47549027,0.5245097,True
non_essential_CMBL|HGNC:25090,0,0,0.53636754,0.46363246,0.53636754,True
non_essential_BTBD16|HGNC:26340,0,0,0.51208717,0.48791283,0.51208717,True
non_essential_TMOD4|HGNC:11874,0,0,0.67341614,0.32658386,0.67341614,True
non_essential_FAM118B|HGNC:26110,0,0,0.5286392,0.4713608,0.5286392,True
non_essential_CHID1|HGNC:28474,0,0,0.8511242,0.14887577,0.8511242,True
non_essential_SLC25A4|HGNC:10990,0,0,0.71001816,0.28998184,0.71001816,True
non_essential_TNFSF15|HGNC:11931,0,0,0.51994497,0.48005503,0.51994497,True
non_essential_SPINK9|HGNC:32951,0,0,0.39493424,0.60506576,0.60506576,True
non_essential_CDH13|HGNC:1753,0,0,0.62426376,0.37573624,0.62426376,True
non_essential_SP5|HGNC:14529,0,0,0.8042658,0.1957342,0.8042658,True
non_essential_ZNF385C|HGNC:33722,0,0,0.6964503,0.3035497,0.6964503,True
non_essential_KRT77|HGNC:20411,0,0,0.59813374,0.40186626,0.59813374,True
non_essential_FAM13A|HGNC:19367,0,0,0.5378503,0.46214968,0.5378503,True
non_essential_POU1F1|HGNC:9210,0,0,0.46564457,0.5343554,0.5343554,True
non_essential_TMEM55A|HGNC:25452,0,0,0.50537246,0.49462754,0.50537246,True
non_essential_SDCBP2|HGNC:15756,0,0,0.71247125,0.28752875,0.71247125,True
non_essential_ANKS4B|HGNC:26795,0,0,0.5041609,0.49583912,0.5041609,True
non_essential_FAHD2B|HGNC:25318,0,0,0.5124866,0.48751342,0.5124866,True
non_essential_ZBTB8A|HGNC:24172,0,0,0.5776189,0.4223811,0.5776189,True
non_essential_ACOT11|HGNC:18156,0,0,0.64315337,0.35684663,0.64315337,True
non_essential_UGT2B7|HGNC:12554,0,0,0.4641234,0.53587663,0.53587663,True
non_essential_APP|HGNC:620,0,0,0.61442363,0.38557637,0.61442363,True
non_essential_C6orf201|HGNC:21620,0,0,0.45720872,0.54279125,0.54279125,True
non_essential_FAM110B|HGNC:28587,0,0,0.6914862,0.30851382,0.6914862,True
non_essential_ZNF670|HGNC:28167,0,0,0.47338215,0.5266179,0.5266179,True
non_essential_MALL|HGNC:6818,0,0,0.53044707,0.46955293,0.53044707,True
non_essential_MXI1|HGNC:7534,0,0,0.6952434,0.30475658,0.6952434,True
non_essential_SHISA5|HGNC:30376,0,0,0.68387693,0.31612307,0.68387693,True
non_essential_C6orf120|HGNC:21247,0,0,0.6629647,0.3370353,0.6629647,True
non_essential_EPHB6|HGNC:3396,0,0,0.6341285,0.3658715,0.6341285,True
non_essential_MESDC1|HGNC:13519,0,0,0.6845609,0.3154391,0.6845609,True
non_essential_CCL25|HGNC:10624,0,0,0.66927266,0.33072734,0.66927266,True
non_essential_PRRT2|HGNC:30500,0,0,0.67477596,0.32522404,0.67477596,True
non_essential_MOB3C|HGNC:29800,0,0,0.92326444,0.076735556,0.92326444,True
non_essential_CCNG2|HGNC:1593,0,0,0.48544607,0.5145539,0.5145539,True
non_essential_OAZ2|HGNC:8096,0,0,0.5135458,0.4864542,0.5135458,True
non_essential_PRSS48|HGNC:24635,0,0,0.495168,0.504832,0.504832,True
non_essential_MUC5AC|HGNC:7515,0,0,0.61214924,0.38785076,0.61214924,True
non_essential_KY|HGNC:26576,0,0,0.7400272,0.2599728,0.7400272,True
non_essential_TCEAL8|HGNC:28683,0,0,0.4843358,0.5156642,0.5156642,True
non_essential_GNB4|HGNC:20731,0,0,0.54104316,0.45895684,0.54104316,True
non_essential_ARMT1|HGNC:17872,0,0,0.500584,0.499416,0.500584,True
non_essential_ING4|HGNC:19423,0,0,0.5184868,0.4815132,0.5184868,True
non_essential_TACR1|HGNC:11526,0,0,0.66108036,0.33891964,0.66108036,True
non_essential_HOXA4|HGNC:5105,0,0,0.87942445,0.12057555,0.87942445,True
non_essential_DESI1|HGNC:24577,0,0,0.58199114,0.41800886,0.58199114,True
non_essential_DISP1|HGNC:19711,0,0,0.6225615,0.3774385,0.6225615,True
non_essential_PIWIL2|HGNC:17644,0,0,0.5499202,0.4500798,0.5499202,True
non_essential_MAP3K14|HGNC:6853,0,0,0.63642514,0.36357486,0.63642514,True
non_essential_ZNF322|HGNC:23640,0,0,0.4879682,0.5120318,0.5120318,True
non_essential_HTR1D|HGNC:5289,0,0,0.77464646,0.22535354,0.77464646,True
non_essential_ZNF736|HGNC:32467,0,0,0.45238,0.54762,0.54762,True
non_essential_RNF133|HGNC:21154,0,0,0.47479057,0.5252094,0.5252094,True
non_essential_RNF175|HGNC:27735,0,0,0.5182977,0.48170233,0.5182977,True
non_essential_POPDC3|HGNC:17649,0,0,0.47857276,0.5214273,0.5214273,True
non_essential_RIN3|HGNC:18751,0,0,0.69428694,0.30571306,0.69428694,True
non_essential_DNPEP|HGNC:2981,0,0,0.6426625,0.35733747,0.6426625,True
non_essential_OR11G2|HGNC:15346,0,0,0.51434046,0.48565954,0.51434046,True
non_essential_MARC1|HGNC:26189,0,0,0.6085826,0.39141738,0.6085826,True
non_essential_ARHGEF16|HGNC:15515,0,0,0.77744424,0.22255576,0.77744424,True
non_essential_FAM9B|HGNC:18404,0,0,0.54254246,0.45745754,0.54254246,True
non_essential_STX6|HGNC:11441,0,0,0.49000713,0.50999284,0.50999284,True
non_essential_SEC31A|HGNC:17052,0,0,0.58284706,0.41715294,0.58284706,True
non_essential_BCAS1|HGNC:974,0,0,0.6355583,0.3644417,0.6355583,True
non_essential_SIMC1|HGNC:24779,0,0,0.6230185,0.3769815,0.6230185,True
non_essential_MFAP3|HGNC:7034,0,0,0.5177773,0.48222268,0.5177773,True
non_essential_TNFRSF19|HGNC:11915,0,0,0.6130389,0.3869611,0.6130389,True
non_essential_FPR2|HGNC:3827,0,0,0.49878463,0.50121534,0.50121534,True
non_essential_PALM2|HGNC:15845,0,0,0.5493083,0.4506917,0.5493083,True
non_essential_FKBP15|HGNC:23397,0,0,0.5830859,0.4169141,0.5830859,True
non_essential_SCIN|HGNC:21695,0,0,0.6262881,0.37371188,0.6262881,True
non_essential_STARD5|HGNC:18065,0,0,0.6305838,0.36941618,0.6305838,True
non_essential_SNTB2|HGNC:11169,0,0,0.59855306,0.40144694,0.59855306,True
non_essential_L1TD1|HGNC:25595,0,0,0.47957987,0.52042013,0.52042013,True
non_essential_IFT74|HGNC:21424,0,0,0.5543328,0.4456672,0.5543328,True
non_essential_CCDC168|HGNC:26851,0,0,0.57877654,0.42122346,0.57877654,True
non_essential_ZNF160|HGNC:12948,0,0,0.48580578,0.51419425,0.51419425,True
non_essential_CD38|HGNC:1667,0,0,0.63289034,0.36710966,0.63289034,True
non_essential_VENTX|HGNC:13639,0,0,0.8845012,0.11549878,0.8845012,True
non_essential_STARD3|HGNC:17579,0,0,0.78775513,0.21224487,0.78775513,True
non_essential_RAB40C|HGNC:18285,0,0,0.9381648,0.06183523,0.9381648,True
non_essential_OR51T1|HGNC:15205,0,0,0.4868234,0.51317656,0.51317656,True
non_essential_COL20A1|HGNC:14670,0,0,0.68337446,0.31662554,0.68337446,True
non_essential_ABHD8|HGNC:23759,0,0,0.6558326,0.3441674,0.6558326,True
non_essential_ZNF679|HGNC:28650,0,0,0.46407196,0.535928,0.535928,True
non_essential_IL23A|HGNC:15488,0,0,0.5192308,0.48076922,0.5192308,True
non_essential_FETUB|HGNC:3658,0,0,0.49682713,0.5031729,0.5031729,True
non_essential_KLK14|HGNC:6362,0,0,0.7307132,0.2692868,0.7307132,True
non_essential_KLK2|HGNC:6363,0,0,0.57984877,0.42015123,0.57984877,True
non_essential_MATK|HGNC:6906,0,0,0.86008877,0.13991123,0.86008877,True
non_essential_TAS2R5|HGNC:14912,0,0,0.5212692,0.4787308,0.5212692,True
non_essential_DAZ4|HGNC:15966,0,0,0.44661754,0.55338246,0.55338246,True
non_essential_RCN2|HGNC:9935,0,0,0.5836241,0.41637588,0.5836241,True
non_essential_FMO4|HGNC:3772,0,0,0.55971646,0.44028354,0.55971646,True
non_essential_GALNT6|HGNC:4128,0,0,0.63466895,0.36533105,0.63466895,True
non_essential_CRYBA4|HGNC:2396,0,0,0.65188026,0.34811974,0.65188026,True
non_essential_ZNF365|HGNC:18194,0,0,0.52717435,0.47282565,0.52717435,True
non_essential_LRRC75B|HGNC:33155,0,0,0.9187374,0.08126259,0.9187374,True
non_essential_TRIM64|HGNC:14663,0,0,0.49049833,0.5095017,0.5095017,True
non_essential_SALL2|HGNC:10526,0,0,0.61825967,0.38174033,0.61825967,True
non_essential_AP5M1|HGNC:20192,0,0,0.50008875,0.49991125,0.50008875,True
non_essential_RECQL4|HGNC:9949,0,0,0.73680717,0.26319283,0.73680717,True
non_essential_CXorf49|HGNC:30891,0,0,0.7371575,0.26284248,0.7371575,True
non_essential_ZNF264|HGNC:13057,0,0,0.5104209,0.48957908,0.5104209,True
non_essential_PRKAA2|HGNC:9377,0,0,0.5829153,0.4170847,0.5829153,True
non_essential_HFM1|HGNC:20193,0,0,0.5164348,0.4835652,0.5164348,True
non_essential_ZFYVE21|HGNC:20760,0,0,0.8340073,0.16599268,0.8340073,True
non_essential_BTBD18|HGNC:37214,0,0,0.52113795,0.47886205,0.52113795,True
non_essential_GPRC5D|HGNC:13310,0,0,0.58529687,0.41470313,0.58529687,True
non_essential_IZUMO4|HGNC:26950,0,0,0.8733418,0.1266582,0.8733418,True
non_essential_HAO2|HGNC:4810,0,0,0.58053356,0.41946644,0.58053356,True
non_essential_FPR3|HGNC:3828,0,0,0.5954606,0.4045394,0.5954606,True
non_essential_NEU3|HGNC:7760,0,0,0.60948414,0.39051586,0.60948414,True
non_essential_DHX32|HGNC:16717,0,0,0.616529,0.383471,0.616529,True
non_essential_GSR|HGNC:4623,0,0,0.6547618,0.3452382,0.6547618,True
non_essential_CHST1|HGNC:1969,0,0,0.75160867,0.24839133,0.75160867,True
non_essential_TMEM31|HGNC:28601,0,0,0.55976504,0.44023496,0.55976504,True
non_essential_OR8H3|HGNC:15309,0,0,0.48108807,0.51891196,0.51891196,True
non_essential_UGT3A1|HGNC:26625,0,0,0.4978247,0.50217533,0.50217533,True
non_essential_SNX16|HGNC:14980,0,0,0.486958,0.513042,0.513042,True
non_essential_EEF1B2|HGNC:3208,0,0,0.48193756,0.5180625,0.5180625,True
non_essential_SERPINB10|HGNC:8942,0,0,0.48473257,0.51526743,0.51526743,True
non_essential_PMFBP1|HGNC:17728,0,0,0.68508387,0.31491613,0.68508387,True
non_essential_ARHGAP8|HGNC:677,0,0,0.7531433,0.24685669,0.7531433,True
non_essential_DYNAP|HGNC:26808,0,0,0.47580338,0.5241966,0.5241966,True
non_essential_GBA2|HGNC:18986,0,0,0.6396177,0.36038232,0.6396177,True
non_essential_TEKT5|HGNC:26554,0,0,0.7290455,0.2709545,0.7290455,True
non_essential_VWA5A|HGNC:6658,0,0,0.5951406,0.40485942,0.5951406,True
non_essential_TAAR2|HGNC:4514,0,0,0.4351588,0.5648412,0.5648412,True
non_essential_PDXDC1|HGNC:28995,0,0,0.61812526,0.38187474,0.61812526,True
non_essential_ZNF546|HGNC:28671,0,0,0.48002303,0.519977,0.519977,True
non_essential_MYCT1|HGNC:23172,0,0,0.51703477,0.48296523,0.51703477,True
non_essential_MB21D1|HGNC:21367,0,0,0.6080215,0.3919785,0.6080215,True
non_essential_ERMN|HGNC:29208,0,0,0.46663857,0.53336143,0.53336143,True
non_essential_OR6Q1|HGNC:15302,0,0,0.58873785,0.41126215,0.58873785,True
non_essential_GREB1|HGNC:24885,0,0,0.70920473,0.29079527,0.70920473,True
non_essential_MUC17|HGNC:16800,0,0,0.59534115,0.40465885,0.59534115,True
non_essential_CD244|HGNC:18171,0,0,0.5210437,0.47895628,0.5210437,True
non_essential_ANKRD34B|HGNC:33736,0,0,0.5203323,0.47966772,0.5203323,True
non_essential_GYPE|HGNC:4705,0,0,0.41533452,0.5846655,0.5846655,True
non_essential_PTH2|HGNC:30828,0,0,0.5305161,0.4694839,0.5305161,True
non_essential_AKR1D1|HGNC:388,0,0,0.592067,0.407933,0.592067,True
non_essential_GNGT2|HGNC:4412,0,0,0.58047193,0.41952807,0.58047193,True
non_essential_OR7G2|HGNC:8466,0,0,0.56484467,0.43515533,0.56484467,True
non_essential_RBMY1A1|HGNC:9912,0,0,0.5160707,0.48392928,0.5160707,True
non_essential_UBE2V1|HGNC:12494,0,0,0.4990559,0.50094414,0.50094414,True
non_essential_TPK1|HGNC:17358,0,0,0.51689136,0.48310864,0.51689136,True
non_essential_KRTAP9-7|HGNC:18915,0,0,0.43415716,0.56584287,0.56584287,True
non_essential_WISP1|HGNC:12769,0,0,0.7225562,0.27744383,0.7225562,True
non_essential_LRRC4|HGNC:15586,0,0,0.6559764,0.3440236,0.6559764,True
non_essential_CKLF|HGNC:13253,0,0,0.48820183,0.51179814,0.51179814,True
non_essential_LY6K|HGNC:24225,0,0,0.47124124,0.52875876,0.52875876,True
non_essential_CHST12|HGNC:17423,0,0,0.8189565,0.1810435,0.8189565,True
non_essential_CCDC30|HGNC:26103,0,0,0.48824114,0.51175886,0.51175886,True
non_essential_PDGFD|HGNC:30620,0,0,0.52257746,0.47742254,0.52257746,True
non_essential_FAM47A|HGNC:29962,0,0,0.63334423,0.36665577,0.63334423,True
non_essential_C11orf52|HGNC:30531,0,0,0.54300886,0.45699114,0.54300886,True
non_essential_AOX1|HGNC:553,0,0,0.60039574,0.39960426,0.60039574,True
non_essential_SLC39A11|HGNC:14463,0,0,0.63050205,0.36949795,0.63050205,True
non_essential_DPYD|HGNC:3012,0,0,0.62355185,0.37644815,0.62355185,True
non_essential_TMEM92|HGNC:26579,0,0,0.6240968,0.3759032,0.6240968,True
non_essential_C8B|HGNC:1353,0,0,0.58951175,0.41048825,0.58951175,True
non_essential_CNPPD1|HGNC:25220,0,0,0.7985925,0.20140749,0.7985925,True
non_essential_FAM216B|HGNC:26883,0,0,0.5119518,0.4880482,0.5119518,True
non_essential_HIST1H4I|HGNC:4793,0,0,0.6179875,0.3820125,0.6179875,True
non_essential_MAP6D1|HGNC:25753,0,0,0.94484764,0.055152357,0.94484764,True
non_essential_DTWD1|HGNC:30926,0,0,0.45894206,0.54105794,0.54105794,True
non_essential_GYG2|HGNC:4700,0,0,0.6419766,0.3580234,0.6419766,True
non_essential_FAM71B|HGNC:28397,0,0,0.61390907,0.38609093,0.61390907,True
non_essential_CT47A3|HGNC:33284,0,0,0.78890824,0.21109176,0.78890824,True
non_essential_C14orf119|HGNC:20270,0,0,0.47274297,0.527257,0.527257,True
non_essential_CPLX2|HGNC:2310,0,0,0.7882353,0.2117647,0.7882353,True
non_essential_PEX5L|HGNC:30024,0,0,0.5355038,0.4644962,0.5355038,True
non_essential_MUC12|HGNC:7510,0,0,0.56077033,0.43922967,0.56077033,True
non_essential_TNFSF10|HGNC:11925,0,0,0.5005966,0.49940342,0.5005966,True
non_essential_CAST|HGNC:1515,0,0,0.5539635,0.44603652,0.5539635,True
non_essential_ZP1|HGNC:13187,0,0,0.7680961,0.23190391,0.7680961,True
non_essential_CXCR1|HGNC:6026,0,0,0.61360353,0.38639647,0.61360353,True
non_essential_SMCP|HGNC:6962,0,0,0.49820608,0.5017939,0.5017939,True
non_essential_PNMAL2|HGNC:29206,0,0,0.666026,0.333974,0.666026,True
non_essential_EXD2|HGNC:20217,0,0,0.5479113,0.4520887,0.5479113,True
non_essential_ADM5|HGNC:27293,0,0,0.7116829,0.28831708,0.7116829,True
non_essential_LOXL3|HGNC:13869,0,0,0.62225544,0.37774456,0.62225544,True
non_essential_ESPNL|HGNC:27937,0,0,0.71900135,0.28099865,0.71900135,True
non_essential_EFR3B|HGNC:29155,0,0,0.74874705,0.25125295,0.74874705,True
non_essential_ZNF175|HGNC:12964,0,0,0.49359357,0.5064064,0.5064064,True
non_essential_USP54|HGNC:23513,0,0,0.59017086,0.40982914,0.59017086,True
non_essential_CGA|HGNC:1885,0,0,0.48980796,0.51019204,0.51019204,True
non_essential_ACOT7|HGNC:24157,0,0,0.6926659,0.30733413,0.6926659,True
non_essential_CPB1|HGNC:2299,0,0,0.68620074,0.31379926,0.68620074,True
non_essential_SIGLEC10|HGNC:15620,0,0,0.82592744,0.17407256,0.82592744,True
non_essential_OR11H6|HGNC:15349,0,0,0.4329113,0.5670887,0.5670887,True
non_essential_MCTP2|HGNC:25636,0,0,0.59271586,0.40728414,0.59271586,True
non_essential_EPYC|HGNC:3053,0,0,0.5402807,0.4597193,0.5402807,True
non_essential_PKP4|HGNC:9026,0,0,0.62698823,0.37301177,0.62698823,True
non_essential_OR4M2|HGNC:15373,0,0,0.48265716,0.5173428,0.5173428,True
non_essential_FAM73A|HGNC:24741,0,0,0.62839025,0.37160975,0.62839025,True
non_essential_ARL5A|HGNC:696,0,0,0.4446574,0.5553426,0.5553426,True
non_essential_C12orf57|HGNC:29521,0,0,0.6905399,0.3094601,0.6905399,True
non_essential_SV2B|HGNC:16874,0,0,0.61774164,0.38225836,0.61774164,True
non_essential_HMGN4|HGNC:4989,0,0,0.8863573,0.11364269,0.8863573,True
non_essential_OR5V1|HGNC:13972,0,0,0.4603257,0.5396743,0.5396743,True
non_essential_FAM222A|HGNC:25915,0,0,0.85612357,0.14387643,0.85612357,True
non_essential_P2RY10|HGNC:19906,0,0,0.52896035,0.47103965,0.52896035,True
non_essential_TMEM69|HGNC:28035,0,0,0.4536033,0.54639673,0.54639673,True
non_essential_PTAFR|HGNC:9582,0,0,0.64299124,0.35700876,0.64299124,True
non_essential_TRDN|HGNC:12261,0,0,0.49230993,0.5076901,0.5076901,True
non_essential_KCNH1|HGNC:6250,0,0,0.5821643,0.4178357,0.5821643,True
non_essential_ZNF549|HGNC:26632,0,0,0.5302051,0.46979493,0.5302051,True
non_essential_TMPPE|HGNC:33865,0,0,0.68338686,0.31661314,0.68338686,True
non_essential_GTSF1L|HGNC:16198,0,0,0.61837584,0.38162416,0.61837584,True
non_essential_ZNF514|HGNC:25894,0,0,0.4840037,0.51599634,0.51599634,True
non_essential_UCP1|HGNC:12517,0,0,0.5872981,0.4127019,0.5872981,True
non_essential_CLIC6|HGNC:2065,0,0,0.6976311,0.30236888,0.6976311,True
non_essential_FAM50B|HGNC:18789,0,0,0.87915385,0.12084615,0.87915385,True
non_essential_MGME1|HGNC:16205,0,0,0.5007908,0.49920923,0.5007908,True
non_essential_PTPN20|HGNC:23423,0,0,0.5149286,0.48507142,0.5149286,True
non_essential_PRELP|HGNC:9357,0,0,0.634003,0.36599702,0.634003,True
non_essential_KLC1|HGNC:6387,0,0,0.62861896,0.37138104,0.62861896,True
non_essential_ACSM1|HGNC:18049,0,0,0.6507656,0.3492344,0.6507656,True
non_essential_OR2A12|HGNC:15082,0,0,0.50491214,0.49508786,0.50491214,True
non_essential_IVD|HGNC:6186,0,0,0.7598274,0.24017262,0.7598274,True
non_essential_MLF1|HGNC:7125,0,0,0.5252513,0.47474867,0.5252513,True
non_essential_MTRNR2L8|HGNC:37165,0,0,0.48033443,0.5196656,0.5196656,True
non_essential_KRBOX4|HGNC:26007,0,0,0.479051,0.520949,0.520949,True
non_essential_TMEM106C|HGNC:28775,0,0,0.523107,0.476893,0.523107,True
non_essential_INAFM1|HGNC:27406,0,0,0.59661674,0.40338326,0.59661674,True
non_essential_SHROOM2|HGNC:630,0,0,0.6697561,0.3302439,0.6697561,True
non_essential_SIAH2|HGNC:10858,0,0,0.71559983,0.28440017,0.71559983,True
non_essential_NT5DC3|HGNC:30826,0,0,0.7422622,0.25773782,0.7422622,True
non_essential_ZNF37A|HGNC:13102,0,0,0.4887587,0.5112413,0.5112413,True
non_essential_CREM|HGNC:2352,0,0,0.49221775,0.5077822,0.5077822,True
non_essential_SH3GLB2|HGNC:10834,0,0,0.82236737,0.17763263,0.82236737,True
non_essential_DUSP15|HGNC:16236,0,0,0.7869294,0.21307057,0.7869294,True
non_essential_OSM|HGNC:8506,0,0,0.76755357,0.23244643,0.76755357,True
non_essential_ENTPD4|HGNC:14573,0,0,0.5545752,0.4454248,0.5545752,True
non_essential_CKMT2|HGNC:1996,0,0,0.6240362,0.3759638,0.6240362,True
non_essential_TAAR8|HGNC:14964,0,0,0.47381073,0.52618927,0.52618927,True
non_essential_AK5|HGNC:365,0,0,0.62354064,0.37645936,0.62354064,True
non_essential_EPPIN|HGNC:15932,0,0,0.40463573,0.5953643,0.5953643,True
non_essential_CHST10|HGNC:19650,0,0,0.5962257,0.40377432,0.5962257,True
non_essential_PGR|HGNC:8910,0,0,0.6031977,0.3968023,0.6031977,True
non_essential_MAN2A2|HGNC:6825,0,0,0.7255162,0.2744838,0.7255162,True
non_essential_FOPNL|HGNC:26435,0,0,0.43872267,0.56127733,0.56127733,True
non_essential_C1QL4|HGNC:31416,0,0,0.828813,0.17118698,0.828813,True
non_essential_STARD10|HGNC:10666,0,0,0.82555443,0.17444557,0.82555443,True
non_essential_C10orf10|HGNC:23355,0,0,0.5939783,0.4060217,0.5939783,True
non_essential_CACNB4|HGNC:1404,0,0,0.60490906,0.39509094,0.60490906,True
non_essential_STAP1|HGNC:24133,0,0,0.4833696,0.5166304,0.5166304,True
non_essential_ISM1|HGNC:16213,0,0,0.6584696,0.34153038,0.6584696,True
non_essential_CFAP126|HGNC:32325,0,0,0.5926932,0.4073068,0.5926932,True
non_essential_F2RL3|HGNC:3540,0,0,0.89210737,0.10789263,0.89210737,True
non_essential_VKORC1L1|HGNC:21492,0,0,0.62384,0.37616003,0.62384,True
non_essential_PPIAL4A|HGNC:24369,0,0,0.5256734,0.4743266,0.5256734,True
non_essential_VSIG4|HGNC:17032,0,0,0.54498523,0.45501477,0.54498523,True
non_essential_KRTAP10-11|HGNC:20528,0,0,0.72533435,0.27466565,0.72533435,True
non_essential_TRIM35|HGNC:16285,0,1,0.95287377,0.047126234,0.95287377,False
non_essential_CEL|HGNC:1848,0,0,0.74995035,0.25004965,0.74995035,True
non_essential_AVPR1B|HGNC:896,0,0,0.85729796,0.14270204,0.85729796,True
non_essential_GPR1|HGNC:4463,0,0,0.5017029,0.4982971,0.5017029,True
non_essential_OTOP2|HGNC:19657,0,0,0.6850308,0.31496918,0.6850308,True
non_essential_ECSCR|HGNC:35454,0,0,0.592884,0.407116,0.592884,True
non_essential_B3GNT3|HGNC:13528,0,0,0.7036574,0.2963426,0.7036574,True
non_essential_AKR1A1|HGNC:380,0,0,0.5869398,0.4130602,0.5869398,True
non_essential_FAM153A|HGNC:29940,0,0,0.5105077,0.4894923,0.5105077,True
non_essential_ATP13A4|HGNC:25422,0,0,0.5547462,0.4452538,0.5547462,True
non_essential_SLC22A16|HGNC:20302,0,0,0.5812423,0.41875768,0.5812423,True
non_essential_PNMA2|HGNC:9159,0,0,0.60499245,0.39500755,0.60499245,True
non_essential_IFT140|HGNC:29077,0,0,0.68174535,0.31825465,0.68174535,True
non_essential_DPY19L2|HGNC:19414,0,0,0.61776704,0.38223296,0.61776704,True
non_essential_SERPINE3|HGNC:24774,0,0,0.6278484,0.3721516,0.6278484,True
non_essential_CYP2B6|HGNC:2615,0,0,0.6653188,0.3346812,0.6653188,True
non_essential_PTPRCAP|HGNC:9667,0,0,0.6175388,0.3824612,0.6175388,True
non_essential_RHOXF2|HGNC:30011,0,0,0.67754644,0.32245356,0.67754644,True
non_essential_ZNF570|HGNC:26416,0,0,0.48148024,0.51851976,0.51851976,True
non_essential_CDK15|HGNC:14434,0,0,0.60419375,0.39580625,0.60419375,True
non_essential_LAD1|HGNC:6472,0,0,0.6817194,0.31828058,0.6817194,True
non_essential_TMEM114|HGNC:33227,0,0,0.69289464,0.30710536,0.69289464,True
non_essential_ARRDC1|HGNC:28633,0,0,0.68520325,0.31479675,0.68520325,True
non_essential_BPGM|HGNC:1093,0,0,0.5537312,0.4462688,0.5537312,True
non_essential_TMEM127|HGNC:26038,0,0,0.68833524,0.31166476,0.68833524,True
non_essential_ARHGEF39|HGNC:25909,0,0,0.6733432,0.32665682,0.6733432,True
non_essential_MCHR1|HGNC:4479,0,0,0.654953,0.345047,0.654953,True
non_essential_EPHA10|HGNC:19987,0,0,0.6760741,0.3239259,0.6760741,True
non_essential_CAPN13|HGNC:16663,0,0,0.66296893,0.33703107,0.66296893,True
non_essential_C11orf1|HGNC:1163,0,0,0.5044442,0.49555582,0.5044442,True
non_essential_USP9Y|HGNC:12633,0,0,0.57294464,0.42705536,0.57294464,True
non_essential_NDUFV3|HGNC:7719,0,0,0.6479633,0.3520367,0.6479633,True
non_essential_IFNL2|HGNC:18364,0,0,0.63530356,0.36469644,0.63530356,True
non_essential_PNRC1|HGNC:17278,0,0,0.6651085,0.3348915,0.6651085,True
non_essential_ZNF20|HGNC:12992,0,0,0.46465075,0.53534925,0.53534925,True
non_essential_DNAI2|HGNC:18744,0,0,0.73471195,0.26528805,0.73471195,True
non_essential_ZNF735|HGNC:32466,0,0,0.5011254,0.4988746,0.5011254,True
non_essential_MS4A3|HGNC:7317,0,0,0.47565487,0.52434516,0.52434516,True
non_essential_CMTM1|HGNC:19172,0,0,0.58358085,0.41641915,0.58358085,True
non_essential_KIR3DL3|HGNC:16312,0,0,0.6639299,0.33607012,0.6639299,True
non_essential_SLC2A11|HGNC:14239,0,0,0.7384889,0.2615111,0.7384889,True
non_essential_TECRL|HGNC:27365,0,0,0.4946979,0.5053021,0.5053021,True
non_essential_FEM1A|HGNC:16934,0,0,0.77034897,0.22965103,0.77034897,True
non_essential_PRR3|HGNC:21149,0,0,0.7002439,0.2997561,0.7002439,True
non_essential_BPHL|HGNC:1094,0,0,0.6134527,0.38654733,0.6134527,True
non_essential_ZBTB46|HGNC:16094,0,0,0.88913167,0.110868335,0.88913167,True
non_essential_IL7R|HGNC:6024,0,0,0.49235806,0.5076419,0.5076419,True
non_essential_ERI3|HGNC:17276,0,0,0.5787198,0.4212802,0.5787198,True
non_essential_SMYD5|HGNC:16258,0,0,0.6812613,0.3187387,0.6812613,True
non_essential_SCGB2A1|HGNC:7051,0,0,0.46760815,0.53239185,0.53239185,True
non_essential_CRYM|HGNC:2418,0,0,0.67142975,0.32857025,0.67142975,True
non_essential_MAT1A|HGNC:6903,0,0,0.7721234,0.2278766,0.7721234,True
non_essential_PATE1|HGNC:24664,0,0,0.4385134,0.5614866,0.5614866,True
non_essential_GARNL3|HGNC:25425,0,0,0.5955669,0.40443307,0.5955669,True
non_essential_LYRM2|HGNC:25229,0,0,0.5009461,0.4990539,0.5009461,True
non_essential_ZNF142|HGNC:12927,0,0,0.62307996,0.37692004,0.62307996,True
non_essential_UBE2QL1|HGNC:37269,0,0,0.6972706,0.30272943,0.6972706,True
non_essential_PXYLP1|HGNC:26303,0,0,0.5796759,0.4203241,0.5796759,True
non_essential_NMNAT3|HGNC:20989,0,0,0.6229221,0.37707788,0.6229221,True
non_essential_LRP2BP|HGNC:25434,0,0,0.54823434,0.45176566,0.54823434,True
non_essential_CLDN20|HGNC:2042,0,0,0.49416795,0.5058321,0.5058321,True
non_essential_CENPU|HGNC:21348,0,0,0.5356061,0.4643939,0.5356061,True
non_essential_CTLA4|HGNC:2505,0,0,0.48808053,0.5119195,0.5119195,True
non_essential_BFAR|HGNC:17613,0,0,0.5576968,0.44230318,0.5576968,True
non_essential_DDAH2|HGNC:2716,0,0,0.87676215,0.12323785,0.87676215,True
non_essential_PAGE2|HGNC:31804,0,0,0.4262218,0.5737782,0.5737782,True
non_essential_GLIPR1|HGNC:17001,0,0,0.58958215,0.41041785,0.58958215,True
non_essential_CLEC4M|HGNC:13523,0,0,0.6881535,0.3118465,0.6881535,True
non_essential_OSMR|HGNC:8507,0,0,0.4900603,0.5099397,0.5099397,True
non_essential_SORL1|HGNC:11185,0,0,0.6307667,0.3692333,0.6307667,True
non_essential_VAX2|HGNC:12661,0,0,0.70528895,0.29471105,0.70528895,True
non_essential_CDKL1|HGNC:1781,0,0,0.5378921,0.4621079,0.5378921,True
non_essential_IL36A|HGNC:15562,0,0,0.48581725,0.51418275,0.51418275,True
non_essential_TIGD4|HGNC:18335,0,0,0.514481,0.485519,0.514481,True
non_essential_ACTR3C|HGNC:37282,0,0,0.58703154,0.41296846,0.58703154,True
non_essential_CYP2A6|HGNC:2610,0,0,0.7055481,0.2944519,0.7055481,True
non_essential_GPR132|HGNC:17482,0,0,0.7716364,0.22836357,0.7716364,True
non_essential_CFI|HGNC:5394,0,0,0.48778322,0.5122168,0.5122168,True
non_essential_CLSTN1|HGNC:17447,0,0,0.63473207,0.36526793,0.63473207,True
non_essential_MARCH3|HGNC:28728,0,0,0.61913455,0.38086545,0.61913455,True
non_essential_PANK2|HGNC:15894,0,0,0.6208235,0.3791765,0.6208235,True
non_essential_RAB9B|HGNC:14090,0,0,0.49845096,0.501549,0.501549,True
non_essential_DNAJC27|HGNC:30290,0,0,0.51968646,0.48031354,0.51968646,True
non_essential_METTL10|HGNC:33787,0,0,0.53122723,0.46877277,0.53122723,True
non_essential_C20orf96|HGNC:16227,0,0,0.6422142,0.35778582,0.6422142,True
non_essential_MOAP1|HGNC:16658,0,0,0.5427475,0.4572525,0.5427475,True
non_essential_ZNF79|HGNC:13153,0,0,0.5128836,0.4871164,0.5128836,True
non_essential_C14orf39|HGNC:19849,0,0,0.48349258,0.5165074,0.5165074,True
non_essential_CPPED1|HGNC:25632,0,0,0.80782056,0.19217944,0.80782056,True
non_essential_IRX1|HGNC:14358,0,0,0.8640923,0.13590771,0.8640923,True
non_essential_SMOC2|HGNC:20323,0,0,0.73692095,0.26307905,0.73692095,True
non_essential_FAM109A|HGNC:26509,0,0,0.93902373,0.060976267,0.93902373,True
non_essential_TRIM58|HGNC:24150,0,0,0.70280015,0.29719985,0.70280015,True
non_essential_DUSP27|HGNC:25034,0,0,0.6118735,0.3881265,0.6118735,True
non_essential_SLC25A27|HGNC:21065,0,0,0.6326759,0.3673241,0.6326759,True
non_essential_BCL9|HGNC:1008,0,0,0.63788503,0.36211497,0.63788503,True
non_essential_FOXR1|HGNC:29980,0,0,0.634508,0.365492,0.634508,True
non_essential_HSF4|HGNC:5227,0,0,0.7259272,0.27407283,0.7259272,True
non_essential_FAM172A|HGNC:25365,0,0,0.5121643,0.4878357,0.5121643,True
non_essential_OSBP2|HGNC:8504,0,0,0.7573106,0.24268937,0.7573106,True
non_essential_CCDC70|HGNC:25303,0,0,0.6897663,0.3102337,0.6897663,True
non_essential_NEU4|HGNC:21328,0,0,0.86789167,0.13210833,0.86789167,True
non_essential_EFCAB11|HGNC:20357,0,0,0.5268593,0.47314072,0.5268593,True
non_essential_BTBD9|HGNC:21228,0,0,0.5057946,0.49420542,0.5057946,True
non_essential_ACP1|HGNC:122,0,0,0.5034039,0.4965961,0.5034039,True
non_essential_ARHGEF5|HGNC:13209,0,0,0.6321398,0.3678602,0.6321398,True
non_essential_LUC7L|HGNC:6723,0,0,0.7120143,0.28798568,0.7120143,True
non_essential_ACYP2|HGNC:180,0,0,0.4825074,0.5174926,0.5174926,True
non_essential_ARSB|HGNC:714,0,0,0.53579015,0.46420985,0.53579015,True
non_essential_CAP2|HGNC:20039,0,0,0.5779998,0.42200023,0.5779998,True
non_essential_TRHR|HGNC:12299,0,0,0.45034453,0.54965544,0.54965544,True
non_essential_POTEI|HGNC:37093,0,0,0.6609554,0.33904457,0.6609554,True
non_essential_FAHD2A|HGNC:24252,0,0,0.50868046,0.49131954,0.50868046,True
non_essential_MYSM1|HGNC:29401,0,0,0.53658634,0.46341366,0.53658634,True
non_essential_KIAA1024L|HGNC:33914,0,0,0.45856264,0.5414374,0.5414374,True
non_essential_ACP5|HGNC:124,0,0,0.6768361,0.32316393,0.6768361,True
non_essential_SERGEF|HGNC:17499,0,0,0.6559462,0.3440538,0.6559462,True
non_essential_SNAI3|HGNC:18411,0,0,0.86697406,0.13302594,0.86697406,True
non_essential_OPLAH|HGNC:8149,0,0,0.919875,0.080124974,0.919875,True
non_essential_OSTN|HGNC:29961,0,0,0.5173794,0.4826206,0.5173794,True
non_essential_ABCB1|HGNC:40,0,0,0.56297135,0.43702865,0.56297135,True
non_essential_OR1F1|HGNC:8194,0,0,0.4975633,0.5024367,0.5024367,True
non_essential_CYB561D2|HGNC:30253,0,0,0.64121145,0.35878855,0.64121145,True
non_essential_ECI2|HGNC:14601,0,0,0.5692138,0.4307862,0.5692138,True
non_essential_GJB6|HGNC:4288,0,0,0.6210524,0.37894762,0.6210524,True
non_essential_ZNF460|HGNC:21628,0,0,0.5502142,0.44978583,0.5502142,True
non_essential_NABP1|HGNC:26232,0,0,0.4606236,0.5393764,0.5393764,True
non_essential_STYK1|HGNC:18889,0,0,0.6429451,0.3570549,0.6429451,True
non_essential_RIMBP3B|HGNC:33891,0,0,0.6679829,0.33201712,0.6679829,True
non_essential_DEC1|HGNC:23658,0,0,0.49109367,0.50890636,0.50890636,True
non_essential_ZFP92|HGNC:12865,0,0,0.7264448,0.27355522,0.7264448,True
non_essential_KCNN4|HGNC:6293,0,0,0.7739541,0.2260459,0.7739541,True
non_essential_NT5C1A|HGNC:17819,0,0,0.7346407,0.26535928,0.7346407,True
non_essential_UBAC1|HGNC:30221,0,0,0.80176765,0.19823235,0.80176765,True
non_essential_PVRIG|HGNC:32190,0,0,0.7140843,0.28591567,0.7140843,True
non_essential_OR5K3|HGNC:31290,0,0,0.47510362,0.5248964,0.5248964,True
non_essential_NMT2|HGNC:7858,0,0,0.54486346,0.45513654,0.54486346,True
non_essential_MLNR|HGNC:4495,0,0,0.6684148,0.33158523,0.6684148,True
non_essential_USP44|HGNC:20064,0,0,0.569088,0.43091202,0.569088,True
non_essential_IL17RD|HGNC:17616,0,0,0.6721834,0.3278166,0.6721834,True
non_essential_HIST1H2BI|HGNC:4756,0,0,0.7648697,0.23513031,0.7648697,True
non_essential_TMEM231|HGNC:37234,0,0,0.72289896,0.27710104,0.72289896,True
non_essential_ZNF329|HGNC:14209,0,0,0.42555034,0.57444966,0.57444966,True
non_essential_MTRR|HGNC:7473,0,0,0.5280393,0.47196072,0.5280393,True
non_essential_ADAMTS5|HGNC:221,0,0,0.56532323,0.43467677,0.56532323,True
non_essential_ASAP3|HGNC:14987,0,0,0.7754829,0.2245171,0.7754829,True
non_essential_TMEM18|HGNC:25257,0,0,0.6956193,0.3043807,0.6956193,True
non_essential_GPX5|HGNC:4557,0,0,0.5944385,0.4055615,0.5944385,True
non_essential_OIT3|HGNC:29953,0,0,0.7106147,0.28938532,0.7106147,True
non_essential_TRMT10B|HGNC:26454,0,0,0.4869359,0.5130641,0.5130641,True
non_essential_CCL21|HGNC:10620,0,0,0.61535555,0.38464445,0.61535555,True
non_essential_OR4L1|HGNC:15356,0,0,0.4917838,0.5082162,0.5082162,True
non_essential_ZNF483|HGNC:23384,0,0,0.5102933,0.4897067,0.5102933,True
non_essential_EVA1C|HGNC:13239,0,0,0.60043186,0.39956814,0.60043186,True
non_essential_DKK2|HGNC:2892,0,0,0.6322307,0.3677693,0.6322307,True
non_essential_PDE3B|HGNC:8779,0,0,0.62649095,0.37350905,0.62649095,True
non_essential_TMC7|HGNC:23000,0,0,0.61777925,0.38222075,0.61777925,True
non_essential_TESC|HGNC:26065,0,0,0.6859585,0.3140415,0.6859585,True
non_essential_ERICH6|HGNC:28602,0,0,0.61603504,0.38396496,0.61603504,True
non_essential_FAM117A|HGNC:24179,0,0,0.71742666,0.28257334,0.71742666,True
non_essential_PAFAH1B3|HGNC:8576,0,0,0.7542549,0.24574512,0.7542549,True
non_essential_HDAC11|HGNC:19086,0,0,0.9295556,0.070444405,0.9295556,True
non_essential_DIRAS3|HGNC:687,0,0,0.57548076,0.42451924,0.57548076,True
non_essential_NXF3|HGNC:8073,0,0,0.5155951,0.48440492,0.5155951,True
non_essential_PSMA8|HGNC:22985,0,0,0.5091552,0.4908448,0.5091552,True
non_essential_CD3E|HGNC:1674,0,0,0.483393,0.516607,0.516607,True
non_essential_TBC1D2B|HGNC:29183,0,0,0.6239493,0.3760507,0.6239493,True
non_essential_LILRA1|HGNC:6602,0,0,0.57965076,0.42034924,0.57965076,True
non_essential_KBTBD7|HGNC:25266,0,0,0.6218732,0.3781268,0.6218732,True
non_essential_ULBP3|HGNC:14895,0,0,0.63891727,0.36108273,0.63891727,True
non_essential_BFSP1|HGNC:1040,0,0,0.6995701,0.30042988,0.6995701,True
non_essential_ZNF823|HGNC:30936,0,0,0.4843163,0.5156837,0.5156837,True
non_essential_ASPSCR1|HGNC:13825,0,0,0.84038687,0.15961313,0.84038687,True
non_essential_SLC16A3|HGNC:10924,0,0,0.65573025,0.34426975,0.65573025,True
non_essential_TRIM2|HGNC:15974,0,0,0.5794378,0.4205622,0.5794378,True
non_essential_CMKLR1|HGNC:2121,0,0,0.55467343,0.44532657,0.55467343,True
non_essential_CTAG1A|HGNC:24198,0,0,0.7805037,0.21949631,0.7805037,True
non_essential_RFPL4B|HGNC:33264,0,0,0.50482816,0.49517184,0.50482816,True
non_essential_CT47A4|HGNC:33285,0,0,0.7889083,0.2110917,0.7889083,True
non_essential_GRAPL|HGNC:37240,0,0,0.59705436,0.40294564,0.59705436,True
non_essential_C20orf196|HGNC:26318,0,0,0.5639942,0.43600577,0.5639942,True
non_essential_IQCG|HGNC:25251,0,0,0.5706357,0.42936432,0.5706357,True
non_essential_LGALS1|HGNC:6561,0,0,0.6382361,0.3617639,0.6382361,True
non_essential_TARSL2|HGNC:24728,0,0,0.6412792,0.35872078,0.6412792,True
non_essential_OR2T1|HGNC:8277,0,0,0.47064865,0.52935135,0.52935135,True
non_essential_ATXN1|HGNC:10548,0,0,0.67703795,0.32296205,0.67703795,True
non_essential_CYLC2|HGNC:2583,0,0,0.5191725,0.4808275,0.5191725,True
non_essential_LZIC|HGNC:17497,0,0,0.5071661,0.4928339,0.5071661,True
non_essential_DNAI1|HGNC:2954,0,0,0.54622036,0.45377964,0.54622036,True
non_essential_ANKH|HGNC:15492,0,0,0.54630834,0.45369166,0.54630834,True
non_essential_KLHL34|HGNC:26634,0,0,0.6938259,0.3061741,0.6938259,True
non_essential_OSTF1|HGNC:8510,0,0,0.5541702,0.4458298,0.5541702,True
non_essential_GGTLC1|HGNC:16437,0,0,0.92266506,0.07733494,0.92266506,True
non_essential_CFHR2|HGNC:4890,0,0,0.43555433,0.5644457,0.5644457,True
non_essential_CHN2|HGNC:1944,0,0,0.613452,0.38654798,0.613452,True
non_essential_CBY3|HGNC:33278,0,0,0.75606376,0.24393624,0.75606376,True
non_essential_SNCG|HGNC:11141,0,0,0.65855074,0.34144926,0.65855074,True
non_essential_PWWP2B|HGNC:25150,0,0,0.9252449,0.07475507,0.9252449,True
non_essential_CDRT4|HGNC:14383,0,0,0.6436087,0.3563913,0.6436087,True
non_essential_CPQ|HGNC:16910,0,0,0.52120584,0.47879416,0.52120584,True
non_essential_CYP4X1|HGNC:20244,0,0,0.59714144,0.40285856,0.59714144,True
non_essential_HSPA2|HGNC:5235,0,0,0.7197807,0.28021932,0.7197807,True
non_essential_RSPH9|HGNC:21057,0,0,0.64458156,0.35541844,0.64458156,True
non_essential_AGAP5|HGNC:23467,0,0,0.63643354,0.36356646,0.63643354,True
non_essential_UCN|HGNC:12516,0,0,0.7228457,0.27715433,0.7228457,True
non_essential_GSDMA|HGNC:13311,0,0,0.60002685,0.39997315,0.60002685,True
non_essential_FGD3|HGNC:16027,0,0,0.7524392,0.2475608,0.7524392,True
non_essential_NECTIN4|HGNC:19688,0,0,0.64524597,0.35475403,0.64524597,True
non_essential_TMEM169|HGNC:25130,0,0,0.66548306,0.33451694,0.66548306,True
non_essential_HCRT|HGNC:4847,0,0,0.84110975,0.15889025,0.84110975,True
non_essential_FAM163B|HGNC:33277,0,0,0.85280883,0.14719117,0.85280883,True
non_essential_FAM174B|HGNC:34339,0,0,0.81356186,0.18643814,0.81356186,True
non_essential_NPBWR1|HGNC:4522,0,0,0.70239025,0.29760975,0.70239025,True
non_essential_CYTH3|HGNC:9504,0,0,0.65933144,0.34066856,0.65933144,True
non_essential_IMMP2L|HGNC:14598,0,0,0.46515247,0.5348475,0.5348475,True
non_essential_PEPD|HGNC:8840,0,0,0.80405134,0.19594866,0.80405134,True
non_essential_RAB3IP|HGNC:16508,0,0,0.46685767,0.5331423,0.5331423,True
non_essential_DZIP3|HGNC:30938,0,0,0.5150518,0.48494822,0.5150518,True
non_essential_HS6ST2|HGNC:19133,0,0,0.6208763,0.3791237,0.6208763,True
non_essential_SI|HGNC:10856,0,0,0.5843509,0.41564912,0.5843509,True
non_essential_NPIPB9|HGNC:41987,0,0,0.5406699,0.45933008,0.5406699,True
non_essential_ZBTB32|HGNC:16763,0,0,0.6713257,0.32867432,0.6713257,True
non_essential_ART4|HGNC:726,0,0,0.497096,0.502904,0.502904,True
non_essential_CA2|HGNC:1373,0,0,0.65776616,0.34223384,0.65776616,True
non_essential_C14orf105|HGNC:20189,0,0,0.4965825,0.5034175,0.5034175,True
non_essential_TSPYL4|HGNC:21559,0,0,0.7533997,0.24660027,0.7533997,True
non_essential_CELF3|HGNC:11967,0,0,0.7920332,0.2079668,0.7920332,True
non_essential_PAQR7|HGNC:23146,0,0,0.7246391,0.27536088,0.7246391,True
non_essential_METTL21A|HGNC:30476,0,0,0.6035741,0.3964259,0.6035741,True
non_essential_SMR3B|HGNC:17326,0,0,0.5323138,0.46768618,0.5323138,True
non_essential_ZNF229|HGNC:13022,0,0,0.53589153,0.46410847,0.53589153,True
non_essential_CHMP4C|HGNC:30599,0,0,0.5966799,0.40332007,0.5966799,True
non_essential_TRIM21|HGNC:11312,0,0,0.5364776,0.46352237,0.5364776,True
non_essential_KCNK13|HGNC:6275,0,0,0.7433326,0.25666738,0.7433326,True
non_essential_CDHR4|HGNC:34527,0,0,0.6398403,0.3601597,0.6398403,True
non_essential_SLC4A11|HGNC:16438,0,0,0.6558685,0.34413153,0.6558685,True
non_essential_OR6M1|HGNC:14711,0,0,0.50928575,0.49071425,0.50928575,True
non_essential_TCTE3|HGNC:11695,0,0,0.5460921,0.4539079,0.5460921,True
non_essential_SLC38A8|HGNC:32434,0,0,0.8351111,0.16488892,0.8351111,True
non_essential_TMC3|HGNC:22995,0,0,0.62810004,0.37189996,0.62810004,True
non_essential_LINGO2|HGNC:21207,0,0,0.60634315,0.39365685,0.60634315,True
non_essential_MUC3A|HGNC:7513,0,0,0.5981397,0.4018603,0.5981397,True
non_essential_SPATA3|HGNC:17884,0,0,0.72713935,0.27286065,0.72713935,True
non_essential_GPR37L1|HGNC:14923,0,0,0.89948994,0.10051006,0.89948994,True
non_essential_CFAP44|HGNC:25631,0,0,0.6063569,0.39364308,0.6063569,True
non_essential_ZNF625|HGNC:30571,0,0,0.4866732,0.51332676,0.51332676,True
non_essential_B3GLCT|HGNC:20207,0,0,0.5917337,0.4082663,0.5917337,True
non_essential_FNDC1|HGNC:21184,0,0,0.6162212,0.3837788,0.6162212,True
non_essential_KRTAP10-2|HGNC:22967,0,0,0.5707883,0.42921168,0.5707883,True
non_essential_SPANXB1|HGNC:14329,0,0,0.49986303,0.500137,0.500137,True
non_essential_UNC80|HGNC:26582,0,0,0.6210424,0.37895763,0.6210424,True
non_essential_CCL8|HGNC:10635,0,0,0.54734874,0.45265126,0.54734874,True
non_essential_ENC1|HGNC:3345,0,0,0.62272453,0.37727547,0.62272453,True
non_essential_EDA2R|HGNC:17756,0,0,0.6429961,0.35700393,0.6429961,True
non_essential_DNALI1|HGNC:14353,0,0,0.63089556,0.36910444,0.63089556,True
non_essential_NLRP9|HGNC:22941,0,0,0.6199155,0.3800845,0.6199155,True
non_essential_ALOX12|HGNC:429,0,0,0.70761544,0.29238456,0.70761544,True
non_essential_MAGT1|HGNC:28880,0,0,0.53804326,0.46195674,0.53804326,True
non_essential_P2RX3|HGNC:8534,0,0,0.6269199,0.37308007,0.6269199,True
non_essential_OR2B3|HGNC:8238,0,0,0.47042495,0.52957505,0.52957505,True
non_essential_ITK|HGNC:6171,0,0,0.6180579,0.3819421,0.6180579,True
non_essential_CYSLTR1|HGNC:17451,0,0,0.46575192,0.5342481,0.5342481,True
non_essential_C14orf159|HGNC:20498,0,0,0.8379658,0.16203421,0.8379658,True
non_essential_MRGPRX2|HGNC:17983,0,0,0.5015195,0.4984805,0.5015195,True
non_essential_TAS2R20|HGNC:19109,0,0,0.462643,0.537357,0.537357,True
non_essential_GNG4|HGNC:4407,0,0,0.574692,0.425308,0.574692,True
non_essential_KLK3|HGNC:6364,0,0,0.7749594,0.22504061,0.7749594,True
non_essential_CCNA1|HGNC:1577,0,0,0.58426523,0.41573477,0.58426523,True
non_essential_NLRP3|HGNC:16400,0,0,0.6764763,0.3235237,0.6764763,True
non_essential_RHCE|HGNC:10008,0,0,0.65205944,0.34794056,0.65205944,True
non_essential_KIAA0355|HGNC:29016,0,0,0.6058446,0.39415538,0.6058446,True
non_essential_SEC31B|HGNC:23197,0,0,0.6094139,0.39058608,0.6094139,True
non_essential_KRTAP21-3|HGNC:34216,0,0,0.3623245,0.6376755,0.6376755,True
non_essential_CCR1|HGNC:1602,0,0,0.70454675,0.29545325,0.70454675,True
non_essential_RGL2|HGNC:9769,0,0,0.63752204,0.36247796,0.63752204,True
non_essential_MCF2L|HGNC:14576,0,0,0.7714669,0.22853309,0.7714669,True
non_essential_GHRHR|HGNC:4266,0,0,0.8016052,0.19839478,0.8016052,True
non_essential_FUT6|HGNC:4017,0,0,0.79992783,0.20007217,0.79992783,True
non_essential_MACROD2|HGNC:16126,0,0,0.4961597,0.5038403,0.5038403,True
non_essential_C4orf22|HGNC:28554,0,0,0.61082715,0.38917285,0.61082715,True
non_essential_RXFP2|HGNC:17318,0,0,0.52428323,0.47571677,0.52428323,True
non_essential_HLA-DMA|HGNC:4934,0,0,0.67386883,0.32613117,0.67386883,True
non_essential_C16orf54|HGNC:26649,0,0,0.9399901,0.060009897,0.9399901,True
non_essential_OR5K2|HGNC:14774,0,0,0.47834224,0.52165776,0.52165776,True
non_essential_IGSF23|HGNC:40040,0,0,0.4638521,0.5361479,0.5361479,True
non_essential_SFXN3|HGNC:16087,0,0,0.66864616,0.33135384,0.66864616,True
non_essential_TMEM74|HGNC:26409,0,0,0.4911816,0.5088184,0.5088184,True
non_essential_KRTAP9-9|HGNC:16773,0,0,0.39030895,0.609691,0.609691,True
non_essential_TAPBPL|HGNC:30683,0,0,0.7266299,0.2733701,0.7266299,True
non_essential_ST6GALNAC3|HGNC:19343,0,0,0.4967284,0.5032716,0.5032716,True
non_essential_PTGDR|HGNC:9591,0,0,0.69754606,0.30245394,0.69754606,True
non_essential_HTR3B|HGNC:5298,0,0,0.59683967,0.40316033,0.59683967,True
non_essential_DEFA1B|HGNC:33596,0,0,0.7065819,0.2934181,0.7065819,True
non_essential_POU4F2|HGNC:9219,0,0,0.83079726,0.16920274,0.83079726,True
non_essential_HYKK|HGNC:34403,0,0,0.49940675,0.50059325,0.50059325,True
non_essential_PPARA|HGNC:9232,0,0,0.6486757,0.35132432,0.6486757,True
non_essential_BPIFB3|HGNC:16178,0,0,0.7463301,0.25366992,0.7463301,True
non_essential_RNF213|HGNC:14539,0,0,0.6348966,0.36510342,0.6348966,True
non_essential_DOK6|HGNC:28301,0,0,0.6488663,0.3511337,0.6488663,True
non_essential_OR2M4|HGNC:8270,0,0,0.5194413,0.4805587,0.5194413,True
non_essential_DEFB103B|HGNC:31702,0,0,0.49037543,0.5096246,0.5096246,True
non_essential_TMPRSS11F|HGNC:29994,0,0,0.48805577,0.51194423,0.51194423,True
non_essential_METTL5|HGNC:25006,0,0,0.47760278,0.5223972,0.5223972,True
non_essential_CA14|HGNC:1372,0,0,0.55110055,0.44889945,0.55110055,True
non_essential_RGS5|HGNC:10001,0,0,0.59995455,0.40004545,0.59995455,True
non_essential_ZBTB26|HGNC:23383,0,0,0.47682026,0.52317977,0.52317977,True
non_essential_TFDP3|HGNC:24603,0,0,0.73155046,0.26844954,0.73155046,True
non_essential_AGAP4|HGNC:23459,0,0,0.6374601,0.3625399,0.6374601,True
non_essential_DHRS1|HGNC:16445,0,0,0.629534,0.370466,0.629534,True
non_essential_ZNF572|HGNC:26758,0,0,0.4972126,0.5027874,0.5027874,True
non_essential_FAM198A|HGNC:24485,0,0,0.78460217,0.21539783,0.78460217,True
non_essential_FCER1G|HGNC:3611,0,0,0.50308806,0.49691194,0.50308806,True
non_essential_TXNRD3NB|HGNC:33870,0,0,0.60349715,0.39650285,0.60349715,True
non_essential_TLDC1|HGNC:29325,0,0,0.8082077,0.19179231,0.8082077,True
non_essential_KXD1|HGNC:28420,0,0,0.5749177,0.42508233,0.5749177,True
non_essential_CPNE4|HGNC:2317,0,0,0.58974844,0.41025156,0.58974844,True
non_essential_UNC5CL|HGNC:21203,0,0,0.7542295,0.24577051,0.7542295,True
non_essential_KIAA0513|HGNC:29058,0,0,0.8242338,0.17576623,0.8242338,True
non_essential_NAP1L5|HGNC:19968,0,0,0.57235265,0.42764735,0.57235265,True
non_essential_UBXN2B|HGNC:27035,0,0,0.4900074,0.5099926,0.5099926,True
non_essential_CSAD|HGNC:18966,0,0,0.6773728,0.3226272,0.6773728,True
non_essential_HADHB|HGNC:4803,0,0,0.5580646,0.44193542,0.5580646,True
non_essential_OR8B12|HGNC:15307,0,0,0.5665064,0.4334936,0.5665064,True
non_essential_MTRNR2L5|HGNC:37162,0,0,0.46634924,0.53365076,0.53365076,True
non_essential_SMIM3|HGNC:30248,0,0,0.4085632,0.5914368,0.5914368,True
non_essential_GLB1L3|HGNC:25147,0,0,0.7331246,0.2668754,0.7331246,True
non_essential_PLA2G5|HGNC:9038,0,0,0.61942375,0.38057625,0.61942375,True
non_essential_KCNS2|HGNC:6301,0,0,0.70931405,0.29068595,0.70931405,True
non_essential_TMEM41A|HGNC:30544,0,0,0.5207083,0.47929168,0.5207083,True
non_essential_GRID2IP|HGNC:18464,0,0,0.8601365,0.13986349,0.8601365,True
non_essential_SMDT1|HGNC:25055,0,0,0.63516545,0.36483455,0.63516545,True
non_essential_CA5A|HGNC:1377,0,0,0.64963216,0.35036784,0.64963216,True
non_essential_AMPD2|HGNC:469,0,0,0.689643,0.31035697,0.689643,True
non_essential_C17orf78|HGNC:26831,0,0,0.4865889,0.5134111,0.5134111,True
non_essential_OAZ3|HGNC:8097,0,0,0.5442257,0.4557743,0.5442257,True
non_essential_MAGEA2B|HGNC:19340,0,0,0.50861734,0.49138266,0.50861734,True
non_essential_C14orf79|HGNC:20126,0,0,0.627727,0.37227303,0.627727,True
non_essential_IRGM|HGNC:29597,0,0,0.5336645,0.46633548,0.5336645,True
non_essential_OR2C3|HGNC:15005,0,0,0.57840604,0.42159396,0.57840604,True
non_essential_LMLN|HGNC:15991,0,0,0.59512275,0.40487725,0.59512275,True
non_essential_CHRNA9|HGNC:14079,0,0,0.55286443,0.44713557,0.55286443,True
non_essential_LDHAL6A|HGNC:28335,0,0,0.57696915,0.42303085,0.57696915,True
non_essential_UPK3A|HGNC:12580,0,0,0.6791405,0.3208595,0.6791405,True
non_essential_LINGO3|HGNC:21206,0,0,0.91485137,0.08514863,0.91485137,True
non_essential_RGS1|HGNC:9991,0,0,0.5213847,0.47861528,0.5213847,True
non_essential_PLSCR3|HGNC:16495,0,0,0.80225337,0.19774663,0.80225337,True
non_essential_STX3|HGNC:11438,0,0,0.5888435,0.41115648,0.5888435,True
non_essential_PRSS38|HGNC:29625,0,0,0.6273516,0.37264842,0.6273516,True
non_essential_CABLES2|HGNC:16143,0,0,0.74870497,0.25129503,0.74870497,True
non_essential_SLC36A1|HGNC:18761,0,0,0.55175984,0.44824016,0.55175984,True
non_essential_AQP9|HGNC:643,0,0,0.51220804,0.48779196,0.51220804,True
non_essential_GPX7|HGNC:4559,0,0,0.64155424,0.35844576,0.64155424,True
non_essential_MECP2|HGNC:6990,0,0,0.69460565,0.30539435,0.69460565,True
non_essential_OR5C1|HGNC:8331,0,0,0.650578,0.34942198,0.650578,True
non_essential_AMELY|HGNC:462,0,0,0.48480642,0.5151936,0.5151936,True
non_essential_TGM3|HGNC:11779,0,0,0.700229,0.299771,0.700229,True
non_essential_C1orf216|HGNC:26800,0,0,0.64607936,0.35392064,0.64607936,True
non_essential_SYNGR4|HGNC:11502,0,0,0.65713507,0.34286493,0.65713507,True
non_essential_NECTIN3|HGNC:17664,0,0,0.5803154,0.4196846,0.5803154,True
non_essential_IQCB1|HGNC:28949,0,0,0.5071013,0.4928987,0.5071013,True
non_essential_RTN2|HGNC:10468,0,0,0.61967635,0.38032365,0.61967635,True
non_essential_APCS|HGNC:584,0,0,0.45445004,0.54555,0.54555,True
non_essential_MLN|HGNC:7141,0,0,0.57422805,0.42577195,0.57422805,True
non_essential_GCC2|HGNC:23218,0,0,0.6075674,0.39243257,0.6075674,True
non_essential_PRKAR1B|HGNC:9390,0,0,0.8270031,0.17299688,0.8270031,True
non_essential_IL17REL|HGNC:33808,0,1,0.95947593,0.040524065,0.95947593,False
non_essential_EMP2|HGNC:3334,0,0,0.6924961,0.30750388,0.6924961,True
non_essential_SASH3|HGNC:15975,0,0,0.87944746,0.12055254,0.87944746,True
non_essential_DUS3L|HGNC:26920,0,0,0.7145489,0.2854511,0.7145489,True
non_essential_ZNF415|HGNC:20636,0,0,0.4917753,0.5082247,0.5082247,True
non_essential_GAGE12D|HGNC:31904,0,0,0.47089314,0.52910686,0.52910686,True
non_essential_XCL1|HGNC:10645,0,0,0.5432619,0.4567381,0.5432619,True
non_essential_SETD4|HGNC:1258,0,0,0.5291107,0.47088927,0.5291107,True
non_essential_KRTAP10-4|HGNC:20521,0,0,0.6873686,0.31263143,0.6873686,True
non_essential_GRAP2|HGNC:4563,0,0,0.5725685,0.42743152,0.5725685,True
non_essential_FAM181B|HGNC:28512,0,0,0.7989271,0.20107287,0.7989271,True
non_essential_ZNF282|HGNC:13076,0,0,0.6451084,0.3548916,0.6451084,True
non_essential_OGN|HGNC:8126,0,0,0.48124012,0.51875985,0.51875985,True
non_essential_NEK9|HGNC:18591,0,0,0.65404075,0.34595925,0.65404075,True
non_essential_CD300E|HGNC:28874,0,0,0.66306406,0.33693594,0.66306406,True
non_essential_C11orf53|HGNC:30527,0,0,0.77680326,0.22319674,0.77680326,True
non_essential_DTX3L|HGNC:30323,0,0,0.59464675,0.40535325,0.59464675,True
non_essential_PLEKHM2|HGNC:29131,0,0,0.67639136,0.32360864,0.67639136,True
non_essential_CCDC78|HGNC:14153,0,0,0.81970733,0.18029267,0.81970733,True
non_essential_HMGB3|HGNC:5004,0,0,0.5672347,0.4327653,0.5672347,True
non_essential_BAG4|HGNC:940,0,0,0.56352854,0.43647146,0.56352854,True
non_essential_TMED1|HGNC:17291,0,0,0.66203713,0.33796287,0.66203713,True
non_essential_MYH13|HGNC:7571,0,0,0.6733316,0.32666838,0.6733316,True
non_essential_ERO1A|HGNC:13280,0,0,0.5841078,0.41589218,0.5841078,True
non_essential_VWA1|HGNC:30910,0,0,0.9148858,0.08511418,0.9148858,True
non_essential_ZNF224|HGNC:13017,0,0,0.5377801,0.4622199,0.5377801,True
non_essential_IYD|HGNC:21071,0,0,0.48065946,0.5193405,0.5193405,True
non_essential_RBMS2|HGNC:9909,0,0,0.5690098,0.43099022,0.5690098,True
non_essential_SERPINB7|HGNC:13902,0,0,0.5436608,0.45633918,0.5436608,True
non_essential_RELL1|HGNC:27379,0,0,0.5655287,0.4344713,0.5655287,True
non_essential_ORAI2|HGNC:21667,0,0,0.93395716,0.06604284,0.93395716,True
non_essential_MS4A6E|HGNC:14285,0,0,0.4843297,0.5156703,0.5156703,True
non_essential_SLC9B1|HGNC:24244,0,0,0.5223235,0.4776765,0.5223235,True
non_essential_SOX7|HGNC:18196,0,0,0.8680345,0.13196552,0.8680345,True
non_essential_GSTO2|HGNC:23064,0,0,0.58813405,0.41186595,0.58813405,True
non_essential_DNAJC30|HGNC:16410,0,0,0.67052746,0.32947254,0.67052746,True
non_essential_MRGPRX1|HGNC:17962,0,0,0.6741023,0.3258977,0.6741023,True
non_essential_UGT2B28|HGNC:13479,0,0,0.47710824,0.52289176,0.52289176,True
non_essential_MRPL30|HGNC:14036,0,0,0.4562953,0.5437047,0.5437047,True
non_essential_DZIP1L|HGNC:26551,0,0,0.7066419,0.2933581,0.7066419,True
non_essential_CD200|HGNC:7203,0,0,0.5118424,0.48815757,0.5118424,True
non_essential_GIPC2|HGNC:18177,0,0,0.551626,0.44837397,0.551626,True
non_essential_TEX26|HGNC:28622,0,0,0.47802478,0.5219752,0.5219752,True
non_essential_IPP|HGNC:6108,0,0,0.5139298,0.48607022,0.5139298,True
non_essential_GPR31|HGNC:4486,0,0,0.92896515,0.07103485,0.92896515,True
non_essential_CAMK2B|HGNC:1461,0,0,0.6586182,0.3413818,0.6586182,True
non_essential_VSIG1|HGNC:28675,0,0,0.5774873,0.4225127,0.5774873,True
non_essential_AKAP2|HGNC:372,0,0,0.648218,0.35178202,0.648218,True
non_essential_SLPI|HGNC:11092,0,0,0.5049879,0.4950121,0.5049879,True
non_essential_CBLN3|HGNC:20146,0,0,0.6119629,0.3880371,0.6119629,True
non_essential_HYPM|HGNC:18417,0,0,0.6310848,0.3689152,0.6310848,True
non_essential_OR2G6|HGNC:27019,0,0,0.5390742,0.46092582,0.5390742,True
non_essential_EEF1AKMT1|HGNC:27351,0,0,0.47032043,0.52967954,0.52967954,True
non_essential_TICAM1|HGNC:18348,0,0,0.6512144,0.34878558,0.6512144,True
non_essential_KCND3|HGNC:6239,0,0,0.7364556,0.26354438,0.7364556,True
non_essential_SCAMP2|HGNC:10564,0,0,0.583925,0.416075,0.583925,True
non_essential_CDCP1|HGNC:24357,0,0,0.6587088,0.3412912,0.6587088,True
non_essential_KRTAP15-1|HGNC:18927,0,0,0.5100643,0.4899357,0.5100643,True
non_essential_DEFB128|HGNC:18106,0,0,0.48631638,0.5136836,0.5136836,True
non_essential_KRTAP16-1|HGNC:18916,0,0,0.65528464,0.34471536,0.65528464,True
non_essential_RMDN1|HGNC:24285,0,0,0.53860396,0.46139604,0.53860396,True
non_essential_LEXM|HGNC:26854,0,0,0.6147779,0.38522208,0.6147779,True
non_essential_CLCA4|HGNC:2018,0,0,0.6291633,0.37083668,0.6291633,True
non_essential_SIGLEC7|HGNC:10876,0,0,0.592855,0.40714502,0.592855,True
non_essential_PNMAL1|HGNC:25578,0,0,0.61683124,0.38316876,0.61683124,True
non_essential_PRR4|HGNC:18020,0,0,0.49459422,0.5054058,0.5054058,True
non_essential_ZMYM6|HGNC:13050,0,0,0.59451026,0.40548974,0.59451026,True
non_essential_SYN3|HGNC:11496,0,0,0.655495,0.344505,0.655495,True
non_essential_ABHD16B|HGNC:16128,0,0,0.9110127,0.08898729,0.9110127,True
non_essential_TIMP4|HGNC:11823,0,0,0.5851929,0.41480708,0.5851929,True
non_essential_LRGUK|HGNC:21964,0,0,0.60671073,0.39328927,0.60671073,True
non_essential_THSD1|HGNC:17754,0,0,0.64142483,0.35857517,0.64142483,True
non_essential_GLT6D1|HGNC:23671,0,0,0.6115512,0.38844877,0.6115512,True
non_essential_KRTAP1-1|HGNC:16772,0,0,0.5633154,0.4366846,0.5633154,True
non_essential_AGPAT4|HGNC:20885,0,0,0.63922566,0.36077434,0.63922566,True
non_essential_KRTAP3-3|HGNC:18890,0,0,0.52821916,0.47178084,0.52821916,True
non_essential_ABI3|HGNC:29859,0,0,0.7158584,0.2841416,0.7158584,True
non_essential_DCXR|HGNC:18985,0,0,0.68283474,0.31716526,0.68283474,True
non_essential_RAB12|HGNC:31332,0,0,0.5549118,0.4450882,0.5549118,True
non_essential_OR5H6|HGNC:14767,0,0,0.4901221,0.5098779,0.5098779,True
non_essential_IFITM10|HGNC:40022,0,0,0.8272816,0.1727184,0.8272816,True
non_essential_NLRX1|HGNC:29890,0,0,0.68576443,0.31423557,0.68576443,True
non_essential_MPEG1|HGNC:29619,0,0,0.6055233,0.3944767,0.6055233,True
non_essential_HS3ST5|HGNC:19419,0,0,0.6426842,0.35731578,0.6426842,True
non_essential_A2ML1|HGNC:23336,0,0,0.5875947,0.4124053,0.5875947,True
non_essential_ACOT12|HGNC:24436,0,0,0.59003043,0.40996957,0.59003043,True
non_essential_EBPL|HGNC:18061,0,0,0.51467144,0.48532856,0.51467144,True
non_essential_RNF151|HGNC:23235,0,0,0.6947503,0.3052497,0.6947503,True
non_essential_FASTKD1|HGNC:26150,0,0,0.52853066,0.47146934,0.52853066,True
non_essential_OSBPL3|HGNC:16370,0,0,0.6114866,0.3885134,0.6114866,True
non_essential_NKX2-4|HGNC:7837,0,1,0.9634512,0.036548793,0.9634512,False
non_essential_TUBA4A|HGNC:12407,0,0,0.65807426,0.34192574,0.65807426,True
non_essential_COPS7B|HGNC:16760,0,0,0.54147375,0.45852625,0.54147375,True
non_essential_RPS6KA1|HGNC:10430,0,0,0.6442007,0.35579932,0.6442007,True
non_essential_SLC14A2|HGNC:10919,0,0,0.61362815,0.38637185,0.61362815,True
non_essential_CHPT1|HGNC:17852,0,0,0.55611295,0.44388705,0.55611295,True
non_essential_CD200R1L|HGNC:24665,0,0,0.49089915,0.50910085,0.50910085,True
non_essential_C10orf82|HGNC:28500,0,0,0.5196803,0.48031968,0.5196803,True
non_essential_NRSN2|HGNC:16229,0,0,0.7511203,0.24887967,0.7511203,True
non_essential_HORMAD1|HGNC:25245,0,0,0.48393896,0.51606107,0.51606107,True
non_essential_MRGPRG|HGNC:24829,0,0,0.7951133,0.20488667,0.7951133,True
non_essential_LAG3|HGNC:6476,0,0,0.712603,0.28739703,0.712603,True
non_essential_TMEM265|HGNC:51241,0,0,0.5122749,0.48772508,0.5122749,True
non_essential_ALDH9A1|HGNC:412,0,0,0.66800606,0.33199394,0.66800606,True
non_essential_SGCZ|HGNC:14075,0,0,0.54075307,0.45924693,0.54075307,True
non_essential_DHFRL1|HGNC:27309,0,0,0.49022445,0.5097755,0.5097755,True
non_essential_C12orf56|HGNC:26967,0,0,0.58681947,0.41318053,0.58681947,True
non_essential_GALNT8|HGNC:4130,0,0,0.618492,0.381508,0.618492,True
non_essential_DIXDC1|HGNC:23695,0,0,0.602346,0.397654,0.602346,True
non_essential_SLA|HGNC:10902,0,0,0.6200441,0.3799559,0.6200441,True
non_essential_TOR3A|HGNC:11997,0,0,0.69558656,0.30441344,0.69558656,True
non_essential_GBP4|HGNC:20480,0,0,0.54193866,0.45806134,0.54193866,True
non_essential_GRAMD3|HGNC:24911,0,0,0.46485722,0.5351428,0.5351428,True
non_essential_TALDO1|HGNC:11559,0,0,0.69080085,0.30919915,0.69080085,True
non_essential_TRIM64C|HGNC:37148,0,0,0.46474922,0.5352508,0.5352508,True
non_essential_KIAA0556|HGNC:29068,0,0,0.646902,0.35309798,0.646902,True
non_essential_SCGN|HGNC:16941,0,0,0.6533938,0.3466062,0.6533938,True
non_essential_SVEP1|HGNC:15985,0,0,0.6041912,0.39580882,0.6041912,True
non_essential_YIF1B|HGNC:30511,0,0,0.7315848,0.2684152,0.7315848,True
non_essential_SPAG6|HGNC:11215,0,0,0.5424536,0.4575464,0.5424536,True
non_essential_SPATA31A1|HGNC:23394,0,0,0.60984355,0.39015645,0.60984355,True
non_essential_SPATA31D1|HGNC:37283,0,0,0.60028964,0.39971036,0.60028964,True
non_essential_TMEM54|HGNC:24143,0,0,0.592884,0.407116,0.592884,True
non_essential_TEX43|HGNC:33767,0,0,0.45368722,0.5463128,0.5463128,True
non_essential_RUFY2|HGNC:19761,0,0,0.5958768,0.4041232,0.5958768,True
non_essential_ZNF2|HGNC:12991,0,0,0.5900215,0.4099785,0.5900215,True
non_essential_NXPH1|HGNC:20693,0,0,0.5402649,0.4597351,0.5402649,True
non_essential_COL26A1|HGNC:18038,0,0,0.90894747,0.09105253,0.90894747,True
non_essential_FEZ1|HGNC:3659,0,0,0.64890826,0.35109174,0.64890826,True
non_essential_PIGN|HGNC:8967,0,0,0.58333766,0.41666234,0.58333766,True
non_essential_CYP4B1|HGNC:2644,0,0,0.6974269,0.30257308,0.6974269,True
non_essential_SNX33|HGNC:28468,0,0,0.7605792,0.23942077,0.7605792,True
non_essential_GBP6|HGNC:25395,0,0,0.63979775,0.36020225,0.63979775,True
non_essential_ABCF3|HGNC:72,0,0,0.6453056,0.35469443,0.6453056,True
non_essential_OR11A1|HGNC:8176,0,0,0.49654627,0.50345373,0.50345373,True
non_essential_PAQR6|HGNC:30132,0,0,0.70051146,0.29948854,0.70051146,True
non_essential_KLK6|HGNC:6367,0,0,0.7430225,0.2569775,0.7430225,True
non_essential_TBC1D13|HGNC:25571,0,0,0.6844135,0.3155865,0.6844135,True
non_essential_ADIPOQ|HGNC:13633,0,0,0.64130825,0.35869175,0.64130825,True
non_essential_NMUR2|HGNC:16454,0,0,0.6147719,0.3852281,0.6147719,True
non_essential_FAM19A2|HGNC:21589,0,0,0.45259494,0.54740506,0.54740506,True
non_essential_CTNS|HGNC:2518,0,0,0.77111185,0.22888815,0.77111185,True
non_essential_OR8A1|HGNC:8469,0,0,0.5235419,0.47645807,0.5235419,True
non_essential_RUNDC3B|HGNC:30286,0,0,0.56937474,0.43062526,0.56937474,True
non_essential_ZHX1|HGNC:12871,0,0,0.53265053,0.46734947,0.53265053,True
non_essential_FAM71D|HGNC:20101,0,0,0.459979,0.540021,0.540021,True
non_essential_PITPNM1|HGNC:9003,0,0,0.6272355,0.37276453,0.6272355,True
non_essential_STRA6|HGNC:30650,0,0,0.83387744,0.16612256,0.83387744,True
non_essential_CDY2B|HGNC:23921,0,0,0.5316748,0.4683252,0.5316748,True
non_essential_GPR153|HGNC:23618,0,0,0.6668512,0.33314878,0.6668512,True
non_essential_CXXC4|HGNC:24593,0,0,0.666169,0.333831,0.666169,True
non_essential_NAT1|HGNC:7645,0,0,0.47244078,0.5275592,0.5275592,True
non_essential_PSCA|HGNC:9500,0,0,0.8049186,0.19508141,0.8049186,True
non_essential_CLDN34|HGNC:51259,0,0,0.6184696,0.3815304,0.6184696,True
non_essential_ZNF850|HGNC:27994,0,0,0.53055835,0.46944165,0.53055835,True
non_essential_MFAP2|HGNC:7033,0,0,0.87647945,0.12352055,0.87647945,True
non_essential_CTSH|HGNC:2535,0,0,0.6494522,0.3505478,0.6494522,True
non_essential_SUSD2|HGNC:30667,0,0,0.9096527,0.09034729,0.9096527,True
non_essential_ECM2|HGNC:3154,0,0,0.5187145,0.4812855,0.5187145,True
non_essential_GBP7|HGNC:29606,0,0,0.48950428,0.5104957,0.5104957,True
non_essential_ABHD18|HGNC:26111,0,0,0.50179183,0.49820817,0.50179183,True
non_essential_WFDC13|HGNC:16131,0,0,0.4623896,0.5376104,0.5376104,True
non_essential_DDHD2|HGNC:29106,0,0,0.5220584,0.47794157,0.5220584,True
non_essential_CT45A3|HGNC:33268,0,0,0.47877565,0.5212244,0.5212244,True
non_essential_SLFN11|HGNC:26633,0,0,0.5549614,0.44503862,0.5549614,True
non_essential_CCDC140|HGNC:26514,0,0,0.75990695,0.24009305,0.75990695,True
non_essential_KRTAP27-1|HGNC:33864,0,0,0.4715521,0.52844787,0.52844787,True
non_essential_NAXE|HGNC:18453,0,0,0.846912,0.15308797,0.846912,True
non_essential_CCDC175|HGNC:19847,0,0,0.6019567,0.39804327,0.6019567,True
non_essential_LRRC8E|HGNC:26272,0,0,0.6483778,0.35162222,0.6483778,True
non_essential_DNM3|HGNC:29125,0,0,0.6520587,0.34794128,0.6520587,True
non_essential_NEK11|HGNC:18593,0,0,0.65816814,0.34183186,0.65816814,True
non_essential_MSRB1|HGNC:14133,0,0,0.60262734,0.39737266,0.60262734,True
non_essential_FGF21|HGNC:3678,0,0,0.78291845,0.21708155,0.78291845,True
non_essential_OR10H1|HGNC:8172,0,0,0.7201999,0.27980012,0.7201999,True
non_essential_KRT40|HGNC:26707,0,0,0.7293366,0.27066338,0.7293366,True
non_essential_CALN1|HGNC:13248,0,0,0.6368502,0.36314982,0.6368502,True
non_essential_FBP1|HGNC:3606,0,0,0.63032573,0.36967427,0.63032573,True
non_essential_CHRDL1|HGNC:29861,0,0,0.5394328,0.46056718,0.5394328,True
non_essential_ADRA1A|HGNC:277,0,0,0.6639529,0.3360471,0.6639529,True
non_essential_NIN|HGNC:14906,0,0,0.6069176,0.39308238,0.6069176,True
non_essential_SNX9|HGNC:14973,0,0,0.5934137,0.4065863,0.5934137,True
non_essential_SLC35C2|HGNC:17117,0,0,0.6829634,0.31703663,0.6829634,True
non_essential_CCT6B|HGNC:1621,0,0,0.6309449,0.3690551,0.6309449,True
non_essential_PDILT|HGNC:27338,0,0,0.6118921,0.3881079,0.6118921,True
non_essential_DRAXIN|HGNC:25054,0,0,0.7864948,0.21350521,0.7864948,True
non_essential_ALDH3B1|HGNC:410,0,0,0.75167465,0.24832535,0.75167465,True
non_essential_RALB|HGNC:9840,0,0,0.6297803,0.3702197,0.6297803,True
non_essential_SYPL1|HGNC:11507,0,0,0.50144225,0.49855775,0.50144225,True
non_essential_AADACL3|HGNC:32037,0,0,0.57951605,0.42048395,0.57951605,True
non_essential_CCR8|HGNC:1609,0,0,0.5012348,0.49876517,0.5012348,True
non_essential_OR2T35|HGNC:31257,0,0,0.58735275,0.41264725,0.58735275,True
non_essential_TMEM81|HGNC:32349,0,0,0.49114144,0.50885856,0.50885856,True
non_essential_SPOCK1|HGNC:11251,0,0,0.62253225,0.37746775,0.62253225,True
non_essential_SYNE4|HGNC:26703,0,0,0.7151661,0.2848339,0.7151661,True
non_essential_FBXO40|HGNC:29816,0,0,0.6200042,0.37999582,0.6200042,True
non_essential_TIGAR|HGNC:1185,0,0,0.48926464,0.5107354,0.5107354,True
non_essential_DEFB115|HGNC:18096,0,0,0.4194876,0.5805124,0.5805124,True
non_essential_TMEM219|HGNC:25201,0,0,0.503589,0.49641103,0.503589,True
non_essential_TARM1|HGNC:37250,0,0,0.738782,0.261218,0.738782,True
non_essential_BHLHE23|HGNC:16093,0,0,0.83024573,0.16975427,0.83024573,True
non_essential_HLA-DQA2|HGNC:4943,0,0,0.68446684,0.31553316,0.68446684,True
non_essential_ZNF280D|HGNC:25953,0,0,0.5865666,0.41343337,0.5865666,True
non_essential_GPR180|HGNC:28899,0,0,0.62475103,0.37524897,0.62475103,True
non_essential_ADPRH|HGNC:269,0,0,0.4842601,0.5157399,0.5157399,True
non_essential_CD34|HGNC:1662,0,0,0.5186844,0.4813156,0.5186844,True
non_essential_ZSWIM5|HGNC:29299,0,0,0.6080014,0.3919986,0.6080014,True
non_essential_S100A1|HGNC:10486,0,0,0.4601968,0.5398032,0.5398032,True
non_essential_CXCL11|HGNC:10638,0,0,0.40454793,0.5954521,0.5954521,True
non_essential_ATAD3C|HGNC:32151,0,0,0.7364413,0.2635587,0.7364413,True
non_essential_GNG11|HGNC:4403,0,0,0.5253019,0.47469813,0.5253019,True
non_essential_HSD17B14|HGNC:23238,0,0,0.74939376,0.25060624,0.74939376,True
non_essential_ADCK1|HGNC:19038,0,0,0.71458286,0.28541714,0.71458286,True
non_essential_PLEKHA2|HGNC:14336,0,0,0.68878585,0.31121415,0.68878585,True
non_essential_PLPP6|HGNC:23682,0,0,0.7699186,0.23008138,0.7699186,True
non_essential_HBP1|HGNC:23200,0,0,0.5623154,0.4376846,0.5623154,True
non_essential_PTPRQ|HGNC:9679,0,0,0.6132889,0.38671112,0.6132889,True
non_essential_MR1|HGNC:4975,0,0,0.58903253,0.41096747,0.58903253,True
non_essential_RBMY1E|HGNC:23916,0,0,0.5247433,0.47525668,0.5247433,True
non_essential_MUM1L1|HGNC:26583,0,0,0.47945914,0.52054083,0.52054083,True
non_essential_MRI1|HGNC:28469,0,0,0.6657014,0.3342986,0.6657014,True
non_essential_SHTN1|HGNC:29319,0,0,0.51074344,0.48925656,0.51074344,True
non_essential_CD248|HGNC:18219,0,0,0.7054142,0.29458582,0.7054142,True
non_essential_CAMKK1|HGNC:1469,0,0,0.7825356,0.21746439,0.7825356,True
non_essential_KRT27|HGNC:30841,0,0,0.64106673,0.35893327,0.64106673,True
non_essential_CCDC189|HGNC:28078,0,0,0.6560861,0.3439139,0.6560861,True
non_essential_CLDN8|HGNC:2050,0,0,0.5497017,0.4502983,0.5497017,True
non_essential_BOLA2B|HGNC:32479,0,0,0.70186716,0.29813284,0.70186716,True
non_essential_LRRC20|HGNC:23421,0,0,0.77140737,0.22859263,0.77140737,True
non_essential_GALNT13|HGNC:23242,0,0,0.5024649,0.4975351,0.5024649,True
non_essential_GPR65|HGNC:4517,0,0,0.47953057,0.5204694,0.5204694,True
non_essential_OR13H1|HGNC:14755,0,0,0.4758536,0.52414644,0.52414644,True
non_essential_TMCO3|HGNC:20329,0,0,0.6007194,0.3992806,0.6007194,True
non_essential_TAS2R60|HGNC:20639,0,0,0.55135405,0.44864595,0.55135405,True
non_essential_IFT43|HGNC:29669,0,0,0.90319103,0.09680897,0.90319103,True
non_essential_TAC3|HGNC:11521,0,0,0.5821356,0.41786438,0.5821356,True
non_essential_MARCH10|HGNC:26655,0,0,0.5280936,0.47190642,0.5280936,True
non_essential_USP45|HGNC:20080,0,0,0.5017138,0.4982862,0.5017138,True
non_essential_OR1M1|HGNC:8220,0,0,0.5896902,0.4103098,0.5896902,True
non_essential_GLTPD2|HGNC:33756,0,0,0.824731,0.17526901,0.824731,True
non_essential_DUSP1|HGNC:3064,0,0,0.8393115,0.16068852,0.8393115,True
non_essential_MMP11|HGNC:7157,0,0,0.77600956,0.22399044,0.77600956,True
non_essential_BLVRA|HGNC:1062,0,0,0.6569164,0.34308362,0.6569164,True
non_essential_VPS9D1|HGNC:13526,0,0,0.75357807,0.24642193,0.75357807,True
non_essential_SDC1|HGNC:10658,0,0,0.6395595,0.3604405,0.6395595,True
non_essential_VPS8|HGNC:29122,0,0,0.60204893,0.39795107,0.60204893,True
non_essential_PLEKHG3|HGNC:20364,0,0,0.68173087,0.31826913,0.68173087,True
non_essential_RHOBTB3|HGNC:18757,0,0,0.54577255,0.45422745,0.54577255,True
non_essential_KTN1|HGNC:6467,0,0,0.6110114,0.3889886,0.6110114,True
non_essential_NLGN4Y|HGNC:15529,0,0,0.64753586,0.35246414,0.64753586,True
non_essential_NEURL1B|HGNC:35422,0,0,0.81077677,0.18922323,0.81077677,True
non_essential_DOPEY2|HGNC:1291,0,0,0.6397217,0.3602783,0.6397217,True
non_essential_IL12A|HGNC:5969,0,0,0.55178773,0.44821227,0.55178773,True
non_essential_ARL17A|HGNC:24096,0,0,0.4385217,0.56147826,0.56147826,True
non_essential_FAS|HGNC:11920,0,0,0.46862394,0.53137606,0.53137606,True
non_essential_SLC41A3|HGNC:31046,0,0,0.62620765,0.37379235,0.62620765,True
non_essential_KRTAP3-1|HGNC:16778,0,0,0.45352337,0.5464766,0.5464766,True
non_essential_RNF130|HGNC:18280,0,0,0.6676952,0.33230478,0.6676952,True
non_essential_SYNJ2|HGNC:11504,0,0,0.6624009,0.3375991,0.6624009,True
non_essential_LIX1|HGNC:18581,0,0,0.5142236,0.48577642,0.5142236,True
non_essential_ABCA5|HGNC:35,0,0,0.5319747,0.46802533,0.5319747,True
non_essential_NSMAF|HGNC:8017,0,0,0.5913271,0.40867293,0.5913271,True
non_essential_SLC16A11|HGNC:23093,0,0,0.6852509,0.31474912,0.6852509,True
non_essential_PPP2CB|HGNC:9300,0,0,0.55941486,0.44058514,0.55941486,True
non_essential_SPINK6|HGNC:29486,0,0,0.45068923,0.5493108,0.5493108,True
non_essential_MPP4|HGNC:13680,0,0,0.63566935,0.36433065,0.63566935,True
non_essential_MIEF2|HGNC:17920,0,0,0.7344864,0.2655136,0.7344864,True
non_essential_OR10G3|HGNC:8171,0,0,0.5074279,0.49257213,0.5074279,True
non_essential_KRTAP10-1|HGNC:22966,0,0,0.6024791,0.3975209,0.6024791,True
non_essential_OR10Z1|HGNC:14996,0,0,0.4883413,0.51165867,0.51165867,True
non_essential_RNF115|HGNC:18154,0,0,0.5088798,0.49112022,0.5088798,True
non_essential_MBL2|HGNC:6922,0,0,0.46877298,0.531227,0.531227,True
non_essential_PRPH2|HGNC:9942,0,0,0.7375576,0.2624424,0.7375576,True
non_essential_GOLGA8R|HGNC:44407,0,0,0.66519934,0.33480066,0.66519934,True
non_essential_DQX1|HGNC:20410,0,0,0.6265629,0.3734371,0.6265629,True
non_essential_XXYLT1|HGNC:26639,0,0,0.75643796,0.24356204,0.75643796,True
non_essential_GABRP|HGNC:4089,0,0,0.57600415,0.42399585,0.57600415,True
non_essential_HBA1|HGNC:4823,0,0,0.8674339,0.1325661,0.8674339,True
non_essential_FAM153B|HGNC:27323,0,0,0.48615125,0.5138488,0.5138488,True
non_essential_SPATA18|HGNC:29579,0,0,0.60913086,0.39086914,0.60913086,True
non_essential_OR6Y1|HGNC:14823,0,0,0.5059352,0.4940648,0.5059352,True
non_essential_SEC24D|HGNC:10706,0,0,0.598846,0.40115398,0.598846,True
non_essential_SAR1B|HGNC:10535,0,0,0.47528833,0.52471167,0.52471167,True
non_essential_OR10K1|HGNC:14693,0,0,0.47485954,0.52514046,0.52514046,True
non_essential_RBFOX3|HGNC:27097,0,0,0.71326107,0.28673893,0.71326107,True
non_essential_C7orf72|HGNC:22564,0,0,0.4948199,0.5051801,0.5051801,True
non_essential_PRSS55|HGNC:30824,0,0,0.6113391,0.3886609,0.6113391,True
non_essential_ZNF674|HGNC:17625,0,0,0.4620914,0.5379086,0.5379086,True
non_essential_AK7|HGNC:20091,0,0,0.62404436,0.37595564,0.62404436,True
non_essential_CEP162|HGNC:21107,0,0,0.5317188,0.4682812,0.5317188,True
non_essential_ITPRIPL2|HGNC:27257,0,0,0.8703068,0.12969321,0.8703068,True
non_essential_ZCWPW2|HGNC:23574,0,0,0.4771591,0.52284086,0.52284086,True
non_essential_ANKRD55|HGNC:25681,0,0,0.5827829,0.41721708,0.5827829,True
non_essential_FOXRED2|HGNC:26264,0,0,0.68690896,0.31309104,0.68690896,True
non_essential_HECA|HGNC:21041,0,0,0.71543217,0.28456783,0.71543217,True
non_essential_VPREB3|HGNC:12710,0,0,0.51279527,0.48720473,0.51279527,True
non_essential_ETV4|HGNC:3493,0,0,0.72257096,0.27742904,0.72257096,True
non_essential_NUTM2F|HGNC:23450,0,0,0.7036634,0.2963366,0.7036634,True
non_essential_BOLL|HGNC:14273,0,0,0.48419833,0.51580167,0.51580167,True
non_essential_RBM44|HGNC:24756,0,0,0.51848096,0.48151904,0.51848096,True
non_essential_MYADM|HGNC:7544,0,0,0.8672681,0.13273191,0.8672681,True
non_essential_SMIM21|HGNC:27598,0,0,0.41296583,0.58703417,0.58703417,True
non_essential_CCDC187|HGNC:30942,0,0,0.7260569,0.27394313,0.7260569,True
non_essential_GALNTL6|HGNC:33844,0,0,0.5829417,0.4170583,0.5829417,True
non_essential_CCDC69|HGNC:24487,0,0,0.6559143,0.3440857,0.6559143,True
non_essential_ARRDC5|HGNC:31407,0,0,0.6323762,0.3676238,0.6323762,True
non_essential_HIST1H2BE|HGNC:4753,0,1,0.9689623,0.031037688,0.9689623,False
non_essential_SKOR1|HGNC:21326,0,0,0.6742352,0.32576478,0.6742352,True
non_essential_GPR89A|HGNC:31984,0,0,0.53598326,0.46401674,0.53598326,True
non_essential_ZNF582|HGNC:26421,0,0,0.46272686,0.53727317,0.53727317,True
non_essential_HMGB4|HGNC:24954,0,0,0.60292053,0.39707947,0.60292053,True
non_essential_SNPH|HGNC:15931,0,0,0.9033697,0.096630275,0.9033697,True
non_essential_APIP|HGNC:17581,0,0,0.49875835,0.5012417,0.5012417,True
non_essential_HAS3|HGNC:4820,0,0,0.6724876,0.32751238,0.6724876,True
non_essential_OR6K3|HGNC:15030,0,0,0.4898043,0.51019573,0.51019573,True
non_essential_CNTLN|HGNC:23432,0,0,0.6378561,0.36214387,0.6378561,True
non_essential_TMEM11|HGNC:16823,0,0,0.7127044,0.28729558,0.7127044,True
non_essential_ZNF510|HGNC:29161,0,0,0.44626284,0.55373716,0.55373716,True
non_essential_MAGIX|HGNC:30006,0,0,0.7420089,0.25799108,0.7420089,True
non_essential_FAM189A1|HGNC:29075,0,0,0.65692043,0.34307957,0.65692043,True
non_essential_EMCN|HGNC:16041,0,0,0.48874956,0.51125044,0.51125044,True
non_essential_OR2B6|HGNC:8241,0,0,0.48969528,0.5103047,0.5103047,True
non_essential_CCDC173|HGNC:25064,0,0,0.5480111,0.45198888,0.5480111,True
non_essential_ENHO|HGNC:24838,0,0,0.6541693,0.34583068,0.6541693,True
non_essential_LOR|HGNC:6663,0,0,0.64080024,0.35919976,0.64080024,True
non_essential_HIST1H4B|HGNC:4789,0,0,0.6605404,0.3394596,0.6605404,True
non_essential_EVPLL|HGNC:35236,0,0,0.9359669,0.06403309,0.9359669,True
non_essential_C9orf172|HGNC:37284,0,0,0.76798135,0.23201865,0.76798135,True
non_essential_SLC18A1|HGNC:10934,0,0,0.5366224,0.4633776,0.5366224,True
non_essential_GRAMD1C|HGNC:25252,0,0,0.50539744,0.49460256,0.50539744,True
non_essential_CDHR3|HGNC:26308,0,0,0.5293571,0.47064292,0.5293571,True
non_essential_FCGR2A|HGNC:3616,0,0,0.53766245,0.46233755,0.53766245,True
non_essential_FOXI3|HGNC:35123,0,0,0.76864606,0.23135394,0.76864606,True
non_essential_CLDND1|HGNC:1322,0,0,0.46695104,0.533049,0.533049,True
non_essential_RIN1|HGNC:18749,0,0,0.6594873,0.3405127,0.6594873,True
non_essential_HRK|HGNC:5185,0,0,0.61565816,0.38434184,0.61565816,True
non_essential_KRT28|HGNC:30842,0,0,0.6643,0.33569998,0.6643,True
non_essential_CD53|HGNC:1686,0,0,0.51707083,0.48292917,0.51707083,True
non_essential_MYBPC1|HGNC:7549,0,0,0.61001205,0.38998795,0.61001205,True
non_essential_UPK3BL|HGNC:37278,0,0,0.6573737,0.34262627,0.6573737,True
non_essential_HERC3|HGNC:4876,0,0,0.5311323,0.46886772,0.5311323,True
non_essential_SH3GL3|HGNC:10832,0,0,0.5340334,0.46596658,0.5340334,True
non_essential_ZNF614|HGNC:24722,0,0,0.4694392,0.5305608,0.5305608,True
non_essential_TMEM59L|HGNC:13237,0,0,0.65281,0.34719002,0.65281,True
non_essential_ISG15|HGNC:4053,0,0,0.75857234,0.24142766,0.75857234,True
non_essential_TCP11X2|HGNC:48335,0,0,0.5288591,0.47114092,0.5288591,True
non_essential_RPL39L|HGNC:17094,0,0,0.5581743,0.4418257,0.5581743,True
non_essential_OR5K1|HGNC:8349,0,0,0.46197236,0.53802764,0.53802764,True
non_essential_PTK6|HGNC:9617,0,0,0.87376827,0.12623173,0.87376827,True
non_essential_MEX3D|HGNC:16734,0,0,0.87573117,0.12426883,0.87573117,True
non_essential_SORCS3|HGNC:16699,0,0,0.65505445,0.34494555,0.65505445,True
non_essential_FGGY|HGNC:25610,0,0,0.56115144,0.43884856,0.56115144,True
non_essential_SPINK8|HGNC:33160,0,0,0.4447102,0.5552898,0.5552898,True
non_essential_ZNF518B|HGNC:29365,0,0,0.5138669,0.4861331,0.5138669,True
non_essential_PLA2G12B|HGNC:18555,0,0,0.6274186,0.37258142,0.6274186,True
non_essential_NUTM2B|HGNC:23445,0,0,0.6631909,0.3368091,0.6631909,True
non_essential_TSGA13|HGNC:12369,0,0,0.60793215,0.39206785,0.60793215,True
non_essential_SLC46A3|HGNC:27501,0,0,0.48418117,0.51581883,0.51581883,True
non_essential_STARD8|HGNC:19161,0,0,0.63037205,0.36962795,0.63037205,True
non_essential_CDY1|HGNC:1809,0,0,0.5306453,0.4693547,0.5306453,True
non_essential_ANKRD39|HGNC:28640,0,0,0.6927638,0.3072362,0.6927638,True
non_essential_KANK4|HGNC:27263,0,0,0.6661995,0.3338005,0.6661995,True
non_essential_LCE1C|HGNC:29464,0,0,0.47457555,0.5254245,0.5254245,True
non_essential_NANS|HGNC:19237,0,0,0.6180616,0.3819384,0.6180616,True
non_essential_DGKI|HGNC:2855,0,0,0.6030027,0.39699727,0.6030027,True
non_essential_OR2J2|HGNC:8260,0,0,0.46684188,0.5331581,0.5331581,True
non_essential_ZNF254|HGNC:13047,0,0,0.46453753,0.5354625,0.5354625,True
non_essential_TMEM128|HGNC:28201,0,0,0.4921835,0.5078165,0.5078165,True
non_essential_NOX5|HGNC:14874,0,0,0.6932967,0.30670333,0.6932967,True
non_essential_PDP2|HGNC:30263,0,0,0.6426065,0.3573935,0.6426065,True
non_essential_BORCS5|HGNC:17950,0,0,0.65359527,0.34640473,0.65359527,True
non_essential_ANKRD30B|HGNC:24165,0,0,0.5353099,0.4646901,0.5353099,True
non_essential_OGFRL1|HGNC:21378,0,0,0.5305681,0.46943188,0.5305681,True
non_essential_KRTAP5-3|HGNC:23598,0,0,0.439119,0.560881,0.560881,True
non_essential_NEBL|HGNC:16932,0,0,0.5086291,0.49137092,0.5086291,True
non_essential_ARHGDIB|HGNC:679,0,0,0.5938524,0.4061476,0.5938524,True
non_essential_NUTM1|HGNC:29919,0,0,0.55801713,0.44198287,0.55801713,True
non_essential_OR1D2|HGNC:8183,0,0,0.5507492,0.44925082,0.5507492,True
non_essential_CXCL13|HGNC:10639,0,0,0.44981602,0.550184,0.550184,True
non_essential_CCNB1IP1|HGNC:19437,0,0,0.5077346,0.4922654,0.5077346,True
non_essential_GIMAP6|HGNC:21918,0,0,0.6807273,0.3192727,0.6807273,True
non_essential_MPZL3|HGNC:27279,0,0,0.5737992,0.4262008,0.5737992,True
non_essential_ELFN2|HGNC:29396,0,0,0.85460913,0.14539087,0.85460913,True
non_essential_NFKBIE|HGNC:7799,0,0,0.6974019,0.30259812,0.6974019,True
non_essential_FAM159B|HGNC:34236,0,0,0.5085225,0.4914775,0.5085225,True
non_essential_HIST3H2A|HGNC:20507,0,0,0.945859,0.054140985,0.945859,True
non_essential_CD2AP|HGNC:14258,0,0,0.5261668,0.4738332,0.5261668,True
non_essential_KCNJ15|HGNC:6261,0,0,0.6752642,0.32473582,0.6752642,True
non_essential_RASA2|HGNC:9872,0,0,0.5550002,0.4449998,0.5550002,True
non_essential_HNRNPCL1|HGNC:29295,0,0,0.5243393,0.47566068,0.5243393,True
non_essential_WDR5B|HGNC:17826,0,0,0.49888957,0.50111043,0.50111043,True
non_essential_STX16|HGNC:11431,0,0,0.5324097,0.46759027,0.5324097,True
non_essential_NOXRED1|HGNC:20487,0,0,0.48523265,0.51476735,0.51476735,True
non_essential_XCL2|HGNC:10646,0,0,0.5544792,0.44552082,0.5544792,True
non_essential_PLAC1|HGNC:9044,0,0,0.47500283,0.5249972,0.5249972,True
non_essential_CYSLTR2|HGNC:18274,0,0,0.5353005,0.4646995,0.5353005,True
non_essential_CABLES1|HGNC:25097,0,0,0.6154926,0.38450742,0.6154926,True
non_essential_PSG7|HGNC:9524,0,0,0.5133531,0.4866469,0.5133531,True
non_essential_CD93|HGNC:15855,0,0,0.6252706,0.3747294,0.6252706,True
non_essential_MRFAP1L1|HGNC:28796,0,0,0.7267365,0.2732635,0.7267365,True
non_essential_POLM|HGNC:9185,0,0,0.62981814,0.37018186,0.62981814,True
non_essential_FBXL3|HGNC:13599,0,0,0.4775666,0.5224334,0.5224334,True
non_essential_GNRHR|HGNC:4421,0,0,0.47940326,0.52059674,0.52059674,True
non_essential_ENPP3|HGNC:3358,0,0,0.5062594,0.49374062,0.5062594,True
non_essential_RDH14|HGNC:19979,0,0,0.60585356,0.39414644,0.60585356,True
non_essential_PRSS16|HGNC:9480,0,0,0.64260215,0.35739785,0.64260215,True
non_essential_C2orf16|HGNC:25275,0,0,0.6376024,0.3623976,0.6376024,True
non_essential_LIPG|HGNC:6623,0,0,0.6675468,0.3324532,0.6675468,True
non_essential_BEST2|HGNC:17107,0,0,0.76016086,0.23983914,0.76016086,True
non_essential_OR2T12|HGNC:19592,0,0,0.63888663,0.36111337,0.63888663,True
non_essential_RIIAD1|HGNC:26686,0,0,0.4594259,0.5405741,0.5405741,True
non_essential_TAC1|HGNC:11517,0,0,0.6023312,0.39766878,0.6023312,True
non_essential_LIN7A|HGNC:17787,0,0,0.58041245,0.41958755,0.58041245,True
non_essential_DGCR6|HGNC:2846,0,0,0.6569562,0.3430438,0.6569562,True
non_essential_DSEL|HGNC:18144,0,0,0.5763305,0.42366952,0.5763305,True
non_essential_NRSN1|HGNC:17881,0,0,0.60659474,0.39340526,0.60659474,True
non_essential_GPR37|HGNC:4494,0,0,0.6026162,0.3973838,0.6026162,True
non_essential_TGDS|HGNC:20324,0,0,0.5019205,0.49807948,0.5019205,True
non_essential_OR6X1|HGNC:14737,0,0,0.47432193,0.52567804,0.52567804,True
non_essential_VSIG10|HGNC:26078,0,0,0.6227441,0.37725592,0.6227441,True
non_essential_ACOT13|HGNC:20999,0,0,0.43529004,0.56470996,0.56470996,True
non_essential_LEPROTL1|HGNC:6555,0,0,0.4905253,0.5094747,0.5094747,True
non_essential_MEX3A|HGNC:33482,0,0,0.6440624,0.3559376,0.6440624,True
non_essential_LGALS2|HGNC:6562,0,0,0.5421354,0.45786458,0.5421354,True
non_essential_OR10R2|HGNC:14820,0,0,0.50320375,0.49679625,0.50320375,True
non_essential_ARHGAP19|HGNC:23724,0,0,0.5037517,0.4962483,0.5037517,True
non_essential_BATF3|HGNC:28915,0,0,0.91204286,0.087957144,0.91204286,True
non_essential_FAM111A|HGNC:24725,0,0,0.5491951,0.4508049,0.5491951,True
non_essential_CDNF|HGNC:24913,0,0,0.5788286,0.42117143,0.5788286,True
non_essential_UEVLD|HGNC:30866,0,0,0.49830455,0.50169545,0.50169545,True
non_essential_PPM1N|HGNC:26845,0,0,0.73008615,0.26991385,0.73008615,True
non_essential_FAM118A|HGNC:1313,0,0,0.63526523,0.36473477,0.63526523,True
non_essential_NECTIN1|HGNC:9706,0,0,0.76304,0.23696,0.76304,True
non_essential_KLRK1|HGNC:18788,0,0,0.5179959,0.4820041,0.5179959,True
non_essential_BABAM1|HGNC:25008,0,0,0.7107146,0.28928542,0.7107146,True
non_essential_PLEKHG1|HGNC:20884,0,0,0.62836003,0.37163997,0.62836003,True
non_essential_CD2|HGNC:1639,0,0,0.48990822,0.5100918,0.5100918,True
non_essential_PRPS1|HGNC:9462,0,0,0.5016522,0.49834782,0.5016522,True
non_essential_GATM|HGNC:4175,0,0,0.5847785,0.4152215,0.5847785,True
non_essential_IL23R|HGNC:19100,0,0,0.48272428,0.5172757,0.5172757,True
non_essential_RSPH10B2|HGNC:34385,0,0,0.61732244,0.38267756,0.61732244,True
non_essential_SSX1|HGNC:11335,0,0,0.49370602,0.506294,0.506294,True
non_essential_HPCAL1|HGNC:5145,0,1,0.9752397,0.024760306,0.9752397,False
non_essential_PTCD2|HGNC:25734,0,0,0.57475764,0.42524236,0.57475764,True
non_essential_SSMEM1|HGNC:29580,0,0,0.5315527,0.46844733,0.5315527,True
non_essential_ZNF124|HGNC:12907,0,0,0.46304587,0.53695416,0.53695416,True
non_essential_ACTA2|HGNC:130,0,0,0.6509795,0.34902048,0.6509795,True
non_essential_CNN3|HGNC:2157,0,0,0.500846,0.49915397,0.500846,True
non_essential_RSG1|HGNC:28127,0,0,0.7832225,0.2167775,0.7832225,True
non_essential_LETMD1|HGNC:24241,0,0,0.66052127,0.33947873,0.66052127,True
non_essential_ZNF594|HGNC:29392,0,0,0.4993387,0.5006613,0.5006613,True
non_essential_ZNF835|HGNC:34332,0,0,0.68786716,0.31213284,0.68786716,True
non_essential_OR4C46|HGNC:31271,0,0,0.481932,0.51806796,0.51806796,True
non_essential_GCNT4|HGNC:17973,0,0,0.56786716,0.43213284,0.56786716,True
non_essential_KIR3DL1|HGNC:6338,0,0,0.5529123,0.4470877,0.5529123,True
non_essential_PAGE4|HGNC:4108,0,0,0.49267918,0.5073208,0.5073208,True
non_essential_GNGT1|HGNC:4411,0,0,0.4355699,0.5644301,0.5644301,True
non_essential_CBLC|HGNC:15961,0,0,0.9038781,0.09612191,0.9038781,True
non_essential_IFI30|HGNC:5398,0,0,0.76546806,0.23453194,0.76546806,True
non_essential_TRMT11|HGNC:21080,0,0,0.5165953,0.4834047,0.5165953,True
non_essential_FCGR3A|HGNC:3619,0,0,0.495326,0.50467396,0.50467396,True
non_essential_QPCT|HGNC:9753,0,0,0.6222023,0.37779772,0.6222023,True
non_essential_GHSR|HGNC:4267,0,0,0.72580516,0.27419484,0.72580516,True
non_essential_FRMD4B|HGNC:24886,0,0,0.54731214,0.45268786,0.54731214,True
non_essential_CCDC160|HGNC:37286,0,0,0.4040585,0.59594154,0.59594154,True
non_essential_BBS5|HGNC:970,0,0,0.47334346,0.5266565,0.5266565,True
non_essential_SELPLG|HGNC:10722,0,0,0.66687053,0.33312947,0.66687053,True
non_essential_ZNF227|HGNC:13020,0,0,0.49319208,0.5068079,0.5068079,True
non_essential_IDE|HGNC:5381,0,0,0.5669647,0.4330353,0.5669647,True
non_essential_F2RL2|HGNC:3539,0,0,0.44053212,0.5594679,0.5594679,True
non_essential_GOLGA4|HGNC:4427,0,0,0.57789713,0.42210287,0.57789713,True
non_essential_TMEM133|HGNC:24033,0,0,0.4018773,0.5981227,0.5981227,True
non_essential_SLCO1B3|HGNC:10961,0,0,0.5058075,0.49419248,0.5058075,True
non_essential_MAN2A1|HGNC:6824,0,0,0.6142434,0.3857566,0.6142434,True
non_essential_SOWAHA|HGNC:27033,0,0,0.7291657,0.27083433,0.7291657,True
non_essential_EFCAB3|HGNC:26379,0,0,0.49168414,0.50831586,0.50831586,True
non_essential_KRT9|HGNC:6447,0,0,0.584682,0.415318,0.584682,True
non_essential_PRAMEF2|HGNC:28841,0,0,0.6213133,0.37868673,0.6213133,True
non_essential_NT5C|HGNC:17144,0,0,0.71565247,0.28434753,0.71565247,True
non_essential_FAM149A|HGNC:24527,0,0,0.6230923,0.3769077,0.6230923,True
non_essential_TMEM249|HGNC:44155,0,0,0.68339705,0.31660295,0.68339705,True
non_essential_TARBP1|HGNC:11568,0,0,0.63550043,0.36449957,0.63550043,True
non_essential_CLEC12B|HGNC:31966,0,0,0.487592,0.512408,0.512408,True
non_essential_CLDN25|HGNC:37218,0,0,0.6025112,0.39748877,0.6025112,True
non_essential_STARD13|HGNC:19164,0,0,0.6308553,0.36914468,0.6308553,True
non_essential_LYRM9|HGNC:27314,0,0,0.5774347,0.42256528,0.5774347,True
non_essential_TBC1D3I|HGNC:32709,0,0,0.68740743,0.31259257,0.68740743,True
non_essential_KIRREL2|HGNC:18816,0,0,0.6649084,0.3350916,0.6649084,True
non_essential_GAGE2A|HGNC:4099,0,0,0.5714501,0.4285499,0.5714501,True
non_essential_ZNF32|HGNC:13095,0,0,0.47009227,0.5299077,0.5299077,True
non_essential_UVSSA|HGNC:29304,0,0,0.6988136,0.30118638,0.6988136,True
non_essential_SAT2|HGNC:23160,0,0,0.60568565,0.39431435,0.60568565,True
non_essential_CRYBB1|HGNC:2397,0,0,0.6291439,0.3708561,0.6291439,True
non_essential_HMGCS2|HGNC:5008,0,0,0.6040421,0.3959579,0.6040421,True
non_essential_KDM5D|HGNC:11115,0,0,0.66290015,0.33709985,0.66290015,True
non_essential_GUCA1A|HGNC:4678,0,0,0.74524313,0.25475687,0.74524313,True
non_essential_TMPRSS5|HGNC:14908,0,0,0.6705185,0.32948148,0.6705185,True
non_essential_NREP|HGNC:16834,0,0,0.61783594,0.38216406,0.61783594,True
non_essential_TMEM179|HGNC:20137,0,0,0.8764391,0.123560905,0.8764391,True
non_essential_CLEC4D|HGNC:14554,0,0,0.4950469,0.5049531,0.5049531,True
non_essential_C6orf118|HGNC:21233,0,0,0.5814145,0.41858548,0.5814145,True
non_essential_NBEAL2|HGNC:31928,0,0,0.63987875,0.36012125,0.63987875,True
non_essential_MAGI3|HGNC:29647,0,0,0.5762409,0.4237591,0.5762409,True
non_essential_RAB43|HGNC:19983,0,0,0.885994,0.11400598,0.885994,True
non_essential_GTPBP2|HGNC:4670,0,0,0.61508936,0.38491064,0.61508936,True
non_essential_MTMR11|HGNC:24307,0,0,0.5737355,0.42626452,0.5737355,True
non_essential_SRMS|HGNC:11298,0,0,0.8655248,0.13447517,0.8655248,True
non_essential_BCKDHB|HGNC:987,0,0,0.5159892,0.48401082,0.5159892,True
non_essential_C1orf87|HGNC:28547,0,0,0.601471,0.398529,0.601471,True
non_essential_METTL11B|HGNC:31932,0,0,0.5961178,0.4038822,0.5961178,True
non_essential_RASGRP3|HGNC:14545,0,0,0.554552,0.44544798,0.554552,True
non_essential_ST7L|HGNC:18441,0,0,0.5788404,0.42115963,0.5788404,True
non_essential_SLC46A2|HGNC:16055,0,0,0.7156494,0.28435057,0.7156494,True
non_essential_DUSP2|HGNC:3068,0,0,0.87558943,0.12441057,0.87558943,True
non_essential_C8orf4|HGNC:1357,0,0,0.62746,0.37254,0.62746,True
non_essential_ITGAM|HGNC:6149,0,0,0.64513135,0.35486865,0.64513135,True
non_essential_CXorf23|HGNC:27413,0,0,0.5780771,0.42192292,0.5780771,True
non_essential_EMD|HGNC:3331,0,0,0.5953859,0.4046141,0.5953859,True
non_essential_GPR182|HGNC:13708,0,0,0.68442327,0.31557673,0.68442327,True
non_essential_SCRN1|HGNC:22192,0,0,0.6609821,0.33901793,0.6609821,True
non_essential_MAGEA6|HGNC:6804,0,0,0.53958577,0.46041423,0.53958577,True
non_essential_HNMT|HGNC:5028,0,0,0.45682865,0.54317135,0.54317135,True
non_essential_SIGLEC14|HGNC:32926,0,0,0.59695995,0.40304005,0.59695995,True
non_essential_PTX4|HGNC:14171,0,0,0.8273959,0.17260408,0.8273959,True
non_essential_FAM21A|HGNC:23416,0,0,0.633234,0.36676598,0.633234,True
non_essential_SYT10|HGNC:19266,0,0,0.548657,0.451343,0.548657,True
non_essential_XG|HGNC:12806,0,0,0.5511246,0.44887543,0.5511246,True
non_essential_GLO1|HGNC:4323,0,0,0.53704023,0.46295977,0.53704023,True
non_essential_TCAIM|HGNC:25241,0,0,0.48967528,0.5103247,0.5103247,True
non_essential_TNFRSF25|HGNC:11910,0,0,0.75263494,0.24736506,0.75263494,True
non_essential_ALLC|HGNC:17377,0,0,0.4671885,0.5328115,0.5328115,True
non_essential_CLEC1A|HGNC:24355,0,0,0.54021937,0.45978063,0.54021937,True
non_essential_MAPKAPK3|HGNC:6888,0,0,0.60533184,0.39466816,0.60533184,True
non_essential_KRT78|HGNC:28926,0,0,0.7264408,0.2735592,0.7264408,True
non_essential_SLC9A5|HGNC:11078,0,0,0.64480156,0.35519844,0.64480156,True
non_essential_SLC25A11|HGNC:10981,0,0,0.64477897,0.35522103,0.64477897,True
non_essential_FCN3|HGNC:3625,0,0,0.69721687,0.30278313,0.69721687,True
non_essential_CD68|HGNC:1693,0,0,0.55141723,0.44858277,0.55141723,True
non_essential_YIPF4|HGNC:28145,0,0,0.45480785,0.5451921,0.5451921,True
non_essential_FAM167A|HGNC:15549,0,0,0.803129,0.19687098,0.803129,True
non_essential_DNAH14|HGNC:2945,0,0,0.5000648,0.4999352,0.5000648,True
non_essential_LETM2|HGNC:14648,0,0,0.50801504,0.49198496,0.50801504,True
non_essential_PDCD1|HGNC:8760,0,0,0.58955044,0.41044956,0.58955044,True
non_essential_NPC1|HGNC:7897,0,0,0.60997623,0.39002377,0.60997623,True
non_essential_TMF1|HGNC:11870,0,0,0.5606675,0.4393325,0.5606675,True
non_essential_CNBD2|HGNC:16145,0,0,0.6467234,0.3532766,0.6467234,True
non_essential_PEAK1|HGNC:29431,0,0,0.5698267,0.43017328,0.5698267,True
non_essential_CRBN|HGNC:30185,0,0,0.5753108,0.42468917,0.5753108,True
non_essential_OR8S1|HGNC:19628,0,0,0.5325726,0.46742737,0.5325726,True
non_essential_OR8H1|HGNC:14824,0,0,0.51228184,0.48771816,0.51228184,True
non_essential_RALBP1|HGNC:9841,0,0,0.6057761,0.39422393,0.6057761,True
non_essential_S100A13|HGNC:10490,0,0,0.656676,0.343324,0.656676,True
non_essential_TRMT2B|HGNC:25748,0,0,0.5064705,0.4935295,0.5064705,True
non_essential_SAMD7|HGNC:25394,0,0,0.5209415,0.4790585,0.5209415,True
non_essential_SERPINB9|HGNC:8955,0,0,0.6192146,0.3807854,0.6192146,True
non_essential_MUC16|HGNC:15582,0,0,0.61406296,0.38593704,0.61406296,True
non_essential_ZDHHC21|HGNC:20750,0,0,0.47332996,0.52667004,0.52667004,True
non_essential_ZNF727|HGNC:22785,0,0,0.44816214,0.55183786,0.55183786,True
non_essential_SBK1|HGNC:17699,0,0,0.83962315,0.16037685,0.83962315,True
non_essential_CDR2L|HGNC:29999,0,0,0.8624913,0.13750869,0.8624913,True
non_essential_HIBADH|HGNC:4907,0,0,0.520074,0.479926,0.520074,True
non_essential_CCDC80|HGNC:30649,0,0,0.6450648,0.35493523,0.6450648,True
non_essential_ASB18|HGNC:19770,0,0,0.6230524,0.37694758,0.6230524,True
non_essential_FAM132B|HGNC:26727,0,1,0.9555636,0.044436395,0.9555636,False
non_essential_CALHM2|HGNC:23493,0,0,0.81455433,0.18544567,0.81455433,True
non_essential_TMEM72|HGNC:31658,0,0,0.6713833,0.32861668,0.6713833,True
non_essential_CRACR2B|HGNC:28703,0,0,0.79533845,0.20466155,0.79533845,True
non_essential_PJA1|HGNC:16648,0,0,0.5682379,0.4317621,0.5682379,True
non_essential_KLHL5|HGNC:6356,0,0,0.588036,0.411964,0.588036,True
non_essential_CLDN19|HGNC:2040,0,0,0.7147028,0.28529721,0.7147028,True
non_essential_RCSD1|HGNC:28310,0,0,0.6004529,0.3995471,0.6004529,True
non_essential_COL23A1|HGNC:22990,0,0,0.6941726,0.30582738,0.6941726,True
non_essential_ZNF836|HGNC:34333,0,0,0.4985916,0.5014084,0.5014084,True
non_essential_C1orf52|HGNC:24871,0,0,0.59922117,0.40077883,0.59922117,True
non_essential_BRINP3|HGNC:22393,0,0,0.6194135,0.3805865,0.6194135,True
non_essential_CXCL3|HGNC:4604,0,0,0.550289,0.44971102,0.550289,True
non_essential_LCN12|HGNC:28733,0,0,0.71718395,0.28281605,0.71718395,True
non_essential_KPNA5|HGNC:6398,0,0,0.49991196,0.50008804,0.50008804,True
non_essential_CEP83|HGNC:17966,0,0,0.51964307,0.48035693,0.51964307,True
non_essential_NPM2|HGNC:7930,0,0,0.6369818,0.3630182,0.6369818,True
non_essential_PUS10|HGNC:26505,0,0,0.515734,0.48426598,0.515734,True
non_essential_TAS2R8|HGNC:14915,0,0,0.4263653,0.57363474,0.57363474,True
non_essential_CES3|HGNC:1865,0,0,0.6594555,0.34054452,0.6594555,True
non_essential_LOXL2|HGNC:6666,0,0,0.7738722,0.2261278,0.7738722,True
non_essential_SYT16|HGNC:23142,0,0,0.57297516,0.42702484,0.57297516,True
non_essential_SMARCD3|HGNC:11108,0,0,0.725227,0.274773,0.725227,True
non_essential_SSTR2|HGNC:11331,0,0,0.88350374,0.116496265,0.88350374,True
non_essential_PLA2R1|HGNC:9042,0,0,0.6091984,0.3908016,0.6091984,True
non_essential_HIST1H1T|HGNC:4720,0,0,0.54036224,0.45963776,0.54036224,True
non_essential_ZNF718|HGNC:26889,0,0,0.4427987,0.55720127,0.55720127,True
non_essential_STAT6|HGNC:11368,0,0,0.6712783,0.3287217,0.6712783,True
non_essential_SEPT14|HGNC:33280,0,0,0.5406184,0.45938158,0.5406184,True
non_essential_KIF25|HGNC:6390,0,0,0.65344554,0.34655446,0.65344554,True
non_essential_FAM200B|HGNC:27740,0,0,0.4868305,0.5131695,0.5131695,True
non_essential_SLC10A7|HGNC:23088,0,0,0.5331578,0.46684217,0.5331578,True
non_essential_CXorf67|HGNC:33738,0,0,0.73937154,0.26062846,0.73937154,True
non_essential_TRIM29|HGNC:17274,0,0,0.78905123,0.21094877,0.78905123,True
non_essential_TMEM201|HGNC:33719,0,0,0.8782316,0.121768415,0.8782316,True
non_essential_EFCAB7|HGNC:29379,0,0,0.50628513,0.49371487,0.50628513,True
non_essential_HOOK2|HGNC:19885,0,0,0.6786311,0.32136887,0.6786311,True
non_essential_MS4A13|HGNC:16674,0,0,0.45692977,0.5430702,0.5430702,True
non_essential_FAM161B|HGNC:19854,0,0,0.6703208,0.3296792,0.6703208,True
non_essential_AVL9|HGNC:28994,0,0,0.53581524,0.46418476,0.53581524,True
non_essential_OR51S1|HGNC:15204,0,0,0.43504083,0.56495917,0.56495917,True
non_essential_KCNC2|HGNC:6234,0,0,0.5591355,0.4408645,0.5591355,True
non_essential_C1orf21|HGNC:15494,0,0,0.47396335,0.5260366,0.5260366,True
non_essential_WHRN|HGNC:16361,0,0,0.6571131,0.34288692,0.6571131,True
non_essential_ENPP6|HGNC:23409,0,0,0.63777244,0.36222756,0.63777244,True
non_essential_ZNF658|HGNC:25226,0,0,0.45220777,0.5477922,0.5477922,True
non_essential_ZNF71|HGNC:13141,0,0,0.7136959,0.28630412,0.7136959,True
non_essential_OSBPL1A|HGNC:16398,0,0,0.54144466,0.45855534,0.54144466,True
non_essential_PFKFB4|HGNC:8875,0,0,0.5712847,0.4287153,0.5712847,True
non_essential_LZTR1|HGNC:6742,0,0,0.6887789,0.31122112,0.6887789,True
non_essential_CD46|HGNC:6953,0,0,0.62817633,0.37182367,0.62817633,True
non_essential_PPT1|HGNC:9325,0,0,0.647198,0.35280198,0.647198,True
non_essential_PASK|HGNC:17270,0,0,0.6754865,0.3245135,0.6754865,True
non_essential_FCRL2|HGNC:14875,0,0,0.6044852,0.3955148,0.6044852,True
non_essential_MT1F|HGNC:7398,0,0,0.4211837,0.5788163,0.5788163,True
non_essential_GBP3|HGNC:4184,0,0,0.51220584,0.48779416,0.51220584,True
non_essential_NMUR1|HGNC:4518,0,0,0.7377009,0.26229912,0.7377009,True
non_essential_MARCH2|HGNC:28038,0,0,0.94302243,0.05697757,0.94302243,True
non_essential_KRTAP5-11|HGNC:23606,0,0,0.43336058,0.5666394,0.5666394,True
non_essential_ORMDL3|HGNC:16038,0,0,0.697422,0.30257797,0.697422,True
non_essential_ADAMTSL3|HGNC:14633,0,0,0.63140213,0.36859787,0.63140213,True
non_essential_RHOD|HGNC:670,0,0,0.67124087,0.32875913,0.67124087,True
non_essential_SNX8|HGNC:14972,0,0,0.769181,0.23081899,0.769181,True
non_essential_CCDC124|HGNC:25171,0,0,0.8126216,0.1873784,0.8126216,True
non_essential_IL18RAP|HGNC:5989,0,0,0.51477075,0.48522925,0.51477075,True
non_essential_OSBPL10|HGNC:16395,0,0,0.58896273,0.41103727,0.58896273,True
non_essential_MICA|HGNC:7090,0,0,0.5600167,0.4399833,0.5600167,True
non_essential_PARM1|HGNC:24536,0,0,0.70552045,0.29447955,0.70552045,True
non_essential_FIG4|HGNC:16873,0,0,0.6075392,0.39246082,0.6075392,True
non_essential_CASP7|HGNC:1508,0,0,0.5193029,0.4806971,0.5193029,True
non_essential_SEMA6B|HGNC:10739,0,0,0.75389737,0.24610263,0.75389737,True
non_essential_CTSZ|HGNC:2547,0,0,0.64751667,0.35248333,0.64751667,True
non_essential_TMC6|HGNC:18021,0,0,0.7030322,0.2969678,0.7030322,True
non_essential_SULF1|HGNC:20391,0,0,0.5826411,0.41735888,0.5826411,True
non_essential_FAM83A|HGNC:28210,0,0,0.6409337,0.3590663,0.6409337,True
non_essential_S100A7|HGNC:10497,0,0,0.49585217,0.5041478,0.5041478,True
non_essential_TUBA3E|HGNC:20765,0,0,0.6583489,0.34165108,0.6583489,True
non_essential_PIH1D2|HGNC:25210,0,0,0.5396756,0.4603244,0.5396756,True
non_essential_WFDC5|HGNC:20477,0,0,0.7611364,0.23886359,0.7611364,True
non_essential_CSF3|HGNC:2438,0,0,0.7370732,0.26292682,0.7370732,True
non_essential_ETFA|HGNC:3481,0,0,0.5080836,0.49191642,0.5080836,True
non_essential_MAPK10|HGNC:6872,0,0,0.5542168,0.4457832,0.5542168,True
non_essential_OR2J3|HGNC:8261,0,0,0.4781033,0.5218967,0.5218967,True
non_essential_HMSD|HGNC:23037,0,0,0.48620728,0.51379275,0.51379275,True
non_essential_LHFPL2|HGNC:6588,0,0,0.55603594,0.44396406,0.55603594,True
non_essential_MROH9|HGNC:26287,0,0,0.554711,0.44528902,0.554711,True
non_essential_ZMAT1|HGNC:29377,0,0,0.51653725,0.48346275,0.51653725,True
non_essential_TRIM4|HGNC:16275,0,0,0.6697807,0.33021933,0.6697807,True
non_essential_IFNK|HGNC:21714,0,0,0.46217865,0.53782135,0.53782135,True
non_essential_AMBN|HGNC:452,0,0,0.5729448,0.42705518,0.5729448,True
non_essential_MRO|HGNC:24121,0,0,0.62200314,0.37799686,0.62200314,True
non_essential_SARDH|HGNC:10536,0,1,0.95254946,0.047450542,0.95254946,False
non_essential_SPO11|HGNC:11250,0,0,0.511691,0.48830903,0.511691,True
non_essential_C5AR2|HGNC:4527,0,0,0.82711136,0.17288864,0.82711136,True
non_essential_FAM132A|HGNC:32308,0,0,0.9013537,0.09864628,0.9013537,True
non_essential_ZNF469|HGNC:23216,0,0,0.65352064,0.34647936,0.65352064,True
non_essential_C7orf55|HGNC:26946,0,0,0.6603965,0.33960348,0.6603965,True
non_essential_ZBTB48|HGNC:4930,0,0,0.64769375,0.35230625,0.64769375,True
non_essential_CHMP2B|HGNC:24537,0,0,0.49335438,0.5066456,0.5066456,True
non_essential_CARD6|HGNC:16394,0,0,0.5062902,0.4937098,0.5062902,True
non_essential_RAB8B|HGNC:30273,0,0,0.5391511,0.46084893,0.5391511,True
non_essential_OR2M7|HGNC:19594,0,0,0.50874007,0.49125993,0.50874007,True
non_essential_BTBD3|HGNC:15854,0,0,0.5818619,0.4181381,0.5818619,True
non_essential_SERPINA10|HGNC:15996,0,0,0.52960837,0.47039163,0.52960837,True
non_essential_MAP3K10|HGNC:6849,0,0,0.6988501,0.3011499,0.6988501,True
non_essential_PHLDA1|HGNC:8933,0,0,0.75175846,0.24824154,0.75175846,True
non_essential_HAX1|HGNC:16915,0,0,0.464957,0.535043,0.535043,True
non_essential_NDFIP2|HGNC:18537,0,0,0.6171129,0.38288713,0.6171129,True
non_essential_TMEM240|HGNC:25186,0,0,0.7821356,0.2178644,0.7821356,True
non_essential_MEI4|HGNC:43638,0,0,0.47988722,0.52011275,0.52011275,True
non_essential_SLC5A11|HGNC:23091,0,0,0.6522232,0.34777677,0.6522232,True
non_essential_FA2H|HGNC:21197,0,0,0.6603163,0.3396837,0.6603163,True
non_essential_DUSP8|HGNC:3074,0,0,0.8960684,0.103931606,0.8960684,True
non_essential_OR2T5|HGNC:15017,0,0,0.5609217,0.43907827,0.5609217,True
non_essential_NKIRAS1|HGNC:17899,0,0,0.46689793,0.53310204,0.53310204,True
non_essential_ZBTB33|HGNC:16682,0,0,0.5194688,0.48053122,0.5194688,True
non_essential_ST6GALNAC4|HGNC:17846,0,0,0.75944275,0.24055725,0.75944275,True
non_essential_DENND3|HGNC:29134,0,0,0.65079445,0.34920555,0.65079445,True
non_essential_GEN1|HGNC:26881,0,0,0.4924161,0.50758386,0.50758386,True
non_essential_C2orf54|HGNC:26216,0,0,0.8200448,0.17995518,0.8200448,True
non_essential_RAG1|HGNC:9831,0,0,0.5660488,0.4339512,0.5660488,True
non_essential_FAM162A|HGNC:17865,0,0,0.64185196,0.35814804,0.64185196,True
non_essential_FAM185A|HGNC:22412,0,0,0.6165447,0.38345528,0.6165447,True
non_essential_OR1C1|HGNC:8182,0,0,0.53054523,0.46945477,0.53054523,True
non_essential_RP1L1|HGNC:15946,0,0,0.65221304,0.34778696,0.65221304,True
non_essential_GOLPH3|HGNC:15452,0,0,0.5510176,0.44898242,0.5510176,True
non_essential_PANX3|HGNC:20573,0,0,0.6061262,0.3938738,0.6061262,True
non_essential_MMP19|HGNC:7165,0,0,0.5540288,0.4459712,0.5540288,True
non_essential_P4HTM|HGNC:28858,0,0,0.708356,0.29164398,0.708356,True
non_essential_UBL4A|HGNC:12505,0,0,0.67860985,0.32139015,0.67860985,True
non_essential_STRC|HGNC:16035,0,0,0.6015957,0.3984043,0.6015957,True
non_essential_CORO2B|HGNC:2256,0,0,0.6424458,0.3575542,0.6424458,True
non_essential_AGR3|HGNC:24167,0,0,0.44567925,0.55432075,0.55432075,True
non_essential_OR2T34|HGNC:31256,0,0,0.6088759,0.39112413,0.6088759,True
non_essential_RGS2|HGNC:9998,0,0,0.45232722,0.54767275,0.54767275,True
non_essential_NME5|HGNC:7853,0,0,0.46975666,0.53024334,0.53024334,True
non_essential_NTS|HGNC:8038,0,0,0.42839327,0.57160676,0.57160676,True
non_essential_ETV3|HGNC:3492,0,0,0.6360437,0.36395627,0.6360437,True
non_essential_TSPYL5|HGNC:29367,0,0,0.7092047,0.29079533,0.7092047,True
non_essential_GZMK|HGNC:4711,0,0,0.5017736,0.4982264,0.5017736,True
non_essential_OR10W1|HGNC:15139,0,0,0.48182487,0.5181751,0.5181751,True
non_essential_ISX|HGNC:28084,0,0,0.6635454,0.33645457,0.6635454,True
non_essential_FHL5|HGNC:17371,0,0,0.45735854,0.54264146,0.54264146,True
non_essential_KRTAP19-1|HGNC:18936,0,0,0.42340547,0.57659453,0.57659453,True
non_essential_BDH1|HGNC:1027,0,0,0.841417,0.15858299,0.841417,True
non_essential_CAAP1|HGNC:25834,0,0,0.54772764,0.45227236,0.54772764,True
non_essential_CD59|HGNC:1689,0,0,0.48803332,0.5119667,0.5119667,True
non_essential_CLDN14|HGNC:2035,0,0,0.8398009,0.1601991,0.8398009,True
non_essential_KCTD6|HGNC:22235,0,0,0.4911317,0.50886834,0.50886834,True
non_essential_LRRC75A|HGNC:32403,0,0,0.70809555,0.29190445,0.70809555,True
non_essential_DAPK2|HGNC:2675,0,0,0.6298538,0.37014621,0.6298538,True
non_essential_RAI2|HGNC:9835,0,0,0.57668394,0.42331606,0.57668394,True
non_essential_ITGB7|HGNC:6162,0,0,0.74024093,0.25975907,0.74024093,True
non_essential_PLEKHB2|HGNC:19236,0,0,0.624422,0.375578,0.624422,True
non_essential_GLT1D1|HGNC:26483,0,0,0.55338037,0.44661963,0.55338037,True
non_essential_HIVEP3|HGNC:13561,0,0,0.62920165,0.37079835,0.62920165,True
non_essential_CTXN1|HGNC:31108,0,0,0.7683413,0.2316587,0.7683413,True
non_essential_OR4A16|HGNC:15153,0,0,0.42329082,0.57670915,0.57670915,True
non_essential_ACER2|HGNC:23675,0,0,0.53667307,0.46332693,0.53667307,True
non_essential_SPATC1|HGNC:30510,0,0,0.8421305,0.15786952,0.8421305,True
non_essential_SIRPA|HGNC:9662,0,0,0.7527764,0.24722362,0.7527764,True
non_essential_ZNF200|HGNC:12993,0,0,0.5230001,0.47699988,0.5230001,True
non_essential_ZDHHC3|HGNC:18470,0,0,0.6020528,0.3979472,0.6020528,True
non_essential_CAPN10|HGNC:1477,0,0,0.8209387,0.1790613,0.8209387,True
non_essential_ARHGAP18|HGNC:21035,0,0,0.6042145,0.3957855,0.6042145,True
non_essential_OLFML3|HGNC:24956,0,0,0.61061656,0.38938344,0.61061656,True
non_essential_AMBP|HGNC:453,0,0,0.65183306,0.34816694,0.65183306,True
non_essential_SDR42E1|HGNC:29834,0,0,0.49860796,0.501392,0.501392,True
non_essential_ST8SIA6|HGNC:23317,0,0,0.50050586,0.49949414,0.50050586,True
non_essential_VOPP1|HGNC:34518,0,0,0.5736143,0.4263857,0.5736143,True
non_essential_TSTD1|HGNC:35410,0,0,0.75062335,0.24937665,0.75062335,True
non_essential_S1PR3|HGNC:3167,0,0,0.7719677,0.22803229,0.7719677,True
non_essential_PGA3|HGNC:8885,0,0,0.68509483,0.31490517,0.68509483,True
non_essential_PDCD6|HGNC:8765,0,0,0.84328,0.15671998,0.84328,True
non_essential_SLCO1A2|HGNC:10956,0,0,0.5018091,0.49819088,0.5018091,True
non_essential_ZNF92|HGNC:13168,0,0,0.47790438,0.5220956,0.5220956,True
non_essential_UGT2B4|HGNC:12553,0,0,0.51254594,0.48745406,0.51254594,True
non_essential_TMEM176A|HGNC:24930,0,0,0.62279314,0.37720686,0.62279314,True
non_essential_IGSF5|HGNC:5952,0,0,0.5331016,0.46689838,0.5331016,True
non_essential_PHLPP2|HGNC:29149,0,0,0.59545857,0.40454143,0.59545857,True
non_essential_RGS8|HGNC:16810,0,0,0.5128415,0.48715848,0.5128415,True
non_essential_TGIF2LY|HGNC:18569,0,0,0.5381037,0.4618963,0.5381037,True
non_essential_SPRR3|HGNC:11268,0,0,0.57379293,0.42620707,0.57379293,True
non_essential_IDNK|HGNC:31367,0,0,0.6117529,0.38824707,0.6117529,True
non_essential_PFN3|HGNC:18627,0,0,0.9153867,0.08461332,0.9153867,True
non_essential_ANXA1|HGNC:533,0,0,0.7312419,0.26875812,0.7312419,True
non_essential_UBE2L6|HGNC:12490,0,0,0.67617595,0.32382405,0.67617595,True
non_essential_KIAA0895|HGNC:22206,0,0,0.57135135,0.42864865,0.57135135,True
non_essential_BFSP2|HGNC:1041,0,0,0.63825893,0.36174107,0.63825893,True
non_essential_CCL27|HGNC:10626,0,0,0.68054587,0.31945413,0.68054587,True
non_essential_TRPT1|HGNC:20316,0,0,0.6134183,0.38658172,0.6134183,True
non_essential_CARD8|HGNC:17057,0,0,0.5401038,0.4598962,0.5401038,True
non_essential_KLRC1|HGNC:6374,0,0,0.4576242,0.5423758,0.5423758,True
non_essential_ERGIC1|HGNC:29205,0,0,0.8755151,0.1244849,0.8755151,True
non_essential_PDIA5|HGNC:24811,0,0,0.5953674,0.40463263,0.5953674,True
non_essential_ZNF208|HGNC:12999,0,0,0.45563117,0.54436886,0.54436886,True
non_essential_ZNF653|HGNC:25196,0,0,0.6773153,0.3226847,0.6773153,True
non_essential_MC5R|HGNC:6933,0,0,0.59694654,0.40305346,0.59694654,True
non_essential_TSPAN19|HGNC:31886,0,0,0.4251568,0.57484317,0.57484317,True
non_essential_GKN1|HGNC:23217,0,0,0.5908739,0.4091261,0.5908739,True
non_essential_MTFR1L|HGNC:28836,0,0,0.5553204,0.44467962,0.5553204,True
non_essential_PPP2R1B|HGNC:9303,0,0,0.64937085,0.35062915,0.64937085,True
non_essential_SPANXD|HGNC:14332,0,0,0.506127,0.493873,0.506127,True
non_essential_TCP10|HGNC:11656,0,0,0.6826251,0.31737489,0.6826251,True
non_essential_ATPIF1|HGNC:871,0,0,0.65100175,0.34899825,0.65100175,True
non_essential_KIAA0753|HGNC:29110,0,0,0.567892,0.43210799,0.567892,True
non_essential_NDRG2|HGNC:14460,0,0,0.6472151,0.35278487,0.6472151,True
non_essential_PTTG2|HGNC:9691,0,0,0.73241454,0.26758546,0.73241454,True
non_essential_HDAC10|HGNC:18128,0,0,0.7064305,0.2935695,0.7064305,True
non_essential_RBP2|HGNC:9920,0,0,0.53398925,0.46601075,0.53398925,True
non_essential_ASAH2|HGNC:18860,0,0,0.50096846,0.49903154,0.50096846,True
non_essential_ADAMTS12|HGNC:14605,0,0,0.6357023,0.3642977,0.6357023,True
non_essential_AQP3|HGNC:636,0,0,0.5465782,0.45342177,0.5465782,True
non_essential_KLHL38|HGNC:34435,0,0,0.7535746,0.24642539,0.7535746,True
non_essential_BTBD17|HGNC:33758,0,0,0.8786425,0.1213575,0.8786425,True
non_essential_ELANE|HGNC:3309,0,0,0.8399733,0.16002673,0.8399733,True
non_essential_C16orf90|HGNC:34455,0,0,0.56954163,0.43045837,0.56954163,True
non_essential_FLT3|HGNC:3765,0,0,0.67598987,0.32401013,0.67598987,True
non_essential_LRRC47|HGNC:29207,0,0,0.7857315,0.2142685,0.7857315,True
non_essential_OR4F15|HGNC:15078,0,0,0.4214957,0.5785043,0.5785043,True
non_essential_KIAA1671|HGNC:29345,0,0,0.6262666,0.3737334,0.6262666,True
non_essential_NT5DC1|HGNC:21556,0,0,0.5073559,0.49264407,0.5073559,True
non_essential_PAWR|HGNC:8614,0,0,0.5676335,0.4323665,0.5676335,True
non_essential_CELA1|HGNC:3308,0,0,0.6212922,0.37870783,0.6212922,True
non_essential_CBLN4|HGNC:16231,0,0,0.6338547,0.3661453,0.6338547,True
non_essential_CNTD2|HGNC:25805,0,0,0.65123844,0.34876156,0.65123844,True
non_essential_C10orf11|HGNC:23405,0,0,0.69426996,0.30573004,0.69426996,True
non_essential_ZFP28|HGNC:17801,0,0,0.610834,0.389166,0.610834,True
non_essential_ZNF668|HGNC:25821,0,0,0.8002262,0.19977379,0.8002262,True
non_essential_GNAT1|HGNC:4393,0,0,0.896968,0.10303199,0.896968,True
non_essential_NPIPA2|HGNC:41979,0,0,0.56003016,0.43996984,0.56003016,True
non_essential_DRD3|HGNC:3024,0,0,0.6886735,0.3113265,0.6886735,True
non_essential_ZNF880|HGNC:37249,0,0,0.47393867,0.5260613,0.5260613,True
non_essential_PNLIPRP1|HGNC:9156,0,0,0.59303933,0.40696067,0.59303933,True
non_essential_RNF112|HGNC:12968,0,0,0.7402553,0.2597447,0.7402553,True
non_essential_PCK2|HGNC:8725,0,0,0.61414015,0.38585985,0.61414015,True
non_essential_STEAP1B|HGNC:41907,0,0,0.4732013,0.5267987,0.5267987,True
non_essential_RPRML|HGNC:32422,0,0,0.8797384,0.12026161,0.8797384,True
non_essential_KCTD13|HGNC:22234,0,0,0.9413069,0.05869311,0.9413069,True
non_essential_TAS2R14|HGNC:14920,0,0,0.50284606,0.49715394,0.50284606,True
non_essential_UROC1|HGNC:26444,0,0,0.73395354,0.26604646,0.73395354,True
non_essential_TMEM105|HGNC:26794,0,0,0.5272658,0.4727342,0.5272658,True
non_essential_TSPY10|HGNC:37473,0,0,0.62023926,0.37976074,0.62023926,True
non_essential_TGFB1I1|HGNC:11767,0,0,0.69904417,0.30095583,0.69904417,True
non_essential_PID1|HGNC:26084,0,0,0.68598235,0.31401765,0.68598235,True
non_essential_KRTAP19-6|HGNC:18941,0,0,0.40497747,0.59502256,0.59502256,True
non_essential_MRGPRF|HGNC:24828,0,0,0.8030484,0.19695163,0.8030484,True
non_essential_TEF|HGNC:11722,0,0,0.70005596,0.29994404,0.70005596,True
non_essential_ULBP1|HGNC:14893,0,0,0.48684418,0.5131558,0.5131558,True
non_essential_POTEB2|HGNC:48327,0,0,0.57315445,0.42684555,0.57315445,True
non_essential_AMY2B|HGNC:478,0,0,0.5286323,0.47136772,0.5286323,True
non_essential_MON1A|HGNC:28207,0,0,0.66066027,0.33933973,0.66066027,True
non_essential_BEND6|HGNC:20871,0,0,0.4454749,0.55452514,0.55452514,True
non_essential_TCTEX1D2|HGNC:28482,0,0,0.5165756,0.48342443,0.5165756,True
non_essential_MXRA8|HGNC:7542,0,0,0.7258387,0.27416128,0.7258387,True
non_essential_CBR3|HGNC:1549,0,0,0.64886314,0.35113686,0.64886314,True
non_essential_FBXO39|HGNC:28565,0,0,0.5778814,0.4221186,0.5778814,True
non_essential_XAGE2|HGNC:4112,0,0,0.5491196,0.4508804,0.5491196,True
non_essential_LMOD1|HGNC:6647,0,0,0.70733446,0.29266554,0.70733446,True
non_essential_GAD2|HGNC:4093,0,0,0.59245956,0.40754044,0.59245956,True
non_essential_RASD2|HGNC:18229,0,1,0.9515797,0.04842031,0.9515797,False
non_essential_PSKH1|HGNC:9529,0,0,0.62850326,0.37149674,0.62850326,True
non_essential_PQLC2L|HGNC:25146,0,0,0.5031546,0.49684542,0.5031546,True
non_essential_FAM35A|HGNC:28773,0,0,0.574383,0.42561698,0.574383,True
non_essential_ADGRL4|HGNC:20822,0,0,0.49897894,0.501021,0.501021,True
non_essential_SLC9A2|HGNC:11072,0,0,0.58627456,0.41372544,0.58627456,True
non_essential_CUZD1|HGNC:17937,0,0,0.49375156,0.5062485,0.5062485,True
non_essential_FBXL7|HGNC:13604,0,0,0.8789281,0.121071875,0.8789281,True
non_essential_C21orf62|HGNC:1305,0,0,0.49830344,0.5016966,0.5016966,True
non_essential_PCSK9|HGNC:20001,0,0,0.6807915,0.3192085,0.6807915,True
non_essential_TSSK1B|HGNC:14968,0,0,0.8238098,0.1761902,0.8238098,True
non_essential_LUZP4|HGNC:24971,0,0,0.49209163,0.50790834,0.50790834,True
non_essential_CT47A9|HGNC:33290,0,0,0.78890824,0.21109176,0.78890824,True
non_essential_RAB39B|HGNC:16499,0,0,0.62216634,0.37783366,0.62216634,True
non_essential_PUS7L|HGNC:25276,0,0,0.46645212,0.5335479,0.5335479,True
non_essential_OPN1SW|HGNC:1012,0,0,0.68413466,0.31586534,0.68413466,True
non_essential_SLC22A12|HGNC:17989,0,0,0.78687406,0.21312594,0.78687406,True
non_essential_GP2|HGNC:4441,0,0,0.61513406,0.38486594,0.61513406,True
non_essential_TINAGL1|HGNC:19168,0,0,0.85350484,0.14649516,0.85350484,True
non_essential_SFTPD|HGNC:10803,0,0,0.7228652,0.27713478,0.7228652,True
non_essential_DNHD1|HGNC:26532,0,0,0.6350513,0.3649487,0.6350513,True
non_essential_TMLHE|HGNC:18308,0,0,0.5624408,0.4375592,0.5624408,True
non_essential_BTN2A2|HGNC:1137,0,0,0.6611375,0.33886248,0.6611375,True
non_essential_CGB2|HGNC:16722,0,0,0.7524954,0.24750459,0.7524954,True
non_essential_WISP2|HGNC:12770,0,0,0.81859404,0.18140596,0.81859404,True
non_essential_BAIAP2L1|HGNC:21649,0,0,0.6768308,0.32316917,0.6768308,True
non_essential_STK32A|HGNC:28317,0,0,0.64491016,0.35508984,0.64491016,True
non_essential_PRB2|HGNC:9338,0,0,0.62956315,0.37043685,0.62956315,True
non_essential_ATG4D|HGNC:20789,0,0,0.69806856,0.30193144,0.69806856,True
non_essential_LRRC27|HGNC:29346,0,0,0.77457094,0.22542906,0.77457094,True
non_essential_ZNF697|HGNC:32034,0,0,0.83274287,0.16725713,0.83274287,True
non_essential_FAM234B|HGNC:29288,0,0,0.625938,0.374062,0.625938,True
non_essential_G0S2|HGNC:30229,0,0,0.6346179,0.36538208,0.6346179,True
non_essential_BCAM|HGNC:6722,0,0,0.7635835,0.23641652,0.7635835,True
non_essential_BSPRY|HGNC:18232,0,0,0.73757756,0.26242244,0.73757756,True
non_essential_RAB3D|HGNC:9779,0,0,0.74402356,0.25597644,0.74402356,True
non_essential_TNFRSF13B|HGNC:18153,0,0,0.8500478,0.14995217,0.8500478,True
non_essential_ANO5|HGNC:27337,0,0,0.56238675,0.43761325,0.56238675,True
non_essential_TMPRSS4|HGNC:11878,0,0,0.62043697,0.37956303,0.62043697,True
non_essential_DLAT|HGNC:2896,0,0,0.57757276,0.42242724,0.57757276,True
non_essential_CNN1|HGNC:2155,0,0,0.7621534,0.23784661,0.7621534,True
non_essential_ZNF560|HGNC:26484,0,0,0.5294001,0.4705999,0.5294001,True
non_essential_DDO|HGNC:2727,0,0,0.5306404,0.46935958,0.5306404,True
non_essential_GRAP|HGNC:4562,0,0,0.72059363,0.27940637,0.72059363,True
non_essential_RPS6KB2|HGNC:10437,0,0,0.6714407,0.32855928,0.6714407,True
non_essential_ACOXL|HGNC:25621,0,0,0.6950631,0.3049369,0.6950631,True
non_essential_HOXA11|HGNC:5101,0,0,0.82197285,0.17802715,0.82197285,True
non_essential_TSNARE1|HGNC:26437,0,0,0.6774981,0.3225019,0.6774981,True
non_essential_USP17L8|HGNC:37181,0,0,0.65180737,0.34819263,0.65180737,True
non_essential_ZGLP1|HGNC:37245,0,0,0.8086601,0.19133991,0.8086601,True
non_essential_PRICKLE4|HGNC:16805,0,0,0.65748864,0.34251136,0.65748864,True
non_essential_PPP1R3A|HGNC:9291,0,0,0.49303263,0.50696737,0.50696737,True
non_essential_SLC25A13|HGNC:10983,0,0,0.6413929,0.3586071,0.6413929,True
non_essential_CTAG1B|HGNC:2491,0,0,0.7805038,0.21949619,0.7805038,True
non_essential_NUDT2|HGNC:8049,0,0,0.62837255,0.37162745,0.62837255,True
non_essential_FZD10|HGNC:4039,0,0,0.6767031,0.3232969,0.6767031,True
non_essential_FYB|HGNC:4036,0,0,0.5952128,0.40478718,0.5952128,True
non_essential_TMEM205|HGNC:29631,0,0,0.6524229,0.3475771,0.6524229,True
non_essential_CCDC24|HGNC:28688,0,0,0.7597344,0.24026561,0.7597344,True
non_essential_CEP19|HGNC:28209,0,0,0.48528066,0.51471937,0.51471937,True
non_essential_ZNF417|HGNC:20646,0,0,0.5633088,0.43669122,0.5633088,True
non_essential_TRIM45|HGNC:19018,0,0,0.5329657,0.46703428,0.5329657,True
non_essential_GPR156|HGNC:20844,0,0,0.6047777,0.3952223,0.6047777,True
non_essential_IRAK1BP1|HGNC:17368,0,0,0.6462,0.3538,0.6462,True
non_essential_SERINC2|HGNC:23231,0,0,0.7241874,0.27581263,0.7241874,True
non_essential_CAPS2|HGNC:16471,0,0,0.469036,0.530964,0.530964,True
non_essential_SPINK14|HGNC:33825,0,0,0.40725806,0.59274197,0.59274197,True
non_essential_INSL5|HGNC:6088,0,0,0.52005404,0.47994596,0.52005404,True
non_essential_DUS1L|HGNC:30086,0,0,0.7576646,0.24233538,0.7576646,True
non_essential_CALML5|HGNC:18180,0,1,0.95968723,0.040312767,0.95968723,False
non_essential_TRIM43|HGNC:19015,0,0,0.47357357,0.52642643,0.52642643,True
non_essential_CCSER1|HGNC:29349,0,0,0.5013826,0.4986174,0.5013826,True
non_essential_TPCN1|HGNC:18182,0,0,0.6394939,0.36050612,0.6394939,True
non_essential_RP9|HGNC:10288,0,0,0.7518365,0.24816352,0.7518365,True
non_essential_HDC|HGNC:4855,0,0,0.6435485,0.3564515,0.6435485,True
non_essential_C11orf80|HGNC:26197,0,0,0.6451983,0.3548017,0.6451983,True
non_essential_OLFML2B|HGNC:24558,0,0,0.6386806,0.36131942,0.6386806,True
non_essential_LRP11|HGNC:16936,0,0,0.6756112,0.3243888,0.6756112,True
non_essential_TXNDC8|HGNC:31454,0,0,0.45419565,0.5458044,0.5458044,True
non_essential_POTEM|HGNC:37096,0,0,0.589358,0.41064203,0.589358,True
non_essential_TNFRSF14|HGNC:11912,0,0,0.66173065,0.33826935,0.66173065,True
non_essential_COLGALT2|HGNC:16790,0,0,0.64524716,0.35475284,0.64524716,True
non_essential_PER3|HGNC:8847,0,0,0.6659841,0.3340159,0.6659841,True
non_essential_KCNJ4|HGNC:6265,0,0,0.9281616,0.07183838,0.9281616,True
non_essential_PLXNB1|HGNC:9103,0,0,0.6267919,0.3732081,0.6267919,True
non_essential_KHK|HGNC:6315,0,0,0.6493649,0.3506351,0.6493649,True
non_essential_LRIT1|HGNC:23404,0,0,0.67069906,0.32930094,0.67069906,True
non_essential_CNRIP1|HGNC:24546,0,0,0.6630471,0.33695292,0.6630471,True
non_essential_CCNG1|HGNC:1592,0,0,0.5360495,0.4639505,0.5360495,True
non_essential_CRLF2|HGNC:14281,0,0,0.69008535,0.30991465,0.69008535,True
non_essential_AAGAB|HGNC:25662,0,0,0.49812117,0.50187886,0.50187886,True
non_essential_YIPF7|HGNC:26825,0,0,0.45388535,0.5461147,0.5461147,True
non_essential_APCDD1|HGNC:15718,0,0,0.67035073,0.32964927,0.67035073,True
non_essential_DSCR4|HGNC:3045,0,0,0.55089664,0.44910336,0.55089664,True
non_essential_MRFAP1|HGNC:24549,0,0,0.92783886,0.07216114,0.92783886,True
non_essential_TSPAN9|HGNC:21640,0,0,0.65647036,0.34352964,0.65647036,True
non_essential_IL5|HGNC:6016,0,0,0.4697438,0.5302562,0.5302562,True
non_essential_PCBD2|HGNC:24474,0,0,0.5116558,0.4883442,0.5116558,True
non_essential_FUT9|HGNC:4020,0,0,0.4809597,0.5190403,0.5190403,True
non_essential_PSG11|HGNC:9516,0,0,0.47991368,0.5200863,0.5200863,True
non_essential_NPC2|HGNC:14537,0,0,0.5755452,0.4244548,0.5755452,True
non_essential_SLC26A7|HGNC:14467,0,0,0.5847122,0.4152878,0.5847122,True
non_essential_MAPK4|HGNC:6878,0,0,0.7979596,0.20204037,0.7979596,True
non_essential_ONECUT3|HGNC:13399,0,1,0.9604563,0.03954369,0.9604563,False
non_essential_GZMA|HGNC:4708,0,0,0.46512875,0.5348712,0.5348712,True
non_essential_CPZ|HGNC:2333,0,0,0.66120666,0.33879334,0.66120666,True
non_essential_FAM84A|HGNC:20743,0,0,0.92708766,0.072912335,0.92708766,True
non_essential_CEACAM1|HGNC:1814,0,0,0.50490177,0.49509823,0.50490177,True
non_essential_CLDND2|HGNC:28511,0,0,0.6348426,0.36515743,0.6348426,True
non_essential_MX2|HGNC:7533,0,0,0.57577467,0.42422533,0.57577467,True
non_essential_EVI5|HGNC:3501,0,0,0.5920621,0.40793788,0.5920621,True
non_essential_OR51G2|HGNC:15198,0,0,0.6239483,0.37605172,0.6239483,True
non_essential_KRTAP19-3|HGNC:18938,0,0,0.39500904,0.60499096,0.60499096,True
non_essential_SMIM18|HGNC:42973,0,0,0.42117298,0.578827,0.578827,True
non_essential_THYN1|HGNC:29560,0,0,0.5974004,0.40259957,0.5974004,True
non_essential_BVES|HGNC:1152,0,0,0.5145086,0.4854914,0.5145086,True
non_essential_BIRC8|HGNC:14878,0,0,0.4931076,0.50689244,0.50689244,True
non_essential_SERPINE2|HGNC:8951,0,0,0.49470788,0.5052921,0.5052921,True
non_essential_SCNN1D|HGNC:10601,0,0,0.8855196,0.114480376,0.8855196,True
non_essential_DNAJB5|HGNC:14887,0,0,0.6625276,0.33747238,0.6625276,True
non_essential_PTCHD3|HGNC:24776,0,0,0.6510013,0.34899873,0.6510013,True
non_essential_PDE6A|HGNC:8785,0,0,0.6051913,0.3948087,0.6051913,True
non_essential_C22orf46|HGNC:26294,0,0,0.62174326,0.37825674,0.62174326,True
non_essential_C2orf83|HGNC:25344,0,0,0.51362276,0.48637724,0.51362276,True
non_essential_GAGE12H|HGNC:31908,0,0,0.4721927,0.5278073,0.5278073,True
non_essential_PAPSS2|HGNC:8604,0,0,0.6278073,0.37219268,0.6278073,True
non_essential_C1orf158|HGNC:28567,0,0,0.61030394,0.38969606,0.61030394,True
non_essential_B4GALNT2|HGNC:24136,0,0,0.64793766,0.35206234,0.64793766,True
non_essential_CT47A8|HGNC:33289,0,0,0.78890824,0.21109176,0.78890824,True
non_essential_FAM71C|HGNC:28594,0,0,0.6664534,0.33354658,0.6664534,True
non_essential_ZNF10|HGNC:12879,0,0,0.47506642,0.5249336,0.5249336,True
non_essential_C19orf18|HGNC:28642,0,0,0.48968622,0.51031375,0.51031375,True
non_essential_ANKRD6|HGNC:17280,0,0,0.60320705,0.39679295,0.60320705,True
non_essential_CNGA3|HGNC:2150,0,0,0.76605624,0.23394376,0.76605624,True
non_essential_TEX261|HGNC:30712,0,0,0.49529144,0.5047085,0.5047085,True
non_essential_ACOT4|HGNC:19748,0,0,0.7032128,0.2967872,0.7032128,True
non_essential_MGAM|HGNC:7043,0,0,0.6146384,0.3853616,0.6146384,True
non_essential_CDKN2D|HGNC:1790,0,0,0.6595803,0.3404197,0.6595803,True
non_essential_STAT2|HGNC:11363,0,0,0.64852226,0.35147774,0.64852226,True
non_essential_SULT1C3|HGNC:33543,0,0,0.5300786,0.4699214,0.5300786,True
non_essential_SLC22A1|HGNC:10963,0,0,0.6199981,0.3800019,0.6199981,True
non_essential_CRHR2|HGNC:2358,0,0,0.9076689,0.09233111,0.9076689,True
non_essential_KIAA1755|HGNC:29372,0,0,0.5509345,0.4490655,0.5509345,True
non_essential_KRTAP4-3|HGNC:18908,0,0,0.4733399,0.5266601,0.5266601,True
non_essential_UTP14C|HGNC:20321,0,0,0.54500544,0.45499456,0.54500544,True
non_essential_BTN3A1|HGNC:1138,0,0,0.6090693,0.3909307,0.6090693,True
non_essential_SLC35F4|HGNC:19845,0,0,0.5063844,0.49361563,0.5063844,True
non_essential_FGF1|HGNC:3665,0,0,0.6340845,0.36591548,0.6340845,True
non_essential_FAM206A|HGNC:1364,0,0,0.48498663,0.51501334,0.51501334,True
non_essential_RAB26|HGNC:14259,0,0,0.84275603,0.15724397,0.84275603,True
non_essential_C10orf67|HGNC:28716,0,0,0.5382371,0.4617629,0.5382371,True
non_essential_CCDC102A|HGNC:28097,0,0,0.91961616,0.08038384,0.91961616,True
non_essential_TIAM2|HGNC:11806,0,0,0.64451563,0.35548437,0.64451563,True
non_essential_VAPB|HGNC:12649,0,0,0.5007341,0.4992659,0.5007341,True
non_essential_HPSE2|HGNC:18374,0,0,0.5990491,0.4009509,0.5990491,True
non_essential_OR2A5|HGNC:8232,0,0,0.6798944,0.3201056,0.6798944,True
non_essential_OR4A5|HGNC:15162,0,0,0.46852964,0.53147036,0.53147036,True
non_essential_LRIG3|HGNC:30991,0,0,0.6576625,0.3423375,0.6576625,True
non_essential_TMX1|HGNC:15487,0,0,0.5365722,0.46342778,0.5365722,True
non_essential_C9orf40|HGNC:23433,0,0,0.85888314,0.14111686,0.85888314,True
non_essential_OR52A1|HGNC:8318,0,0,0.48334357,0.5166564,0.5166564,True
non_essential_ZNF470|HGNC:22220,0,0,0.48914665,0.51085335,0.51085335,True
non_essential_GALNT15|HGNC:21531,0,0,0.64614177,0.35385823,0.64614177,True
non_essential_ABCD2|HGNC:66,0,0,0.58445185,0.41554815,0.58445185,True
non_essential_RAB17|HGNC:16523,0,0,0.8522895,0.1477105,0.8522895,True
non_essential_AKNA|HGNC:24108,0,0,0.6458969,0.3541031,0.6458969,True
non_essential_MC4R|HGNC:6932,0,0,0.57935494,0.42064506,0.57935494,True
non_essential_OR4Q3|HGNC:15426,0,0,0.4431897,0.55681026,0.55681026,True
non_essential_OSGEPL1|HGNC:23075,0,0,0.47789386,0.5221062,0.5221062,True
non_essential_TGFBR3L|HGNC:44152,0,0,0.89416194,0.10583806,0.89416194,True
non_essential_TUSC3|HGNC:30242,0,0,0.54316366,0.45683634,0.54316366,True
non_essential_TMEM8B|HGNC:21427,0,0,0.8561259,0.14387411,0.8561259,True
non_essential_KRT33A|HGNC:6450,0,0,0.852619,0.14738101,0.852619,True
non_essential_ADGRA1|HGNC:13838,0,0,0.71416104,0.28583896,0.71416104,True
non_essential_FILIP1|HGNC:21015,0,0,0.59962213,0.40037787,0.59962213,True
non_essential_PRAP1|HGNC:23304,0,0,0.53580743,0.46419257,0.53580743,True
non_essential_IFNA2|HGNC:5423,0,0,0.58841926,0.41158074,0.58841926,True
non_essential_RAVER2|HGNC:25577,0,0,0.53050435,0.46949565,0.53050435,True
non_essential_DYNLRB2|HGNC:15467,0,0,0.48182237,0.5181776,0.5181776,True
non_essential_GOPC|HGNC:17643,0,0,0.52625346,0.47374654,0.52625346,True
non_essential_FAM213A|HGNC:28651,0,0,0.6792044,0.3207956,0.6792044,True
non_essential_PXMP2|HGNC:9716,0,0,0.6166359,0.38336408,0.6166359,True
non_essential_DEFB113|HGNC:18094,0,0,0.42163545,0.57836455,0.57836455,True
non_essential_TCEANC|HGNC:28277,0,0,0.498771,0.501229,0.501229,True
non_essential_FBN3|HGNC:18794,0,0,0.67529565,0.32470435,0.67529565,True
non_essential_DPY19L1|HGNC:22205,0,0,0.5057524,0.49424762,0.5057524,True
non_essential_GTDC1|HGNC:20887,0,0,0.62502056,0.37497944,0.62502056,True
non_essential_CCIN|HGNC:1568,0,0,0.657131,0.34286898,0.657131,True
non_essential_DNAJC5B|HGNC:24138,0,0,0.58499634,0.41500366,0.58499634,True
non_essential_GVQW2|HGNC:51715,0,0,0.5461785,0.45382148,0.5461785,True
non_essential_TACC1|HGNC:11522,0,0,0.6155817,0.3844183,0.6155817,True
non_essential_GDPD3|HGNC:28638,0,0,0.6544743,0.34552568,0.6544743,True
non_essential_TMEM45B|HGNC:25194,0,0,0.55753386,0.44246614,0.55753386,True
non_essential_RSPH10B|HGNC:27362,0,0,0.6228864,0.37711358,0.6228864,True
non_essential_PIWIL3|HGNC:18443,0,0,0.56748575,0.43251425,0.56748575,True
non_essential_TBC1D23|HGNC:25622,0,0,0.57249534,0.42750466,0.57249534,True
non_essential_ITGA11|HGNC:6136,0,0,0.6216073,0.3783927,0.6216073,True
non_essential_VPS11|HGNC:14583,0,0,0.6329289,0.3670711,0.6329289,True
non_essential_MAPK1IP1L|HGNC:19840,0,0,0.5666817,0.43331832,0.5666817,True
non_essential_RNF41|HGNC:18401,0,0,0.58545977,0.41454023,0.58545977,True
non_essential_AGMO|HGNC:33784,0,0,0.4902585,0.5097415,0.5097415,True
non_essential_INHBE|HGNC:24029,0,0,0.5970541,0.40294588,0.5970541,True
non_essential_EVI2B|HGNC:3500,0,0,0.46417367,0.5358263,0.5358263,True
non_essential_SEC16B|HGNC:30301,0,0,0.6332329,0.3667671,0.6332329,True
non_essential_NTNG1|HGNC:23319,0,0,0.6245767,0.3754233,0.6245767,True
non_essential_TECTB|HGNC:11721,0,0,0.5790567,0.42094332,0.5790567,True
non_essential_GPR52|HGNC:4508,0,0,0.47838274,0.5216173,0.5216173,True
non_essential_ZNF26|HGNC:13053,0,0,0.4800203,0.5199797,0.5199797,True
non_essential_PALM|HGNC:8594,0,0,0.7483457,0.25165433,0.7483457,True
non_essential_ZNF853|HGNC:21767,0,0,0.7263141,0.27368587,0.7263141,True
non_essential_SSX4B|HGNC:16880,0,0,0.5709569,0.4290431,0.5709569,True
non_essential_CCDC88C|HGNC:19967,0,0,0.6745005,0.32549948,0.6745005,True
non_essential_PYY|HGNC:9748,0,0,0.70715725,0.29284275,0.70715725,True
non_essential_C10orf128|HGNC:27274,0,0,0.639645,0.36035502,0.639645,True
non_essential_AADACL2|HGNC:24427,0,0,0.52409834,0.47590166,0.52409834,True
non_essential_IER5L|HGNC:23679,0,0,0.7567775,0.24322248,0.7567775,True
non_essential_FAXDC2|HGNC:1334,0,0,0.63732624,0.36267376,0.63732624,True
non_essential_TYW5|HGNC:26754,0,0,0.50892794,0.49107206,0.50892794,True
non_essential_CALML4|HGNC:18445,0,0,0.5107883,0.48921168,0.5107883,True
non_essential_HTR2A|HGNC:5293,0,0,0.52320313,0.47679687,0.52320313,True
non_essential_PSG1|HGNC:9514,0,0,0.492729,0.507271,0.507271,True
non_essential_TMSB4X|HGNC:11881,0,0,0.6868433,0.31315672,0.6868433,True
non_essential_STMND1|HGNC:44668,0,0,0.573828,0.42617202,0.573828,True
non_essential_GPX6|HGNC:4558,0,0,0.49287447,0.5071255,0.5071255,True
non_essential_DCDC5|HGNC:24799,0,0,0.57682467,0.42317533,0.57682467,True
non_essential_BCAP29|HGNC:24131,0,0,0.44848984,0.55151016,0.55151016,True
non_essential_MAP7D2|HGNC:25899,0,0,0.5985112,0.40148878,0.5985112,True
non_essential_ST3GAL1|HGNC:10862,0,0,0.7719746,0.22802538,0.7719746,True
non_essential_OR8K3|HGNC:15313,0,0,0.53193414,0.46806586,0.53193414,True
non_essential_EMG1|HGNC:16912,0,0,0.56316197,0.43683803,0.56316197,True
non_essential_ADH4|HGNC:252,0,0,0.52159166,0.47840834,0.52159166,True
non_essential_OR8B3|HGNC:8472,0,0,0.4564839,0.5435161,0.5435161,True
non_essential_DEFB112|HGNC:18093,0,0,0.45745218,0.5425478,0.5425478,True
non_essential_ZNF76|HGNC:13149,0,0,0.6758232,0.3241768,0.6758232,True
non_essential_REP15|HGNC:33748,0,0,0.50979465,0.49020535,0.50979465,True
non_essential_RASSF5|HGNC:17609,0,0,0.6957522,0.3042478,0.6957522,True
non_essential_ODAM|HGNC:26043,0,0,0.56514776,0.43485224,0.56514776,True
non_essential_SPON1|HGNC:11252,0,0,0.61881125,0.38118875,0.61881125,True
non_essential_RGS19|HGNC:13735,0,0,0.87170243,0.12829757,0.87170243,True
non_essential_ATP10B|HGNC:13543,0,0,0.6627901,0.33720988,0.6627901,True
non_essential_C7orf76|HGNC:33815,0,0,0.6263307,0.37366933,0.6263307,True
non_essential_KATNA1|HGNC:6216,0,0,0.6254436,0.37455642,0.6254436,True
non_essential_CT47B1|HGNC:33293,0,0,0.6857175,0.31428248,0.6857175,True
non_essential_FAM173A|HGNC:14152,0,0,0.7155775,0.28442252,0.7155775,True
non_essential_TMEM176B|HGNC:29596,0,0,0.60604805,0.39395195,0.60604805,True
non_essential_MKNK1|HGNC:7110,0,0,0.6202769,0.37972307,0.6202769,True
non_essential_OR1J4|HGNC:8211,0,0,0.47470847,0.52529156,0.52529156,True
non_essential_PSG5|HGNC:9522,0,0,0.4967957,0.5032043,0.5032043,True
non_essential_PPP1R17|HGNC:16973,0,0,0.46645305,0.5335469,0.5335469,True
non_essential_OR2AG2|HGNC:15143,0,0,0.49089855,0.50910145,0.50910145,True
non_essential_CRYGA|HGNC:2408,0,0,0.75352985,0.24647015,0.75352985,True
non_essential_ADAMTS20|HGNC:17178,0,0,0.613251,0.38674903,0.613251,True
non_essential_RPS4Y2|HGNC:18501,0,0,0.49819645,0.5018035,0.5018035,True
non_essential_NLRP7|HGNC:22947,0,0,0.6964626,0.30353743,0.6964626,True
non_essential_SLC4A5|HGNC:18168,0,0,0.6744414,0.3255586,0.6744414,True
non_essential_WNT2B|HGNC:12781,0,0,0.6350839,0.3649161,0.6350839,True
non_essential_ZNF860|HGNC:34513,0,0,0.49966788,0.5003321,0.5003321,True
non_essential_ARL9|HGNC:23592,0,0,0.42891496,0.57108504,0.57108504,True
non_essential_SULT6B1|HGNC:33433,0,0,0.66510475,0.33489525,0.66510475,True
non_essential_CCZ1B|HGNC:21717,0,0,0.57139945,0.42860055,0.57139945,True
non_essential_SSX2IP|HGNC:16509,0,0,0.5443533,0.4556467,0.5443533,True
non_essential_IL18|HGNC:5986,0,0,0.40400192,0.59599805,0.59599805,True
non_essential_KYNU|HGNC:6469,0,0,0.48644137,0.5135586,0.5135586,True
non_essential_KLRF1|HGNC:13342,0,0,0.44127846,0.55872154,0.55872154,True
non_essential_RNASE12|HGNC:24211,0,0,0.4377486,0.5622514,0.5622514,True
non_essential_CTCFL|HGNC:16234,0,0,0.60685706,0.39314294,0.60685706,True
non_essential_SLAMF1|HGNC:10903,0,0,0.61397743,0.38602257,0.61397743,True
non_essential_CERS5|HGNC:23749,0,0,0.6351306,0.36486942,0.6351306,True
non_essential_KRT6C|HGNC:20406,0,0,0.6735869,0.3264131,0.6735869,True
non_essential_C5orf42|HGNC:25801,0,0,0.6026987,0.39730132,0.6026987,True
non_essential_RGS12|HGNC:9994,0,0,0.6069949,0.39300507,0.6069949,True
non_essential_DNPH1|HGNC:21218,0,0,0.72561634,0.27438366,0.72561634,True
non_essential_FAM129B|HGNC:25282,0,0,0.79910374,0.20089626,0.79910374,True
non_essential_STXBP2|HGNC:11445,0,0,0.6693138,0.3306862,0.6693138,True
non_essential_PRLHR|HGNC:4464,0,0,0.77083105,0.22916895,0.77083105,True
non_essential_CBLN1|HGNC:1543,0,0,0.70526594,0.29473406,0.70526594,True
non_essential_OR56B1|HGNC:15245,0,0,0.47065762,0.5293424,0.5293424,True
non_essential_CHIT1|HGNC:1936,0,0,0.7317367,0.26826328,0.7317367,True
non_essential_ZNF385B|HGNC:26332,0,0,0.581132,0.418868,0.581132,True
non_essential_LILRB3|HGNC:6607,0,0,0.6618225,0.3381775,0.6618225,True
non_essential_OR8B8|HGNC:8477,0,0,0.537871,0.462129,0.537871,True
non_essential_C21orf2|HGNC:1260,0,0,0.7765216,0.22347838,0.7765216,True
non_essential_LCN8|HGNC:27038,0,0,0.721064,0.27893603,0.721064,True
non_essential_OR5AS1|HGNC:15261,0,0,0.45770591,0.5422941,0.5422941,True
non_essential_ANKRD18A|HGNC:23643,0,0,0.6118711,0.38812888,0.6118711,True
non_essential_ZMYND12|HGNC:21192,0,0,0.48920983,0.51079017,0.51079017,True
non_essential_GABRA6|HGNC:4080,0,0,0.62325144,0.37674856,0.62325144,True
non_essential_CES1|HGNC:1863,0,0,0.65753776,0.34246224,0.65753776,True
non_essential_TMEM104|HGNC:25984,0,0,0.7213739,0.27862608,0.7213739,True
non_essential_RAB3IL1|HGNC:9780,0,0,0.7365626,0.2634374,0.7365626,True
non_essential_HMGN5|HGNC:8013,0,0,0.56488156,0.43511844,0.56488156,True
non_essential_MS4A6A|HGNC:13375,0,0,0.4700339,0.5299661,0.5299661,True
non_essential_BCL2L15|HGNC:33624,0,0,0.46199158,0.53800845,0.53800845,True
non_essential_TBC1D3D|HGNC:28944,0,0,0.68606704,0.31393296,0.68606704,True
non_essential_CDC42EP3|HGNC:16943,0,0,0.6069476,0.3930524,0.6069476,True
non_essential_ZFAND6|HGNC:30164,0,0,0.4356251,0.5643749,0.5643749,True
non_essential_ARL2BP|HGNC:17146,0,0,0.4702877,0.5297123,0.5297123,True
non_essential_FAM20B|HGNC:23017,0,0,0.58650184,0.41349816,0.58650184,True
non_essential_FEM1C|HGNC:16933,0,0,0.5728165,0.4271835,0.5728165,True
non_essential_CCDC81|HGNC:26281,0,0,0.60050595,0.39949405,0.60050595,True
non_essential_MCIDAS|HGNC:40050,0,0,0.7226072,0.2773928,0.7226072,True
non_essential_CAMSAP1|HGNC:19946,0,0,0.65026325,0.34973675,0.65026325,True
non_essential_POLN|HGNC:18870,0,0,0.58086747,0.41913253,0.58086747,True
non_essential_C8G|HGNC:1354,0,0,0.82184386,0.17815614,0.82184386,True
non_essential_TMEM101|HGNC:28653,0,0,0.7231523,0.27684772,0.7231523,True
non_essential_HLA-F|HGNC:4963,0,0,0.73461074,0.26538926,0.73461074,True
non_essential_HS1BP3|HGNC:24979,0,0,0.74249744,0.25750256,0.74249744,True
non_essential_SRR|HGNC:14398,0,0,0.50801396,0.49198604,0.50801396,True
non_essential_MAGEA4|HGNC:6802,0,0,0.7294528,0.2705472,0.7294528,True
non_essential_LMBR1|HGNC:13243,0,0,0.5091442,0.4908558,0.5091442,True
non_essential_TAS2R3|HGNC:14910,0,0,0.48058942,0.5194106,0.5194106,True
non_essential_KCNAB3|HGNC:6230,0,0,0.65269417,0.34730583,0.65269417,True
non_essential_ENPP4|HGNC:3359,0,0,0.4940934,0.5059066,0.5059066,True
non_essential_C10orf105|HGNC:20304,0,0,0.6211695,0.3788305,0.6211695,True
non_essential_TNFSF13|HGNC:11928,0,0,0.61761117,0.38238883,0.61761117,True
non_essential_RCHY1|HGNC:17479,0,0,0.45494708,0.5450529,0.5450529,True
non_essential_OR4F5|HGNC:14825,0,0,0.51001865,0.48998135,0.51001865,True
non_essential_TRPM2|HGNC:12339,0,0,0.74869585,0.25130415,0.74869585,True
non_essential_SAMD5|HGNC:21180,0,0,0.629246,0.370754,0.629246,True
non_essential_SLCO2B1|HGNC:10962,0,0,0.62802553,0.37197447,0.62802553,True
non_essential_PARD6A|HGNC:15943,0,0,0.67926866,0.32073134,0.67926866,True
non_essential_FAM57B|HGNC:25295,0,0,0.86212736,0.13787264,0.86212736,True
non_essential_PRR23B|HGNC:33764,0,0,0.7107271,0.2892729,0.7107271,True
non_essential_KRTAP26-1|HGNC:33760,0,0,0.5043294,0.49567062,0.5043294,True
non_essential_DIO2|HGNC:2884,0,0,0.60344505,0.39655495,0.60344505,True
non_essential_RD3L|HGNC:40912,0,0,0.45345017,0.5465498,0.5465498,True
non_essential_CALU|HGNC:1458,0,0,0.55348074,0.44651926,0.55348074,True
non_essential_LPA|HGNC:6667,0,0,0.55387175,0.44612825,0.55387175,True
non_essential_H1FNT|HGNC:24893,0,0,0.85388136,0.14611864,0.85388136,True
non_essential_JOSD2|HGNC:28853,0,0,0.6787729,0.32122707,0.6787729,True
non_essential_SERPINB8|HGNC:8952,0,0,0.54072607,0.45927393,0.54072607,True
non_essential_ASB17|HGNC:19769,0,0,0.4384547,0.5615453,0.5615453,True
non_essential_ANGPTL7|HGNC:24078,0,0,0.67274326,0.32725674,0.67274326,True
non_essential_BMF|HGNC:24132,0,0,0.60197526,0.39802474,0.60197526,True
non_essential_TMEM89|HGNC:32372,0,0,0.67816544,0.32183456,0.67816544,True
non_essential_SUMO3|HGNC:11124,0,0,0.88383156,0.11616844,0.88383156,True
non_essential_CDCA2|HGNC:14623,0,0,0.53192496,0.46807504,0.53192496,True
non_essential_KLF14|HGNC:23025,0,0,0.815956,0.184044,0.815956,True
non_essential_ERAP2|HGNC:29499,0,0,0.5040344,0.4959656,0.5040344,True
non_essential_GATSL2|HGNC:37073,0,0,0.7508165,0.24918348,0.7508165,True
non_essential_FAM3C|HGNC:18664,0,0,0.47325385,0.52674615,0.52674615,True
non_essential_LACE1|HGNC:16411,0,0,0.6360021,0.36399788,0.6360021,True
non_essential_FAM214B|HGNC:25666,0,0,0.61930877,0.38069123,0.61930877,True
non_essential_PDIK1L|HGNC:18981,0,0,0.506388,0.493612,0.506388,True
non_essential_PIR|HGNC:30048,0,0,0.5087348,0.49126518,0.5087348,True
non_essential_OR52E2|HGNC:14769,0,0,0.47885934,0.5211407,0.5211407,True
non_essential_SSX2|HGNC:11336,0,0,0.5809167,0.4190833,0.5809167,True
non_essential_JOSD1|HGNC:28953,0,0,0.56009173,0.43990827,0.56009173,True
non_essential_DEFB125|HGNC:18105,0,0,0.41407803,0.585922,0.585922,True
non_essential_HYAL3|HGNC:5322,0,0,0.5786011,0.42139888,0.5786011,True
non_essential_SH3PXD2A|HGNC:23664,0,0,0.70966476,0.29033524,0.70966476,True
non_essential_ARMC3|HGNC:30964,0,0,0.57847655,0.42152345,0.57847655,True
non_essential_PCDH20|HGNC:14257,0,0,0.6126521,0.38734788,0.6126521,True
non_essential_RGPD3|HGNC:32416,0,0,0.59000444,0.40999556,0.59000444,True
non_essential_KIAA1191|HGNC:29209,0,0,0.56392515,0.43607485,0.56392515,True
non_essential_PRR5L|HGNC:25878,0,0,0.6781183,0.3218817,0.6781183,True
non_essential_ZNF610|HGNC:26687,0,0,0.55688566,0.44311434,0.55688566,True
non_essential_FAM78B|HGNC:13495,0,0,0.70426744,0.29573256,0.70426744,True
non_essential_OR5J2|HGNC:19612,0,0,0.47798046,0.5220195,0.5220195,True
non_essential_PRM3|HGNC:13732,0,0,0.6150331,0.3849669,0.6150331,True
non_essential_OR2AK2|HGNC:19569,0,0,0.53999734,0.46000266,0.53999734,True
non_essential_RRAGB|HGNC:19901,0,0,0.61027473,0.38972527,0.61027473,True
non_essential_KRTAP4-12|HGNC:16776,0,0,0.50205255,0.49794745,0.50205255,True
non_essential_TXLNB|HGNC:21617,0,0,0.63076425,0.36923575,0.63076425,True
non_essential_SLC28A2|HGNC:11002,0,0,0.5021278,0.49787217,0.5021278,True
non_essential_ADGRE3|HGNC:23647,0,0,0.55081916,0.44918084,0.55081916,True
non_essential_METTL6|HGNC:28343,0,0,0.49560833,0.5043917,0.5043917,True
non_essential_GPR149|HGNC:23627,0,0,0.5840306,0.41596937,0.5840306,True
non_essential_TXK|HGNC:12434,0,0,0.5350279,0.46497208,0.5350279,True
non_essential_STOML1|HGNC:14560,0,0,0.8741396,0.1258604,0.8741396,True
non_essential_STX11|HGNC:11429,0,0,0.9271696,0.07283038,0.9271696,True
non_essential_OR6C2|HGNC:15436,0,0,0.48606327,0.51393676,0.51393676,True
non_essential_IL27RA|HGNC:17290,0,0,0.6660135,0.33398652,0.6660135,True
non_essential_TIGD1|HGNC:14523,0,0,0.49322408,0.5067759,0.5067759,True
non_essential_ASB1|HGNC:16011,0,0,0.72896147,0.27103853,0.72896147,True
non_essential_ANGPTL1|HGNC:489,0,0,0.489744,0.510256,0.510256,True
non_essential_TBC1D3E|HGNC:27071,0,0,0.6845857,0.3154143,0.6845857,True
non_essential_GLYATL2|HGNC:24178,0,0,0.46799895,0.532001,0.532001,True
non_essential_AXL|HGNC:905,0,0,0.68260103,0.31739897,0.68260103,True
non_essential_TMEM177|HGNC:28143,0,0,0.6780311,0.3219689,0.6780311,True
non_essential_ACSBG2|HGNC:24174,0,0,0.60325396,0.39674604,0.60325396,True
non_essential_ZNF473|HGNC:23239,0,0,0.5207082,0.4792918,0.5207082,True
non_essential_GRN|HGNC:4601,0,0,0.7298205,0.2701795,0.7298205,True
non_essential_PLEKHM3|HGNC:34006,0,0,0.64009184,0.35990816,0.64009184,True
non_essential_TRAM1L1|HGNC:28371,0,0,0.49076557,0.5092344,0.5092344,True
non_essential_BNIP2|HGNC:1083,0,0,0.57484436,0.42515564,0.57484436,True
non_essential_CPXM2|HGNC:26977,0,0,0.67138124,0.32861876,0.67138124,True
non_essential_OR7G1|HGNC:8465,0,0,0.4779303,0.5220697,0.5220697,True
non_essential_RFPL4AL1|HGNC:45147,0,0,0.4925701,0.5074299,0.5074299,True
non_essential_SPEM1|HGNC:32429,0,0,0.53684413,0.46315587,0.53684413,True
non_essential_TMEM14A|HGNC:21076,0,0,0.499592,0.500408,0.500408,True
non_essential_MXD4|HGNC:13906,0,0,0.8333004,0.16669959,0.8333004,True
non_essential_MYOZ3|HGNC:18565,0,0,0.7984159,0.2015841,0.7984159,True
non_essential_DTWD2|HGNC:19334,0,0,0.6039287,0.3960713,0.6039287,True
non_essential_NCR1|HGNC:6731,0,0,0.63089377,0.36910623,0.63089377,True
non_essential_OR4D9|HGNC:15178,0,0,0.5652973,0.4347027,0.5652973,True
non_essential_TMEM190|HGNC:29632,0,0,0.6346348,0.3653652,0.6346348,True
non_essential_OR5AK2|HGNC:15251,0,0,0.5111747,0.48882532,0.5111747,True
non_essential_RPS27L|HGNC:18476,0,0,0.4659385,0.5340615,0.5340615,True
non_essential_TPST2|HGNC:12021,0,0,0.74793017,0.25206983,0.74793017,True
non_essential_EGFL6|HGNC:3235,0,0,0.5316391,0.4683609,0.5316391,True
non_essential_TXNDC11|HGNC:28030,0,0,0.6255324,0.3744676,0.6255324,True
non_essential_GPR68|HGNC:4519,0,0,0.9305771,0.0694229,0.9305771,True
non_essential_DEFB104B|HGNC:26165,0,0,0.41923577,0.58076423,0.58076423,True
non_essential_TMC4|HGNC:22998,0,0,0.73349804,0.26650196,0.73349804,True
non_essential_LTB|HGNC:6711,0,0,0.6696375,0.3303625,0.6696375,True
non_essential_GFRA2|HGNC:4244,0,0,0.7948313,0.20516872,0.7948313,True
non_essential_OR52J3|HGNC:14799,0,0,0.50812227,0.49187773,0.50812227,True
non_essential_OR7A10|HGNC:8356,0,0,0.4732533,0.5267467,0.5267467,True
non_essential_DSC1|HGNC:3035,0,0,0.5426662,0.4573338,0.5426662,True
non_essential_ACPP|HGNC:125,0,0,0.61900216,0.38099784,0.61900216,True
non_essential_L2HGDH|HGNC:20499,0,0,0.58084774,0.41915226,0.58084774,True
non_essential_KRT23|HGNC:6438,0,0,0.52852255,0.47147745,0.52852255,True
non_essential_MOBP|HGNC:7189,0,0,0.73695844,0.26304156,0.73695844,True
non_essential_STOM|HGNC:3383,0,0,0.5979707,0.40202928,0.5979707,True
non_essential_KLHL1|HGNC:6352,0,0,0.584381,0.41561902,0.584381,True
non_essential_NFKBIB|HGNC:7798,0,0,0.76442033,0.23557967,0.76442033,True
non_essential_UMODL1|HGNC:12560,0,0,0.6198714,0.38012862,0.6198714,True
non_essential_C1orf141|HGNC:32044,0,0,0.46041033,0.53958964,0.53958964,True
non_essential_KRT74|HGNC:28929,0,0,0.71745026,0.28254974,0.71745026,True
non_essential_TBC1D9|HGNC:21710,0,0,0.6342714,0.36572862,0.6342714,True
non_essential_SLC5A2|HGNC:11037,0,0,0.7218737,0.2781263,0.7218737,True
non_essential_TCN2|HGNC:11653,0,0,0.5758254,0.4241746,0.5758254,True
non_essential_SDC3|HGNC:10660,0,0,0.7654341,0.23456591,0.7654341,True
non_essential_ADAMTSL1|HGNC:14632,0,0,0.67183733,0.32816267,0.67183733,True
non_essential_TMEFF1|HGNC:11866,0,0,0.531786,0.46821398,0.531786,True
non_essential_LDHD|HGNC:19708,0,0,0.6918384,0.30816162,0.6918384,True
non_essential_OR1A2|HGNC:8180,0,0,0.5091175,0.49088252,0.5091175,True
non_essential_S100A7A|HGNC:21657,0,0,0.57985187,0.42014813,0.57985187,True
non_essential_GRK7|HGNC:17031,0,0,0.675467,0.324533,0.675467,True
non_essential_DENND2C|HGNC:24748,0,0,0.57970655,0.42029345,0.57970655,True
non_essential_RND2|HGNC:18315,0,0,0.6600245,0.33997548,0.6600245,True
non_essential_CCDC97|HGNC:28289,0,0,0.7504863,0.24951369,0.7504863,True
non_essential_KHDRBS3|HGNC:18117,0,0,0.56262994,0.43737006,0.56262994,True
non_essential_BEX4|HGNC:25475,0,0,0.46060312,0.5393969,0.5393969,True
non_essential_STKLD1|HGNC:28669,0,0,0.6191724,0.3808276,0.6191724,True
non_essential_CD300LG|HGNC:30455,0,0,0.90368307,0.09631693,0.90368307,True
non_essential_HIST1H2BG|HGNC:4746,0,1,0.9724525,0.027547479,0.9724525,False
non_essential_ZNF214|HGNC:13006,0,0,0.48834753,0.51165247,0.51165247,True
non_essential_RCAN3|HGNC:3042,0,0,0.5946262,0.4053738,0.5946262,True
non_essential_NDUFA12|HGNC:23987,0,0,0.4955424,0.5044576,0.5044576,True
non_essential_OR7D2|HGNC:8378,0,0,0.60093796,0.39906204,0.60093796,True
non_essential_SPATA9|HGNC:22988,0,0,0.4974596,0.5025404,0.5025404,True
non_essential_COL9A2|HGNC:2218,0,0,0.6091044,0.3908956,0.6091044,True
non_essential_APEH|HGNC:586,0,0,0.6514642,0.34853578,0.6514642,True
non_essential_KIAA1462|HGNC:29283,0,0,0.66328984,0.33671016,0.66328984,True
non_essential_SNX29|HGNC:30542,0,0,0.6357287,0.36427128,0.6357287,True
non_essential_TMEM260|HGNC:20185,0,0,0.55689734,0.44310266,0.55689734,True
non_essential_OR52B4|HGNC:15209,0,0,0.5290782,0.4709218,0.5290782,True
non_essential_ALDH1L1|HGNC:3978,0,0,0.6063128,0.3936872,0.6063128,True
non_essential_UBL3|HGNC:12504,0,0,0.4620998,0.5379002,0.5379002,True
non_essential_SCAPER|HGNC:13081,0,0,0.60878974,0.39121026,0.60878974,True
non_essential_CHST9|HGNC:19898,0,0,0.4851581,0.5148419,0.5148419,True
non_essential_OR4K17|HGNC:15355,0,0,0.4724119,0.5275881,0.5275881,True
non_essential_METTL2B|HGNC:18272,0,0,0.5277608,0.4722392,0.5277608,True
non_essential_TTLL9|HGNC:16118,0,0,0.7064974,0.29350263,0.7064974,True
non_essential_ORMDL2|HGNC:16037,0,0,0.50879776,0.49120224,0.50879776,True
non_essential_CT45A9|HGNC:51262,0,0,0.46562192,0.53437805,0.53437805,True
non_essential_GPRIN3|HGNC:27733,0,0,0.5887228,0.41127717,0.5887228,True
non_essential_FAM86C1|HGNC:25561,0,0,0.7352885,0.2647115,0.7352885,True
non_essential_TBCK|HGNC:28261,0,0,0.5199673,0.48003268,0.5199673,True
non_essential_RNF216|HGNC:21698,0,0,0.59309405,0.40690595,0.59309405,True
non_essential_SRY|HGNC:11311,0,0,0.66680104,0.33319896,0.66680104,True
non_essential_MFSD13A|HGNC:26196,0,0,0.7009424,0.2990576,0.7009424,True
non_essential_PRADC1|HGNC:16047,0,0,0.9251454,0.07485461,0.9251454,True
non_essential_WDSUB1|HGNC:26697,0,0,0.5260237,0.4739763,0.5260237,True
non_essential_SULT1A1|HGNC:11453,0,0,0.892467,0.10753298,0.892467,True
non_essential_AQP10|HGNC:16029,0,0,0.62278414,0.37721586,0.62278414,True
non_essential_OSTM1|HGNC:21652,0,0,0.6032039,0.3967961,0.6032039,True
non_essential_CSHL1|HGNC:2442,0,0,0.6917532,0.3082468,0.6917532,True
non_essential_ENO4|HGNC:31670,0,0,0.5858356,0.41416442,0.5858356,True
non_essential_ZSWIM2|HGNC:30990,0,0,0.55006564,0.44993436,0.55006564,True
non_essential_ZNF80|HGNC:13155,0,0,0.54626334,0.45373666,0.54626334,True
non_essential_HTR1B|HGNC:5287,0,0,0.6162962,0.38370383,0.6162962,True
non_essential_TNFRSF11A|HGNC:11908,0,0,0.6759136,0.32408643,0.6759136,True
non_essential_LMOD3|HGNC:6649,0,0,0.6065003,0.39349967,0.6065003,True
non_essential_SLITRK6|HGNC:23503,0,0,0.53987324,0.46012676,0.53987324,True
non_essential_TYMP|HGNC:3148,0,0,0.8976785,0.102321506,0.8976785,True
non_essential_WASH1|HGNC:24361,0,0,0.697309,0.30269098,0.697309,True
non_essential_MYO19|HGNC:26234,0,0,0.62152725,0.37847275,0.62152725,True
non_essential_WDR6|HGNC:12758,0,0,0.647411,0.352589,0.647411,True
non_essential_MOV10L1|HGNC:7201,0,0,0.6004467,0.3995533,0.6004467,True
non_essential_GRB7|HGNC:4567,0,0,0.6569496,0.34305042,0.6569496,True
non_essential_PTGER3|HGNC:9595,0,0,0.7194069,0.2805931,0.7194069,True
non_essential_MSH6|HGNC:7329,0,0,0.58807516,0.41192484,0.58807516,True
non_essential_TKTL2|HGNC:25313,0,0,0.57652974,0.42347026,0.57652974,True
non_essential_TRIM16L|HGNC:32670,0,0,0.5976756,0.40232438,0.5976756,True
non_essential_GBP1|HGNC:4182,0,0,0.5984332,0.4015668,0.5984332,True
non_essential_HSPB2|HGNC:5247,0,0,0.5779443,0.42205572,0.5779443,True
non_essential_SLC44A4|HGNC:13941,0,0,0.65300375,0.34699625,0.65300375,True
non_essential_UTS2|HGNC:12636,0,0,0.4837318,0.5162682,0.5162682,True
non_essential_ST3GAL3|HGNC:10866,0,0,0.5882827,0.4117173,0.5882827,True
non_essential_ADAMTS8|HGNC:224,0,0,0.67378604,0.32621396,0.67378604,True
non_essential_ZNF534|HGNC:26337,0,0,0.48123172,0.5187683,0.5187683,True
non_essential_TUBA1A|HGNC:20766,0,0,0.5901802,0.40981978,0.5901802,True
non_essential_APOL4|HGNC:14867,0,0,0.5107634,0.4892366,0.5107634,True
non_essential_NAP1L3|HGNC:7639,0,0,0.54252595,0.45747405,0.54252595,True
non_essential_C21orf140|HGNC:39602,0,0,0.4800715,0.51992846,0.51992846,True
non_essential_FAM3B|HGNC:1253,0,0,0.51042914,0.48957086,0.51042914,True
non_essential_PIP|HGNC:8993,0,0,0.45658392,0.5434161,0.5434161,True
non_essential_RAB39A|HGNC:16521,0,0,0.49633488,0.5036651,0.5036651,True
non_essential_DPEP2|HGNC:23028,0,0,0.63127595,0.36872405,0.63127595,True
non_essential_CX3CR1|HGNC:2558,0,0,0.55871624,0.44128376,0.55871624,True
non_essential_SNX19|HGNC:21532,0,0,0.6597866,0.34021342,0.6597866,True
non_essential_PRSS56|HGNC:39433,0,0,0.681336,0.318664,0.681336,True
non_essential_C20orf85|HGNC:16216,0,0,0.71860474,0.28139526,0.71860474,True
non_essential_SLC25A48|HGNC:30451,0,0,0.8077067,0.19229329,0.8077067,True
non_essential_TAF4B|HGNC:11538,0,0,0.5339605,0.46603948,0.5339605,True
non_essential_SULT1E1|HGNC:11377,0,0,0.49394524,0.50605476,0.50605476,True
non_essential_CTSE|HGNC:2530,0,0,0.6228325,0.37716752,0.6228325,True
non_essential_CALCOCO2|HGNC:29912,0,0,0.6864258,0.3135742,0.6864258,True
non_essential_HLA-DQB2|HGNC:4945,0,0,0.74035275,0.25964725,0.74035275,True
non_essential_TREX2|HGNC:12270,0,0,0.59290373,0.40709627,0.59290373,True
non_essential_C14orf169|HGNC:20968,0,0,0.6713772,0.32862282,0.6713772,True
non_essential_ANKRD20A4|HGNC:31982,0,0,0.6295832,0.37041682,0.6295832,True
non_essential_HACD4|HGNC:20920,0,0,0.47478196,0.525218,0.525218,True
non_essential_FAM120B|HGNC:21109,0,0,0.6253892,0.37461078,0.6253892,True
non_essential_CAMK2N2|HGNC:24197,0,0,0.5724789,0.4275211,0.5724789,True
non_essential_MACC1|HGNC:30215,0,0,0.5319285,0.46807152,0.5319285,True
non_essential_UBD|HGNC:18795,0,0,0.5406614,0.4593386,0.5406614,True
non_essential_CNTN3|HGNC:2173,0,0,0.55991566,0.44008434,0.55991566,True
non_essential_CHRNA2|HGNC:1956,0,0,0.92460626,0.07539374,0.92460626,True
non_essential_CFAP61|HGNC:15872,0,0,0.60821825,0.39178175,0.60821825,True
non_essential_VRTN|HGNC:20223,0,0,0.68759483,0.31240517,0.68759483,True
non_essential_C19orf12|HGNC:25443,0,0,0.7697938,0.23020619,0.7697938,True
non_essential_DOCK8|HGNC:19191,0,0,0.63298625,0.36701375,0.63298625,True
non_essential_WDR34|HGNC:28296,0,0,0.7976289,0.20237112,0.7976289,True
non_essential_C5orf67|HGNC:51252,0,0,0.46923202,0.530768,0.530768,True
non_essential_GPR3|HGNC:4484,0,0,0.6889016,0.3110984,0.6889016,True
non_essential_LDHAL6B|HGNC:21481,0,0,0.5353265,0.46467352,0.5353265,True
non_essential_ABI3BP|HGNC:17265,0,0,0.53430796,0.46569204,0.53430796,True
non_essential_MCEE|HGNC:16732,0,0,0.51054657,0.48945343,0.51054657,True
non_essential_PCDH1|HGNC:8655,0,0,0.64566255,0.35433745,0.64566255,True
non_essential_OR7C2|HGNC:8374,0,0,0.6098721,0.3901279,0.6098721,True
non_essential_NANOGNB|HGNC:24958,0,0,0.5391283,0.4608717,0.5391283,True
non_essential_PER1|HGNC:8845,0,0,0.7355085,0.2644915,0.7355085,True
non_essential_CD101|HGNC:5949,0,0,0.59442353,0.40557647,0.59442353,True
non_essential_SCN7A|HGNC:10594,0,0,0.62146693,0.37853307,0.62146693,True
non_essential_ZNF226|HGNC:13019,0,0,0.48599344,0.51400656,0.51400656,True
non_essential_CLEC18B|HGNC:33849,0,0,0.85059124,0.14940876,0.85059124,True
non_essential_GSTM4|HGNC:4636,0,0,0.78729296,0.21270704,0.78729296,True
non_essential_SLC44A5|HGNC:28524,0,0,0.502202,0.49779803,0.502202,True
non_essential_AKAP17A|HGNC:18783,0,0,0.9356124,0.06438762,0.9356124,True
non_essential_CDKN2AIPNL|HGNC:30545,0,0,0.5963343,0.40366572,0.5963343,True
non_essential_FCN2|HGNC:3624,0,0,0.6640474,0.33595258,0.6640474,True
non_essential_MIA2|HGNC:18432,0,0,0.46916753,0.53083247,0.53083247,True
non_essential_C16orf78|HGNC:28479,0,0,0.62385046,0.37614954,0.62385046,True
non_essential_ZNF277|HGNC:13070,0,0,0.5056487,0.49435133,0.5056487,True
non_essential_ZNF740|HGNC:27465,0,0,0.600084,0.399916,0.600084,True
non_essential_KRTAP4-5|HGNC:18899,0,0,0.47863805,0.52136195,0.52136195,True
non_essential_OR6N1|HGNC:15034,0,0,0.5533257,0.4466743,0.5533257,True
non_essential_REEP5|HGNC:30077,0,0,0.5521008,0.44789922,0.5521008,True
non_essential_CYP2R1|HGNC:20580,0,0,0.5408345,0.4591655,0.5408345,True
non_essential_PRAMEF7|HGNC:28415,0,0,0.6386406,0.36135942,0.6386406,True
non_essential_LUZP6|HGNC:33955,0,0,0.44729158,0.5527084,0.5527084,True
non_essential_DNAJB1|HGNC:5270,0,0,0.85463715,0.14536285,0.85463715,True
non_essential_KRTAP5-2|HGNC:23597,0,0,0.42795056,0.57204944,0.57204944,True
non_essential_MORN3|HGNC:29807,0,0,0.7328995,0.2671005,0.7328995,True
non_essential_PEX11A|HGNC:8852,0,0,0.5291277,0.47087228,0.5291277,True
non_essential_THAP9|HGNC:23192,0,0,0.6305776,0.36942238,0.6305776,True
non_essential_PGLYRP2|HGNC:30013,0,0,0.71901643,0.28098357,0.71901643,True
non_essential_ZNF771|HGNC:29653,0,0,0.94562125,0.054378748,0.94562125,True
non_essential_CLEC3A|HGNC:2052,0,0,0.7069353,0.2930647,0.7069353,True
non_essential_SLA2|HGNC:17329,0,0,0.8573345,0.1426655,0.8573345,True
non_essential_TXNDC15|HGNC:20652,0,0,0.62797225,0.37202775,0.62797225,True
non_essential_KRTCAP3|HGNC:28943,0,0,0.6916396,0.3083604,0.6916396,True
non_essential_SESN2|HGNC:20746,0,0,0.632001,0.36799902,0.632001,True
non_essential_QTRT1|HGNC:23797,0,0,0.71531475,0.28468525,0.71531475,True
non_essential_GPR88|HGNC:4539,0,0,0.85694695,0.14305305,0.85694695,True
non_essential_GNAT2|HGNC:4394,0,0,0.5369479,0.4630521,0.5369479,True
non_essential_SFRP4|HGNC:10778,0,0,0.6423836,0.35761642,0.6423836,True
non_essential_ATP10A|HGNC:13542,0,0,0.61561406,0.38438594,0.61561406,True
non_essential_FAM228B|HGNC:24736,0,0,0.50221205,0.49778795,0.50221205,True
non_essential_PDDC1|HGNC:26616,0,0,0.7842488,0.21575117,0.7842488,True
non_essential_HTR3A|HGNC:5297,0,0,0.7513115,0.24868852,0.7513115,True
non_essential_KIZ|HGNC:15865,0,0,0.50052935,0.49947065,0.50052935,True
non_essential_PRAMEF14|HGNC:13576,0,0,0.6578208,0.34217918,0.6578208,True
non_essential_MAGEB16|HGNC:21188,0,0,0.50125086,0.49874914,0.50125086,True
non_essential_TTLL5|HGNC:19963,0,0,0.63240826,0.36759174,0.63240826,True
non_essential_OR4C16|HGNC:15172,0,0,0.45322067,0.54677933,0.54677933,True
non_essential_BTNL8|HGNC:26131,0,0,0.5746411,0.4253589,0.5746411,True
non_essential_CLPSL2|HGNC:21250,0,0,0.6121224,0.38787758,0.6121224,True
non_essential_ZNF461|HGNC:21629,0,0,0.5106165,0.48938352,0.5106165,True
non_essential_DNAH9|HGNC:2953,0,0,0.65823567,0.34176433,0.65823567,True
non_essential_CCL2|HGNC:10618,0,0,0.55954725,0.44045275,0.55954725,True
non_essential_TSPAN1|HGNC:20657,0,0,0.54342514,0.45657486,0.54342514,True
non_essential_IMPDH1|HGNC:6052,0,0,0.6526346,0.34736538,0.6526346,True
non_essential_PBK|HGNC:18282,0,0,0.52024746,0.47975254,0.52024746,True
non_essential_ITLN1|HGNC:18259,0,0,0.6183819,0.38161808,0.6183819,True
non_essential_HK1|HGNC:4922,0,0,0.66226053,0.33773947,0.66226053,True
non_essential_TMEM14B|HGNC:21384,0,0,0.5230887,0.4769113,0.5230887,True
non_essential_WFDC1|HGNC:15466,0,0,0.72807306,0.27192694,0.72807306,True
non_essential_CDC34|HGNC:1734,0,0,0.80073583,0.19926417,0.80073583,True
non_essential_SSTR1|HGNC:11330,0,0,0.82229483,0.17770517,0.82229483,True
non_essential_ANO4|HGNC:23837,0,0,0.6132694,0.3867306,0.6132694,True
non_essential_HIST1H2BO|HGNC:4758,0,1,0.98386997,0.01613003,0.98386997,False
non_essential_CCL1|HGNC:10609,0,0,0.46408835,0.5359117,0.5359117,True
non_essential_CDY1B|HGNC:23920,0,0,0.5306453,0.4693547,0.5306453,True
non_essential_CD82|HGNC:6210,0,0,0.67685825,0.32314175,0.67685825,True
non_essential_GPSM3|HGNC:13945,0,0,0.699026,0.300974,0.699026,True
non_essential_ANKRD7|HGNC:18588,0,0,0.47593305,0.5240669,0.5240669,True
non_essential_ABCC4|HGNC:55,0,0,0.5858416,0.4141584,0.5858416,True
non_essential_SEC11C|HGNC:23400,0,0,0.64149266,0.35850734,0.64149266,True
non_essential_FCER1A|HGNC:3609,0,0,0.5047282,0.4952718,0.5047282,True
non_essential_PRAMEF1|HGNC:28840,0,0,0.6275387,0.37246132,0.6275387,True
non_essential_ALDH4A1|HGNC:406,0,0,0.7548889,0.24511111,0.7548889,True
non_essential_ZNF506|HGNC:23780,0,0,0.45530406,0.544696,0.544696,True
non_essential_FAM169B|HGNC:26835,0,0,0.56789917,0.43210083,0.56789917,True
non_essential_GPRIN1|HGNC:24835,0,0,0.73790413,0.26209587,0.73790413,True
non_essential_ZNF589|HGNC:16747,0,0,0.49421453,0.50578547,0.50578547,True
non_essential_PDP1|HGNC:9279,0,0,0.54624534,0.45375466,0.54624534,True
non_essential_TTC13|HGNC:26204,0,0,0.63198775,0.36801225,0.63198775,True
non_essential_MFSD12|HGNC:28299,0,0,0.7548687,0.24513131,0.7548687,True
non_essential_PFN4|HGNC:31103,0,0,0.41302788,0.5869721,0.5869721,True
non_essential_DEGS2|HGNC:20113,0,0,0.88719136,0.112808645,0.88719136,True
non_essential_MUC7|HGNC:7518,0,0,0.47445333,0.52554667,0.52554667,True
non_essential_CYB5R2|HGNC:24376,0,0,0.5658707,0.4341293,0.5658707,True
non_essential_MURC|HGNC:33742,0,0,0.59958345,0.40041655,0.59958345,True
non_essential_C10orf88|HGNC:25822,0,0,0.57920945,0.42079055,0.57920945,True
non_essential_GALNTL5|HGNC:21725,0,0,0.50825745,0.49174255,0.50825745,True
non_essential_GFPT2|HGNC:4242,0,0,0.7126704,0.2873296,0.7126704,True
non_essential_FABP3|HGNC:3557,0,0,0.5130809,0.4869191,0.5130809,True
non_essential_DUSP4|HGNC:3070,0,0,0.73163307,0.26836693,0.73163307,True
non_essential_OR10G8|HGNC:14845,0,0,0.57121104,0.42878896,0.57121104,True
non_essential_ARMCX5|HGNC:25772,0,0,0.4962762,0.5037238,0.5037238,True
non_essential_C1QTNF5|HGNC:14344,0,0,0.84496254,0.15503746,0.84496254,True
non_essential_TAS2R30|HGNC:19112,0,0,0.48397127,0.51602876,0.51602876,True
non_essential_SYT17|HGNC:24119,0,0,0.64518535,0.35481465,0.64518535,True
non_essential_RBM11|HGNC:9897,0,0,0.46978334,0.5302167,0.5302167,True
non_essential_ST6GAL2|HGNC:10861,0,0,0.71792024,0.28207976,0.71792024,True
non_essential_NIPAL2|HGNC:25854,0,0,0.5527922,0.4472078,0.5527922,True
non_essential_SPEF1|HGNC:15874,0,0,0.7650081,0.23499191,0.7650081,True
non_essential_C19orf71|HGNC:34496,0,0,0.90082455,0.09917545,0.90082455,True
non_essential_MARVELD2|HGNC:26401,0,0,0.6307253,0.36927468,0.6307253,True
non_essential_POU5F2|HGNC:26367,0,0,0.64142007,0.35857993,0.64142007,True
non_essential_CA12|HGNC:1371,0,0,0.65168285,0.34831715,0.65168285,True
non_essential_UNC13D|HGNC:23147,0,0,0.64968944,0.35031056,0.64968944,True
non_essential_IDI2|HGNC:23487,0,0,0.58168894,0.41831106,0.58168894,True
non_essential_CFC1B|HGNC:33983,0,0,0.7369123,0.2630877,0.7369123,True
non_essential_ZNF778|HGNC:26479,0,0,0.6358633,0.3641367,0.6358633,True
non_essential_HIST1H3H|HGNC:4775,0,0,0.81433725,0.18566275,0.81433725,True
non_essential_LRRC59|HGNC:28817,0,0,0.7601354,0.23986459,0.7601354,True
non_essential_TRMT44|HGNC:26653,0,0,0.6604736,0.3395264,0.6604736,True
non_essential_USP17L3|HGNC:37175,0,0,0.63519263,0.36480737,0.63519263,True
non_essential_KIAA1324L|HGNC:21945,0,0,0.5797288,0.42027122,0.5797288,True
non_essential_DEFB119|HGNC:18099,0,0,0.40698215,0.5930178,0.5930178,True
non_essential_ARHGAP25|HGNC:28951,0,0,0.63685226,0.36314774,0.63685226,True
non_essential_BCL2L14|HGNC:16657,0,0,0.4991196,0.50088036,0.50088036,True
non_essential_ZNF768|HGNC:26273,0,0,0.6659531,0.3340469,0.6659531,True
non_essential_PTOV1|HGNC:9632,0,0,0.90399337,0.09600663,0.90399337,True
non_essential_KCTD9|HGNC:22401,0,0,0.48029634,0.5197036,0.5197036,True
non_essential_TSC22D3|HGNC:3051,0,0,0.54357296,0.45642704,0.54357296,True
non_essential_TRIM32|HGNC:16380,0,0,0.5928743,0.4071257,0.5928743,True
non_essential_OR52N1|HGNC:14853,0,0,0.48705772,0.5129423,0.5129423,True
non_essential_CEACAM21|HGNC:28834,0,0,0.66497785,0.33502215,0.66497785,True
non_essential_ABTB2|HGNC:23842,0,0,0.78092796,0.21907204,0.78092796,True
non_essential_OR51G1|HGNC:14738,0,0,0.57300276,0.42699724,0.57300276,True
non_essential_PLEKHH3|HGNC:26105,0,0,0.75873256,0.24126744,0.75873256,True
non_essential_VASP|HGNC:12652,0,0,0.7597337,0.24026632,0.7597337,True
non_essential_ZNF345|HGNC:16367,0,0,0.4726708,0.5273292,0.5273292,True
non_essential_SACS|HGNC:10519,0,0,0.61814415,0.38185585,0.61814415,True
non_essential_HOXA9|HGNC:5109,0,0,0.75030804,0.24969196,0.75030804,True
non_essential_ADGRG5|HGNC:19010,0,0,0.7601524,0.2398476,0.7601524,True
non_essential_AKAP3|HGNC:373,0,0,0.55594003,0.44405997,0.55594003,True
non_essential_ANKS1A|HGNC:20961,0,0,0.5600618,0.4399382,0.5600618,True
non_essential_TTC28|HGNC:29179,0,0,0.61855376,0.38144624,0.61855376,True
non_essential_CDH3|HGNC:1762,0,0,0.642427,0.35757297,0.642427,True
non_essential_TM4SF18|HGNC:25181,0,0,0.4701658,0.5298342,0.5298342,True
non_essential_AKT1S1|HGNC:28426,0,0,0.7257949,0.2742051,0.7257949,True
non_essential_SERINC1|HGNC:13464,0,0,0.5052095,0.4947905,0.5052095,True
non_essential_LRRC56|HGNC:25430,0,0,0.78225416,0.21774584,0.78225416,True
non_essential_THTPA|HGNC:18987,0,0,0.60074943,0.39925057,0.60074943,True
non_essential_ZNF564|HGNC:31106,0,0,0.46488076,0.53511924,0.53511924,True
non_essential_MBLAC2|HGNC:33711,0,0,0.63340354,0.36659646,0.63340354,True
non_essential_ZC2HC1A|HGNC:24277,0,0,0.48678252,0.51321745,0.51321745,True
non_essential_DRC1|HGNC:24245,0,0,0.6325685,0.36743152,0.6325685,True
non_essential_ZNF276|HGNC:23330,0,0,0.8241926,0.17580742,0.8241926,True
non_essential_TUBB1|HGNC:16257,0,0,0.6172745,0.38272548,0.6172745,True
non_essential_RHBDL2|HGNC:16083,0,0,0.5658204,0.4341796,0.5658204,True
non_essential_PTPN18|HGNC:9649,0,0,0.6717691,0.32823092,0.6717691,True
non_essential_VN1R4|HGNC:19871,0,0,0.458394,0.541606,0.541606,True
non_essential_KRT222|HGNC:28695,0,0,0.57264334,0.42735666,0.57264334,True
non_essential_SLC6A7|HGNC:11054,0,0,0.71721935,0.28278065,0.71721935,True
non_essential_FAM160B2|HGNC:16492,0,0,0.75273705,0.24726295,0.75273705,True
non_essential_MT1B|HGNC:7394,0,0,0.42215472,0.5778453,0.5778453,True
non_essential_OTUD1|HGNC:27346,0,0,0.67974836,0.32025164,0.67974836,True
non_essential_PRSS8|HGNC:9491,0,0,0.70107996,0.29892004,0.70107996,True
non_essential_PEBP1|HGNC:8630,0,0,0.6437773,0.3562227,0.6437773,True
non_essential_RHAG|HGNC:10006,0,0,0.52463,0.47537,0.52463,True
non_essential_PAQR8|HGNC:15708,0,0,0.68124765,0.31875235,0.68124765,True
non_essential_FXYD2|HGNC:4026,0,0,0.61495507,0.38504493,0.61495507,True
non_essential_CSH1|HGNC:2440,0,0,0.79907686,0.20092314,0.79907686,True
non_essential_OBSL1|HGNC:29092,0,0,0.652053,0.347947,0.652053,True
non_essential_SPATA4|HGNC:17333,0,0,0.56821644,0.43178356,0.56821644,True
non_essential_CMTM8|HGNC:19179,0,0,0.609752,0.390248,0.609752,True
non_essential_HSD17B1|HGNC:5210,0,0,0.76298195,0.23701805,0.76298195,True
non_essential_ZDHHC20|HGNC:20749,0,0,0.6267403,0.37325972,0.6267403,True
non_essential_FBXO15|HGNC:13617,0,0,0.6086669,0.3913331,0.6086669,True
non_essential_MAGEB6|HGNC:23796,0,0,0.6816661,0.31833392,0.6816661,True
non_essential_SPIN2A|HGNC:20694,0,0,0.4492899,0.5507101,0.5507101,True
non_essential_OR13D1|HGNC:14695,0,0,0.4737563,0.5262437,0.5262437,True
non_essential_ALKBH3|HGNC:30141,0,0,0.50161874,0.49838126,0.50161874,True
non_essential_ANKRD36B|HGNC:29333,0,0,0.5974405,0.40255952,0.5974405,True
non_essential_SLC39A3|HGNC:17128,0,0,0.76708645,0.23291355,0.76708645,True
non_essential_YWHAH|HGNC:12853,0,0,0.7065372,0.2934628,0.7065372,True
non_essential_RP1|HGNC:10263,0,0,0.5854697,0.41453028,0.5854697,True
non_essential_TEX101|HGNC:30722,0,0,0.573437,0.42656302,0.573437,True
non_essential_SMIM9|HGNC:41915,0,0,0.46550703,0.53449297,0.53449297,True
non_essential_FAM188B|HGNC:21916,0,0,0.60171926,0.39828074,0.60171926,True
non_essential_CYSTM1|HGNC:30239,0,0,0.43660957,0.56339043,0.56339043,True
non_essential_COTL1|HGNC:18304,0,0,0.85287803,0.14712197,0.85287803,True
non_essential_CRY1|HGNC:2384,0,0,0.4808403,0.5191597,0.5191597,True
non_essential_DOK4|HGNC:19868,0,0,0.750576,0.24942398,0.750576,True
non_essential_CSGALNACT1|HGNC:24290,0,0,0.56442946,0.43557054,0.56442946,True
non_essential_RAMP3|HGNC:9845,0,0,0.7769492,0.22305077,0.7769492,True
non_essential_PARP14|HGNC:29232,0,0,0.61928827,0.38071173,0.61928827,True
non_essential_MIF|HGNC:7097,0,0,0.7252534,0.2747466,0.7252534,True
non_essential_ADAM20|HGNC:199,0,0,0.49521762,0.5047824,0.5047824,True
non_essential_CHST13|HGNC:21755,0,0,0.74259305,0.25740695,0.74259305,True
non_essential_ST6GALNAC2|HGNC:10867,0,0,0.6619258,0.3380742,0.6619258,True
non_essential_NYX|HGNC:8082,0,0,0.72360075,0.27639925,0.72360075,True
non_essential_PLA2G16|HGNC:17825,0,0,0.6383356,0.3616644,0.6383356,True
non_essential_C17orf105|HGNC:37241,0,0,0.5241247,0.47587532,0.5241247,True
non_essential_SLC35G6|HGNC:31351,0,0,0.66993016,0.33006984,0.66993016,True
non_essential_CCNE1|HGNC:1589,0,0,0.6969576,0.3030424,0.6969576,True
non_essential_LY6G5C|HGNC:13932,0,0,0.52794296,0.47205704,0.52794296,True
non_essential_ZNF775|HGNC:28501,0,0,0.8706905,0.12930948,0.8706905,True
non_essential_CISD2|HGNC:24212,0,0,0.47105896,0.52894104,0.52894104,True
non_essential_SLC22A23|HGNC:21106,0,0,0.68750083,0.31249917,0.68750083,True
non_essential_CPA4|HGNC:15740,0,0,0.5359701,0.4640299,0.5359701,True
non_essential_GSTA1|HGNC:4626,0,0,0.50207037,0.49792963,0.50207037,True
non_essential_SLCO4C1|HGNC:23612,0,0,0.5697881,0.4302119,0.5697881,True
non_essential_DTX2|HGNC:15973,0,0,0.6795612,0.3204388,0.6795612,True
non_essential_CNTN6|HGNC:2176,0,0,0.5462872,0.45371282,0.5462872,True
non_essential_TBPL1|HGNC:11589,0,0,0.4737701,0.52622986,0.52622986,True
non_essential_PTPRO|HGNC:9678,0,0,0.59286815,0.40713185,0.59286815,True
non_essential_PGAM5|HGNC:28763,0,0,0.74003965,0.25996035,0.74003965,True
non_essential_OR2A1|HGNC:8229,0,0,0.70803916,0.29196084,0.70803916,True
non_essential_MYRIP|HGNC:19156,0,0,0.57715946,0.42284054,0.57715946,True
non_essential_SNX20|HGNC:30390,0,0,0.8451661,0.15483391,0.8451661,True
non_essential_ZNF770|HGNC:26061,0,0,0.5106122,0.4893878,0.5106122,True
non_essential_RRM2B|HGNC:17296,0,0,0.5214063,0.4785937,0.5214063,True
non_essential_PRB1|HGNC:9337,0,0,0.6014586,0.3985414,0.6014586,True
non_essential_C11orf49|HGNC:28720,0,0,0.61693716,0.38306284,0.61693716,True
non_essential_HIST1H2BM|HGNC:4750,0,0,0.88230264,0.11769736,0.88230264,True
non_essential_MSR1|HGNC:7376,0,0,0.52068335,0.47931665,0.52068335,True
non_essential_HIST1H2BN|HGNC:4749,0,1,0.986088,0.013912022,0.986088,False
non_essential_TVP23C|HGNC:30453,0,0,0.5314929,0.4685071,0.5314929,True
non_essential_TCTA|HGNC:11692,0,0,0.6496693,0.3503307,0.6496693,True
non_essential_DIP2A|HGNC:17217,0,0,0.6591475,0.3408525,0.6591475,True
non_essential_HEMGN|HGNC:17509,0,0,0.46919084,0.53080916,0.53080916,True
non_essential_TSPY1|HGNC:12381,0,0,0.62134653,0.37865347,0.62134653,True
non_essential_NXF2|HGNC:8072,0,0,0.66719407,0.33280593,0.66719407,True
non_essential_IL26|HGNC:17119,0,0,0.47335288,0.5266471,0.5266471,True
non_essential_PLCD3|HGNC:9061,0,0,0.6935578,0.3064422,0.6935578,True
non_essential_ZNF114|HGNC:12894,0,0,0.49566963,0.5043304,0.5043304,True
non_essential_FTL|HGNC:3999,0,0,0.7937932,0.2062068,0.7937932,True
non_essential_OR1B1|HGNC:8181,0,0,0.5132603,0.4867397,0.5132603,True
non_essential_ARHGEF10|HGNC:14103,0,0,0.6746394,0.3253606,0.6746394,True
non_essential_ZNF552|HGNC:26135,0,0,0.46938497,0.53061503,0.53061503,True
non_essential_MSANTD2|HGNC:26266,0,0,0.6269945,0.3730055,0.6269945,True
non_essential_RNASET2|HGNC:21686,0,0,0.64208287,0.35791713,0.64208287,True
non_essential_CLCN6|HGNC:2024,0,0,0.6466571,0.3533429,0.6466571,True
non_essential_CAPS|HGNC:1487,0,0,0.7942367,0.20576328,0.7942367,True
non_essential_ACP6|HGNC:29609,0,0,0.5957955,0.4042045,0.5957955,True
non_essential_ZNF792|HGNC:24751,0,0,0.5395241,0.46047592,0.5395241,True
non_essential_STPG1|HGNC:28070,0,0,0.62361264,0.37638736,0.62361264,True
non_essential_MAG|HGNC:6783,0,0,0.715443,0.28455698,0.715443,True
non_essential_ITGAX|HGNC:6152,0,0,0.7007363,0.29926372,0.7007363,True
non_essential_SOHLH2|HGNC:26026,0,0,0.6074466,0.3925534,0.6074466,True
non_essential_ALKBH6|HGNC:28243,0,0,0.89381313,0.10618687,0.89381313,True
non_essential_ATP4B|HGNC:820,0,0,0.8249466,0.17505342,0.8249466,True
non_essential_RGN|HGNC:9989,0,0,0.56621826,0.43378174,0.56621826,True
non_essential_SLC35E1|HGNC:20803,0,0,0.81838495,0.18161505,0.81838495,True
non_essential_CDK10|HGNC:1770,0,0,0.78863245,0.21136755,0.78863245,True
non_essential_ACAT2|HGNC:94,0,0,0.53817254,0.46182746,0.53817254,True
non_essential_BBC3|HGNC:17868,0,0,0.7347694,0.2652306,0.7347694,True
non_essential_MVP|HGNC:7531,0,0,0.7958404,0.20415962,0.7958404,True
non_essential_OR56A3|HGNC:14786,0,0,0.50418496,0.49581504,0.50418496,True
non_essential_CLNK|HGNC:17438,0,0,0.62714666,0.37285334,0.62714666,True
non_essential_ZDHHC16|HGNC:20714,0,0,0.5538294,0.44617063,0.5538294,True
non_essential_SGCG|HGNC:10809,0,0,0.59698945,0.40301055,0.59698945,True
non_essential_ABCC2|HGNC:53,0,0,0.56086636,0.43913364,0.56086636,True
non_essential_SERINC5|HGNC:18825,0,0,0.6021872,0.39781278,0.6021872,True
non_essential_ICAM1|HGNC:5344,0,0,0.78363043,0.21636957,0.78363043,True
non_essential_KIAA1024|HGNC:29172,0,0,0.6695343,0.33046567,0.6695343,True
non_essential_HDDC2|HGNC:21078,0,0,0.57393914,0.42606086,0.57393914,True
non_essential_SSPN|HGNC:11322,0,0,0.6356577,0.36434227,0.6356577,True
non_essential_NEUROD6|HGNC:13804,0,0,0.62838054,0.37161946,0.62838054,True
non_essential_COL6A3|HGNC:2213,0,0,0.6379566,0.36204338,0.6379566,True
non_essential_ACSM5|HGNC:26060,0,0,0.66771674,0.33228326,0.66771674,True
non_essential_CTAGE5|HGNC:7057,0,0,0.61730814,0.38269186,0.61730814,True
non_essential_SMIM12|HGNC:25154,0,0,0.6195562,0.3804438,0.6195562,True
non_essential_MAL2|HGNC:13634,0,0,0.5198931,0.4801069,0.5198931,True
non_essential_OR4F21|HGNC:19583,0,0,0.48577756,0.51422244,0.51422244,True
non_essential_PRKAG3|HGNC:9387,0,0,0.64133483,0.35866517,0.64133483,True
non_essential_C11orf45|HGNC:28584,0,0,0.653201,0.34679902,0.653201,True
non_essential_ZFP82|HGNC:28682,0,0,0.4864373,0.5135627,0.5135627,True
non_essential_KRTAP3-2|HGNC:16779,0,0,0.5421205,0.45787948,0.5421205,True
non_essential_B3GNT6|HGNC:24141,0,0,0.85420054,0.14579946,0.85420054,True
non_essential_YPEL4|HGNC:18328,0,0,0.5486459,0.4513541,0.5486459,True
non_essential_MPO|HGNC:7218,0,0,0.7630462,0.2369538,0.7630462,True
non_essential_AASS|HGNC:17366,0,0,0.57272243,0.42727757,0.57272243,True
non_essential_FAM72C|HGNC:30602,0,0,0.4787196,0.5212804,0.5212804,True
non_essential_OLFML2A|HGNC:27270,0,0,0.75349766,0.24650234,0.75349766,True
non_essential_RCBTB1|HGNC:18243,0,0,0.5820971,0.4179029,0.5820971,True
non_essential_SH3BP4|HGNC:10826,0,0,0.66522497,0.33477503,0.66522497,True
non_essential_CDHR5|HGNC:7521,0,0,0.6523231,0.34767687,0.6523231,True
non_essential_FAM47E|HGNC:34343,0,0,0.56983334,0.43016666,0.56983334,True
non_essential_SLC17A9|HGNC:16192,0,0,0.72108126,0.27891874,0.72108126,True
non_essential_CDC42EP1|HGNC:17014,0,0,0.85300916,0.14699084,0.85300916,True
non_essential_CHN1|HGNC:1943,0,0,0.5013067,0.4986933,0.5013067,True
non_essential_MRVI1|HGNC:7237,0,0,0.6577338,0.3422662,0.6577338,True
non_essential_SNX5|HGNC:14969,0,0,0.59035844,0.40964156,0.59035844,True
non_essential_OR10A4|HGNC:15130,0,0,0.6140294,0.3859706,0.6140294,True
non_essential_PPIAL4E|HGNC:33997,0,0,0.49330837,0.50669163,0.50669163,True
non_essential_NEFL|HGNC:7739,0,0,0.79205704,0.20794296,0.79205704,True
non_essential_COMMD7|HGNC:16223,0,0,0.58265924,0.41734076,0.58265924,True
non_essential_RSPH3|HGNC:21054,0,0,0.58891433,0.41108567,0.58891433,True
non_essential_MIA|HGNC:7076,0,0,0.6391472,0.36085278,0.6391472,True
non_essential_C11orf70|HGNC:28188,0,0,0.46889436,0.53110564,0.53110564,True
non_essential_KCNH6|HGNC:18862,0,0,0.69996715,0.30003285,0.69996715,True
non_essential_DEFA1|HGNC:2761,0,0,0.7065819,0.2934181,0.7065819,True
non_essential_HIST1H2AD|HGNC:4729,0,0,0.80425996,0.19574004,0.80425996,True
non_essential_RALY|HGNC:15921,0,0,0.83446777,0.16553223,0.83446777,True
non_essential_POU3F4|HGNC:9217,0,0,0.666599,0.33340102,0.666599,True
non_essential_MYRFL|HGNC:26316,0,0,0.52718246,0.47281754,0.52718246,True
non_essential_CCDC171|HGNC:29828,0,0,0.5656073,0.4343927,0.5656073,True
non_essential_USP17L5|HGNC:37177,0,0,0.64055234,0.35944766,0.64055234,True
non_essential_METTL9|HGNC:24586,0,0,0.52752364,0.47247636,0.52752364,True
non_essential_CT45A5|HGNC:33270,0,0,0.49131212,0.50868785,0.50868785,True
non_essential_GPX2|HGNC:4554,0,0,0.60797906,0.39202094,0.60797906,True
non_essential_TPRX1|HGNC:32174,0,0,0.5853869,0.41461313,0.5853869,True
non_essential_NFAM1|HGNC:29872,0,0,0.65534073,0.34465927,0.65534073,True
non_essential_EFHB|HGNC:26330,0,0,0.47338194,0.52661806,0.52661806,True
non_essential_CLEC11A|HGNC:10576,0,0,0.84059817,0.15940183,0.84059817,True
non_essential_LRRC37A2|HGNC:32404,0,0,0.610483,0.389517,0.610483,True
non_essential_AP4B1|HGNC:572,0,0,0.5661847,0.4338153,0.5661847,True
non_essential_GDPGP1|HGNC:34360,0,0,0.7742954,0.22570461,0.7742954,True
non_essential_LRRC55|HGNC:32324,0,0,0.7061156,0.2938844,0.7061156,True
non_essential_WDR35|HGNC:29250,0,0,0.5972691,0.40273088,0.5972691,True
non_essential_DCTPP1|HGNC:28777,0,0,0.61456174,0.38543826,0.61456174,True
non_essential_TMC1|HGNC:16513,0,0,0.5908563,0.4091437,0.5908563,True
non_essential_PCNX2|HGNC:8736,0,0,0.59259444,0.40740556,0.59259444,True
non_essential_GLB1L2|HGNC:25129,0,0,0.669609,0.330391,0.669609,True
non_essential_TAS2R1|HGNC:14909,0,0,0.49135262,0.5086474,0.5086474,True
non_essential_GALNT11|HGNC:19875,0,0,0.5680676,0.4319324,0.5680676,True
non_essential_ENDOV|HGNC:26640,0,0,0.91655356,0.08344644,0.91655356,True
non_essential_PRMT6|HGNC:18241,0,0,0.8232584,0.1767416,0.8232584,True
non_essential_MAGEA9|HGNC:6807,0,0,0.7135022,0.28649777,0.7135022,True
non_essential_FGFBP2|HGNC:29451,0,0,0.6622931,0.33770692,0.6622931,True
non_essential_KIF27|HGNC:18632,0,0,0.5882866,0.41171342,0.5882866,True
non_essential_HSBP1|HGNC:5203,0,0,0.41004106,0.5899589,0.5899589,True
non_essential_FABP6|HGNC:3561,0,0,0.6845471,0.31545287,0.6845471,True
non_essential_ACAA2|HGNC:83,0,0,0.5051897,0.49481028,0.5051897,True
non_essential_ZFAND1|HGNC:25858,0,0,0.49117935,0.50882065,0.50882065,True
non_essential_PAGE1|HGNC:4107,0,0,0.55194426,0.44805574,0.55194426,True
non_essential_STON2|HGNC:30652,0,0,0.63218844,0.36781156,0.63218844,True
non_essential_BPIFA2|HGNC:16203,0,0,0.65361327,0.34638673,0.65361327,True
non_essential_LDLRAD2|HGNC:32071,0,0,0.74165505,0.25834495,0.74165505,True
non_essential_NTPCR|HGNC:28204,0,0,0.50044894,0.49955106,0.50044894,True
non_essential_ZNF426|HGNC:20725,0,0,0.46656096,0.53343904,0.53343904,True
non_essential_FEZ2|HGNC:3660,0,0,0.5318659,0.4681341,0.5318659,True
non_essential_GDPD2|HGNC:25974,0,0,0.54246813,0.45753187,0.54246813,True
non_essential_BARX2|HGNC:956,0,0,0.69537944,0.30462056,0.69537944,True
non_essential_MMP28|HGNC:14366,0,0,0.77236944,0.22763056,0.77236944,True
non_essential_DOK5|HGNC:16173,0,0,0.51630914,0.48369086,0.51630914,True
non_essential_CRYAA|HGNC:2388,0,0,0.8997124,0.100287616,0.8997124,True
non_essential_OR5W2|HGNC:15299,0,0,0.44731075,0.55268925,0.55268925,True
non_essential_MTDH|HGNC:29608,0,0,0.62640756,0.37359244,0.62640756,True
non_essential_TAP2|HGNC:44,0,0,0.61592007,0.38407993,0.61592007,True
non_essential_SNX17|HGNC:14979,0,0,0.66457003,0.33542997,0.66457003,True
non_essential_PRKACB|HGNC:9381,0,0,0.47456422,0.5254358,0.5254358,True
non_essential_CYP27B1|HGNC:2606,0,0,0.62590146,0.37409854,0.62590146,True
non_essential_CPAMD8|HGNC:23228,0,0,0.60800004,0.39199996,0.60800004,True
non_essential_C1orf204|HGNC:27647,0,0,0.64940906,0.35059094,0.64940906,True
non_essential_LRRC37A3|HGNC:32427,0,0,0.60755616,0.39244384,0.60755616,True
non_essential_GORASP1|HGNC:16769,0,0,0.74535096,0.25464904,0.74535096,True
non_essential_PRAMEF26|HGNC:49178,0,0,0.6943855,0.30561447,0.6943855,True
non_essential_HOXB6|HGNC:5117,0,0,0.8856186,0.11438137,0.8856186,True
non_essential_STX19|HGNC:19300,0,0,0.45953402,0.54046595,0.54046595,True
non_essential_RNASEL|HGNC:10050,0,0,0.52405256,0.47594744,0.52405256,True
non_essential_PIK3C2A|HGNC:8971,0,0,0.5342053,0.46579468,0.5342053,True
non_essential_LILRB4|HGNC:6608,0,0,0.6735547,0.32644528,0.6735547,True
non_essential_CNTNAP3B|HGNC:32035,0,0,0.6269217,0.3730783,0.6269217,True
non_essential_PRCD|HGNC:32528,0,0,0.5859948,0.41400522,0.5859948,True
non_essential_OR52W1|HGNC:15239,0,0,0.44746113,0.5525389,0.5525389,True
non_essential_SCX|HGNC:32322,0,0,0.78294396,0.21705604,0.78294396,True
non_essential_GEMIN6|HGNC:20044,0,0,0.53856033,0.46143967,0.53856033,True
non_essential_GOT2|HGNC:4433,0,0,0.58267444,0.41732556,0.58267444,True
non_essential_DPP4|HGNC:3009,0,0,0.5732279,0.42677212,0.5732279,True
non_essential_PTCRA|HGNC:21290,0,0,0.92169744,0.07830256,0.92169744,True
non_essential_ZNF366|HGNC:18316,0,0,0.71434766,0.28565234,0.71434766,True
non_essential_PSG8|HGNC:9525,0,0,0.46230212,0.5376979,0.5376979,True
non_essential_CCDC13|HGNC:26358,0,0,0.63326603,0.36673397,0.63326603,True
non_essential_HSPA13|HGNC:11375,0,0,0.5012043,0.4987957,0.5012043,True
non_essential_TICAM2|HGNC:21354,0,0,0.6109889,0.38901109,0.6109889,True
non_essential_KHDC3L|HGNC:33699,0,0,0.6789715,0.32102847,0.6789715,True
non_essential_CLMN|HGNC:19972,0,0,0.6390626,0.36093742,0.6390626,True
non_essential_C7orf62|HGNC:22402,0,0,0.46000966,0.5399903,0.5399903,True
non_essential_ZMAT3|HGNC:29983,0,0,0.5930984,0.4069016,0.5930984,True
non_essential_ADH1A|HGNC:249,0,0,0.47662368,0.52337635,0.52337635,True
non_essential_MAGEC2|HGNC:13574,0,0,0.49772963,0.50227034,0.50227034,True
non_essential_SCEL|HGNC:10573,0,0,0.49497336,0.50502664,0.50502664,True
non_essential_CLN5|HGNC:2076,0,0,0.53642815,0.46357185,0.53642815,True
non_essential_SLC41A1|HGNC:19429,0,0,0.6041423,0.3958577,0.6041423,True
non_essential_ENTPD5|HGNC:3367,0,0,0.49662837,0.5033716,0.5033716,True
non_essential_ZNF350|HGNC:16656,0,0,0.5258134,0.4741866,0.5258134,True
non_essential_PM20D2|HGNC:21408,0,0,0.5294245,0.4705755,0.5294245,True
non_essential_APCDD1L|HGNC:26892,0,0,0.63631684,0.36368316,0.63631684,True
non_essential_FZD8|HGNC:4046,0,0,0.7221981,0.27780187,0.7221981,True
non_essential_ARHGEF33|HGNC:37252,0,0,0.6186409,0.3813591,0.6186409,True
non_essential_KRTAP29-1|HGNC:34211,0,0,0.48020038,0.5197996,0.5197996,True
non_essential_FAM207A|HGNC:15811,0,0,0.75369465,0.24630535,0.75369465,True
non_essential_SERPINE1|HGNC:8583,0,0,0.6757695,0.3242305,0.6757695,True
non_essential_CGB1|HGNC:16721,0,0,0.7380201,0.26197988,0.7380201,True
non_essential_EIF4EBP3|HGNC:3290,0,0,0.7527403,0.24725968,0.7527403,True
non_essential_ZNF492|HGNC:23707,0,0,0.4528156,0.5471844,0.5471844,True
non_essential_TM4SF4|HGNC:11856,0,0,0.47581822,0.5241818,0.5241818,True
non_essential_DPEP1|HGNC:3002,0,0,0.79842544,0.20157456,0.79842544,True
non_essential_CFAP206|HGNC:21405,0,0,0.49430394,0.50569606,0.50569606,True
non_essential_FMOD|HGNC:3774,0,0,0.7214608,0.27853918,0.7214608,True
non_essential_KRT80|HGNC:27056,0,0,0.88442963,0.11557037,0.88442963,True
non_essential_CDR2|HGNC:1799,0,0,0.630874,0.36912602,0.630874,True
non_essential_CPT1C|HGNC:18540,0,0,0.73803777,0.26196223,0.73803777,True
non_essential_EML6|HGNC:35412,0,0,0.6508351,0.3491649,0.6508351,True
non_essential_CCDC150|HGNC:26834,0,0,0.5302422,0.4697578,0.5302422,True
non_essential_HYI|HGNC:26948,0,0,0.7172262,0.2827738,0.7172262,True
non_essential_APOBEC3B|HGNC:17352,0,0,0.67064786,0.32935214,0.67064786,True
non_essential_VGLL3|HGNC:24327,0,0,0.61450154,0.38549846,0.61450154,True
non_essential_PLEKHO2|HGNC:30026,0,0,0.6535079,0.3464921,0.6535079,True
non_essential_C8orf76|HGNC:25924,0,0,0.67626536,0.32373464,0.67626536,True
non_essential_WDR83OS|HGNC:30203,0,0,0.5204363,0.4795637,0.5204363,True
non_essential_ARTN|HGNC:727,0,0,0.71768814,0.28231186,0.71768814,True
non_essential_CFAP57|HGNC:26485,0,0,0.6545664,0.3454336,0.6545664,True
non_essential_H3F3C|HGNC:33164,0,0,0.8910183,0.10898173,0.8910183,True
non_essential_FAM72A|HGNC:24044,0,0,0.45351997,0.54648006,0.54648006,True
non_essential_PRAMEF15|HGNC:26764,0,0,0.5517228,0.44827718,0.5517228,True
non_essential_KCNA7|HGNC:6226,0,0,0.7454816,0.2545184,0.7454816,True
non_essential_SBF2|HGNC:2135,0,0,0.5915396,0.40846038,0.5915396,True
non_essential_SYTL5|HGNC:15589,0,0,0.5613143,0.43868572,0.5613143,True
non_essential_PPP2R5A|HGNC:9309,0,0,0.5410212,0.45897877,0.5410212,True
non_essential_DNAL1|HGNC:23247,0,0,0.42545807,0.5745419,0.5745419,True
non_essential_GPR78|HGNC:4528,0,0,0.92314345,0.07685655,0.92314345,True
non_essential_COLGALT1|HGNC:26182,0,0,0.90254444,0.09745556,0.90254444,True
non_essential_OR11L1|HGNC:14998,0,0,0.5678147,0.4321853,0.5678147,True
non_essential_ZNF700|HGNC:25292,0,0,0.47717634,0.5228237,0.5228237,True
non_essential_NOD2|HGNC:5331,0,0,0.68343335,0.31656665,0.68343335,True
non_essential_CYB561|HGNC:2571,0,0,0.7050156,0.2949844,0.7050156,True
non_essential_ENTPD3|HGNC:3365,0,0,0.49488062,0.5051194,0.5051194,True
non_essential_GPATCH3|HGNC:25720,0,0,0.65893865,0.34106135,0.65893865,True
non_essential_AQP7|HGNC:640,0,0,0.6854263,0.3145737,0.6854263,True
non_essential_PROCA1|HGNC:28600,0,0,0.62968445,0.37031555,0.62968445,True
non_essential_ZNF630|HGNC:28855,0,0,0.44835386,0.5516461,0.5516461,True
non_essential_ZNF169|HGNC:12957,0,0,0.6039371,0.3960629,0.6039371,True
non_essential_EPM2AIP1|HGNC:19735,0,0,0.55643815,0.44356185,0.55643815,True
non_essential_AKR1B1|HGNC:381,0,0,0.6717176,0.32828242,0.6717176,True
non_essential_CYP2A13|HGNC:2608,0,0,0.93881637,0.06118363,0.93881637,True
non_essential_BHLHB9|HGNC:29353,0,0,0.50056803,0.49943197,0.50056803,True
non_essential_ENTPD8|HGNC:24860,0,0,0.9118442,0.088155806,0.9118442,True
non_essential_ERCC6L2|HGNC:26922,0,0,0.5441133,0.45588672,0.5441133,True
non_essential_VIMP|HGNC:30396,0,0,0.8231884,0.17681158,0.8231884,True
non_essential_ACTRT2|HGNC:24026,0,0,0.67217374,0.32782626,0.67217374,True
non_essential_GLI1|HGNC:4317,0,0,0.63561296,0.36438704,0.63561296,True
non_essential_DYNLT3|HGNC:11694,0,0,0.41355094,0.586449,0.586449,True
non_essential_TESMIN|HGNC:7446,0,0,0.6121986,0.3878014,0.6121986,True
non_essential_DNAJC1|HGNC:20090,0,0,0.62341875,0.37658125,0.62341875,True
non_essential_BBS7|HGNC:18758,0,0,0.5948141,0.40518588,0.5948141,True
non_essential_CLN3|HGNC:2074,0,0,0.66763216,0.33236784,0.66763216,True
non_essential_C9|HGNC:1358,0,0,0.49461323,0.50538677,0.50538677,True
non_essential_RAB13|HGNC:9762,0,0,0.58716834,0.41283166,0.58716834,True
non_essential_RAB5A|HGNC:9783,0,0,0.4464514,0.5535486,0.5535486,True
non_essential_OR13J1|HGNC:15108,0,0,0.65602493,0.34397507,0.65602493,True
non_essential_DDRGK1|HGNC:16110,0,0,0.63922375,0.36077625,0.63922375,True
non_essential_KANK3|HGNC:24796,0,0,0.88509095,0.11490905,0.88509095,True
non_essential_WNT5B|HGNC:16265,0,0,0.7106672,0.2893328,0.7106672,True
non_essential_C3orf36|HGNC:26170,0,0,0.62228006,0.37771994,0.62228006,True
non_essential_SDC2|HGNC:10659,0,0,0.5936319,0.40636808,0.5936319,True
non_essential_HAS1|HGNC:4818,0,0,0.6698734,0.33012658,0.6698734,True
non_essential_ZNF841|HGNC:27611,0,0,0.49326465,0.5067353,0.5067353,True
non_essential_FAM43A|HGNC:26888,0,0,0.7067483,0.2932517,0.7067483,True
non_essential_FDCSP|HGNC:19215,0,0,0.48835847,0.5116415,0.5116415,True
non_essential_KRT39|HGNC:32971,0,0,0.6425094,0.3574906,0.6425094,True
non_essential_NAGS|HGNC:17996,0,0,0.6661469,0.33385313,0.6661469,True
non_essential_SPAM1|HGNC:11217,0,0,0.48515746,0.5148425,0.5148425,True
non_essential_LCMT2|HGNC:17558,0,0,0.6046434,0.3953566,0.6046434,True
non_essential_OR10G7|HGNC:14842,0,0,0.6868081,0.3131919,0.6868081,True
non_essential_GPR141|HGNC:19997,0,0,0.4882192,0.5117808,0.5117808,True
non_essential_PUSL1|HGNC:26914,0,0,0.68386716,0.31613284,0.68386716,True
non_essential_U2AF1L4|HGNC:23020,0,0,0.6142548,0.38574523,0.6142548,True
non_essential_ZCCHC13|HGNC:31749,0,0,0.6119423,0.3880577,0.6119423,True
non_essential_PIRT|HGNC:37239,0,0,0.7106483,0.2893517,0.7106483,True
non_essential_KRTAP10-6|HGNC:20523,0,0,0.7151498,0.28485018,0.7151498,True
non_essential_C4A|HGNC:1323,0,0,0.64594275,0.35405725,0.64594275,True
non_essential_ADORA1|HGNC:262,0,0,0.8933332,0.1066668,0.8933332,True
non_essential_PYGB|HGNC:9723,0,0,0.73100924,0.26899076,0.73100924,True
non_essential_FRMD6|HGNC:19839,0,0,0.66822296,0.33177704,0.66822296,True
non_essential_ZNF573|HGNC:26420,0,0,0.4985119,0.5014881,0.5014881,True
non_essential_SRD5A2|HGNC:11285,0,0,0.53932726,0.46067274,0.53932726,True
non_essential_VWA5B2|HGNC:25144,0,0,0.67415226,0.32584774,0.67415226,True
non_essential_ITIH4|HGNC:6169,0,0,0.6460886,0.3539114,0.6460886,True
non_essential_NDST3|HGNC:7682,0,0,0.54949695,0.45050305,0.54949695,True
non_essential_CLIC1|HGNC:2062,0,0,0.5755566,0.42444342,0.5755566,True
non_essential_VWC2L|HGNC:37203,0,0,0.48223746,0.51776254,0.51776254,True
non_essential_RNF13|HGNC:10057,0,0,0.49022418,0.5097758,0.5097758,True
non_essential_TIMM23B|HGNC:23581,0,0,0.5924585,0.4075415,0.5924585,True
non_essential_CIDEA|HGNC:1976,0,0,0.66462886,0.33537114,0.66462886,True
non_essential_TPCN2|HGNC:20820,0,0,0.7039378,0.29606217,0.7039378,True
non_essential_DNER|HGNC:24456,0,0,0.6596612,0.34033883,0.6596612,True
non_essential_OR2H1|HGNC:8252,0,0,0.51916736,0.48083264,0.51916736,True
non_essential_ZNF358|HGNC:16838,0,0,0.75207543,0.24792457,0.75207543,True
non_essential_TNFRSF4|HGNC:11918,0,0,0.7118147,0.2881853,0.7118147,True
non_essential_TMEM259|HGNC:17039,0,0,0.7471275,0.25287253,0.7471275,True
non_essential_GH2|HGNC:4262,0,0,0.6606223,0.3393777,0.6606223,True
non_essential_MAT2B|HGNC:6905,0,0,0.4786244,0.5213756,0.5213756,True
non_essential_PITX3|HGNC:9006,0,0,0.7955718,0.2044282,0.7955718,True
non_essential_TEKT4|HGNC:31012,0,0,0.8338437,0.16615629,0.8338437,True
non_essential_CHRND|HGNC:1965,0,0,0.6385361,0.3614639,0.6385361,True
non_essential_MAGEC3|HGNC:23798,0,0,0.553402,0.446598,0.553402,True
non_essential_RAP1GDS1|HGNC:9859,0,0,0.5052449,0.4947551,0.5052449,True
non_essential_PCDH8|HGNC:8660,0,0,0.6711637,0.32883632,0.6711637,True
non_essential_ZFY|HGNC:12870,0,0,0.5149352,0.4850648,0.5149352,True
non_essential_ZNF451|HGNC:21091,0,0,0.5701354,0.4298646,0.5701354,True
non_essential_NKG7|HGNC:7830,0,0,0.52825415,0.47174585,0.52825415,True
non_essential_PLS1|HGNC:9090,0,0,0.53754956,0.46245044,0.53754956,True
non_essential_ARMC2|HGNC:23045,0,0,0.58704287,0.41295713,0.58704287,True
non_essential_KLC4|HGNC:21624,0,0,0.6230141,0.3769859,0.6230141,True
non_essential_ZNF664|HGNC:25406,0,0,0.4583405,0.5416595,0.5416595,True
non_essential_TMEM56|HGNC:26477,0,0,0.4827713,0.5172287,0.5172287,True
non_essential_EXD3|HGNC:26023,0,0,0.85903883,0.14096117,0.85903883,True
non_essential_CCDC67|HGNC:26344,0,0,0.46833006,0.53167,0.53167,True
non_essential_NDUFA7|HGNC:7691,0,0,0.6652566,0.33474338,0.6652566,True
non_essential_TNFSF18|HGNC:11932,0,0,0.4202535,0.5797465,0.5797465,True
non_essential_CHIA|HGNC:17432,0,0,0.7236318,0.2763682,0.7236318,True
non_essential_ZNF383|HGNC:18609,0,0,0.49622625,0.50377375,0.50377375,True
non_essential_CD226|HGNC:16961,0,0,0.4916791,0.5083209,0.5083209,True
non_essential_CNBD1|HGNC:26663,0,0,0.5399363,0.4600637,0.5399363,True
non_essential_SLC16A6|HGNC:10927,0,0,0.61552125,0.38447875,0.61552125,True
non_essential_IKBIP|HGNC:26430,0,0,0.49998713,0.5000129,0.5000129,True
non_essential_CCDC42|HGNC:26528,0,0,0.8075329,0.1924671,0.8075329,True
non_essential_SDF4|HGNC:24188,0,0,0.8590922,0.14090782,0.8590922,True
non_essential_SNX14|HGNC:14977,0,0,0.56805426,0.43194574,0.56805426,True
non_essential_FAM184B|HGNC:29235,0,0,0.68310016,0.31689984,0.68310016,True
non_essential_RPS6KC1|HGNC:10439,0,0,0.6274571,0.37254292,0.6274571,True
non_essential_APOO|HGNC:28727,0,0,0.4947389,0.50526106,0.50526106,True
non_essential_RGPD1|HGNC:32414,0,0,0.5253201,0.4746799,0.5253201,True
non_essential_ATP13A5|HGNC:31789,0,0,0.5855688,0.4144312,0.5855688,True
non_essential_XPNPEP2|HGNC:12823,0,0,0.58118427,0.41881573,0.58118427,True
non_essential_CASP10|HGNC:1500,0,0,0.58747226,0.41252774,0.58747226,True
non_essential_RHOXF1|HGNC:29993,0,0,0.7156527,0.2843473,0.7156527,True
non_essential_OTOL1|HGNC:34071,0,0,0.627629,0.37237102,0.627629,True
non_essential_KRTAP19-5|HGNC:18940,0,0,0.35536253,0.64463747,0.64463747,True
non_essential_HORMAD2|HGNC:28383,0,0,0.5045348,0.49546522,0.5045348,True
non_essential_C9orf66|HGNC:26436,0,0,0.7540858,0.24591422,0.7540858,True
non_essential_GSG1|HGNC:19716,0,0,0.583496,0.41650403,0.583496,True
non_essential_COX8A|HGNC:2294,0,0,0.78103095,0.21896905,0.78103095,True
non_essential_MTHFSD|HGNC:25778,0,0,0.56757206,0.43242794,0.56757206,True
non_essential_PMS2|HGNC:9122,0,0,0.55371904,0.44628096,0.55371904,True
non_essential_MTMR8|HGNC:16825,0,0,0.5186605,0.4813395,0.5186605,True
non_essential_ZNF507|HGNC:23783,0,0,0.53712946,0.46287054,0.53712946,True
non_essential_PGM2|HGNC:8906,0,0,0.59161556,0.40838444,0.59161556,True
non_essential_FAM8A1|HGNC:16372,0,0,0.5380896,0.46191043,0.5380896,True
non_essential_GPATCH2L|HGNC:20210,0,0,0.6257825,0.3742175,0.6257825,True
non_essential_MRGPRX4|HGNC:17617,0,0,0.6571754,0.34282458,0.6571754,True
non_essential_OR4C15|HGNC:15171,0,0,0.48080513,0.51919484,0.51919484,True
non_essential_CLPSL1|HGNC:21251,0,0,0.61659646,0.38340354,0.61659646,True
non_essential_ZNF706|HGNC:24992,0,0,0.4479627,0.5520373,0.5520373,True
non_essential_RINL|HGNC:24795,0,0,0.724548,0.27545202,0.724548,True
non_essential_SLC7A6|HGNC:11064,0,0,0.60182565,0.39817435,0.60182565,True
non_essential_OR51F1|HGNC:15196,0,0,0.45127824,0.5487218,0.5487218,True
non_essential_TMEM181|HGNC:20958,0,0,0.64268273,0.35731727,0.64268273,True
non_essential_SOHLH1|HGNC:27845,0,0,0.86888456,0.13111544,0.86888456,True
non_essential_HIST1H2BJ|HGNC:4761,0,0,0.8776379,0.12236208,0.8776379,True
non_essential_NPY|HGNC:7955,0,0,0.6006501,0.39934993,0.6006501,True
non_essential_CERCAM|HGNC:23723,0,0,0.69225055,0.30774945,0.69225055,True
non_essential_CWH43|HGNC:26133,0,0,0.53109795,0.46890205,0.53109795,True
non_essential_RAB40A|HGNC:18283,0,0,0.5527279,0.44727212,0.5527279,True
non_essential_DCHS2|HGNC:23111,0,0,0.5920523,0.40794772,0.5920523,True
non_essential_CCDC71|HGNC:25760,0,0,0.5394444,0.4605556,0.5394444,True
non_essential_VIPAS39|HGNC:20347,0,0,0.52337646,0.47662354,0.52337646,True
non_essential_FAM25G|HGNC:23590,0,0,0.891234,0.10876602,0.891234,True
non_essential_ZNF471|HGNC:23226,0,0,0.4851404,0.51485956,0.51485956,True
non_essential_NLGN1|HGNC:14291,0,0,0.5799288,0.42007118,0.5799288,True
non_essential_MUC20|HGNC:23282,0,0,0.67515874,0.32484126,0.67515874,True
non_essential_NPAP1|HGNC:1190,0,0,0.5859369,0.4140631,0.5859369,True
non_essential_OR13F1|HGNC:14723,0,0,0.47586918,0.5241308,0.5241308,True
non_essential_ATP6AP1L|HGNC:28091,0,0,0.70870847,0.29129153,0.70870847,True
non_essential_SRL|HGNC:11295,0,0,0.7328186,0.2671814,0.7328186,True
non_essential_HEPACAM|HGNC:26361,0,0,0.5861767,0.4138233,0.5861767,True
non_essential_NBPF20|HGNC:32000,0,0,0.48555925,0.5144408,0.5144408,True
non_essential_SUSD5|HGNC:29061,0,0,0.59647685,0.40352315,0.59647685,True
non_essential_ADRA1D|HGNC:280,0,0,0.83311945,0.16688055,0.83311945,True
non_essential_DENND6B|HGNC:32690,0,0,0.7183632,0.28163677,0.7183632,True
non_essential_CHCHD6|HGNC:28184,0,0,0.8061027,0.1938973,0.8061027,True
non_essential_PEG3|HGNC:8826,0,0,0.6046167,0.3953833,0.6046167,True
non_essential_UPF3A|HGNC:20332,0,0,0.6879912,0.3120088,0.6879912,True
non_essential_CT45A7|HGNC:51260,0,0,0.49131212,0.50868785,0.50868785,True
non_essential_BEST1|HGNC:12703,0,0,0.61498266,0.38501734,0.61498266,True
non_essential_DAW1|HGNC:26383,0,0,0.49541602,0.50458395,0.50458395,True
non_essential_KRTAP19-4|HGNC:18939,0,0,0.45153162,0.54846835,0.54846835,True
non_essential_GUCD1|HGNC:14237,0,0,0.81005186,0.18994814,0.81005186,True
non_essential_SLC35F1|HGNC:21483,0,0,0.5113921,0.48860788,0.5113921,True
non_essential_CLIC5|HGNC:13517,0,0,0.75728935,0.24271065,0.75728935,True
non_essential_FBXW5|HGNC:13613,0,0,0.8032513,0.19674867,0.8032513,True
non_essential_HIST1H2AA|HGNC:18729,0,0,0.65704674,0.34295326,0.65704674,True
non_essential_MTUS2|HGNC:20595,0,0,0.60098565,0.39901435,0.60098565,True
non_essential_DUXA|HGNC:32179,0,0,0.609349,0.390651,0.609349,True
non_essential_GPANK1|HGNC:13920,0,0,0.6885575,0.3114425,0.6885575,True
non_essential_SWSAP1|HGNC:26638,0,0,0.6255073,0.3744927,0.6255073,True
non_essential_RASAL3|HGNC:26129,0,0,0.7250696,0.27493042,0.7250696,True
non_essential_DHDH|HGNC:17887,0,0,0.7808069,0.2191931,0.7808069,True
non_essential_DNAJB2|HGNC:5228,0,0,0.8469059,0.15309411,0.8469059,True
non_essential_TMEM125|HGNC:28275,0,0,0.6988577,0.30114228,0.6988577,True
non_essential_CTTNBP2|HGNC:15679,0,0,0.64442194,0.35557806,0.64442194,True
non_essential_PBX2|HGNC:8633,0,0,0.668063,0.33193702,0.668063,True
non_essential_RHD|HGNC:10009,0,0,0.6552077,0.3447923,0.6552077,True
non_essential_C20orf202|HGNC:37254,0,0,0.6189934,0.3810066,0.6189934,True
non_essential_EFCAB12|HGNC:28061,0,0,0.57844317,0.42155683,0.57844317,True
non_essential_IL4I1|HGNC:19094,0,0,0.87867403,0.12132597,0.87867403,True
non_essential_MAST4|HGNC:19037,0,0,0.60599405,0.39400595,0.60599405,True
non_essential_FAAH2|HGNC:26440,0,0,0.63457286,0.36542714,0.63457286,True
non_essential_CFAP73|HGNC:37100,0,0,0.72447115,0.27552885,0.72447115,True
non_essential_TFF3|HGNC:11757,0,0,0.5455165,0.4544835,0.5455165,True
non_essential_TAS2R19|HGNC:19108,0,0,0.4212815,0.57871854,0.57871854,True
non_essential_GCDH|HGNC:4189,0,0,0.82737494,0.17262506,0.82737494,True
non_essential_FGB|HGNC:3662,0,0,0.5506891,0.4493109,0.5506891,True
non_essential_DNASE2B|HGNC:28875,0,0,0.48647743,0.51352257,0.51352257,True
non_essential_C3orf67|HGNC:24763,0,0,0.52417076,0.47582924,0.52417076,True
non_essential_BOD1|HGNC:25114,0,0,0.7003491,0.2996509,0.7003491,True
non_essential_ABHD12B|HGNC:19837,0,0,0.54874676,0.45125324,0.54874676,True
non_essential_NMI|HGNC:7854,0,0,0.4993581,0.50064194,0.50064194,True
non_essential_MBNL3|HGNC:20564,0,0,0.6352945,0.3647055,0.6352945,True
non_essential_ACVR1C|HGNC:18123,0,0,0.51239794,0.48760206,0.51239794,True
non_essential_C12orf43|HGNC:25719,0,0,0.6233599,0.37664008,0.6233599,True
non_essential_USF1|HGNC:12593,0,0,0.66982144,0.33017856,0.66982144,True
non_essential_SPTSSB|HGNC:24045,0,0,0.41170394,0.58829606,0.58829606,True
non_essential_PTRF|HGNC:9688,0,0,0.844615,0.15538502,0.844615,True
non_essential_TCTE1|HGNC:11693,0,0,0.7119709,0.28802907,0.7119709,True
non_essential_HSPA1B|HGNC:5233,0,0,0.9320831,0.06791693,0.9320831,True
non_essential_CDPF1|HGNC:33710,0,0,0.51160496,0.48839504,0.51160496,True
non_essential_ING2|HGNC:6063,0,0,0.5037294,0.4962706,0.5037294,True
non_essential_SIGLEC6|HGNC:10875,0,0,0.60659194,0.39340806,0.60659194,True
non_essential_SOST|HGNC:13771,0,0,0.8040742,0.19592577,0.8040742,True
non_essential_PRIMA1|HGNC:18319,0,0,0.7806593,0.21934068,0.7806593,True
non_essential_ACKR2|HGNC:1565,0,0,0.6086314,0.39136863,0.6086314,True
non_essential_RAB3B|HGNC:9778,0,0,0.6554277,0.3445723,0.6554277,True
non_essential_CCDC153|HGNC:27446,0,0,0.60387594,0.39612406,0.60387594,True
non_essential_TSPYL6|HGNC:14521,0,0,0.7056164,0.2943836,0.7056164,True
non_essential_OPCML|HGNC:8143,0,0,0.6557471,0.34425288,0.6557471,True
non_essential_OR5M10|HGNC:15290,0,0,0.49628323,0.50371677,0.50371677,True
non_essential_ZNF331|HGNC:15489,0,0,0.6259889,0.3740111,0.6259889,True
non_essential_LMO3|HGNC:6643,0,0,0.46935686,0.5306431,0.5306431,True
non_essential_KLF8|HGNC:6351,0,0,0.5125911,0.48740888,0.5125911,True
non_essential_ENAM|HGNC:3344,0,0,0.50771964,0.49228036,0.50771964,True
non_essential_SCYL3|HGNC:19285,0,0,0.5780564,0.4219436,0.5780564,True
non_essential_LRRC30|HGNC:30219,0,0,0.64305544,0.35694456,0.64305544,True
non_essential_NLRP13|HGNC:22937,0,0,0.63294303,0.36705697,0.63294303,True
non_essential_ZSWIM3|HGNC:16157,0,0,0.6200775,0.3799225,0.6200775,True
non_essential_GPRASP1|HGNC:24834,0,0,0.5645295,0.43547052,0.5645295,True
non_essential_ANO3|HGNC:14004,0,0,0.5330454,0.4669546,0.5330454,True
non_essential_HCAR3|HGNC:16824,0,0,0.6185042,0.38149577,0.6185042,True
non_essential_ALOXE3|HGNC:13743,0,0,0.64902633,0.35097367,0.64902633,True
non_essential_ANXA8|HGNC:546,0,0,0.648601,0.351399,0.648601,True
non_essential_TRAF3IP1|HGNC:17861,0,0,0.5669032,0.43309683,0.5669032,True
non_essential_ADH6|HGNC:255,0,0,0.61452204,0.38547796,0.61452204,True
non_essential_TM4SF19|HGNC:25167,0,0,0.615845,0.38415498,0.615845,True
non_essential_SERTAD1|HGNC:17932,0,0,0.6917404,0.3082596,0.6917404,True
non_essential_ZFP64|HGNC:15940,0,0,0.6807171,0.3192829,0.6807171,True
non_essential_OR5L1|HGNC:8350,0,0,0.46872404,0.531276,0.531276,True
non_essential_KLRD1|HGNC:6378,0,0,0.44471955,0.55528045,0.55528045,True
non_essential_CCDC172|HGNC:30524,0,0,0.44730815,0.5526918,0.5526918,True
non_essential_OR12D3|HGNC:13963,0,0,0.5211384,0.47886157,0.5211384,True
non_essential_ZCCHC24|HGNC:26911,0,0,0.90285933,0.09714067,0.90285933,True
non_essential_FMR1NB|HGNC:26372,0,0,0.5757377,0.4242623,0.5757377,True
non_essential_INPP5J|HGNC:8956,0,0,0.6663079,0.33369207,0.6663079,True
non_essential_ENTPD1|HGNC:3363,0,0,0.50742567,0.49257433,0.50742567,True
non_essential_CDX1|HGNC:1805,0,0,0.81649995,0.18350005,0.81649995,True
non_essential_PLIN3|HGNC:16893,0,0,0.7460553,0.2539447,0.7460553,True
non_essential_PBXIP1|HGNC:21199,0,0,0.6459988,0.35400122,0.6459988,True
non_essential_ARPC5L|HGNC:23366,0,0,0.7108224,0.2891776,0.7108224,True
non_essential_HBG2|HGNC:4832,0,0,0.7831996,0.21680039,0.7831996,True
non_essential_CD8B|HGNC:1707,0,0,0.73661786,0.26338214,0.73661786,True
non_essential_NHSL1|HGNC:21021,0,0,0.5947076,0.4052924,0.5947076,True
non_essential_OR51B2|HGNC:14703,0,0,0.47606397,0.52393603,0.52393603,True
non_essential_ARPP19|HGNC:16967,0,0,0.46956646,0.53043354,0.53043354,True
non_essential_ZMYND15|HGNC:20997,0,0,0.6617469,0.33825308,0.6617469,True
non_essential_TMEM62|HGNC:26269,0,0,0.5747273,0.4252727,0.5747273,True
non_essential_ANKRD34C|HGNC:33888,0,0,0.56166285,0.43833715,0.56166285,True
non_essential_PRRT4|HGNC:37280,0,0,0.8030799,0.1969201,0.8030799,True
non_essential_BHMT2|HGNC:1048,0,0,0.6894904,0.31050962,0.6894904,True
non_essential_ASIC5|HGNC:17537,0,0,0.52401346,0.47598654,0.52401346,True
non_essential_SOWAHB|HGNC:32958,0,0,0.6312651,0.3687349,0.6312651,True
non_essential_OR11H1|HGNC:15404,0,0,0.4639543,0.5360457,0.5360457,True
non_essential_JKAMP|HGNC:20184,0,0,0.5525987,0.4474013,0.5525987,True
non_essential_LRRK1|HGNC:18608,0,0,0.6629983,0.33700168,0.6629983,True
non_essential_ATP5G1|HGNC:841,0,0,0.4585554,0.5414446,0.5414446,True
non_essential_PRSS53|HGNC:34407,0,0,0.7501261,0.24987388,0.7501261,True
non_essential_ZNF468|HGNC:33105,0,0,0.5533863,0.44661373,0.5533863,True
non_essential_KRTAP4-9|HGNC:18910,0,0,0.56426775,0.43573225,0.56426775,True
non_essential_DHRS7B|HGNC:24547,0,0,0.6119324,0.3880676,0.6119324,True
non_essential_CD58|HGNC:1688,0,0,0.4884923,0.5115077,0.5115077,True
non_essential_IQCF1|HGNC:28607,0,0,0.60749686,0.39250314,0.60749686,True
non_essential_MOCS2|HGNC:7193,0,0,0.47953725,0.52046275,0.52046275,True
non_essential_OR10G9|HGNC:15129,0,0,0.5891393,0.41086072,0.5891393,True
non_essential_SIRT5|HGNC:14933,0,0,0.60109323,0.39890677,0.60109323,True
non_essential_TNFRSF8|HGNC:11923,0,0,0.70077085,0.29922915,0.70077085,True
non_essential_C4orf45|HGNC:26342,0,0,0.4491565,0.5508435,0.5508435,True
non_essential_CES2|HGNC:1864,0,0,0.7336445,0.2663555,0.7336445,True
non_essential_COX7B2|HGNC:24381,0,0,0.4502334,0.5497666,0.5497666,True
non_essential_RNF208|HGNC:25420,0,0,0.9328594,0.06714058,0.9328594,True
non_essential_LTK|HGNC:6721,0,0,0.6953543,0.30464572,0.6953543,True
non_essential_SERPINA6|HGNC:1540,0,0,0.63482165,0.36517835,0.63482165,True
non_essential_GGT5|HGNC:4260,0,0,0.72126484,0.27873516,0.72126484,True
non_essential_SOCS5|HGNC:16852,0,0,0.5428303,0.4571697,0.5428303,True
non_essential_C8A|HGNC:1352,0,0,0.6693783,0.33062172,0.6693783,True
non_essential_NCAN|HGNC:2465,0,0,0.64246917,0.35753083,0.64246917,True
non_essential_RTN4RL1|HGNC:21329,0,0,0.9206623,0.079337716,0.9206623,True
non_essential_GPR89B|HGNC:13840,0,0,0.5376016,0.4623984,0.5376016,True
non_essential_C12orf4|HGNC:1184,0,0,0.5354419,0.46455812,0.5354419,True
non_essential_PTGFR|HGNC:9600,0,0,0.5036055,0.49639452,0.5036055,True
non_essential_HENMT1|HGNC:26400,0,0,0.5029754,0.4970246,0.5029754,True
non_essential_HILPDA|HGNC:28859,0,0,0.40144217,0.59855783,0.59855783,True
non_essential_CA5B|HGNC:1378,0,0,0.5285024,0.4714976,0.5285024,True
non_essential_OR5R1|HGNC:14841,0,0,0.5468059,0.45319408,0.5468059,True
non_essential_ACKR4|HGNC:1611,0,0,0.50567245,0.49432755,0.50567245,True
non_essential_PSMD10|HGNC:9555,0,0,0.49700266,0.50299734,0.50299734,True
non_essential_B3GNT8|HGNC:24139,0,0,0.66142434,0.33857566,0.66142434,True
non_essential_PPP1R1B|HGNC:9287,0,0,0.90624404,0.09375596,0.90624404,True
non_essential_CXorf57|HGNC:25486,0,0,0.5633872,0.43661278,0.5633872,True
non_essential_NFIC|HGNC:7786,0,0,0.721819,0.27818102,0.721819,True
non_essential_LDLRAD3|HGNC:27046,0,0,0.6064711,0.39352888,0.6064711,True
non_essential_WDR87|HGNC:29934,0,0,0.59750646,0.40249354,0.59750646,True
non_essential_STARD6|HGNC:18066,0,0,0.49902627,0.5009737,0.5009737,True
non_essential_OR2T29|HGNC:31253,0,0,0.55663663,0.44336337,0.55663663,True
non_essential_MATN3|HGNC:6909,0,0,0.6268278,0.37317222,0.6268278,True
non_essential_ALS2CL|HGNC:20605,0,0,0.74043757,0.25956243,0.74043757,True
non_essential_PDHB|HGNC:8808,0,0,0.52034223,0.47965777,0.52034223,True
non_essential_MMP21|HGNC:14357,0,0,0.60423326,0.39576674,0.60423326,True
non_essential_C3orf38|HGNC:28384,0,0,0.49116245,0.5088376,0.5088376,True
non_essential_GLYAT|HGNC:13734,0,0,0.5670406,0.43295938,0.5670406,True
non_essential_NBPF12|HGNC:24297,0,0,0.5164635,0.48353648,0.5164635,True
non_essential_ASIC4|HGNC:21263,0,0,0.73670083,0.26329917,0.73670083,True
non_essential_TM2D3|HGNC:24128,0,0,0.54744875,0.45255125,0.54744875,True
non_essential_MORN1|HGNC:25852,0,0,0.72194856,0.27805144,0.72194856,True
non_essential_FAM156A|HGNC:30114,0,0,0.69578344,0.30421656,0.69578344,True
non_essential_FGF22|HGNC:3679,0,0,0.8347331,0.16526687,0.8347331,True
non_essential_ARSJ|HGNC:26286,0,0,0.54415864,0.45584136,0.54415864,True
non_essential_GLP2R|HGNC:4325,0,0,0.6617064,0.3382936,0.6617064,True
non_essential_OR52I2|HGNC:15221,0,0,0.4649861,0.5350139,0.5350139,True
non_essential_KLHL30|HGNC:24770,0,0,0.82665986,0.17334014,0.82665986,True
non_essential_ZNF569|HGNC:24737,0,0,0.47114417,0.5288558,0.5288558,True
non_essential_PBLD|HGNC:23301,0,0,0.5442261,0.4557739,0.5442261,True
non_essential_ZNF211|HGNC:13003,0,0,0.5139013,0.4860987,0.5139013,True
non_essential_SYN2|HGNC:11495,0,0,0.7823405,0.21765947,0.7823405,True
non_essential_MMP24|HGNC:7172,0,0,0.69642746,0.30357254,0.69642746,True
non_essential_SEZ6L2|HGNC:30844,0,0,0.7439491,0.25605088,0.7439491,True
non_essential_SPATA22|HGNC:30705,0,0,0.54004174,0.45995826,0.54004174,True
non_essential_SPANXN1|HGNC:33174,0,0,0.46741882,0.5325812,0.5325812,True
non_essential_B3GNT4|HGNC:15683,0,0,0.62526894,0.37473106,0.62526894,True
non_essential_RUFY1|HGNC:19760,0,0,0.62680256,0.37319744,0.62680256,True
non_essential_BATF|HGNC:958,0,0,0.89577734,0.104222655,0.89577734,True
non_essential_ZNF195|HGNC:12986,0,0,0.5015281,0.49847192,0.5015281,True
non_essential_TLR2|HGNC:11848,0,0,0.524824,0.47517598,0.524824,True
non_essential_KLHL4|HGNC:6355,0,0,0.5455175,0.4544825,0.5455175,True
non_essential_RANBP17|HGNC:14428,0,0,0.54014325,0.45985675,0.54014325,True
non_essential_SLC5A6|HGNC:11041,0,0,0.75075895,0.24924105,0.75075895,True
non_essential_MROH2B|HGNC:26857,0,0,0.5217209,0.4782791,0.5217209,True
non_essential_ACSS1|HGNC:16091,0,0,0.70791024,0.29208976,0.70791024,True
non_essential_CA13|HGNC:14914,0,0,0.6304315,0.36956853,0.6304315,True
non_essential_PNMA3|HGNC:18742,0,0,0.5674931,0.43250692,0.5674931,True
non_essential_MAML3|HGNC:16272,0,0,0.60492736,0.39507264,0.60492736,True
non_essential_IGFBP7|HGNC:5476,0,0,0.6472989,0.35270113,0.6472989,True
non_essential_GNAT3|HGNC:22800,0,0,0.48855647,0.5114435,0.5114435,True
non_essential_C11orf96|HGNC:38675,0,0,0.88906205,0.11093795,0.88906205,True
non_essential_RNF215|HGNC:33434,0,0,0.7229593,0.27704072,0.7229593,True
non_essential_RANBP3L|HGNC:26353,0,0,0.5054727,0.49452728,0.5054727,True
non_essential_MAGEF1|HGNC:29639,0,0,0.6885109,0.3114891,0.6885109,True
non_essential_ZNF541|HGNC:25294,0,0,0.5812976,0.41870242,0.5812976,True
non_essential_MGST1|HGNC:7061,0,0,0.46728596,0.532714,0.532714,True
non_essential_TRPC3|HGNC:12335,0,0,0.60838586,0.39161414,0.60838586,True
non_essential_SEC14L5|HGNC:29032,0,0,0.8512779,0.14872211,0.8512779,True
non_essential_CXCR3|HGNC:4540,0,0,0.607221,0.392779,0.607221,True
non_essential_RNPEP|HGNC:10078,0,0,0.72925013,0.27074987,0.72925013,True
non_essential_GAGE1|HGNC:4098,0,0,0.53452903,0.46547097,0.53452903,True
non_essential_ZNF554|HGNC:26629,0,0,0.60911024,0.39088976,0.60911024,True
non_essential_OR5M9|HGNC:15294,0,0,0.54793125,0.45206875,0.54793125,True
non_essential_TNFAIP1|HGNC:11894,0,0,0.78185904,0.21814096,0.78185904,True
non_essential_SIRPB2|HGNC:16247,0,0,0.5469682,0.45303178,0.5469682,True
non_essential_LRRC49|HGNC:25965,0,0,0.60768896,0.39231104,0.60768896,True
non_essential_KCNJ13|HGNC:6259,0,0,0.49961933,0.50038064,0.50038064,True
non_essential_DCK|HGNC:2704,0,0,0.4776053,0.52239466,0.52239466,True
non_essential_SLC10A5|HGNC:22981,0,0,0.5069096,0.4930904,0.5069096,True
non_essential_LIPK|HGNC:23444,0,0,0.53113693,0.46886307,0.53113693,True
non_essential_RAB27B|HGNC:9767,0,0,0.4500877,0.54991233,0.54991233,True
non_essential_SOCS2|HGNC:19382,0,0,0.5116284,0.4883716,0.5116284,True
non_essential_COX6B2|HGNC:24380,0,0,0.76657885,0.23342115,0.76657885,True
non_essential_HIST1H1B|HGNC:4719,0,0,0.8732073,0.12679273,0.8732073,True
non_essential_DPY19L3|HGNC:27120,0,0,0.54094946,0.45905054,0.54094946,True
non_essential_FAM222B|HGNC:25563,0,0,0.59646684,0.40353316,0.59646684,True
non_essential_LCN9|HGNC:17442,0,0,0.838331,0.16166902,0.838331,True
non_essential_GPR137B|HGNC:11862,0,0,0.6583061,0.34169388,0.6583061,True
non_essential_APELA|HGNC:48925,0,0,0.5104658,0.4895342,0.5104658,True
non_essential_ALPI|HGNC:437,0,0,0.7992676,0.20073241,0.7992676,True
non_essential_ZNF285|HGNC:13079,0,0,0.47970814,0.52029186,0.52029186,True
non_essential_FANK1|HGNC:23527,0,0,0.5254587,0.4745413,0.5254587,True
non_essential_FAM49A|HGNC:25373,0,0,0.5265137,0.4734863,0.5265137,True
non_essential_GAS2L3|HGNC:27475,0,0,0.56790674,0.43209326,0.56790674,True
non_essential_HRH3|HGNC:5184,0,0,0.69097966,0.30902034,0.69097966,True
non_essential_ADAMTS16|HGNC:17108,0,0,0.6208447,0.37915528,0.6208447,True
non_essential_ST8SIA4|HGNC:10871,0,0,0.5850225,0.4149775,0.5850225,True
non_essential_GOLGB1|HGNC:4429,0,0,0.62906414,0.37093586,0.62906414,True
non_essential_KLKB1|HGNC:6371,0,0,0.51067126,0.48932874,0.51067126,True
non_essential_NECAP2|HGNC:25528,0,0,0.9124731,0.08752692,0.9124731,True
non_essential_CCNI2|HGNC:33869,0,0,0.7536339,0.24636608,0.7536339,True
non_essential_EID3|HGNC:32961,0,0,0.5504617,0.4495383,0.5504617,True
non_essential_ANXA13|HGNC:536,0,0,0.6052933,0.39470673,0.6052933,True
non_essential_ABCA9|HGNC:39,0,0,0.5477028,0.4522972,0.5477028,True
non_essential_PRY2|HGNC:21504,0,0,0.56194055,0.43805945,0.56194055,True
non_essential_RGS18|HGNC:14261,0,0,0.46569514,0.53430486,0.53430486,True
non_essential_CDK5R2|HGNC:1776,0,0,0.93037397,0.06962603,0.93037397,True
non_essential_AHNAK|HGNC:347,0,0,0.51906055,0.48093945,0.51906055,True
non_essential_HSPB1|HGNC:5246,0,0,0.85955685,0.14044315,0.85955685,True
non_essential_SERTAD4|HGNC:25236,0,0,0.46166575,0.53833425,0.53833425,True
non_essential_KMO|HGNC:6381,0,0,0.5142501,0.4857499,0.5142501,True
non_essential_ZNF667|HGNC:28854,0,0,0.49606866,0.50393134,0.50393134,True
non_essential_PBX4|HGNC:13403,0,0,0.6567412,0.3432588,0.6567412,True
non_essential_SLITRK3|HGNC:23501,0,0,0.58364695,0.41635305,0.58364695,True
non_essential_C10orf54|HGNC:30085,0,0,0.68039036,0.31960964,0.68039036,True
non_essential_MFSD7|HGNC:26177,0,0,0.7875635,0.2124365,0.7875635,True
non_essential_CLEC18A|HGNC:30388,0,0,0.8485761,0.15142387,0.8485761,True
non_essential_NOMO2|HGNC:22652,0,0,0.6326492,0.36735082,0.6326492,True
non_essential_NUDT13|HGNC:18827,0,0,0.48743683,0.51256317,0.51256317,True
non_essential_CDRT15|HGNC:14395,0,0,0.6933919,0.30660808,0.6933919,True
non_essential_FBXO17|HGNC:18754,0,0,0.74500793,0.25499207,0.74500793,True
non_essential_SLC16A4|HGNC:10925,0,0,0.47328115,0.52671885,0.52671885,True
non_essential_PAG1|HGNC:30043,0,0,0.68339556,0.31660444,0.68339556,True
non_essential_PTGES3L|HGNC:43943,0,0,0.6914281,0.30857188,0.6914281,True
non_essential_CCDC36|HGNC:27945,0,0,0.48111343,0.51888657,0.51888657,True
non_essential_KIAA1549L|HGNC:24836,0,0,0.61635476,0.38364524,0.61635476,True
non_essential_LRRC40|HGNC:26004,0,0,0.54512966,0.45487034,0.54512966,True
non_essential_KCNJ9|HGNC:6270,0,0,0.71329004,0.28670996,0.71329004,True
non_essential_OR4A47|HGNC:31266,0,0,0.47151223,0.5284878,0.5284878,True
non_essential_STARD9|HGNC:19162,0,0,0.62772083,0.37227917,0.62772083,True
non_essential_TRADD|HGNC:12030,0,0,0.69525254,0.30474746,0.69525254,True
non_essential_HIST1H2BK|HGNC:13954,0,1,0.98715264,0.012847364,0.98715264,False
non_essential_SLC44A3|HGNC:28689,0,0,0.53643656,0.46356344,0.53643656,True
non_essential_USP17L20|HGNC:44448,0,0,0.6465355,0.35346448,0.6465355,True
non_essential_ABRACL|HGNC:21230,0,0,0.44126847,0.55873156,0.55873156,True
non_essential_C4orf36|HGNC:28386,0,0,0.4569253,0.5430747,0.5430747,True
non_essential_TMEM53|HGNC:26186,0,0,0.6960631,0.3039369,0.6960631,True
non_essential_HIST1H2BF|HGNC:4752,0,0,0.8129419,0.18705809,0.8129419,True
non_essential_DEFB121|HGNC:18101,0,0,0.4349313,0.5650687,0.5650687,True
non_essential_PAK1|HGNC:8590,0,0,0.57057846,0.42942154,0.57057846,True
non_essential_MYL9|HGNC:15754,0,0,0.62435114,0.37564886,0.62435114,True
non_essential_TMEM65|HGNC:25203,0,0,0.5764479,0.4235521,0.5764479,True
non_essential_CISD1|HGNC:30880,0,0,0.45405373,0.54594624,0.54594624,True
non_essential_OCEL1|HGNC:26221,0,0,0.60599256,0.39400744,0.60599256,True
non_essential_OSBPL11|HGNC:16397,0,0,0.5611601,0.4388399,0.5611601,True
non_essential_SLC30A6|HGNC:19305,0,0,0.5028771,0.49712288,0.5028771,True
non_essential_ZNF83|HGNC:13158,0,0,0.60481626,0.39518374,0.60481626,True
non_essential_CD44|HGNC:1681,0,0,0.614141,0.385859,0.614141,True
non_essential_HSFY1|HGNC:18568,0,0,0.48647904,0.51352096,0.51352096,True
non_essential_TEX35|HGNC:25366,0,0,0.5267728,0.4732272,0.5267728,True
non_essential_B4GAT1|HGNC:15685,0,0,0.74384373,0.25615627,0.74384373,True
non_essential_PCYOX1L|HGNC:28477,0,0,0.74291867,0.25708133,0.74291867,True
non_essential_NPIPB15|HGNC:34409,0,0,0.54826677,0.45173323,0.54826677,True
non_essential_KCNS3|HGNC:6302,0,0,0.73718476,0.26281524,0.73718476,True
non_essential_SLC3A1|HGNC:11025,0,0,0.63159686,0.36840314,0.63159686,True
non_essential_AOC1|HGNC:80,0,0,0.7248502,0.27514982,0.7248502,True
non_essential_EPHX3|HGNC:23760,0,0,0.74752027,0.25247973,0.74752027,True
non_essential_SNAP47|HGNC:30669,0,0,0.65160227,0.34839773,0.65160227,True
non_essential_MYH2|HGNC:7572,0,0,0.5902517,0.40974832,0.5902517,True
non_essential_ARL15|HGNC:25945,0,0,0.47983107,0.5201689,0.5201689,True
non_essential_CXCL2|HGNC:4603,0,0,0.5313022,0.4686978,0.5313022,True
non_essential_RARRES1|HGNC:9867,0,0,0.5581077,0.44189233,0.5581077,True
non_essential_THUMPD2|HGNC:14890,0,0,0.58869857,0.41130143,0.58869857,True
non_essential_ADIRF|HGNC:24043,0,0,0.67777646,0.32222354,0.67777646,True
non_essential_UBFD1|HGNC:30565,0,0,0.6761628,0.32383722,0.6761628,True
non_essential_CTHRC1|HGNC:18831,0,0,0.51787436,0.48212564,0.51787436,True
non_essential_C2orf80|HGNC:34352,0,0,0.56984574,0.43015426,0.56984574,True
non_essential_NXPH4|HGNC:8078,0,0,0.87641233,0.12358767,0.87641233,True
non_essential_RAB42|HGNC:28702,0,0,0.49653107,0.50346893,0.50346893,True
non_essential_LPCAT2|HGNC:26032,0,0,0.64023995,0.35976005,0.64023995,True
non_essential_PRDM13|HGNC:13998,0,0,0.6766778,0.32332218,0.6766778,True
non_essential_ZNF256|HGNC:13049,0,0,0.4899832,0.5100168,0.5100168,True
non_essential_ZNF70|HGNC:13140,0,0,0.6453959,0.35460413,0.6453959,True
non_essential_COL8A1|HGNC:2215,0,0,0.5387882,0.4612118,0.5387882,True
non_essential_INHA|HGNC:6065,0,0,0.69736993,0.30263007,0.69736993,True
non_essential_CITED4|HGNC:18696,0,0,0.86098313,0.13901687,0.86098313,True
non_essential_CGB3|HGNC:1886,0,0,0.7620633,0.23793668,0.7620633,True
non_essential_TCEB3CL2|HGNC:33511,0,0,0.66062486,0.33937514,0.66062486,True
non_essential_ENOX1|HGNC:25474,0,0,0.6238257,0.37617427,0.6238257,True
non_essential_LACTB2|HGNC:18512,0,0,0.4738255,0.5261745,0.5261745,True
non_essential_PXDNL|HGNC:26359,0,0,0.6850776,0.3149224,0.6850776,True
non_essential_VSX1|HGNC:12723,0,0,0.7154865,0.28451347,0.7154865,True
non_essential_PLEKHF1|HGNC:20764,0,0,0.8289362,0.17106378,0.8289362,True
non_essential_IGFBP5|HGNC:5474,0,0,0.9142859,0.0857141,0.9142859,True
non_essential_SIX6|HGNC:10892,0,0,0.90907866,0.09092134,0.90907866,True
non_essential_LCNL1|HGNC:34436,0,0,0.5394353,0.46056467,0.5394353,True
non_essential_PLB1|HGNC:30041,0,0,0.62583625,0.37416375,0.62583625,True
non_essential_PLXDC1|HGNC:20945,0,0,0.64916587,0.35083413,0.64916587,True
non_essential_HNRNPA1L2|HGNC:27067,0,0,0.48340514,0.5165949,0.5165949,True
non_essential_PRR18|HGNC:28574,0,0,0.89657813,0.10342187,0.89657813,True
non_essential_WDR88|HGNC:26999,0,0,0.6657033,0.3342967,0.6657033,True
non_essential_C2CD2|HGNC:1266,0,0,0.7279257,0.27207428,0.7279257,True
non_essential_PHLDB2|HGNC:29573,0,0,0.6385039,0.3614961,0.6385039,True
non_essential_C9orf3|HGNC:1361,0,0,0.61119574,0.38880426,0.61119574,True
non_essential_LRRC42|HGNC:28792,0,0,0.503908,0.49609202,0.503908,True
non_essential_NCF2|HGNC:7661,0,0,0.49580684,0.5041932,0.5041932,True
non_essential_GBP2|HGNC:4183,0,0,0.5563205,0.4436795,0.5563205,True
non_essential_FBXO16|HGNC:13618,0,0,0.52219224,0.47780776,0.52219224,True
non_essential_LRCH3|HGNC:28637,0,0,0.61585164,0.38414836,0.61585164,True
non_essential_OLIG1|HGNC:16983,0,0,0.70296866,0.29703134,0.70296866,True
non_essential_CERS6|HGNC:23826,0,0,0.62341857,0.37658143,0.62341857,True
non_essential_RFTN2|HGNC:26402,0,0,0.52473813,0.47526187,0.52473813,True
non_essential_TLCD2|HGNC:33522,0,0,0.8766774,0.123322606,0.8766774,True
non_essential_KIR2DL1|HGNC:6329,0,0,0.6090961,0.3909039,0.6090961,True
non_essential_DDIT4L|HGNC:30555,0,0,0.46476623,0.53523374,0.53523374,True
non_essential_CD40|HGNC:11919,0,0,0.5610517,0.43894827,0.5610517,True
non_essential_TEX38|HGNC:29589,0,0,0.5365878,0.46341223,0.5365878,True
non_essential_GPR150|HGNC:23628,0,0,0.7168309,0.2831691,0.7168309,True
non_essential_IRF7|HGNC:6122,0,0,0.8699174,0.1300826,0.8699174,True
non_essential_ZNF544|HGNC:16759,0,0,0.50915074,0.49084926,0.50915074,True
non_essential_TMEM136|HGNC:28280,0,0,0.56668276,0.43331724,0.56668276,True
non_essential_RTKN|HGNC:10466,0,0,0.6402857,0.35971433,0.6402857,True
non_essential_ZNF17|HGNC:12958,0,0,0.46764126,0.53235877,0.53235877,True
non_essential_BEST4|HGNC:17106,0,0,0.7423885,0.2576115,0.7423885,True
non_essential_ITFG2|HGNC:30879,0,0,0.68714297,0.31285703,0.68714297,True
non_essential_C19orf67|HGNC:34354,0,0,0.6463939,0.3536061,0.6463939,True
non_essential_GLCCI1|HGNC:18713,0,0,0.5886757,0.41132432,0.5886757,True
non_essential_LCTL|HGNC:15583,0,0,0.59629256,0.40370744,0.59629256,True
non_essential_SESN1|HGNC:21595,0,0,0.51162624,0.48837376,0.51162624,True
non_essential_WDR78|HGNC:26252,0,0,0.50646806,0.49353194,0.50646806,True
non_essential_NCCRP1|HGNC:33739,0,0,0.73859245,0.26140755,0.73859245,True
non_essential_CHKB|HGNC:1938,0,0,0.6963638,0.3036362,0.6963638,True
non_essential_FAM219A|HGNC:19920,0,0,0.71607363,0.28392637,0.71607363,True
non_essential_LRRC73|HGNC:21375,0,0,0.6887085,0.31129152,0.6887085,True
non_essential_MAPK13|HGNC:6875,0,0,0.74488217,0.25511783,0.74488217,True
non_essential_EXTL2|HGNC:3516,0,0,0.48490515,0.5150949,0.5150949,True
non_essential_CHRNA6|HGNC:15963,0,0,0.6623434,0.33765662,0.6623434,True
non_essential_GZMB|HGNC:4709,0,0,0.578255,0.421745,0.578255,True
non_essential_ANKRD61|HGNC:22467,0,0,0.6236242,0.3763758,0.6236242,True
non_essential_PCSK1N|HGNC:17301,0,0,0.70161366,0.29838634,0.70161366,True
non_essential_GOLM1|HGNC:15451,0,0,0.59480846,0.40519154,0.59480846,True
non_essential_DACT2|HGNC:21231,0,0,0.75948876,0.24051124,0.75948876,True
non_essential_OARD1|HGNC:21257,0,0,0.47750545,0.52249455,0.52249455,True
non_essential_TUBAL3|HGNC:23534,0,0,0.6637861,0.3362139,0.6637861,True
non_essential_C10orf99|HGNC:31428,0,0,0.45942053,0.54057944,0.54057944,True
non_essential_PLSCR4|HGNC:16497,0,0,0.4934094,0.5065906,0.5065906,True
non_essential_ABCB5|HGNC:46,0,0,0.56492996,0.43507004,0.56492996,True
non_essential_ABCB4|HGNC:45,0,0,0.5655392,0.43446082,0.5655392,True
non_essential_ZKSCAN4|HGNC:13854,0,0,0.5740372,0.4259628,0.5740372,True
non_essential_LZTS2|HGNC:29381,0,0,0.6826559,0.31734413,0.6826559,True
non_essential_VCX2|HGNC:18158,0,0,0.7502736,0.24972641,0.7502736,True
non_essential_SMIM4|HGNC:37257,0,0,0.54403114,0.45596886,0.54403114,True
non_essential_ANGEL2|HGNC:30534,0,0,0.5748466,0.42515337,0.5748466,True
non_essential_TTC12|HGNC:23700,0,0,0.5864283,0.41357172,0.5864283,True
non_essential_DHRS2|HGNC:18349,0,0,0.6260348,0.3739652,0.6260348,True
non_essential_TMEM160|HGNC:26042,0,0,0.94078666,0.05921334,0.94078666,True
non_essential_LRRC72|HGNC:42972,0,0,0.55599743,0.44400257,0.55599743,True
non_essential_DNAJC5G|HGNC:24844,0,0,0.47897094,0.52102906,0.52102906,True
non_essential_CD276|HGNC:19137,0,0,0.7232219,0.2767781,0.7232219,True
non_essential_SCGB1D4|HGNC:31748,0,0,0.44058275,0.55941725,0.55941725,True
non_essential_CCDC167|HGNC:21239,0,0,0.6167645,0.3832355,0.6167645,True
non_essential_PKIG|HGNC:9019,0,0,0.7227549,0.2772451,0.7227549,True
non_essential_EEA1|HGNC:3185,0,0,0.58781517,0.41218483,0.58781517,True
non_essential_PTPN21|HGNC:9651,0,0,0.63058496,0.36941504,0.63058496,True
non_essential_TPMT|HGNC:12014,0,0,0.4481538,0.5518462,0.5518462,True
non_essential_NPIPA7|HGNC:41982,0,0,0.55374366,0.44625634,0.55374366,True
non_essential_ADAM2|HGNC:198,0,0,0.53932714,0.46067286,0.53932714,True
non_essential_SLC7A2|HGNC:11060,0,0,0.62171,0.37829,0.62171,True
non_essential_OXNAD1|HGNC:25128,0,0,0.49600852,0.5039915,0.5039915,True
non_essential_CDK20|HGNC:21420,0,0,0.66524893,0.33475107,0.66524893,True
non_essential_HOXC10|HGNC:5122,0,0,0.64657414,0.35342586,0.64657414,True
non_essential_ICAM2|HGNC:5345,0,0,0.6822879,0.31771213,0.6822879,True
non_essential_FYCO1|HGNC:14673,0,0,0.7002271,0.29977292,0.7002271,True
non_essential_SPATA33|HGNC:26463,0,0,0.64210147,0.35789853,0.64210147,True
non_essential_OR56A5|HGNC:14792,0,0,0.5505308,0.4494692,0.5505308,True
non_essential_LCE2D|HGNC:16518,0,0,0.44334048,0.5566595,0.5566595,True
non_essential_MGAT4B|HGNC:7048,0,0,0.7657614,0.23423862,0.7657614,True
non_essential_TMEM186|HGNC:24530,0,0,0.63909894,0.36090106,0.63909894,True
non_essential_PARP4|HGNC:271,0,0,0.57860416,0.42139584,0.57860416,True
non_essential_PDE3A|HGNC:8778,0,0,0.6061891,0.39381093,0.6061891,True
non_essential_SPATC1L|HGNC:1298,0,0,0.92758846,0.07241154,0.92758846,True
non_essential_ABAT|HGNC:23,0,0,0.5968472,0.40315282,0.5968472,True
non_essential_ZNF829|HGNC:34032,0,0,0.52348685,0.47651315,0.52348685,True
non_essential_NR1D2|HGNC:7963,0,0,0.59092385,0.40907615,0.59092385,True
non_essential_DNAL4|HGNC:2955,0,0,0.5982833,0.4017167,0.5982833,True
non_essential_OR2L5|HGNC:15011,0,0,0.59326166,0.40673834,0.59326166,True
non_essential_GABRR2|HGNC:4091,0,0,0.6421983,0.35780168,0.6421983,True
non_essential_TAS2R7|HGNC:14913,0,0,0.49267352,0.5073265,0.5073265,True
non_essential_C9orf152|HGNC:31455,0,0,0.5371575,0.46284252,0.5371575,True
non_essential_PSTPIP2|HGNC:9581,0,0,0.53425,0.46574998,0.53425,True
non_essential_THY1|HGNC:11801,0,0,0.60755414,0.39244586,0.60755414,True
non_essential_GREM2|HGNC:17655,0,0,0.9446457,0.055354297,0.9446457,True
non_essential_CALHM1|HGNC:23494,0,1,0.9861734,0.013826609,0.9861734,False
non_essential_ZNF563|HGNC:30498,0,0,0.49794298,0.502057,0.502057,True
non_essential_OR2L3|HGNC:15009,0,0,0.4852414,0.5147586,0.5147586,True
non_essential_ZDHHC13|HGNC:18413,0,0,0.49281856,0.5071814,0.5071814,True
non_essential_RASAL2|HGNC:9874,0,0,0.632315,0.36768502,0.632315,True
non_essential_TMEM60|HGNC:21754,0,0,0.40514103,0.594859,0.594859,True
non_essential_MYOM3|HGNC:26679,0,0,0.6121632,0.3878368,0.6121632,True
non_essential_ST6GALNAC1|HGNC:23614,0,0,0.66396344,0.33603656,0.66396344,True
non_essential_NPC1L1|HGNC:7898,0,0,0.69397,0.30602998,0.69397,True
non_essential_DENND1C|HGNC:26225,0,0,0.69277173,0.30722827,0.69277173,True
non_essential_VWA3A|HGNC:27088,0,0,0.60849494,0.39150506,0.60849494,True
non_essential_PRR23D2|HGNC:49396,0,0,0.5956368,0.40436321,0.5956368,True
non_essential_ENDOD1|HGNC:29129,0,0,0.61173487,0.38826513,0.61173487,True
non_essential_PLXNB3|HGNC:9105,0,0,0.6977147,0.3022853,0.6977147,True
non_essential_GAL3ST4|HGNC:24145,0,0,0.66165435,0.33834565,0.66165435,True
non_essential_OR6K6|HGNC:15033,0,0,0.5050317,0.4949683,0.5050317,True
non_essential_ADAM30|HGNC:208,0,0,0.57726294,0.42273706,0.57726294,True
non_essential_KRTAP5-6|HGNC:23600,0,0,0.44826683,0.55173314,0.55173314,True
non_essential_LRRC3B|HGNC:28105,0,0,0.5113942,0.4886058,0.5113942,True
non_essential_PEBP4|HGNC:28319,0,0,0.7197292,0.2802708,0.7197292,True
non_essential_NRCAM|HGNC:7994,0,0,0.5809402,0.4190598,0.5809402,True
non_essential_ATG2B|HGNC:20187,0,0,0.59400296,0.40599704,0.59400296,True
non_essential_PLD5|HGNC:26879,0,0,0.63870835,0.36129165,0.63870835,True
non_essential_SFTA2|HGNC:18386,0,0,0.45227578,0.54772425,0.54772425,True
non_essential_NUDT11|HGNC:18011,0,0,0.7094163,0.29058373,0.7094163,True
non_essential_TPPP3|HGNC:24162,0,0,0.74137294,0.25862706,0.74137294,True
non_essential_KCTD17|HGNC:25705,0,0,0.9432624,0.0567376,0.9432624,True
non_essential_CSNK1A1L|HGNC:20289,0,0,0.56497407,0.43502593,0.56497407,True
non_essential_SRSF8|HGNC:16988,0,0,0.76040125,0.23959875,0.76040125,True
non_essential_DEFB103A|HGNC:15967,0,0,0.4903754,0.5096246,0.5096246,True
non_essential_DCT|HGNC:2709,0,0,0.54950076,0.45049924,0.54950076,True
non_essential_SCTR|HGNC:10608,0,0,0.66249096,0.33750904,0.66249096,True
non_essential_ARMCX2|HGNC:16869,0,0,0.58630604,0.41369396,0.58630604,True
non_essential_ELFN1|HGNC:33154,0,1,0.9596348,0.04036522,0.9596348,False
non_essential_RPUSD2|HGNC:24180,0,0,0.6671211,0.3328789,0.6671211,True
non_essential_GCSAM|HGNC:20253,0,0,0.5245703,0.4754297,0.5245703,True
non_essential_PGBD3|HGNC:19400,0,0,0.58879423,0.41120577,0.58879423,True
non_essential_CLEC4C|HGNC:13258,0,0,0.52112967,0.47887033,0.52112967,True
non_essential_TM6SF2|HGNC:11861,0,0,0.7610529,0.2389471,0.7610529,True
non_essential_C11orf63|HGNC:26288,0,0,0.6150693,0.38493067,0.6150693,True
non_essential_GPR26|HGNC:4481,0,0,0.77058107,0.22941893,0.77058107,True
non_essential_OPTN|HGNC:17142,0,0,0.54188246,0.45811754,0.54188246,True
non_essential_SFT2D1|HGNC:21102,0,0,0.48486692,0.5151331,0.5151331,True
non_essential_GPR137C|HGNC:25445,0,0,0.58995324,0.41004676,0.58995324,True
non_essential_CXCR2|HGNC:6027,0,0,0.6524368,0.3475632,0.6524368,True
non_essential_ZNF578|HGNC:26449,0,0,0.49668095,0.503319,0.503319,True
non_essential_ZNF44|HGNC:13110,0,0,0.50458646,0.49541354,0.50458646,True
non_essential_TOM1L1|HGNC:11983,0,0,0.5306586,0.4693414,0.5306586,True
non_essential_PECR|HGNC:18281,0,0,0.5728057,0.4271943,0.5728057,True
non_essential_ADRB3|HGNC:288,0,0,0.70737195,0.29262805,0.70737195,True
non_essential_CCKAR|HGNC:1570,0,0,0.668922,0.331078,0.668922,True
non_essential_TNNI1|HGNC:11945,0,0,0.9385672,0.06143278,0.9385672,True
non_essential_CHST6|HGNC:6938,0,0,0.7759481,0.2240519,0.7759481,True
non_essential_STX17|HGNC:11432,0,0,0.48154458,0.5184554,0.5184554,True
non_essential_RCOR2|HGNC:27455,0,0,0.6500651,0.34993488,0.6500651,True
non_essential_SPSB3|HGNC:30629,0,0,0.77603847,0.22396153,0.77603847,True
non_essential_SEBOX|HGNC:32942,0,0,0.5584091,0.4415909,0.5584091,True
non_essential_NKX3-1|HGNC:7838,0,0,0.9304228,0.06957722,0.9304228,True
non_essential_SBNO2|HGNC:29158,0,0,0.7718621,0.22813791,0.7718621,True
non_essential_HIF3A|HGNC:15825,0,0,0.6846645,0.3153355,0.6846645,True
non_essential_KCNK18|HGNC:19439,0,0,0.66816103,0.33183897,0.66816103,True
non_essential_IL2RA|HGNC:6008,0,0,0.5304217,0.46957833,0.5304217,True
non_essential_RPE65|HGNC:10294,0,0,0.5226337,0.47736633,0.5226337,True
non_essential_ARSI|HGNC:32521,0,0,0.6559273,0.3440727,0.6559273,True
non_essential_PLG|HGNC:9071,0,0,0.5992741,0.4007259,0.5992741,True
non_essential_NOCT|HGNC:14254,0,0,0.61171645,0.38828355,0.61171645,True
non_essential_RNLS|HGNC:25641,0,0,0.5883529,0.41164708,0.5883529,True
non_essential_CSRNP3|HGNC:30729,0,0,0.53688294,0.46311706,0.53688294,True
non_essential_CCR7|HGNC:1608,0,0,0.64071536,0.35928464,0.64071536,True
non_essential_FAM210B|HGNC:16102,0,0,0.583368,0.416632,0.583368,True
non_essential_FMO2|HGNC:3770,0,0,0.5570447,0.44295532,0.5570447,True
non_essential_CRYGS|HGNC:2417,0,0,0.6062804,0.3937196,0.6062804,True
non_essential_CCL4|HGNC:10630,0,0,0.50429595,0.49570405,0.50429595,True
non_essential_SEMA4G|HGNC:10735,0,0,0.6272211,0.3727789,0.6272211,True
non_essential_DDI1|HGNC:18961,0,0,0.5723991,0.42760092,0.5723991,True
non_essential_PCBD1|HGNC:8646,0,0,0.5226442,0.47735578,0.5226442,True
non_essential_IQCF5|HGNC:35159,0,0,0.6066981,0.3933019,0.6066981,True
non_essential_LIPH|HGNC:18483,0,0,0.469302,0.530698,0.530698,True
non_essential_LYVE1|HGNC:14687,0,0,0.5114502,0.48854983,0.5114502,True
non_essential_SGK2|HGNC:13900,0,0,0.59472024,0.40527976,0.59472024,True
non_essential_AQP8|HGNC:642,0,0,0.6610065,0.3389935,0.6610065,True
non_essential_NPIPA5|HGNC:41980,0,0,0.57885337,0.42114663,0.57885337,True
non_essential_NOX4|HGNC:7891,0,0,0.47845474,0.5215453,0.5215453,True
non_essential_LRRC14B|HGNC:37268,0,0,0.8581015,0.14189851,0.8581015,True
non_essential_CAPN14|HGNC:16664,0,0,0.5763575,0.42364252,0.5763575,True
non_essential_GPR160|HGNC:23693,0,0,0.43191758,0.56808245,0.56808245,True
non_essential_CEACAM6|HGNC:1818,0,0,0.6644614,0.33553863,0.6644614,True
non_essential_UBR7|HGNC:20344,0,0,0.5948569,0.40514308,0.5948569,True
non_essential_GOLGA8J|HGNC:38650,0,0,0.6333458,0.36665422,0.6333458,True
non_essential_FAM110A|HGNC:16188,0,0,0.6226104,0.3773896,0.6226104,True
non_essential_ST20|HGNC:33520,0,0,0.45541373,0.5445863,0.5445863,True
non_essential_CIITA|HGNC:7067,0,0,0.6783186,0.32168138,0.6783186,True
non_essential_TMEM217|HGNC:21238,0,0,0.52387345,0.47612655,0.52387345,True
non_essential_CCDC18|HGNC:30370,0,0,0.5289645,0.47103548,0.5289645,True
non_essential_ALDOC|HGNC:418,0,0,0.63836414,0.36163586,0.63836414,True
non_essential_USP18|HGNC:12616,0,0,0.6570722,0.3429278,0.6570722,True
non_essential_SLC36A4|HGNC:19660,0,0,0.5381637,0.46183628,0.5381637,True
non_essential_CFAP69|HGNC:26107,0,0,0.5723842,0.42761582,0.5723842,True
non_essential_GSTM3|HGNC:4635,0,0,0.5795912,0.4204088,0.5795912,True
non_essential_ZNF30|HGNC:13090,0,0,0.4836708,0.51632917,0.51632917,True
non_essential_PARPBP|HGNC:26074,0,0,0.4987861,0.5012139,0.5012139,True
non_essential_IMPA2|HGNC:6051,0,0,0.6868194,0.31318063,0.6868194,True
non_essential_AASDH|HGNC:23993,0,0,0.48405004,0.51594996,0.51594996,True
non_essential_C1orf226|HGNC:34351,0,0,0.71216846,0.28783154,0.71216846,True
non_essential_LALBA|HGNC:6480,0,0,0.5026635,0.4973365,0.5026635,True
non_essential_OR10G4|HGNC:14809,0,0,0.5927948,0.40720522,0.5927948,True
non_essential_KIAA0895L|HGNC:34408,0,0,0.7137234,0.28627658,0.7137234,True
non_essential_KISS1|HGNC:6341,0,0,0.69026273,0.30973727,0.69026273,True
non_essential_FAM136A|HGNC:25911,0,0,0.58575886,0.41424114,0.58575886,True
non_essential_GOLGA8K|HGNC:38652,0,0,0.63435817,0.36564183,0.63435817,True
non_essential_THBS4|HGNC:11788,0,0,0.6750949,0.3249051,0.6750949,True
non_essential_DRC3|HGNC:25384,0,0,0.636662,0.363338,0.636662,True
non_essential_STC1|HGNC:11373,0,0,0.7373909,0.26260912,0.7373909,True
non_essential_ZBED6CL|HGNC:21720,0,0,0.6951118,0.3048882,0.6951118,True
non_essential_CCDC77|HGNC:28203,0,0,0.5715473,0.42845267,0.5715473,True
non_essential_KIAA1586|HGNC:21360,0,0,0.50104207,0.49895793,0.50104207,True
non_essential_DAZ3|HGNC:15965,0,0,0.4449792,0.5550208,0.5550208,True
non_essential_EIF2D|HGNC:6583,0,0,0.587134,0.412866,0.587134,True
non_essential_FAM110C|HGNC:33340,0,0,0.8773387,0.12266129,0.8773387,True
non_essential_PEF1|HGNC:30009,0,0,0.56123656,0.43876344,0.56123656,True
non_essential_PDE5A|HGNC:8784,0,0,0.5756176,0.4243824,0.5756176,True
non_essential_OR4B1|HGNC:8290,0,0,0.506526,0.493474,0.506526,True
non_essential_EFNB3|HGNC:3228,0,0,0.59436035,0.40563965,0.59436035,True
non_essential_SGO2|HGNC:30812,0,0,0.506533,0.49346697,0.506533,True
non_essential_HRAS|HGNC:5173,0,0,0.6471278,0.3528722,0.6471278,True
non_essential_AKAIN1|HGNC:28285,0,0,0.6823623,0.31763768,0.6823623,True
non_essential_GPR34|HGNC:4490,0,0,0.5219968,0.4780032,0.5219968,True
non_essential_C5orf52|HGNC:35121,0,0,0.6520852,0.34791481,0.6520852,True
non_essential_CCNB3|HGNC:18709,0,0,0.5627768,0.4372232,0.5627768,True
non_essential_OR4F6|HGNC:15372,0,0,0.47044775,0.5295522,0.5295522,True
non_essential_HAVCR2|HGNC:18437,0,0,0.6265462,0.3734538,0.6265462,True
non_essential_PDCD4|HGNC:8763,0,0,0.5025006,0.4974994,0.5025006,True
non_essential_ACAD8|HGNC:87,0,0,0.6149236,0.3850764,0.6149236,True
non_essential_FHDC1|HGNC:29363,0,0,0.57816297,0.42183703,0.57816297,True
non_essential_CHST15|HGNC:18137,0,0,0.6705939,0.32940608,0.6705939,True
non_essential_GOLGA7|HGNC:24876,0,0,0.54081666,0.45918334,0.54081666,True
non_essential_POM121|HGNC:19702,0,0,0.64201283,0.35798717,0.64201283,True
non_essential_BDKRB1|HGNC:1029,0,0,0.6978047,0.3021953,0.6978047,True
non_essential_IL33|HGNC:16028,0,0,0.45100385,0.54899615,0.54899615,True
non_essential_CFAP52|HGNC:16053,0,0,0.5854349,0.4145651,0.5854349,True
non_essential_RAB40B|HGNC:18284,0,0,0.77896094,0.22103906,0.77896094,True
non_essential_RGS22|HGNC:24499,0,0,0.5443455,0.4556545,0.5443455,True
non_essential_NFKBID|HGNC:15671,0,0,0.6719055,0.32809448,0.6719055,True
non_essential_LGALS7B|HGNC:34447,0,0,0.9098042,0.090195775,0.9098042,True
non_essential_ALDH1B1|HGNC:407,0,0,0.67321026,0.32678974,0.67321026,True
non_essential_CRP|HGNC:2367,0,0,0.4894119,0.5105881,0.5105881,True
non_essential_RIPPLY1|HGNC:25117,0,0,0.5338279,0.4661721,0.5338279,True
non_essential_MT1H|HGNC:7400,0,0,0.41570696,0.584293,0.584293,True
non_essential_USP17L29|HGNC:44457,0,0,0.6399291,0.36007088,0.6399291,True
non_essential_LGALS4|HGNC:6565,0,0,0.63736856,0.36263144,0.63736856,True
non_essential_CT47A6|HGNC:33287,0,0,0.78658456,0.21341544,0.78658456,True
non_essential_SLC22A8|HGNC:10972,0,0,0.69522786,0.30477214,0.69522786,True
non_essential_MAGEA2|HGNC:6800,0,0,0.50861734,0.49138266,0.50861734,True
non_essential_FBLN2|HGNC:3601,0,0,0.6516708,0.3483292,0.6516708,True
non_essential_SPPL2A|HGNC:30227,0,0,0.5922001,0.4077999,0.5922001,True
non_essential_DRAM2|HGNC:28769,0,0,0.44691417,0.5530858,0.5530858,True
non_essential_SLC8A3|HGNC:11070,0,0,0.61447835,0.38552165,0.61447835,True
non_essential_EPHA2|HGNC:3386,0,0,0.79296696,0.20703304,0.79296696,True
non_essential_CLRN1|HGNC:12605,0,0,0.48407447,0.5159255,0.5159255,True
non_essential_ZNF3|HGNC:13089,0,0,0.53004855,0.46995145,0.53004855,True
non_essential_TMC2|HGNC:16527,0,0,0.65812445,0.34187555,0.65812445,True
non_essential_S100A14|HGNC:18901,0,0,0.6522605,0.34773952,0.6522605,True
non_essential_MSANTD1|HGNC:33741,0,0,0.89468753,0.10531247,0.89468753,True
non_essential_GNAI3|HGNC:4387,0,0,0.5002929,0.4997071,0.5002929,True
non_essential_B3GALT5|HGNC:920,0,0,0.72702086,0.27297914,0.72702086,True
non_essential_DPP7|HGNC:14892,0,1,0.9519269,0.048073113,0.9519269,False
non_essential_CNIH3|HGNC:26802,0,0,0.5341465,0.4658535,0.5341465,True
non_essential_MPP7|HGNC:26542,0,0,0.49303398,0.506966,0.506966,True
non_essential_MCOLN2|HGNC:13357,0,0,0.49492842,0.5050716,0.5050716,True
non_essential_NPSR1|HGNC:23631,0,0,0.5481915,0.4518085,0.5481915,True
non_essential_ZNF491|HGNC:23706,0,0,0.47605744,0.5239426,0.5239426,True
non_essential_CD1A|HGNC:1634,0,0,0.6368606,0.3631394,0.6368606,True
non_essential_ZGRF1|HGNC:25654,0,0,0.53099203,0.46900797,0.53099203,True
non_essential_SAT1|HGNC:10540,0,0,0.46767858,0.53232145,0.53232145,True
non_essential_KRTAP19-7|HGNC:18942,0,0,0.3933476,0.6066524,0.6066524,True
non_essential_C1orf53|HGNC:30003,0,0,0.6054551,0.3945449,0.6054551,True
non_essential_ZNF606|HGNC:25879,0,0,0.47939357,0.5206064,0.5206064,True
non_essential_GPR39|HGNC:4496,0,0,0.8435942,0.1564058,0.8435942,True
non_essential_CCDC7|HGNC:26533,0,0,0.51459163,0.48540837,0.51459163,True
non_essential_ECM1|HGNC:3153,0,0,0.6041827,0.39581728,0.6041827,True
non_essential_GK5|HGNC:28635,0,0,0.53846574,0.46153426,0.53846574,True
non_essential_NUB1|HGNC:17623,0,0,0.59844774,0.40155226,0.59844774,True
non_essential_ECH1|HGNC:3149,0,0,0.6293978,0.3706022,0.6293978,True
non_essential_SH3BGRL|HGNC:10823,0,0,0.43892992,0.5610701,0.5610701,True
non_essential_C8orf74|HGNC:32296,0,0,0.8037311,0.19626892,0.8037311,True
non_essential_ZNF641|HGNC:31834,0,0,0.5391648,0.46083522,0.5391648,True
non_essential_ALDH1L2|HGNC:26777,0,0,0.59919596,0.40080404,0.59919596,True
non_essential_KRTAP9-1|HGNC:18912,0,0,0.3951717,0.6048283,0.6048283,True
non_essential_PIP5K1B|HGNC:8995,0,0,0.49584174,0.50415826,0.50415826,True
non_essential_EPHA8|HGNC:3391,0,0,0.7877359,0.21226412,0.7877359,True
non_essential_KRBA1|HGNC:22228,0,0,0.66533136,0.33466864,0.66533136,True
non_essential_ANGPT4|HGNC:487,0,0,0.6610962,0.33890378,0.6610962,True
non_essential_TOM1|HGNC:11982,0,0,0.80504805,0.19495195,0.80504805,True
non_essential_HHIPL2|HGNC:25842,0,0,0.59093076,0.40906924,0.59093076,True
non_essential_GALNT16|HGNC:23233,0,0,0.6743237,0.32567632,0.6743237,True
non_essential_ARR3|HGNC:710,0,0,0.60413677,0.39586323,0.60413677,True
non_essential_C21orf33|HGNC:1273,0,0,0.8950551,0.104944885,0.8950551,True
non_essential_INPP5B|HGNC:6077,0,0,0.63970435,0.36029565,0.63970435,True
non_essential_GTSE1|HGNC:13698,0,0,0.633515,0.366485,0.633515,True
non_essential_HSD17B3|HGNC:5212,0,0,0.5399473,0.46005273,0.5399473,True
non_essential_ZBTB43|HGNC:17908,0,0,0.6188393,0.38116068,0.6188393,True
non_essential_HTR1F|HGNC:5292,0,0,0.47115293,0.5288471,0.5288471,True
non_essential_CEP104|HGNC:24866,0,0,0.609091,0.39090902,0.609091,True
non_essential_RABEPK|HGNC:16896,0,0,0.4994484,0.5005516,0.5005516,True
non_essential_METTL7B|HGNC:28276,0,0,0.58728725,0.41271275,0.58728725,True
non_essential_TRAPPC6A|HGNC:23069,0,0,0.80333185,0.19666815,0.80333185,True
non_essential_ARSG|HGNC:24102,0,0,0.60855913,0.39144087,0.60855913,True
non_essential_TSPAN8|HGNC:11855,0,0,0.47679082,0.5232092,0.5232092,True
non_essential_KIAA0754|HGNC:29111,0,0,0.576674,0.42332602,0.576674,True
non_essential_ZNF93|HGNC:13169,0,0,0.44125286,0.5587472,0.5587472,True
non_essential_MT3|HGNC:7408,0,0,0.5077898,0.4922102,0.5077898,True
non_essential_OR1J2|HGNC:8209,0,0,0.49857086,0.50142914,0.50142914,True
non_essential_CCL14|HGNC:10612,0,0,0.5938226,0.4061774,0.5938226,True
non_essential_SEMA5B|HGNC:10737,0,0,0.68557614,0.31442386,0.68557614,True
non_essential_PARP8|HGNC:26124,0,0,0.5819991,0.41800088,0.5819991,True
non_essential_OPN1MW|HGNC:4206,0,0,0.9087359,0.09126413,0.9087359,True
non_essential_CBARP|HGNC:28617,0,0,0.74468166,0.25531834,0.74468166,True
non_essential_MPDZ|HGNC:7208,0,0,0.53101337,0.46898663,0.53101337,True
non_essential_GPA33|HGNC:4445,0,0,0.8164739,0.1835261,0.8164739,True
non_essential_NR2F6|HGNC:7977,0,0,0.9354657,0.06453431,0.9354657,True
non_essential_MMP9|HGNC:7176,0,0,0.76928765,0.23071235,0.76928765,True
non_essential_DCDC2C|HGNC:32696,0,0,0.59216636,0.40783364,0.59216636,True
non_essential_OR6C75|HGNC:31304,0,0,0.4566393,0.5433607,0.5433607,True
non_essential_KRT81|HGNC:6458,0,0,0.8601889,0.1398111,0.8601889,True
non_essential_DEFB4B|HGNC:30193,0,0,0.40141106,0.59858894,0.59858894,True
non_essential_WDR45B|HGNC:25072,0,0,0.57589877,0.42410123,0.57589877,True
non_essential_OSER1|HGNC:16105,0,0,0.50595593,0.49404407,0.50595593,True
non_essential_DHRS7|HGNC:21524,0,0,0.5317792,0.46822077,0.5317792,True
non_essential_DNAAF3|HGNC:30492,0,0,0.76430374,0.23569626,0.76430374,True
non_essential_TMEM59|HGNC:1239,0,0,0.6312498,0.3687502,0.6312498,True
non_essential_GSTA4|HGNC:4629,0,0,0.5193378,0.48066223,0.5193378,True
non_essential_SCP2|HGNC:10606,0,0,0.48560405,0.51439595,0.51439595,True
non_essential_BAG2|HGNC:938,0,0,0.5091109,0.49088907,0.5091109,True
non_essential_SLC10A6|HGNC:30603,0,0,0.65082085,0.34917915,0.65082085,True
non_essential_SRRM5|HGNC:37248,0,0,0.62701166,0.37298834,0.62701166,True
non_essential_ALPK2|HGNC:20565,0,0,0.611514,0.38848603,0.611514,True
non_essential_MUSTN1|HGNC:22144,0,0,0.762166,0.23783398,0.762166,True
non_essential_KDELR1|HGNC:6304,0,0,0.52344805,0.47655195,0.52344805,True
non_essential_SH2D6|HGNC:30439,0,0,0.5804859,0.41951412,0.5804859,True
non_essential_ZNF25|HGNC:13043,0,0,0.43592355,0.5640764,0.5640764,True
non_essential_NAPEPLD|HGNC:21683,0,0,0.6310838,0.3689162,0.6310838,True
non_essential_GOLGA6D|HGNC:32204,0,0,0.7935057,0.20649427,0.7935057,True
non_essential_CLCN2|HGNC:2020,0,0,0.6221646,0.3778354,0.6221646,True
non_essential_LRRIQ1|HGNC:25708,0,0,0.58771324,0.41228676,0.58771324,True
non_essential_C1orf115|HGNC:25873,0,0,0.65402323,0.34597677,0.65402323,True
non_essential_DNAJC28|HGNC:1297,0,0,0.47252887,0.5274711,0.5274711,True
non_essential_DIRAS2|HGNC:19323,0,0,0.7109875,0.2890125,0.7109875,True
non_essential_IL32|HGNC:16830,0,0,0.65697604,0.34302396,0.65697604,True
non_essential_KLHL23|HGNC:27506,0,0,0.4937609,0.50623906,0.50623906,True
non_essential_CNGB3|HGNC:2153,0,0,0.5407713,0.4592287,0.5407713,True
non_essential_GZF1|HGNC:15808,0,0,0.59201294,0.40798706,0.59201294,True
non_essential_LRIT3|HGNC:24783,0,0,0.5607292,0.4392708,0.5607292,True
non_essential_CRCT1|HGNC:29875,0,0,0.60927415,0.39072585,0.60927415,True
non_essential_LYZ|HGNC:6740,0,0,0.5018831,0.4981169,0.5018831,True
non_essential_DDX43|HGNC:18677,0,0,0.54820275,0.45179725,0.54820275,True
non_essential_TIMP3|HGNC:11822,0,0,0.8699289,0.1300711,0.8699289,True
non_essential_SPG21|HGNC:20373,0,0,0.49283633,0.50716364,0.50716364,True
non_essential_CCDC15|HGNC:25798,0,0,0.5016718,0.4983282,0.5016718,True
non_essential_SLC5A10|HGNC:23155,0,0,0.68439734,0.31560266,0.68439734,True
non_essential_THAP8|HGNC:23191,0,0,0.61632127,0.38367873,0.61632127,True
non_essential_OR6B1|HGNC:8354,0,0,0.51333106,0.48666894,0.51333106,True
non_essential_FBXL8|HGNC:17875,0,0,0.7186427,0.2813573,0.7186427,True
non_essential_LCE1A|HGNC:29459,0,0,0.6577461,0.34225392,0.6577461,True
non_essential_TIFAB|HGNC:34024,0,0,0.6474903,0.35250968,0.6474903,True
non_essential_PDE6B|HGNC:8786,0,0,0.8245377,0.1754623,0.8245377,True
non_essential_CCL19|HGNC:10617,0,0,0.45694506,0.54305494,0.54305494,True
non_essential_HSPA1L|HGNC:5234,0,0,0.563822,0.43617803,0.563822,True
non_essential_BSPH1|HGNC:33906,0,0,0.4338573,0.5661427,0.5661427,True
non_essential_CRYZ|HGNC:2419,0,0,0.48036078,0.51963925,0.51963925,True
non_essential_KCNS1|HGNC:6300,0,0,0.7221652,0.27783477,0.7221652,True
non_essential_GSTM2|HGNC:4634,0,0,0.8024597,0.19754028,0.8024597,True
non_essential_MYL6B|HGNC:29823,0,0,0.8803728,0.11962718,0.8803728,True
non_essential_LARP1B|HGNC:24704,0,0,0.51686674,0.48313326,0.51686674,True
non_essential_SRGAP2|HGNC:19751,0,0,0.62964743,0.37035257,0.62964743,True
non_essential_EDN2|HGNC:3177,0,0,0.6309566,0.3690434,0.6309566,True
non_essential_PXT1|HGNC:18312,0,0,0.43729457,0.5627054,0.5627054,True
non_essential_TACC2|HGNC:11523,0,0,0.629316,0.37068403,0.629316,True
non_essential_RSRC1|HGNC:24152,0,0,0.4987937,0.5012063,0.5012063,True
non_essential_C9orf91|HGNC:24513,0,0,0.58796966,0.41203034,0.58796966,True
non_essential_NMS|HGNC:32203,0,0,0.5209894,0.47901058,0.5209894,True
non_essential_FAM180A|HGNC:33773,0,0,0.7784392,0.22156078,0.7784392,True
non_essential_PRRG1|HGNC:9469,0,0,0.5407202,0.45927978,0.5407202,True
non_essential_EFCAB5|HGNC:24801,0,0,0.5573218,0.4426782,0.5573218,True
non_essential_OTOP1|HGNC:19656,0,0,0.5804523,0.41954768,0.5804523,True
non_essential_LSP1|HGNC:6707,0,0,0.62818336,0.37181664,0.62818336,True
non_essential_ZNF791|HGNC:26895,0,0,0.4674971,0.5325029,0.5325029,True
non_essential_BROX|HGNC:26512,0,0,0.4916014,0.5083986,0.5083986,True
non_essential_KLHL13|HGNC:22931,0,0,0.5551911,0.4448089,0.5551911,True
non_essential_TRIM23|HGNC:660,0,0,0.5341939,0.46580613,0.5341939,True
non_essential_ANKRD13A|HGNC:21268,0,0,0.6304172,0.36958277,0.6304172,True
non_essential_TSACC|HGNC:30636,0,0,0.46982545,0.53017455,0.53017455,True
non_essential_APOC3|HGNC:610,0,0,0.8125697,0.18743032,0.8125697,True
non_essential_SYNM|HGNC:24466,0,0,0.6361071,0.3638929,0.6361071,True
non_essential_EFHC1|HGNC:16406,0,0,0.57842195,0.42157805,0.57842195,True
non_essential_ZCCHC12|HGNC:27273,0,0,0.56339866,0.43660134,0.56339866,True
non_essential_SH3BP1|HGNC:10824,0,0,0.65512633,0.34487367,0.65512633,True
non_essential_SIX4|HGNC:10890,0,0,0.6086665,0.39133352,0.6086665,True
non_essential_RNF146|HGNC:21336,0,0,0.5142463,0.48575372,0.5142463,True
non_essential_FRMD8|HGNC:25462,0,0,0.82632107,0.17367893,0.82632107,True
non_essential_KLF9|HGNC:1123,0,0,0.94445586,0.055544138,0.94445586,True
non_essential_DEFA5|HGNC:2764,0,0,0.4962529,0.5037471,0.5037471,True
non_essential_ZNF645|HGNC:26371,0,0,0.55781317,0.44218683,0.55781317,True
non_essential_HTN1|HGNC:5283,0,0,0.39883852,0.6011615,0.6011615,True
non_essential_SH3D19|HGNC:30418,0,0,0.5564097,0.44359028,0.5564097,True
non_essential_ZNF787|HGNC:26998,0,0,0.9386066,0.06139338,0.9386066,True
non_essential_SVOP|HGNC:25417,0,0,0.65619564,0.34380436,0.65619564,True
non_essential_C12orf54|HGNC:28553,0,0,0.6105002,0.38949978,0.6105002,True
non_essential_CCDC34|HGNC:25079,0,0,0.6560639,0.3439361,0.6560639,True
non_essential_AKAP13|HGNC:371,0,0,0.62813157,0.37186843,0.62813157,True
non_essential_TGM6|HGNC:16255,0,0,0.6600022,0.33999783,0.6600022,True
non_essential_ADAM9|HGNC:216,0,0,0.6010498,0.39895022,0.6010498,True
non_essential_PMS1|HGNC:9121,0,0,0.5637805,0.4362195,0.5637805,True
non_essential_C1orf94|HGNC:28250,0,0,0.50367117,0.49632883,0.50367117,True
non_essential_ATF3|HGNC:785,0,0,0.55719745,0.44280255,0.55719745,True
non_essential_PPIP5K1|HGNC:29023,0,0,0.6316957,0.3683043,0.6316957,True
non_essential_HLA-DOB|HGNC:4937,0,0,0.59865326,0.40134674,0.59865326,True
non_essential_ZNF174|HGNC:12963,0,0,0.57672226,0.42327774,0.57672226,True
non_essential_EPB41L4A|HGNC:13278,0,0,0.5943266,0.40567338,0.5943266,True
non_essential_TRIL|HGNC:22200,0,0,0.6818913,0.31810868,0.6818913,True
non_essential_OR10J5|HGNC:14993,0,0,0.46725294,0.53274703,0.53274703,True
non_essential_CNTNAP5|HGNC:18748,0,0,0.61573154,0.38426846,0.61573154,True
non_essential_PQLC1|HGNC:26188,0,0,0.8469296,0.15307039,0.8469296,True
non_essential_PLCZ1|HGNC:19218,0,0,0.49701327,0.5029867,0.5029867,True
non_essential_THSD4|HGNC:25835,0,0,0.6703287,0.32967132,0.6703287,True
non_essential_EMILIN2|HGNC:19881,0,0,0.61928546,0.38071454,0.61928546,True
non_essential_CNDP2|HGNC:24437,0,0,0.71892,0.28108,0.71892,True
non_essential_MPP3|HGNC:7221,0,0,0.633092,0.366908,0.633092,True
non_essential_MYL12B|HGNC:29827,0,0,0.50291806,0.49708194,0.50291806,True
non_essential_MAST2|HGNC:19035,0,0,0.6176804,0.38231963,0.6176804,True
non_essential_PGBD4|HGNC:19401,0,0,0.5918352,0.4081648,0.5918352,True
non_essential_PTPRN|HGNC:9676,0,0,0.6257724,0.37422758,0.6257724,True
non_essential_ADGRG7|HGNC:19241,0,0,0.58518904,0.41481096,0.58518904,True
non_essential_C12orf60|HGNC:28726,0,0,0.50928783,0.49071217,0.50928783,True
non_essential_SLC17A3|HGNC:10931,0,0,0.48908547,0.51091456,0.51091456,True
non_essential_NFKBIL1|HGNC:7800,0,0,0.7185783,0.28142172,0.7185783,True
non_essential_OR2V2|HGNC:15341,0,0,0.47781694,0.52218306,0.52218306,True
non_essential_SYCP3|HGNC:18130,0,0,0.45263863,0.5473614,0.5473614,True
non_essential_CCNE2|HGNC:1590,0,0,0.49328822,0.5067118,0.5067118,True
non_essential_OR51B5|HGNC:19599,0,0,0.5295017,0.47049832,0.5295017,True
non_essential_FAXC|HGNC:20742,0,0,0.58110505,0.41889495,0.58110505,True
non_essential_TRMT10A|HGNC:28403,0,0,0.51888734,0.48111266,0.51888734,True
non_essential_PRAMEF12|HGNC:22125,0,0,0.7237797,0.27622032,0.7237797,True
non_essential_MMD2|HGNC:30133,0,0,0.8779175,0.12208247,0.8779175,True
non_essential_GPAT4|HGNC:20880,0,0,0.6049767,0.3950233,0.6049767,True
non_essential_CHST5|HGNC:1973,0,0,0.72161627,0.27838373,0.72161627,True
non_essential_TNP1|HGNC:11951,0,0,0.49894944,0.5010506,0.5010506,True
non_essential_LDOC1|HGNC:6548,0,0,0.57374114,0.42625886,0.57374114,True
non_essential_DNAH8|HGNC:2952,0,0,0.61245763,0.38754237,0.61245763,True
non_essential_SHROOM1|HGNC:24084,0,0,0.65792227,0.34207773,0.65792227,True
non_essential_ELK4|HGNC:3326,0,0,0.50810426,0.49189574,0.50810426,True
non_essential_GOLPH3L|HGNC:24882,0,0,0.48843092,0.5115691,0.5115691,True
non_essential_ZNF223|HGNC:13016,0,0,0.503509,0.49649101,0.503509,True
non_essential_SMIM5|HGNC:40030,0,0,0.6204534,0.37954658,0.6204534,True
non_essential_PDZD9|HGNC:28740,0,0,0.4637952,0.5362048,0.5362048,True
non_essential_C4orf47|HGNC:34346,0,0,0.49509296,0.504907,0.504907,True
non_essential_SYBU|HGNC:26011,0,0,0.63726574,0.36273426,0.63726574,True
non_essential_LIPF|HGNC:6622,0,0,0.48208806,0.5179119,0.5179119,True
non_essential_ZNF418|HGNC:20647,0,0,0.503968,0.496032,0.503968,True
non_essential_CPA1|HGNC:2296,0,0,0.75401545,0.24598455,0.75401545,True
non_essential_TAS1R1|HGNC:14448,0,0,0.629931,0.37006903,0.629931,True
non_essential_SMPD2|HGNC:11121,0,0,0.6643859,0.3356141,0.6643859,True
non_essential_MAP2K2|HGNC:6842,0,0,0.67529535,0.32470465,0.67529535,True
non_essential_ADAP1|HGNC:16486,0,0,0.7862576,0.21374238,0.7862576,True
non_essential_P2RY12|HGNC:18124,0,0,0.5287623,0.47123772,0.5287623,True
non_essential_PPY|HGNC:9327,0,0,0.59487236,0.40512764,0.59487236,True
non_essential_OR2T11|HGNC:19574,0,0,0.5641095,0.4358905,0.5641095,True
non_essential_HNF4G|HGNC:5026,0,0,0.4987377,0.5012623,0.5012623,True
non_essential_NMRK1|HGNC:26057,0,0,0.46230075,0.5376992,0.5376992,True
non_essential_G6PC|HGNC:4056,0,0,0.4993364,0.50066364,0.50066364,True
non_essential_NRN1|HGNC:17972,0,0,0.6867366,0.31326342,0.6867366,True
non_essential_C22orf15|HGNC:15558,0,0,0.5825359,0.41746408,0.5825359,True
non_essential_APOL3|HGNC:14868,0,0,0.5567904,0.4432096,0.5567904,True
non_essential_FAM110D|HGNC:25860,0,0,0.75005865,0.24994135,0.75005865,True
non_essential_LYPLAL1|HGNC:20440,0,0,0.46479812,0.5352019,0.5352019,True
non_essential_ANTXRL|HGNC:27277,0,0,0.58190125,0.41809875,0.58190125,True
non_essential_NPFF|HGNC:7901,0,0,0.5841826,0.41581738,0.5841826,True
non_essential_ITIH2|HGNC:6167,0,0,0.5770056,0.42299438,0.5770056,True
non_essential_TNFAIP8L2|HGNC:26277,0,0,0.8442134,0.15578657,0.8442134,True
non_essential_LMNTD1|HGNC:26683,0,0,0.49709222,0.50290775,0.50290775,True
non_essential_TROAP|HGNC:12327,0,0,0.6212723,0.37872767,0.6212723,True
non_essential_RIT2|HGNC:10017,0,0,0.555601,0.444399,0.555601,True
non_essential_PAPD4|HGNC:26776,0,0,0.5396121,0.4603879,0.5396121,True
non_essential_TMEM241|HGNC:31723,0,0,0.4934256,0.5065744,0.5065744,True
non_essential_APBB3|HGNC:20708,0,0,0.5929978,0.4070022,0.5929978,True
non_essential_MAL|HGNC:6817,0,0,0.53655195,0.46344805,0.53655195,True
non_essential_URAD|HGNC:17785,0,0,0.7080735,0.2919265,0.7080735,True
non_essential_SLX1A|HGNC:20922,0,0,0.7333707,0.26662928,0.7333707,True
non_essential_NECTIN2|HGNC:9707,0,0,0.7613449,0.23865509,0.7613449,True
non_essential_ZNF747|HGNC:28350,0,0,0.906402,0.09359801,0.906402,True
non_essential_OTUD3|HGNC:29038,0,0,0.5499248,0.4500752,0.5499248,True
non_essential_DHRS3|HGNC:17693,0,0,0.8871466,0.11285341,0.8871466,True
non_essential_COL14A1|HGNC:2191,0,0,0.55704,0.44296002,0.55704,True
non_essential_SLC29A4|HGNC:23097,0,0,0.7137368,0.28626323,0.7137368,True
non_essential_RBP3|HGNC:9921,0,0,0.63836145,0.36163855,0.63836145,True
non_essential_SCAMP5|HGNC:30386,0,0,0.88608056,0.11391944,0.88608056,True
non_essential_FKBP5|HGNC:3721,0,0,0.56450343,0.43549657,0.56450343,True
non_essential_ADAM33|HGNC:15478,0,0,0.64111084,0.35888916,0.64111084,True
non_essential_ST6GALNAC6|HGNC:23364,0,0,0.8167816,0.18321842,0.8167816,True
non_essential_BOLA2|HGNC:29488,0,0,0.70186716,0.29813284,0.70186716,True
non_essential_SPAG8|HGNC:14105,0,0,0.5837685,0.4162315,0.5837685,True
non_essential_ZNF684|HGNC:28418,0,0,0.4755615,0.5244385,0.5244385,True
non_essential_PUDP|HGNC:16818,0,0,0.6491137,0.3508863,0.6491137,True
non_essential_PHF11|HGNC:17024,0,0,0.5486201,0.4513799,0.5486201,True
non_essential_DGUOK|HGNC:2858,0,0,0.5417266,0.4582734,0.5417266,True
non_essential_BTBD10|HGNC:21445,0,0,0.56740564,0.43259436,0.56740564,True
non_essential_SKIDA1|HGNC:32697,0,0,0.62397105,0.37602895,0.62397105,True
non_essential_LAPTM5|HGNC:29612,0,0,0.61694586,0.38305414,0.61694586,True
non_essential_CTNNA3|HGNC:2511,0,0,0.591593,0.40840697,0.591593,True
non_essential_SLC36A2|HGNC:18762,0,0,0.53460526,0.46539474,0.53460526,True
non_essential_SERPINF2|HGNC:9075,0,0,0.7617446,0.23825538,0.7617446,True
non_essential_SMIM22|HGNC:48329,0,0,0.63591427,0.36408573,0.63591427,True
non_essential_PGM1|HGNC:8905,0,0,0.63859403,0.36140597,0.63859403,True
non_essential_FKBP7|HGNC:3723,0,0,0.47761023,0.52238977,0.52238977,True
non_essential_PRKG2|HGNC:9416,0,0,0.5227282,0.4772718,0.5227282,True
non_essential_TEX30|HGNC:25188,0,0,0.46377793,0.5362221,0.5362221,True
non_essential_ANGPTL8|HGNC:24933,0,0,0.6753336,0.32466638,0.6753336,True
non_essential_C7|HGNC:1346,0,0,0.5803314,0.4196686,0.5803314,True
non_essential_KRTAP7-1|HGNC:18934,0,0,0.43724543,0.5627546,0.5627546,True
non_essential_SLC35F5|HGNC:23617,0,0,0.5499589,0.45004112,0.5499589,True
non_essential_ARRDC2|HGNC:25225,0,0,0.74683,0.25317,0.74683,True
non_essential_GIPC1|HGNC:1226,0,0,0.78018886,0.21981114,0.78018886,True
non_essential_MAP3K15|HGNC:31689,0,0,0.6217401,0.3782599,0.6217401,True
non_essential_GPR151|HGNC:23624,0,0,0.5374815,0.4625185,0.5374815,True
non_essential_HBE1|HGNC:4830,0,0,0.61718845,0.38281155,0.61718845,True
non_essential_STOX1|HGNC:23508,0,0,0.6037722,0.39622778,0.6037722,True
non_essential_OR5A2|HGNC:15249,0,0,0.5413436,0.45865637,0.5413436,True
non_essential_NMRAL1|HGNC:24987,0,0,0.73380905,0.26619095,0.73380905,True
non_essential_MFSD11|HGNC:25458,0,0,0.51489276,0.48510724,0.51489276,True
non_essential_LRRC10|HGNC:20264,0,0,0.72275895,0.27724105,0.72275895,True
non_essential_RAB44|HGNC:21068,0,0,0.7002163,0.2997837,0.7002163,True
non_essential_CKMT1B|HGNC:1995,0,0,0.6494339,0.3505661,0.6494339,True
non_essential_FAM111B|HGNC:24200,0,0,0.5173077,0.4826923,0.5173077,True
non_essential_FYTTD1|HGNC:25407,0,0,0.5174873,0.4825127,0.5174873,True
non_essential_PABPC1L2A|HGNC:27989,0,0,0.80053824,0.19946176,0.80053824,True
non_essential_GALNT18|HGNC:30488,0,0,0.71180683,0.28819317,0.71180683,True
non_essential_GJA10|HGNC:16995,0,0,0.50564736,0.49435264,0.50564736,True
non_essential_SIGIRR|HGNC:30575,0,0,0.78360444,0.21639556,0.78360444,True
non_essential_SLC16A8|HGNC:16270,0,0,0.7949638,0.20503622,0.7949638,True
non_essential_DES|HGNC:2770,0,0,0.82502085,0.17497915,0.82502085,True
non_essential_PPP1R32|HGNC:28869,0,0,0.77012414,0.22987586,0.77012414,True
non_essential_HPGDS|HGNC:17890,0,0,0.48682502,0.513175,0.513175,True
non_essential_GPR139|HGNC:19995,0,0,0.5094538,0.49054623,0.5094538,True
non_essential_ME1|HGNC:6983,0,0,0.59861034,0.40138966,0.59861034,True
non_essential_OR2AP1|HGNC:15335,0,0,0.44580588,0.5541941,0.5541941,True
non_essential_MMP27|HGNC:14250,0,0,0.5576843,0.4423157,0.5576843,True
non_essential_ZNF69|HGNC:13138,0,0,0.46462658,0.53537345,0.53537345,True
non_essential_RHOF|HGNC:15703,0,1,0.956635,0.043365,0.956635,False
non_essential_CASC10|HGNC:31448,0,0,0.76149076,0.23850924,0.76149076,True
non_essential_SLC16A9|HGNC:23520,0,0,0.5122235,0.48777652,0.5122235,True
non_essential_SP6|HGNC:14530,0,0,0.7283991,0.2716009,0.7283991,True
non_essential_TRPM8|HGNC:17961,0,0,0.6718166,0.3281834,0.6718166,True
non_essential_ABCB11|HGNC:42,0,0,0.62374103,0.37625897,0.62374103,True
non_essential_TRAK1|HGNC:29947,0,0,0.59522593,0.40477407,0.59522593,True
non_essential_TOMM6|HGNC:34528,0,0,0.5081705,0.4918295,0.5081705,True
non_essential_THAP3|HGNC:20855,0,0,0.9138471,0.08615291,0.9138471,True
non_essential_GGCT|HGNC:21705,0,0,0.4786463,0.5213537,0.5213537,True
non_essential_EXPH5|HGNC:30578,0,0,0.6083367,0.3916633,0.6083367,True
non_essential_EID2B|HGNC:26796,0,0,0.7773067,0.22269332,0.7773067,True
non_essential_C12orf42|HGNC:24729,0,0,0.5870459,0.4129541,0.5870459,True
non_essential_OR4K1|HGNC:14726,0,0,0.49309978,0.5069002,0.5069002,True
non_essential_HSFY2|HGNC:23950,0,0,0.48647904,0.51352096,0.51352096,True
non_essential_GAS2|HGNC:4167,0,0,0.521481,0.47851902,0.521481,True
non_essential_S100A3|HGNC:10493,0,0,0.6005297,0.39947033,0.6005297,True
non_essential_CTAGE8|HGNC:37294,0,0,0.5019193,0.49808067,0.5019193,True
non_essential_SPRED3|HGNC:31041,0,0,0.9065103,0.09348971,0.9065103,True
non_essential_GZMM|HGNC:4712,0,0,0.7875809,0.2124191,0.7875809,True
non_essential_FAM58A|HGNC:28434,0,0,0.6236842,0.37631577,0.6236842,True
non_essential_GNPDA2|HGNC:21526,0,0,0.42737803,0.57262194,0.57262194,True
non_essential_NUDT6|HGNC:8053,0,0,0.65608084,0.34391916,0.65608084,True
non_essential_PSEN2|HGNC:9509,0,0,0.563117,0.43688297,0.563117,True
non_essential_C2orf73|HGNC:26861,0,0,0.6094752,0.3905248,0.6094752,True
non_essential_SBSN|HGNC:24950,0,0,0.6786906,0.3213094,0.6786906,True
non_essential_TDRD6|HGNC:21339,0,0,0.6556316,0.3443684,0.6556316,True
non_essential_GNLY|HGNC:4414,0,0,0.559665,0.44033498,0.559665,True
non_essential_VWDE|HGNC:21897,0,0,0.5958706,0.4041294,0.5958706,True
non_essential_GLOD5|HGNC:33358,0,0,0.55758697,0.44241303,0.55758697,True
non_essential_TRIM62|HGNC:25574,0,0,0.72678655,0.27321345,0.72678655,True
non_essential_DHRSX|HGNC:18399,0,0,0.6065695,0.39343047,0.6065695,True
non_essential_ATXN7L1|HGNC:22210,0,0,0.59488934,0.40511066,0.59488934,True
non_essential_FIGLA|HGNC:24669,0,0,0.7310945,0.26890552,0.7310945,True
non_essential_CCDC149|HGNC:25405,0,0,0.6306657,0.36933428,0.6306657,True
non_essential_SFTPA1|HGNC:10798,0,0,0.5510192,0.4489808,0.5510192,True
non_essential_C3orf18|HGNC:24837,0,0,0.5403262,0.45967382,0.5403262,True
non_essential_CTXN2|HGNC:31109,0,0,0.4169628,0.5830372,0.5830372,True
non_essential_PSMB8|HGNC:9545,0,0,0.58632165,0.41367835,0.58632165,True
non_essential_LSMEM1|HGNC:22036,0,0,0.4488433,0.5511567,0.5511567,True
non_essential_SLC50A1|HGNC:30657,0,0,0.61353964,0.38646036,0.61353964,True
non_essential_EBLN2|HGNC:25493,0,0,0.4529994,0.5470006,0.5470006,True
non_essential_PLA2G2F|HGNC:30040,0,0,0.65771455,0.34228545,0.65771455,True
non_essential_NEUROD2|HGNC:7763,0,0,0.735003,0.264997,0.735003,True
non_essential_SH2D1B|HGNC:30416,0,0,0.5640936,0.4359064,0.5640936,True
non_essential_IL13|HGNC:5973,0,0,0.63272727,0.36727273,0.63272727,True
non_essential_PIBF1|HGNC:23352,0,0,0.54220253,0.45779747,0.54220253,True
non_essential_HHLA3|HGNC:4906,0,0,0.49289018,0.5071098,0.5071098,True
non_essential_AKR1C2|HGNC:385,0,0,0.5451742,0.45482582,0.5451742,True
non_essential_SEMA3D|HGNC:10726,0,0,0.53369296,0.46630704,0.53369296,True
non_essential_OR13C4|HGNC:14722,0,0,0.48236534,0.51763463,0.51763463,True
non_essential_ZFP1|HGNC:23328,0,0,0.48558876,0.5144112,0.5144112,True
non_essential_PPP1R14A|HGNC:14871,0,0,0.72280914,0.27719086,0.72280914,True
non_essential_MATN4|HGNC:6910,0,0,0.75722694,0.24277306,0.75722694,True
non_essential_OR51L1|HGNC:14759,0,0,0.49118066,0.50881934,0.50881934,True
non_essential_IBSP|HGNC:5341,0,0,0.5067848,0.4932152,0.5067848,True
non_essential_AFMID|HGNC:20910,0,0,0.53155243,0.46844757,0.53155243,True
non_essential_GMIP|HGNC:24852,0,0,0.7785046,0.22149539,0.7785046,True
non_essential_DUSP11|HGNC:3066,0,0,0.5949227,0.40507728,0.5949227,True
non_essential_XKRX|HGNC:29845,0,0,0.5229317,0.4770683,0.5229317,True
non_essential_THEM4|HGNC:17947,0,0,0.6132087,0.3867913,0.6132087,True
non_essential_NEK5|HGNC:7748,0,0,0.5685925,0.4314075,0.5685925,True
non_essential_PRR9|HGNC:32057,0,0,0.73320794,0.26679206,0.73320794,True
non_essential_CRYBB2|HGNC:2398,0,0,0.6921271,0.3078729,0.6921271,True
non_essential_CNNM3|HGNC:104,0,0,0.74044096,0.25955904,0.74044096,True
non_essential_TMEM35B|HGNC:40021,0,0,0.5534435,0.4465565,0.5534435,True
non_essential_SPINK13|HGNC:27200,0,0,0.42238247,0.5776175,0.5776175,True
non_essential_F13B|HGNC:3534,0,0,0.48206007,0.5179399,0.5179399,True
non_essential_SAG|HGNC:10521,0,0,0.6029083,0.3970917,0.6029083,True
non_essential_ZNF776|HGNC:26765,0,0,0.4999996,0.50000036,0.50000036,True
non_essential_SLC35B3|HGNC:21601,0,0,0.49552608,0.5044739,0.5044739,True
non_essential_DTD1|HGNC:16219,0,0,0.6117136,0.3882864,0.6117136,True
non_essential_AMER3|HGNC:26771,0,0,0.7367556,0.2632444,0.7367556,True
non_essential_LRP5L|HGNC:25323,0,0,0.7953965,0.2046035,0.7953965,True
non_essential_UPK1A|HGNC:12577,0,0,0.6658586,0.33414137,0.6658586,True
non_essential_OR52E6|HGNC:15215,0,0,0.5405839,0.4594161,0.5405839,True
non_essential_HSFX2|HGNC:32701,0,0,0.6838598,0.31614017,0.6838598,True
non_essential_ADCK3|HGNC:16812,0,0,0.8017389,0.19826108,0.8017389,True
non_essential_DTX1|HGNC:3060,0,0,0.73685646,0.26314354,0.73685646,True
non_essential_SLC30A2|HGNC:11013,0,0,0.5417096,0.4582904,0.5417096,True
non_essential_PKD2L2|HGNC:9012,0,0,0.5345832,0.4654168,0.5345832,True
non_essential_PMAIP1|HGNC:9108,0,0,0.5613516,0.4386484,0.5613516,True
non_essential_TNNT3|HGNC:11950,0,0,0.9328193,0.06718069,0.9328193,True
non_essential_OR10J1|HGNC:8175,0,0,0.4828384,0.5171616,0.5171616,True
non_essential_EMILIN1|HGNC:19880,0,0,0.73386663,0.26613337,0.73386663,True
non_essential_KRT36|HGNC:6454,0,0,0.66973674,0.33026326,0.66973674,True
non_essential_PLPP2|HGNC:9230,0,0,0.78980905,0.21019095,0.78980905,True
non_essential_TACSTD2|HGNC:11530,0,0,0.9322,0.067799985,0.9322,True
non_essential_HSPBP1|HGNC:24989,0,0,0.9385949,0.061405122,0.9385949,True
non_essential_OTOP3|HGNC:19658,0,0,0.69668406,0.30331594,0.69668406,True
non_essential_CT47A2|HGNC:33283,0,0,0.78890824,0.21109176,0.78890824,True
non_essential_OR9Q2|HGNC:15328,0,0,0.5232831,0.47671688,0.5232831,True
non_essential_ZNF705B|HGNC:32284,0,0,0.47899094,0.5210091,0.5210091,True
non_essential_P2RX4|HGNC:8535,0,0,0.6387474,0.3612526,0.6387474,True
non_essential_CRTAC1|HGNC:14882,0,0,0.81746566,0.18253434,0.81746566,True
non_essential_NDP|HGNC:7678,0,0,0.62047,0.37953,0.62047,True
non_essential_AAMDC|HGNC:30205,0,0,0.46071294,0.5392871,0.5392871,True
non_essential_KRT26|HGNC:30840,0,0,0.5729227,0.4270773,0.5729227,True
non_essential_BLOC1S6|HGNC:8549,0,0,0.42697152,0.57302845,0.57302845,True
non_essential_FRS3|HGNC:16970,0,0,0.66953033,0.33046967,0.66953033,True
non_essential_NRG3|HGNC:7999,0,0,0.6088937,0.3911063,0.6088937,True
non_essential_PLEKHG7|HGNC:33829,0,0,0.5600958,0.4399042,0.5600958,True
non_essential_SLC35G2|HGNC:28480,0,0,0.49026522,0.50973475,0.50973475,True
non_essential_TMED6|HGNC:28331,0,0,0.5626995,0.4373005,0.5626995,True
non_essential_ADRA2C|HGNC:283,0,0,0.8776213,0.12237871,0.8776213,True
non_essential_OR2AT4|HGNC:19620,0,0,0.5550686,0.4449314,0.5550686,True
non_essential_AARD|HGNC:33842,0,0,0.68033063,0.31966937,0.68033063,True
non_essential_ASPHD1|HGNC:27380,0,0,0.64025545,0.35974455,0.64025545,True
non_essential_ORM2|HGNC:8499,0,0,0.5851495,0.41485047,0.5851495,True
non_essential_FSHB|HGNC:3964,0,0,0.44470876,0.55529124,0.55529124,True
non_essential_RFX8|HGNC:37253,0,0,0.6287682,0.3712318,0.6287682,True
non_essential_FBXO27|HGNC:18753,0,0,0.6966403,0.3033597,0.6966403,True
non_essential_RAB7B|HGNC:30513,0,0,0.6121984,0.3878016,0.6121984,True
non_essential_LBP|HGNC:6517,0,0,0.6488662,0.35113382,0.6488662,True
non_essential_SLC35A3|HGNC:11023,0,0,0.5153848,0.4846152,0.5153848,True
non_essential_ERMP1|HGNC:23703,0,0,0.6361898,0.36381018,0.6361898,True
non_essential_EPB42|HGNC:3381,0,0,0.72251385,0.27748615,0.72251385,True
non_essential_ZFYVE16|HGNC:20756,0,0,0.57135797,0.42864203,0.57135797,True
non_essential_EIF2AK1|HGNC:24921,0,0,0.5959633,0.4040367,0.5959633,True
non_essential_ACY3|HGNC:24104,0,0,0.79111373,0.20888627,0.79111373,True
non_essential_GP1BA|HGNC:4439,0,0,0.6178748,0.3821252,0.6178748,True
non_essential_SMYD2|HGNC:20982,0,0,0.4920085,0.5079915,0.5079915,True
non_essential_PDLIM2|HGNC:13992,0,0,0.7337272,0.26627278,0.7337272,True
non_essential_GABPB2|HGNC:28441,0,0,0.5298587,0.4701413,0.5298587,True
non_essential_CRABP2|HGNC:2339,0,0,0.64997447,0.35002553,0.64997447,True
non_essential_KIF17|HGNC:19167,0,0,0.77545595,0.22454405,0.77545595,True
non_essential_RECQL|HGNC:9948,0,0,0.5199132,0.4800868,0.5199132,True
non_essential_LNX1|HGNC:6657,0,0,0.5641601,0.4358399,0.5641601,True
non_essential_AANAT|HGNC:19,0,0,0.76400113,0.23599887,0.76400113,True
non_essential_SIGLEC12|HGNC:15482,0,0,0.5760746,0.4239254,0.5760746,True
non_essential_CYP4F12|HGNC:18857,0,0,0.6438106,0.35618943,0.6438106,True
non_essential_ADORA2B|HGNC:264,0,0,0.7835849,0.2164151,0.7835849,True
non_essential_PILRB|HGNC:18297,0,0,0.5430025,0.4569975,0.5430025,True
non_essential_PRG4|HGNC:9364,0,0,0.55352587,0.44647413,0.55352587,True
non_essential_TMEM171|HGNC:27031,0,0,0.62082154,0.37917846,0.62082154,True
non_essential_C17orf51|HGNC:27904,0,0,0.8168644,0.18313563,0.8168644,True
non_essential_ZNF260|HGNC:13499,0,0,0.4405149,0.5594851,0.5594851,True
non_essential_FIZ1|HGNC:25917,0,0,0.8415379,0.1584621,0.8415379,True
non_essential_KRT38|HGNC:6456,0,0,0.8400766,0.15992337,0.8400766,True
non_essential_HIF1AN|HGNC:17113,0,0,0.5328124,0.46718758,0.5328124,True
non_essential_LUZP2|HGNC:23206,0,0,0.5416861,0.45831388,0.5416861,True
non_essential_CXCR5|HGNC:1060,0,0,0.7892788,0.2107212,0.7892788,True
non_essential_ZBTB12|HGNC:19066,0,0,0.73987937,0.26012063,0.73987937,True
non_essential_NSFL1C|HGNC:15912,0,0,0.60731363,0.39268637,0.60731363,True
non_essential_CA7|HGNC:1381,0,0,0.71754247,0.28245753,0.71754247,True
non_essential_SPACA7|HGNC:29575,0,0,0.62508136,0.37491864,0.62508136,True
non_essential_C12orf76|HGNC:33790,0,0,0.470179,0.52982104,0.52982104,True
non_essential_SHISA4|HGNC:27139,0,0,0.5861469,0.4138531,0.5861469,True
non_essential_PLA2G2D|HGNC:9033,0,0,0.5699321,0.4300679,0.5699321,True
non_essential_ICOSLG|HGNC:17087,0,0,0.6816535,0.3183465,0.6816535,True
non_essential_PKN1|HGNC:9405,0,0,0.7135488,0.28645122,0.7135488,True
non_essential_CNTN5|HGNC:2175,0,0,0.54516643,0.45483357,0.54516643,True
non_essential_LRFN3|HGNC:28370,0,0,0.77540475,0.22459525,0.77540475,True
non_essential_ZNF185|HGNC:12976,0,0,0.6103963,0.38960367,0.6103963,True
non_essential_PLEKHH2|HGNC:30506,0,0,0.58310586,0.41689414,0.58310586,True
non_essential_C1orf68|HGNC:29468,0,0,0.54123753,0.45876247,0.54123753,True
non_essential_PDLIM1|HGNC:2067,0,0,0.5836076,0.4163924,0.5836076,True
non_essential_KCNG2|HGNC:6249,0,0,0.87979466,0.12020534,0.87979466,True
non_essential_CCDC107|HGNC:28465,0,0,0.72346896,0.27653104,0.72346896,True
non_essential_ZBTB5|HGNC:23836,0,0,0.61038023,0.38961977,0.61038023,True
non_essential_CCDC25|HGNC:25591,0,0,0.5097042,0.49029583,0.5097042,True
non_essential_CD4|HGNC:1678,0,0,0.55038756,0.44961244,0.55038756,True
non_essential_HIST1H2BA|HGNC:18730,0,0,0.8056447,0.19435531,0.8056447,True
non_essential_CDKL4|HGNC:19287,0,0,0.47857887,0.52142113,0.52142113,True
non_essential_MFAP4|HGNC:7035,0,0,0.7879464,0.2120536,0.7879464,True
non_essential_CCL7|HGNC:10634,0,0,0.50576234,0.49423766,0.50576234,True
non_essential_PIWIL1|HGNC:9007,0,0,0.5851158,0.4148842,0.5851158,True
non_essential_CHST8|HGNC:15993,0,0,0.72263396,0.27736604,0.72263396,True
non_essential_PECAM1|HGNC:8823,0,0,0.5313817,0.46861827,0.5313817,True
non_essential_SLC5A4|HGNC:11039,0,0,0.6364008,0.36359918,0.6364008,True
non_essential_OR52K2|HGNC:15223,0,0,0.52407056,0.47592944,0.52407056,True
non_essential_GPR33|HGNC:4489,0,0,0.5098755,0.49012452,0.5098755,True
non_essential_USP28|HGNC:12625,0,0,0.64154655,0.35845345,0.64154655,True
non_essential_PCP4L1|HGNC:20448,0,0,0.64471453,0.35528547,0.64471453,True
non_essential_ZNF780B|HGNC:33109,0,0,0.4720747,0.5279253,0.5279253,True
non_essential_ZNF576|HGNC:28357,0,0,0.82164913,0.17835087,0.82164913,True
non_essential_CT45A1|HGNC:33267,0,0,0.47892463,0.52107537,0.52107537,True
non_essential_KCNIP2|HGNC:15522,0,0,0.7491936,0.2508064,0.7491936,True
non_essential_IQCE|HGNC:29171,0,0,0.70196766,0.29803234,0.70196766,True
non_essential_REG3A|HGNC:8601,0,0,0.5899133,0.4100867,0.5899133,True
non_essential_C4orf26|HGNC:26300,0,0,0.60593385,0.39406615,0.60593385,True
non_essential_RETNLB|HGNC:20388,0,0,0.4868048,0.51319516,0.51319516,True
non_essential_TMEM138|HGNC:26944,0,0,0.53728443,0.46271557,0.53728443,True
non_essential_S100A16|HGNC:20441,0,0,0.64646304,0.35353696,0.64646304,True
non_essential_CDH23|HGNC:13733,0,0,0.7296607,0.2703393,0.7296607,True
non_essential_MMP7|HGNC:7174,0,0,0.56235766,0.43764234,0.56235766,True
non_essential_TPH2|HGNC:20692,0,0,0.5632195,0.4367805,0.5632195,True
non_essential_CD48|HGNC:1683,0,0,0.54236305,0.45763695,0.54236305,True
non_essential_CD300LB|HGNC:30811,0,0,0.60827595,0.39172405,0.60827595,True
non_essential_RMDN3|HGNC:25550,0,0,0.64361304,0.35638696,0.64361304,True
non_essential_RIMBP3|HGNC:29344,0,0,0.6677372,0.3322628,0.6677372,True
non_essential_FAM221A|HGNC:27977,0,0,0.51169944,0.48830056,0.51169944,True
non_essential_B4GALT3|HGNC:926,0,0,0.57832086,0.42167914,0.57832086,True
non_essential_RNF207|HGNC:32947,0,0,0.69505435,0.30494565,0.69505435,True
non_essential_CPM|HGNC:2311,0,0,0.51686716,0.48313284,0.51686716,True
non_essential_GPR27|HGNC:4482,0,0,0.783837,0.21616298,0.783837,True
non_essential_FRMD3|HGNC:24125,0,0,0.5428004,0.45719957,0.5428004,True
non_essential_ARSE|HGNC:719,0,0,0.59968144,0.40031856,0.59968144,True
non_essential_GPR83|HGNC:4523,0,0,0.6721866,0.3278134,0.6721866,True
non_essential_OR2M2|HGNC:8268,0,0,0.4915651,0.5084349,0.5084349,True
non_essential_FRG2C|HGNC:33626,0,0,0.5239874,0.4760126,0.5239874,True
non_essential_DNAH3|HGNC:2949,0,0,0.6279295,0.3720705,0.6279295,True
non_essential_OCM|HGNC:8105,0,0,0.50505805,0.49494195,0.50505805,True
non_essential_CHI3L1|HGNC:1932,0,0,0.6160285,0.3839715,0.6160285,True
non_essential_LY75|HGNC:6729,0,0,0.6079012,0.39209878,0.6079012,True
non_essential_PEMT|HGNC:8830,0,0,0.6360031,0.36399692,0.6360031,True
non_essential_HSPB11|HGNC:25019,0,0,0.46114793,0.5388521,0.5388521,True
non_essential_MOSPD1|HGNC:25235,0,0,0.47671366,0.52328634,0.52328634,True
non_essential_CYB5RL|HGNC:32220,0,0,0.5352482,0.46475178,0.5352482,True
non_essential_RNF181|HGNC:28037,0,0,0.5192103,0.48078972,0.5192103,True
non_essential_OR2A42|HGNC:31230,0,0,0.7070001,0.29299992,0.7070001,True
non_essential_EEF2KMT|HGNC:32221,0,0,0.70926994,0.29073006,0.70926994,True
non_essential_IFI44|HGNC:16938,0,0,0.5135516,0.4864484,0.5135516,True
non_essential_HERC6|HGNC:26072,0,0,0.6111093,0.38889068,0.6111093,True
non_essential_TBC1D1|HGNC:11578,0,0,0.64185745,0.35814255,0.64185745,True
non_essential_PSG9|HGNC:9526,0,0,0.5688626,0.43113738,0.5688626,True
non_essential_OR2A25|HGNC:19562,0,0,0.48717707,0.5128229,0.5128229,True
non_essential_ANAPC16|HGNC:26976,0,0,0.56287557,0.43712443,0.56287557,True
non_essential_CACNA1F|HGNC:1393,0,0,0.6081133,0.3918867,0.6081133,True
non_essential_AGA|HGNC:318,0,0,0.5615487,0.4384513,0.5615487,True
non_essential_OR52I1|HGNC:15220,0,0,0.47407833,0.5259217,0.5259217,True
non_essential_GSDMC|HGNC:7151,0,0,0.54890263,0.45109737,0.54890263,True
non_essential_SAMD14|HGNC:27312,0,0,0.6454935,0.3545065,0.6454935,True
non_essential_TRIM31|HGNC:16289,0,0,0.67529404,0.32470596,0.67529404,True
non_essential_NEXN|HGNC:29557,0,0,0.5103818,0.48961818,0.5103818,True
non_essential_IL13RA2|HGNC:5975,0,0,0.506446,0.493554,0.506446,True
non_essential_SPOCK3|HGNC:13565,0,0,0.50593853,0.49406147,0.50593853,True
non_essential_CLEC9A|HGNC:26705,0,0,0.55870795,0.44129205,0.55870795,True
non_essential_AFM|HGNC:316,0,0,0.5987501,0.4012499,0.5987501,True
non_essential_ZNF266|HGNC:13059,0,0,0.47292092,0.5270791,0.5270791,True
non_essential_LGALS3BP|HGNC:6564,0,0,0.855923,0.144077,0.855923,True
non_essential_RGS16|HGNC:9997,0,0,0.8361878,0.16381222,0.8361878,True
non_essential_TSC22D4|HGNC:21696,0,0,0.671534,0.328466,0.671534,True
non_essential_ZBTB37|HGNC:28365,0,0,0.50777656,0.49222344,0.50777656,True
non_essential_BTNL9|HGNC:24176,0,0,0.7804838,0.21951622,0.7804838,True
non_essential_RBMXL1|HGNC:25073,0,0,0.54670054,0.45329946,0.54670054,True
non_essential_TEKT1|HGNC:15534,0,0,0.66905785,0.33094215,0.66905785,True
non_essential_ZIK1|HGNC:33104,0,0,0.5441912,0.45580882,0.5441912,True
non_essential_TNFSF14|HGNC:11930,0,0,0.80103576,0.19896424,0.80103576,True
non_essential_AP1S1|HGNC:559,0,0,0.53989226,0.46010774,0.53989226,True
non_essential_GRK3|HGNC:290,0,0,0.6800537,0.3199463,0.6800537,True
non_essential_NAT8L|HGNC:26742,0,1,0.95060927,0.049390733,0.95060927,False
non_essential_FAM166A|HGNC:33818,0,0,0.74078244,0.25921756,0.74078244,True
non_essential_SLC2A12|HGNC:18067,0,0,0.56297594,0.43702406,0.56297594,True
non_essential_GUCA1B|HGNC:4679,0,0,0.72383046,0.27616954,0.72383046,True
non_essential_RBM3|HGNC:9900,0,0,0.6576889,0.34231108,0.6576889,True
non_essential_TRIM6|HGNC:16277,0,0,0.5492502,0.4507498,0.5492502,True
non_essential_NNAT|HGNC:7860,0,0,0.5063749,0.4936251,0.5063749,True
non_essential_CRIPAK|HGNC:26619,0,0,0.42537567,0.5746243,0.5746243,True
non_essential_CCDC166|HGNC:41910,0,0,0.74925363,0.25074637,0.74925363,True
non_essential_GSTM5|HGNC:4637,0,0,0.7860513,0.21394873,0.7860513,True
non_essential_CDC42SE2|HGNC:18547,0,0,0.44675797,0.553242,0.553242,True
non_essential_TIPIN|HGNC:30750,0,0,0.47463068,0.5253693,0.5253693,True
non_essential_RGS9|HGNC:10004,0,0,0.6968865,0.30311352,0.6968865,True
non_essential_AMN1|HGNC:27281,0,0,0.48299336,0.51700664,0.51700664,True
non_essential_ZFR2|HGNC:29189,0,0,0.67713165,0.32286835,0.67713165,True
non_essential_SURF4|HGNC:11476,0,0,0.6325838,0.3674162,0.6325838,True
non_essential_KCNAB2|HGNC:6229,0,0,0.6308342,0.36916578,0.6308342,True
non_essential_HIBCH|HGNC:4908,0,0,0.5800532,0.4199468,0.5800532,True
non_essential_SLITRK5|HGNC:20295,0,0,0.6511742,0.3488258,0.6511742,True
non_essential_LYPD6B|HGNC:27018,0,0,0.62566096,0.37433904,0.62566096,True
non_essential_GLRA3|HGNC:4328,0,0,0.5085499,0.49145007,0.5085499,True
non_essential_ADCY10|HGNC:21285,0,0,0.60233456,0.39766544,0.60233456,True
non_essential_FAM26E|HGNC:21568,0,0,0.6625471,0.3374529,0.6625471,True
non_essential_MTRF1|HGNC:7469,0,0,0.54355377,0.45644623,0.54355377,True
non_essential_EHHADH|HGNC:3247,0,0,0.6163842,0.3836158,0.6163842,True
non_essential_MMP26|HGNC:14249,0,0,0.56381047,0.43618953,0.56381047,True
non_essential_LY6G5B|HGNC:13931,0,0,0.5527847,0.44721532,0.5527847,True
non_essential_STOML3|HGNC:19420,0,0,0.5736218,0.4263782,0.5736218,True
non_essential_IFIT1|HGNC:5407,0,0,0.49111134,0.50888866,0.50888866,True
non_essential_SLC9C2|HGNC:28664,0,0,0.6010813,0.3989187,0.6010813,True
non_essential_MTRNR2L6|HGNC:37163,0,0,0.6025797,0.3974203,0.6025797,True
non_essential_PAPSS1|HGNC:8603,0,0,0.66680807,0.33319193,0.66680807,True
non_essential_RNF167|HGNC:24544,0,0,0.58009064,0.41990936,0.58009064,True
non_essential_STX12|HGNC:11430,0,0,0.5158418,0.48415822,0.5158418,True
non_essential_CC2D2A|HGNC:29253,0,0,0.582836,0.41716403,0.582836,True
non_essential_MXRA7|HGNC:7541,0,0,0.8474661,0.15253389,0.8474661,True
non_essential_SBK3|HGNC:44121,0,0,0.85380363,0.14619637,0.85380363,True
non_essential_AMDHD1|HGNC:28577,0,0,0.55644,0.44356,0.55644,True
non_essential_BCL2L10|HGNC:993,0,0,0.6932796,0.30672038,0.6932796,True
non_essential_PTX3|HGNC:9692,0,0,0.6324012,0.36759877,0.6324012,True
non_essential_PATL2|HGNC:33630,0,0,0.54492277,0.45507723,0.54492277,True
non_essential_TTC21B|HGNC:25660,0,0,0.5702086,0.4297914,0.5702086,True
non_essential_ABCA10|HGNC:30,0,0,0.54083365,0.45916635,0.54083365,True
non_essential_UBQLN2|HGNC:12509,0,0,0.59398776,0.40601224,0.59398776,True
non_essential_ZBTB6|HGNC:16764,0,0,0.483316,0.516684,0.516684,True
non_essential_LCE1D|HGNC:29465,0,0,0.5158041,0.4841959,0.5158041,True
non_essential_P2RY13|HGNC:4537,0,0,0.4768563,0.5231437,0.5231437,True
non_essential_RADIL|HGNC:22226,0,0,0.8557105,0.1442895,0.8557105,True
non_essential_FCMR|HGNC:14315,0,0,0.6893358,0.31066418,0.6893358,True
non_essential_MAGEB4|HGNC:6811,0,0,0.65406805,0.34593195,0.65406805,True
non_essential_MGLL|HGNC:17038,0,0,0.65318567,0.34681433,0.65318567,True
non_essential_CCL17|HGNC:10615,0,0,0.5402036,0.45979643,0.5402036,True
non_essential_FAM83E|HGNC:25972,0,0,0.7441872,0.25581282,0.7441872,True
non_essential_HOXC12|HGNC:5124,0,0,0.77464753,0.22535247,0.77464753,True
non_essential_CFAP221|HGNC:33720,0,0,0.6093102,0.3906898,0.6093102,True
non_essential_EFHD1|HGNC:29556,0,0,0.71037,0.28963,0.71037,True
non_essential_CWC27|HGNC:10664,0,0,0.5235777,0.4764223,0.5235777,True
non_essential_C8orf44|HGNC:25646,0,0,0.45492944,0.5450705,0.5450705,True
non_essential_AAED1|HGNC:16881,0,0,0.49086356,0.50913644,0.50913644,True
non_essential_TTC5|HGNC:19274,0,0,0.5354643,0.4645357,0.5354643,True
non_essential_RWDD2A|HGNC:21385,0,0,0.5227618,0.47723818,0.5227618,True
non_essential_TEX37|HGNC:26341,0,0,0.5495089,0.45049107,0.5495089,True
non_essential_HK3|HGNC:4925,0,0,0.69592667,0.30407333,0.69592667,True
non_essential_PGLYRP1|HGNC:8904,0,0,0.6069657,0.39303428,0.6069657,True
non_essential_NLN|HGNC:16058,0,0,0.61273956,0.38726044,0.61273956,True
non_essential_PTPN22|HGNC:9652,0,0,0.5360171,0.46398288,0.5360171,True
non_essential_TMEM150B|HGNC:34415,0,0,0.75340223,0.24659777,0.75340223,True
non_essential_LTA|HGNC:6709,0,0,0.6205266,0.3794734,0.6205266,True
non_essential_ZNF500|HGNC:23716,0,0,0.66510576,0.33489424,0.66510576,True
non_essential_LRRC16A|HGNC:21581,0,0,0.6159168,0.3840832,0.6159168,True
non_essential_OR3A1|HGNC:8282,0,0,0.61734134,0.38265866,0.61734134,True
non_essential_C12orf49|HGNC:26128,0,0,0.60017246,0.39982754,0.60017246,True
non_essential_SATL1|HGNC:27992,0,0,0.5055581,0.49444193,0.5055581,True
non_essential_DCAKD|HGNC:26238,0,0,0.6970509,0.30294907,0.6970509,True
non_essential_C12orf29|HGNC:25322,0,0,0.49720934,0.5027907,0.5027907,True
non_essential_KRT71|HGNC:28927,0,0,0.6905338,0.30946618,0.6905338,True
non_essential_MMP2|HGNC:7166,0,0,0.6905725,0.3094275,0.6905725,True
non_essential_FAM173B|HGNC:27029,0,0,0.54978144,0.45021856,0.54978144,True
non_essential_ZNF746|HGNC:21948,0,0,0.7397719,0.2602281,0.7397719,True
non_essential_UBQLN3|HGNC:12510,0,0,0.57225496,0.42774504,0.57225496,True
non_essential_KDM5B|HGNC:18039,0,0,0.6160782,0.3839218,0.6160782,True
non_essential_FXYD3|HGNC:4027,0,0,0.49648038,0.50351965,0.50351965,True
non_essential_RALGAPA2|HGNC:16207,0,0,0.5929527,0.40704727,0.5929527,True
non_essential_CORT|HGNC:2257,0,0,0.68858206,0.31141794,0.68858206,True
non_essential_EMP1|HGNC:3333,0,0,0.49208683,0.5079132,0.5079132,True
non_essential_KRT32|HGNC:6449,0,0,0.9151929,0.0848071,0.9151929,True
non_essential_CXorf66|HGNC:33743,0,0,0.47615525,0.5238447,0.5238447,True
non_essential_IL12B|HGNC:5970,0,0,0.64999276,0.35000724,0.64999276,True
non_essential_IQCF6|HGNC:35158,0,0,0.6220718,0.3779282,0.6220718,True
non_essential_KRTAP4-11|HGNC:18911,0,0,0.6580947,0.3419053,0.6580947,True
non_essential_NDRG4|HGNC:14466,0,0,0.6270556,0.3729444,0.6270556,True
non_essential_RNF19B|HGNC:26886,0,0,0.62686515,0.37313485,0.62686515,True
non_essential_COPG2|HGNC:2237,0,0,0.5306611,0.4693389,0.5306611,True
non_essential_PLD6|HGNC:30447,0,0,0.88210577,0.11789423,0.88210577,True
non_essential_HLA-DRB1|HGNC:4948,0,0,0.85780394,0.14219606,0.85780394,True
non_essential_OR51D1|HGNC:15193,0,0,0.56936634,0.43063366,0.56936634,True
non_essential_NXPE3|HGNC:28238,0,0,0.63607025,0.36392975,0.63607025,True
non_essential_SCRT2|HGNC:15952,0,1,0.98627776,0.013722241,0.98627776,False
non_essential_UGGT2|HGNC:15664,0,0,0.6028566,0.39714342,0.6028566,True
non_essential_CTSO|HGNC:2542,0,0,0.5832591,0.4167409,0.5832591,True
non_essential_C2orf88|HGNC:28191,0,0,0.40372476,0.5962752,0.5962752,True
non_essential_MAJIN|HGNC:27441,0,0,0.53717697,0.46282303,0.53717697,True
non_essential_RHEBL1|HGNC:21166,0,0,0.51755685,0.48244315,0.51755685,True
non_essential_COX6A2|HGNC:2279,0,0,0.7361877,0.2638123,0.7361877,True
non_essential_PAGE2B|HGNC:31805,0,0,0.44114944,0.5588505,0.5588505,True
non_essential_KIAA1551|HGNC:25559,0,0,0.59254915,0.40745085,0.59254915,True
non_essential_LMBR1L|HGNC:18268,0,0,0.57062715,0.42937285,0.57062715,True
non_essential_ASB8|HGNC:17183,0,0,0.54722023,0.45277977,0.54722023,True
non_essential_C2CD4A|HGNC:33627,0,0,0.88290495,0.11709505,0.88290495,True
non_essential_IL6R|HGNC:6019,0,0,0.74254405,0.25745595,0.74254405,True
non_essential_SOCS6|HGNC:16833,0,0,0.6266907,0.3733093,0.6266907,True
non_essential_OR2W3|HGNC:15021,0,0,0.65268975,0.34731025,0.65268975,True
non_essential_NAGK|HGNC:17174,0,0,0.59041,0.40959,0.59041,True
non_essential_PLCL1|HGNC:9063,0,0,0.6123866,0.38761342,0.6123866,True
non_essential_GSTCD|HGNC:25806,0,0,0.4933548,0.5066452,0.5066452,True
non_essential_TTPAL|HGNC:16114,0,0,0.6123683,0.3876317,0.6123683,True
non_essential_APOBEC3H|HGNC:24100,0,0,0.63435197,0.36564803,0.63435197,True
non_essential_CTBS|HGNC:2496,0,0,0.59878075,0.40121925,0.59878075,True
non_essential_KIAA0319|HGNC:21580,0,0,0.563636,0.436364,0.563636,True
non_essential_SYNJ2BP|HGNC:18955,0,0,0.5056959,0.49430412,0.5056959,True
non_essential_NOSTRIN|HGNC:20203,0,0,0.5330173,0.46698272,0.5330173,True
non_essential_MGAT4D|HGNC:43619,0,0,0.6050685,0.3949315,0.6050685,True
non_essential_TCEAL3|HGNC:28247,0,0,0.54185635,0.45814365,0.54185635,True
non_essential_PKHD1L1|HGNC:20313,0,0,0.5991229,0.40087712,0.5991229,True
non_essential_SUSD3|HGNC:28391,0,0,0.7100102,0.28998983,0.7100102,True
non_essential_ATXN7L2|HGNC:28713,0,0,0.66865015,0.33134985,0.66865015,True
non_essential_ACBD5|HGNC:23338,0,0,0.6189049,0.3810951,0.6189049,True
non_essential_MLH3|HGNC:7128,0,0,0.59980416,0.40019584,0.59980416,True
non_essential_RPTN|HGNC:26809,0,0,0.44611725,0.5538827,0.5538827,True
non_essential_MCEMP1|HGNC:27291,0,0,0.53972274,0.46027726,0.53972274,True
non_essential_KRT85|HGNC:6462,0,0,0.738773,0.261227,0.738773,True
non_essential_CTH|HGNC:2501,0,0,0.58003294,0.41996706,0.58003294,True
non_essential_ITPRIPL1|HGNC:29371,0,0,0.6062561,0.39374387,0.6062561,True
non_essential_LIME1|HGNC:26016,0,0,0.7102668,0.28973317,0.7102668,True
non_essential_CMTM3|HGNC:19174,0,0,0.63406503,0.36593497,0.63406503,True
non_essential_C4B|HGNC:1324,0,0,0.63654554,0.36345446,0.63654554,True
non_essential_MYBPHL|HGNC:30434,0,0,0.7027931,0.29720688,0.7027931,True
non_essential_TSLP|HGNC:30743,0,0,0.50166106,0.49833894,0.50166106,True
non_essential_SLC35E4|HGNC:17058,0,0,0.6695321,0.33046788,0.6695321,True
non_essential_C17orf64|HGNC:26990,0,0,0.5315708,0.4684292,0.5315708,True
non_essential_OR13C5|HGNC:15100,0,0,0.47045693,0.52954304,0.52954304,True
non_essential_GOLGA7B|HGNC:31668,0,0,0.7671714,0.23282862,0.7671714,True
non_essential_PHKB|HGNC:8927,0,0,0.6276939,0.3723061,0.6276939,True
non_essential_OTUB2|HGNC:20351,0,0,0.63196135,0.36803865,0.63196135,True
non_essential_TNIP2|HGNC:19118,0,0,0.6363883,0.3636117,0.6363883,True
non_essential_C9orf131|HGNC:31418,0,0,0.56452227,0.43547773,0.56452227,True
non_essential_HSPB6|HGNC:26511,0,0,0.9124628,0.08753723,0.9124628,True
non_essential_C20orf27|HGNC:15873,0,0,0.64039934,0.35960066,0.64039934,True
non_essential_RHBDL3|HGNC:16502,0,0,0.72558695,0.27441305,0.72558695,True
non_essential_USP17L18|HGNC:44446,0,0,0.65238845,0.34761155,0.65238845,True
non_essential_DACH2|HGNC:16814,0,0,0.6151261,0.38487393,0.6151261,True
non_essential_C3orf84|HGNC:44666,0,0,0.52485645,0.47514355,0.52485645,True
non_essential_ZNF436|HGNC:20814,0,0,0.49534306,0.5046569,0.5046569,True
non_essential_C1QC|HGNC:1245,0,0,0.7231256,0.27687442,0.7231256,True
non_essential_SLC25A6|HGNC:10992,0,0,0.92132896,0.07867104,0.92132896,True
non_essential_C19orf44|HGNC:26141,0,0,0.693522,0.30647802,0.693522,True
non_essential_TXNIP|HGNC:16952,0,0,0.49089512,0.50910485,0.50910485,True
non_essential_C1QTNF9|HGNC:28732,0,0,0.5165335,0.4834665,0.5165335,True
non_essential_ANKRD35|HGNC:26323,0,0,0.66649073,0.33350927,0.66649073,True
non_essential_BCO2|HGNC:18503,0,0,0.52059245,0.47940755,0.52059245,True
non_essential_PIGL|HGNC:8966,0,0,0.5752844,0.42471558,0.5752844,True
non_essential_KRT83|HGNC:6460,0,0,0.76717186,0.23282814,0.76717186,True
non_essential_FNDC7|HGNC:26668,0,0,0.5031843,0.49681568,0.5031843,True
non_essential_CASP6|HGNC:1507,0,0,0.50689036,0.49310964,0.50689036,True
non_essential_DZANK1|HGNC:15858,0,0,0.5532531,0.4467469,0.5532531,True
non_essential_PRR36|HGNC:26172,0,0,0.68783236,0.31216764,0.68783236,True
non_essential_SCN10A|HGNC:10582,0,0,0.62122524,0.37877476,0.62122524,True
non_essential_DUSP13|HGNC:19681,0,0,0.83566463,0.16433537,0.83566463,True
non_essential_IMMP1L|HGNC:26317,0,0,0.42853138,0.5714686,0.5714686,True
non_essential_SPRYD7|HGNC:14297,0,0,0.5163947,0.48360533,0.5163947,True
non_essential_CBX7|HGNC:1557,0,0,0.7600997,0.23990029,0.7600997,True
non_essential_SYTL4|HGNC:15588,0,0,0.5906434,0.4093566,0.5906434,True
non_essential_IL20|HGNC:6002,0,0,0.49928218,0.5007178,0.5007178,True
non_essential_NIPAL1|HGNC:27194,0,0,0.5129102,0.4870898,0.5129102,True
non_essential_C10orf120|HGNC:25707,0,0,0.5024216,0.49757838,0.5024216,True
non_essential_SLC22A6|HGNC:10970,0,0,0.69280803,0.30719197,0.69280803,True
non_essential_CAV1|HGNC:1527,0,0,0.6163738,0.38362622,0.6163738,True
non_essential_MYH3|HGNC:7573,0,0,0.6427126,0.3572874,0.6427126,True
non_essential_ATG16L2|HGNC:25464,0,0,0.647037,0.35296297,0.647037,True
non_essential_KRTAP17-1|HGNC:18917,0,0,0.44864774,0.55135226,0.55135226,True
non_essential_NAGA|HGNC:7631,0,0,0.64161885,0.35838115,0.64161885,True
non_essential_USP17L15|HGNC:44443,0,0,0.6655861,0.3344139,0.6655861,True
non_essential_DHRS7C|HGNC:32423,0,0,0.6722738,0.3277262,0.6722738,True
non_essential_SLC19A2|HGNC:10938,0,0,0.5300653,0.4699347,0.5300653,True
non_essential_GGA2|HGNC:16064,0,0,0.802422,0.19757801,0.802422,True
non_essential_GPR17|HGNC:4471,0,0,0.60657567,0.39342433,0.60657567,True
non_essential_ZSCAN9|HGNC:12984,0,0,0.5135593,0.48644072,0.5135593,True
non_essential_PTGER2|HGNC:9594,0,0,0.6890801,0.31091988,0.6890801,True
non_essential_HGD|HGNC:4892,0,0,0.586271,0.413729,0.586271,True
non_essential_APOL5|HGNC:14869,0,0,0.53600055,0.46399945,0.53600055,True
non_essential_TCEANC2|HGNC:26494,0,0,0.5654067,0.43459332,0.5654067,True
non_essential_S100A11|HGNC:10488,0,0,0.6151639,0.38483608,0.6151639,True
non_essential_NDUFAF2|HGNC:28086,0,0,0.5232746,0.4767254,0.5232746,True
non_essential_LYPD6|HGNC:28751,0,0,0.46584252,0.5341575,0.5341575,True
non_essential_CEACAM7|HGNC:1819,0,0,0.6159034,0.38409662,0.6159034,True
non_essential_WDR60|HGNC:21862,0,0,0.59854645,0.40145355,0.59854645,True
non_essential_TNFSF9|HGNC:11939,0,0,0.78560024,0.21439976,0.78560024,True
non_essential_TVP23A|HGNC:20398,0,0,0.52076995,0.47923005,0.52076995,True
non_essential_TREML4|HGNC:30807,0,0,0.48852307,0.51147693,0.51147693,True
non_essential_PHYHIPL|HGNC:29378,0,0,0.55980206,0.44019794,0.55980206,True
non_essential_HLA-C|HGNC:4933,0,0,0.722849,0.277151,0.722849,True
non_essential_RANGRF|HGNC:17679,0,0,0.6932604,0.30673963,0.6932604,True
non_essential_AADAC|HGNC:17,0,0,0.5193718,0.4806282,0.5193718,True
non_essential_OR4P4|HGNC:15180,0,0,0.44709516,0.55290484,0.55290484,True
non_essential_TAF1L|HGNC:18056,0,0,0.5982886,0.4017114,0.5982886,True
non_essential_C11orf42|HGNC:28541,0,0,0.7504869,0.24951309,0.7504869,True
non_essential_IZUMO3|HGNC:31421,0,0,0.51123977,0.48876023,0.51123977,True
non_essential_NEU2|HGNC:7759,0,0,0.85869706,0.14130294,0.85869706,True
non_essential_MYO1H|HGNC:13879,0,0,0.6392241,0.3607759,0.6392241,True
non_essential_TMBIM1|HGNC:23410,0,0,0.63660455,0.36339545,0.63660455,True
non_essential_TRIM67|HGNC:31859,0,0,0.7282477,0.2717523,0.7282477,True
non_essential_CCDC85A|HGNC:29400,0,0,0.6672868,0.3327132,0.6672868,True
non_essential_OR10X1|HGNC:14995,0,0,0.48023766,0.51976234,0.51976234,True
non_essential_IFNA14|HGNC:5420,0,0,0.44425374,0.55574626,0.55574626,True
non_essential_LRRN1|HGNC:20980,0,0,0.56120753,0.43879247,0.56120753,True
non_essential_C7orf50|HGNC:22421,0,0,0.6789237,0.32107627,0.6789237,True
non_essential_ATOH7|HGNC:13907,0,0,0.7632535,0.23674649,0.7632535,True
non_essential_ADAMTS3|HGNC:219,0,0,0.59324235,0.40675765,0.59324235,True
non_essential_SEMA7A|HGNC:10741,0,0,0.7729054,0.22709459,0.7729054,True
non_essential_SMAD9|HGNC:6774,0,0,0.6341384,0.3658616,0.6341384,True
non_essential_LILRB2|HGNC:6606,0,0,0.75775504,0.24224496,0.75775504,True
non_essential_PHKG2|HGNC:8931,0,0,0.72615916,0.27384084,0.72615916,True
non_essential_CNKSR3|HGNC:23034,0,0,0.6780665,0.3219335,0.6780665,True
non_essential_SLC13A3|HGNC:14430,0,0,0.78119725,0.21880275,0.78119725,True
non_essential_FSCN1|HGNC:11148,0,0,0.9097782,0.09022182,0.9097782,True
non_essential_NR1H2|HGNC:7965,0,0,0.9153023,0.08469772,0.9153023,True
non_essential_LGALS16|HGNC:40039,0,0,0.61490464,0.38509536,0.61490464,True
non_essential_FAM98A|HGNC:24520,0,0,0.5076811,0.49231893,0.5076811,True
non_essential_PRSS22|HGNC:14368,0,0,0.81215096,0.18784904,0.81215096,True
non_essential_PDXP|HGNC:30259,0,0,0.68038154,0.31961846,0.68038154,True
non_essential_CEACAM3|HGNC:1815,0,0,0.69892955,0.30107045,0.69892955,True
non_essential_TUSC1|HGNC:31010,0,0,0.7064785,0.29352152,0.7064785,True
non_essential_ULK4|HGNC:15784,0,0,0.59608,0.40392,0.59608,True
non_essential_USP17L19|HGNC:44447,0,0,0.6499986,0.3500014,0.6499986,True
non_essential_IFNA7|HGNC:5428,0,0,0.47529846,0.52470154,0.52470154,True
non_essential_LAMP3|HGNC:14582,0,0,0.70700127,0.29299873,0.70700127,True
non_essential_EQTN|HGNC:1359,0,0,0.45597845,0.54402155,0.54402155,True
non_essential_S100A6|HGNC:10496,0,0,0.66455084,0.33544916,0.66455084,True
non_essential_C3orf62|HGNC:24771,0,0,0.48894447,0.5110555,0.5110555,True
non_essential_ADPRHL2|HGNC:21304,0,0,0.6271709,0.37282908,0.6271709,True
non_essential_MAMLD1|HGNC:2568,0,0,0.5707036,0.42929637,0.5707036,True
non_essential_HHATL|HGNC:13242,0,0,0.74416393,0.25583607,0.74416393,True
non_essential_GH1|HGNC:4261,0,0,0.6922067,0.30779332,0.6922067,True
non_essential_AIDA|HGNC:25761,0,0,0.48329264,0.51670736,0.51670736,True
non_essential_CTRB2|HGNC:2522,0,0,0.943189,0.056810975,0.943189,True
non_essential_FRG2|HGNC:19136,0,0,0.4831676,0.5168324,0.5168324,True
non_essential_NRM|HGNC:8003,0,0,0.59446156,0.40553844,0.59446156,True
non_essential_SLC18B1|HGNC:21573,0,0,0.53715944,0.46284056,0.53715944,True
non_essential_CLDN24|HGNC:37200,0,0,0.45830554,0.54169446,0.54169446,True
non_essential_SGPP1|HGNC:17720,0,0,0.57843685,0.42156315,0.57843685,True
non_essential_TMPRSS3|HGNC:11877,0,0,0.65566784,0.34433216,0.65566784,True
non_essential_EFCAB13|HGNC:26864,0,0,0.5074098,0.4925902,0.5074098,True
non_essential_SYCE1|HGNC:28852,0,0,0.6405484,0.3594516,0.6405484,True
non_essential_SLC6A18|HGNC:26441,0,0,0.7480413,0.25195873,0.7480413,True
non_essential_CLU|HGNC:2095,0,0,0.76346606,0.23653394,0.76346606,True
non_essential_CLDN2|HGNC:2041,0,0,0.4783757,0.5216243,0.5216243,True
non_essential_NPTX2|HGNC:7953,0,0,0.69219553,0.30780447,0.69219553,True
non_essential_GAPT|HGNC:26588,0,0,0.48649225,0.5135077,0.5135077,True
