gene_id,true_label,predicted_label,prob_class_1,prob_class_0,confidence,is_correct
FBgn0000043,1,0,0.6868202,0.3131798,0.6868202,False
FBgn0000044,1,1,0.95748353,0.04251647,0.95748353,True
FBgn0000046,1,0,0.9299851,0.070014894,0.9299851,False
FBgn0000075,1,0,0.7940855,0.2059145,0.7940855,False
FBgn0000100,1,0,0.8515566,0.1484434,0.8515566,False
FBgn0000139,1,0,0.7164877,0.2835123,0.7164877,False
FBgn0000181,1,0,0.9024574,0.097542584,0.9024574,False
FBgn0000299,1,0,0.62881416,0.37118584,0.62881416,False
FBgn0000316,1,0,0.609416,0.390584,0.609416,False
FBgn0000352,1,0,0.6411453,0.3588547,0.6411453,False
FBgn0000384,1,0,0.52850634,0.47149366,0.52850634,False
FBgn0000404,1,0,0.6888542,0.31114578,0.6888542,False
FBgn0000422,1,0,0.7088308,0.29116923,0.7088308,False
FBgn0000559,1,0,0.6722503,0.32774973,0.6722503,False
FBgn0000611,1,0,0.8006727,0.19932729,0.8006727,False
FBgn0000810,1,0,0.59498525,0.40501475,0.59498525,False
FBgn0001090,1,0,0.7659273,0.23407269,0.7659273,False
FBgn0001138,1,0,0.6696417,0.33035833,0.6696417,False
FBgn0001147,1,0,0.6266205,0.37337953,0.6266205,False
FBgn0001170,1,0,0.6578034,0.34219658,0.6578034,False
FBgn0001308,1,0,0.8150161,0.18498391,0.8150161,False
FBgn0001311,1,0,0.6451686,0.3548314,0.6451686,False
FBgn0001330,1,0,0.6297644,0.37023562,0.6297644,False
FBgn0001942,1,0,0.7520344,0.24796557,0.7520344,False
FBgn0002044,1,0,0.63734376,0.36265624,0.63734376,False
FBgn0002284,1,0,0.8485794,0.1514206,0.8485794,False
FBgn0002565,1,0,0.84279174,0.15720826,0.84279174,False
FBgn0002573,1,0,0.7635663,0.23643368,0.7635663,False
FBgn0002592,1,0,0.631043,0.36895698,0.631043,False
FBgn0002609,1,0,0.6752384,0.32476163,0.6752384,False
FBgn0002873,1,0,0.6797267,0.32027328,0.6797267,False
FBgn0002930,1,0,0.8562771,0.14372289,0.8562771,False
FBgn0003002,1,0,0.79485345,0.20514655,0.79485345,False
FBgn0003042,1,0,0.719927,0.280073,0.719927,False
FBgn0003129,1,0,0.89327693,0.10672307,0.89327693,False
FBgn0003275,1,0,0.63910496,0.36089504,0.63910496,False
FBgn0003279,1,0,0.8847701,0.115229905,0.8847701,False
FBgn0003292,1,0,0.7038159,0.29618412,0.7038159,False
FBgn0003310,1,0,0.7819339,0.2180661,0.7819339,False
FBgn0003330,1,0,0.8280965,0.17190349,0.8280965,False
FBgn0003495,1,0,0.69130826,0.30869174,0.69130826,False
FBgn0003507,1,0,0.5887233,0.4112767,0.5887233,False
FBgn0003512,1,0,0.84330016,0.15669984,0.84330016,False
FBgn0003520,1,0,0.65532273,0.34467727,0.65532273,False
FBgn0003654,1,0,0.72206146,0.27793854,0.72206146,False
FBgn0003655,1,0,0.6143035,0.38569647,0.6143035,False
FBgn0003676,1,0,0.7417068,0.2582932,0.7417068,False
FBgn0003687,1,0,0.67439705,0.32560295,0.67439705,False
FBgn0003701,1,0,0.63140833,0.36859167,0.63140833,False
FBgn0003719,1,0,0.5930469,0.4069531,0.5930469,False
FBgn0003733,1,0,0.66476166,0.33523834,0.66476166,False
FBgn0003885,1,0,0.7443596,0.2556404,0.7443596,False
FBgn0003942,1,0,0.78557575,0.21442425,0.78557575,False
FBgn0004107,1,0,0.61361223,0.38638777,0.61361223,False
FBgn0004407,1,0,0.6231482,0.3768518,0.6231482,False
FBgn0004574,1,0,0.70371586,0.29628414,0.70371586,False
FBgn0004638,1,0,0.5349589,0.4650411,0.5349589,False
FBgn0004654,1,0,0.8540866,0.14591342,0.8540866,False
FBgn0004795,1,0,0.87943125,0.12056875,0.87943125,False
FBgn0004862,1,0,0.9017966,0.09820342,0.9017966,False
FBgn0004868,1,0,0.7476639,0.25233608,0.7476639,False
FBgn0004870,1,0,0.778342,0.22165799,0.778342,False
FBgn0004880,1,0,0.91438645,0.08561355,0.91438645,False
FBgn0004889,1,0,0.7088967,0.2911033,0.7088967,False
FBgn0004926,1,0,0.789572,0.210428,0.789572,False
FBgn0005386,1,0,0.63153327,0.36846673,0.63153327,False
FBgn0005533,1,0,0.8825093,0.11749071,0.8825093,False
FBgn0005638,1,0,0.784391,0.21560901,0.784391,False
FBgn0005655,1,0,0.7384827,0.2615173,0.7384827,False
FBgn0005666,1,0,0.61380446,0.38619554,0.61380446,False
FBgn0005671,1,0,0.84788203,0.15211797,0.84788203,False
FBgn0008635,1,0,0.80785954,0.19214046,0.80785954,False
FBgn0008636,1,0,0.76537836,0.23462164,0.76537836,False
FBgn0010265,1,1,0.9551224,0.04487759,0.9551224,True
FBgn0010323,1,0,0.72020197,0.27979803,0.72020197,False
FBgn0010380,1,0,0.68611264,0.31388736,0.68611264,False
FBgn0010431,1,0,0.9333716,0.0666284,0.9333716,False
FBgn0010590,1,0,0.6804019,0.31959808,0.6804019,False
FBgn0010612,1,0,0.5250432,0.4749568,0.5250432,False
FBgn0010622,1,0,0.65403485,0.34596515,0.65403485,False
FBgn0010909,1,0,0.62468445,0.37531555,0.62468445,False
FBgn0010926,1,0,0.63784003,0.36215997,0.63784003,False
FBgn0011205,1,0,0.6525344,0.34746557,0.6525344,False
FBgn0011236,1,0,0.67328185,0.32671815,0.67328185,False
FBgn0011284,1,0,0.79097396,0.20902604,0.79097396,False
FBgn0011335,1,0,0.6427787,0.3572213,0.6427787,False
FBgn0011336,1,0,0.60613084,0.39386916,0.60613084,False
FBgn0011739,1,0,0.6593587,0.34064132,0.6593587,False
FBgn0011745,1,0,0.64449316,0.35550684,0.64449316,False
FBgn0011762,1,0,0.58838946,0.41161054,0.58838946,False
FBgn0011822,1,0,0.54389226,0.45610774,0.54389226,False
FBgn0013325,1,1,0.95100904,0.048990965,0.95100904,True
FBgn0013531,1,0,0.71465725,0.28534275,0.71465725,False
FBgn0013717,1,0,0.70965934,0.29034066,0.70965934,False
FBgn0013733,1,0,0.6607313,0.33926868,0.6607313,False
FBgn0013753,1,0,0.6733009,0.32669908,0.6733009,False
FBgn0013981,1,0,0.8604388,0.13956118,0.8604388,False
FBgn0014020,1,0,0.5806477,0.4193523,0.5806477,False
FBgn0014859,1,0,0.65152365,0.34847635,0.65152365,False
FBgn0014930,1,0,0.8748127,0.12518728,0.8748127,False
FBgn0015245,1,0,0.9087454,0.09125459,0.9087454,False
FBgn0015282,1,0,0.72791153,0.27208847,0.72791153,False
FBgn0015288,1,0,0.9411843,0.058815718,0.9411843,False
FBgn0015331,1,0,0.59169054,0.40830946,0.59169054,False
FBgn0015521,1,0,0.52163583,0.47836417,0.52163583,False
FBgn0015756,1,0,0.6851602,0.31483978,0.6851602,False
FBgn0015946,1,0,0.8188872,0.18111283,0.8188872,False
FBgn0016687,1,0,0.7718959,0.22810411,0.7718959,False
FBgn0016697,1,0,0.6742826,0.3257174,0.6742826,False
FBgn0016984,1,0,0.7044066,0.29559338,0.7044066,False
FBgn0017457,1,0,0.6408559,0.3591441,0.6408559,False
FBgn0019936,1,0,0.6507829,0.34921712,0.6507829,False
FBgn0020616,1,0,0.6453427,0.3546573,0.6453427,False
FBgn0021767,1,0,0.7536423,0.24635768,0.7536423,False
FBgn0021776,1,0,0.8191244,0.1808756,0.8191244,False
FBgn0021796,1,0,0.64827865,0.35172135,0.64827865,False
FBgn0021814,1,0,0.9043143,0.09568572,0.9043143,False
FBgn0021906,1,0,0.8272869,0.1727131,0.8272869,False
FBgn0021979,1,0,0.7401147,0.2598853,0.7401147,False
FBgn0022097,1,0,0.76148796,0.23851204,0.76148796,False
FBgn0023175,1,0,0.87248963,0.12751037,0.87248963,False
FBgn0023458,1,0,0.6509981,0.34900188,0.6509981,False
FBgn0024244,1,0,0.52848965,0.47151035,0.52848965,False
FBgn0024288,1,0,0.64716303,0.35283697,0.64716303,False
FBgn0024361,1,0,0.6922657,0.3077343,0.6922657,False
FBgn0024733,1,0,0.59215105,0.40784895,0.59215105,False
FBgn0024804,1,0,0.534443,0.46555698,0.534443,False
FBgn0025360,1,0,0.67483443,0.32516557,0.67483443,False
FBgn0025366,1,0,0.850291,0.14970899,0.850291,False
FBgn0025716,1,0,0.6065881,0.39341187,0.6065881,False
FBgn0026076,1,0,0.5921787,0.4078213,0.5921787,False
FBgn0026174,1,0,0.6212093,0.37879068,0.6212093,False
FBgn0026380,1,0,0.7341631,0.2658369,0.7341631,False
FBgn0026427,1,0,0.61194426,0.38805574,0.61194426,False
FBgn0026439,1,0,0.6465495,0.35345048,0.6465495,False
FBgn0026620,1,0,0.5781555,0.42184448,0.5781555,False
FBgn0026666,1,0,0.72172594,0.27827406,0.72172594,False
FBgn0026878,1,0,0.6527108,0.3472892,0.6527108,False
FBgn0027083,1,0,0.6226936,0.3773064,0.6226936,False
FBgn0027086,1,0,0.6511375,0.34886253,0.6511375,False
FBgn0027090,1,0,0.66850215,0.33149785,0.66850215,False
FBgn0027093,1,0,0.6089881,0.3910119,0.6089881,False
FBgn0027094,1,0,0.6644913,0.3355087,0.6644913,False
FBgn0027279,1,0,0.65068156,0.34931844,0.65068156,False
FBgn0027329,1,0,0.72040313,0.27959687,0.72040313,False
FBgn0027335,1,0,0.66469836,0.33530164,0.66469836,False
FBgn0027494,1,0,0.79891515,0.20108485,0.79891515,False
FBgn0027514,1,0,0.6868007,0.31319928,0.6868007,False
FBgn0027525,1,0,0.6259732,0.37402678,0.6259732,False
FBgn0027567,1,0,0.72044563,0.27955437,0.72044563,False
FBgn0027615,1,0,0.67279494,0.32720506,0.67279494,False
FBgn0027788,1,0,0.67764086,0.32235914,0.67764086,False
FBgn0028402,1,0,0.6620869,0.3379131,0.6620869,False
FBgn0028550,1,0,0.769706,0.23029399,0.769706,False
FBgn0028683,1,0,0.48780245,0.51219755,0.51219755,False
FBgn0028684,1,0,0.7030224,0.29697758,0.7030224,False
FBgn0028686,1,0,0.91916835,0.08083165,0.91916835,False
FBgn0028688,1,0,0.8416578,0.15834218,0.8416578,False
FBgn0028689,1,0,0.64221054,0.35778946,0.64221054,False
FBgn0028948,1,0,0.55415165,0.44584835,0.55415165,False
FBgn0028969,1,0,0.65651774,0.34348226,0.65651774,False
FBgn0028970,1,0,0.88396496,0.116035044,0.88396496,False
FBgn0028991,1,0,0.6922503,0.3077497,0.6922503,False
FBgn0029113,1,0,0.6896347,0.31036532,0.6896347,False
FBgn0029123,1,0,0.7001291,0.2998709,0.7001291,False
FBgn0029175,1,0,0.64638925,0.35361075,0.64638925,False
FBgn0029504,1,0,0.6217199,0.3782801,0.6217199,False
FBgn0029525,1,0,0.62414664,0.37585336,0.62414664,False
FBgn0029629,1,0,0.75868535,0.24131465,0.75868535,False
FBgn0029686,1,0,0.6257457,0.3742543,0.6257457,False
FBgn0029688,1,0,0.63403434,0.36596566,0.63403434,False
FBgn0029807,1,0,0.6220226,0.37797737,0.6220226,False
FBgn0029858,1,0,0.70337677,0.29662323,0.70337677,False
FBgn0029867,1,0,0.7630609,0.23693907,0.7630609,False
FBgn0029905,1,0,0.79138434,0.20861566,0.79138434,False
FBgn0029911,1,0,0.6386215,0.3613785,0.6386215,False
FBgn0029944,1,0,0.5812027,0.4187973,0.5812027,False
FBgn0030007,1,0,0.7175087,0.28249133,0.7175087,False
FBgn0030034,1,0,0.650927,0.349073,0.650927,False
FBgn0030058,1,0,0.7291218,0.2708782,0.7291218,False
FBgn0030093,1,0,0.6804796,0.3195204,0.6804796,False
FBgn0030104,1,0,0.6535156,0.34648442,0.6535156,False
FBgn0030107,1,0,0.87638,0.12361997,0.87638,False
FBgn0030136,1,0,0.61756516,0.38243484,0.61756516,False
FBgn0030354,1,0,0.7331838,0.2668162,0.7331838,False
FBgn0030474,1,0,0.7015647,0.29843527,0.7015647,False
FBgn0030569,1,0,0.70707303,0.29292697,0.70707303,False
FBgn0030878,1,0,0.78531504,0.21468496,0.78531504,False
FBgn0031039,1,0,0.7035073,0.2964927,0.7035073,False
FBgn0031068,1,0,0.78111523,0.21888477,0.78111523,False
FBgn0031088,1,0,0.6423978,0.35760218,0.6423978,False
FBgn0031420,1,0,0.6707475,0.32925248,0.6707475,False
FBgn0031493,1,0,0.6143225,0.38567752,0.6143225,False
FBgn0031538,1,0,0.6849916,0.3150084,0.6849916,False
FBgn0031607,1,0,0.7632769,0.23672312,0.7632769,False
FBgn0031737,1,0,0.88819206,0.11180794,0.88819206,False
FBgn0031762,1,0,0.6620072,0.3379928,0.6620072,False
FBgn0031977,1,0,0.54715085,0.45284915,0.54715085,False
FBgn0031980,1,0,0.93032503,0.06967497,0.93032503,False
FBgn0031986,1,0,0.5372713,0.46272868,0.5372713,False
FBgn0032136,1,0,0.6650996,0.33490038,0.6650996,False
FBgn0032305,1,0,0.57568914,0.42431086,0.57568914,False
FBgn0032421,1,0,0.6070204,0.39297962,0.6070204,False
FBgn0032490,1,0,0.65477103,0.34522897,0.65477103,False
FBgn0032518,1,1,0.9806784,0.01932162,0.9806784,True
FBgn0032634,1,0,0.6630169,0.33698308,0.6630169,False
FBgn0032750,1,0,0.62996435,0.37003565,0.62996435,False
FBgn0032789,1,0,0.64383346,0.35616654,0.64383346,False
FBgn0032811,1,0,0.71613264,0.28386736,0.71613264,False
FBgn0032812,1,0,0.7031686,0.29683143,0.7031686,False
FBgn0032919,1,0,0.616619,0.383381,0.616619,False
FBgn0032988,1,0,0.6433314,0.3566686,0.6433314,False
FBgn0033081,1,0,0.8972567,0.10274333,0.8972567,False
FBgn0033349,1,0,0.8450278,0.1549722,0.8450278,False
FBgn0033368,1,0,0.74728614,0.25271386,0.74728614,False
FBgn0033379,1,0,0.6177616,0.3822384,0.6177616,False
FBgn0033403,1,0,0.676659,0.323341,0.676659,False
FBgn0033498,1,0,0.5286719,0.47132808,0.5286719,False
FBgn0033539,1,0,0.61193997,0.38806003,0.61193997,False
FBgn0033649,1,0,0.61784804,0.38215196,0.61784804,False
FBgn0033728,1,0,0.88908637,0.110913634,0.88908637,False
FBgn0033731,1,0,0.60619396,0.39380604,0.60619396,False
FBgn0033859,1,0,0.64914376,0.35085624,0.64914376,False
FBgn0034051,1,0,0.7010505,0.29894948,0.7010505,False
FBgn0034073,1,0,0.5811584,0.4188416,0.5811584,False
FBgn0034084,1,0,0.8181884,0.18181157,0.8181884,False
FBgn0034091,1,0,0.5927004,0.40729958,0.5927004,False
FBgn0034138,1,0,0.9431311,0.05686891,0.9431311,False
FBgn0034243,1,0,0.6586552,0.34134477,0.6586552,False
FBgn0034258,1,0,0.6793956,0.32060438,0.6793956,False
FBgn0034475,1,0,0.502051,0.497949,0.502051,False
FBgn0034537,1,0,0.6753843,0.32461572,0.6753843,False
FBgn0034577,1,0,0.711568,0.288432,0.711568,False
FBgn0034743,1,0,0.82882327,0.17117673,0.82882327,False
FBgn0034915,1,0,0.86544394,0.13455606,0.86544394,False
FBgn0034994,1,0,0.63413453,0.36586547,0.63413453,False
FBgn0035173,1,0,0.68176985,0.31823015,0.68176985,False
FBgn0035205,1,0,0.6525646,0.3474354,0.6525646,False
FBgn0035253,1,0,0.6060272,0.3939728,0.6060272,False
FBgn0035271,1,0,0.59889555,0.40110445,0.59889555,False
FBgn0035282,1,0,0.90521485,0.094785154,0.90521485,False
FBgn0035383,1,0,0.61874986,0.38125014,0.61874986,False
FBgn0035473,1,0,0.8860846,0.113915384,0.8860846,False
FBgn0035524,1,0,0.6463805,0.35361952,0.6463805,False
FBgn0035526,1,0,0.62346905,0.37653095,0.62346905,False
FBgn0035643,1,0,0.6545083,0.3454917,0.6545083,False
FBgn0035675,1,0,0.5157057,0.4842943,0.5157057,False
FBgn0035699,1,0,0.68424916,0.31575084,0.68424916,False
FBgn0035713,1,0,0.62847114,0.37152886,0.62847114,False
FBgn0035725,1,0,0.68744767,0.31255233,0.68744767,False
FBgn0035753,1,0,0.73261344,0.26738656,0.73261344,False
FBgn0035763,1,0,0.73538846,0.26461154,0.73538846,False
FBgn0035776,1,0,0.64091885,0.35908115,0.64091885,False
FBgn0035977,1,0,0.59767145,0.40232855,0.59767145,False
FBgn0035988,1,0,0.6246795,0.3753205,0.6246795,False
FBgn0035993,1,0,0.63588965,0.36411035,0.63588965,False
FBgn0036152,1,0,0.7163203,0.28367972,0.7163203,False
FBgn0036188,1,0,0.7750734,0.22492659,0.7750734,False
FBgn0036314,1,0,0.70657915,0.29342085,0.70657915,False
FBgn0036640,1,0,0.6729724,0.32702762,0.6729724,False
FBgn0036695,1,0,0.5494901,0.4505099,0.5494901,False
FBgn0036775,1,0,0.72687584,0.27312416,0.72687584,False
FBgn0036801,1,0,0.6742316,0.3257684,0.6742316,False
FBgn0036811,1,0,0.69961804,0.30038196,0.69961804,False
FBgn0036839,1,0,0.5814712,0.4185288,0.5814712,False
FBgn0036974,1,0,0.7037483,0.2962517,0.7037483,False
FBgn0037025,1,0,0.6157989,0.3842011,0.6157989,False
FBgn0037171,1,0,0.6759128,0.3240872,0.6759128,False
FBgn0037206,1,0,0.68561196,0.31438804,0.68561196,False
FBgn0037249,1,0,0.70683384,0.29316616,0.70683384,False
FBgn0037270,1,0,0.8284898,0.17151022,0.8284898,False
FBgn0037313,1,0,0.6148133,0.38518667,0.6148133,False
FBgn0037328,1,0,0.91813505,0.08186495,0.91813505,False
FBgn0037351,1,0,0.9192998,0.08070022,0.9192998,False
FBgn0037374,1,0,0.7787283,0.2212717,0.7787283,False
FBgn0037521,1,0,0.67492956,0.32507044,0.67492956,False
FBgn0037573,1,0,0.7439745,0.2560255,0.7439745,False
FBgn0037618,1,0,0.6650461,0.3349539,0.6650461,False
FBgn0037655,1,0,0.6170256,0.3829744,0.6170256,False
FBgn0037657,1,0,0.7029715,0.29702848,0.7029715,False
FBgn0037672,1,0,0.6703326,0.3296674,0.6703326,False
FBgn0037778,1,0,0.6928008,0.30719918,0.6928008,False
FBgn0037935,1,0,0.62786597,0.37213403,0.62786597,False
FBgn0038106,1,0,0.72847134,0.27152866,0.72847134,False
FBgn0038126,1,0,0.6842569,0.3157431,0.6842569,False
FBgn0038167,1,0,0.68091846,0.31908154,0.68091846,False
FBgn0038199,1,0,0.5527711,0.4472289,0.5527711,False
FBgn0038211,1,0,0.65909326,0.34090674,0.65909326,False
FBgn0038339,1,0,0.71026415,0.28973585,0.71026415,False
FBgn0038377,1,0,0.7523457,0.24765432,0.7523457,False
FBgn0038487,1,0,0.84030986,0.15969014,0.84030986,False
FBgn0038570,1,0,0.747358,0.25264198,0.747358,False
FBgn0038598,1,0,0.7198001,0.2801999,0.7198001,False
FBgn0038715,1,0,0.5945883,0.40541172,0.5945883,False
FBgn0038834,1,0,0.7972043,0.20279568,0.7972043,False
FBgn0038846,1,0,0.617698,0.382302,0.617698,False
FBgn0038862,1,0,0.6488015,0.3511985,0.6488015,False
FBgn0038872,1,0,0.63689524,0.36310476,0.63689524,False
FBgn0038945,1,0,0.6185916,0.3814084,0.6185916,False
FBgn0039078,1,0,0.61300784,0.38699216,0.61300784,False
FBgn0039172,1,0,0.7209458,0.27905422,0.7209458,False
FBgn0039175,1,0,0.638177,0.36182302,0.638177,False
FBgn0039195,1,0,0.6345351,0.36546493,0.6345351,False
FBgn0039218,1,0,0.63024354,0.36975646,0.63024354,False
FBgn0039346,1,0,0.54195786,0.45804214,0.54195786,False
FBgn0039402,1,0,0.6868398,0.31316018,0.6868398,False
FBgn0039406,1,0,0.9462808,0.053719223,0.9462808,False
FBgn0039411,1,0,0.6348189,0.3651811,0.6348189,False
FBgn0039448,1,0,0.79551613,0.20448387,0.79551613,False
FBgn0039450,1,0,0.6440796,0.35592037,0.6440796,False
FBgn0039633,1,0,0.6575149,0.34248507,0.6575149,False
FBgn0039828,1,0,0.8701292,0.12987077,0.8701292,False
FBgn0039857,1,1,0.98661613,0.013383865,0.98661613,True
FBgn0039977,1,0,0.61579925,0.38420075,0.61579925,False
FBgn0040007,1,0,0.6687403,0.33125973,0.6687403,False
FBgn0040066,1,0,0.7026331,0.29736692,0.7026331,False
FBgn0040078,1,0,0.7063037,0.29369628,0.7063037,False
FBgn0040354,1,0,0.7858895,0.2141105,0.7858895,False
FBgn0040357,1,0,0.6187649,0.38123512,0.6187649,False
FBgn0040398,1,0,0.8269268,0.17307317,0.8269268,False
FBgn0040477,1,0,0.7013029,0.2986971,0.7013029,False
FBgn0040512,1,0,0.6923819,0.30761808,0.6923819,False
FBgn0040623,1,0,0.79942256,0.20057744,0.79942256,False
FBgn0040688,1,0,0.8463098,0.15369022,0.8463098,False
FBgn0040922,1,0,0.60960555,0.39039445,0.60960555,False
FBgn0041092,1,0,0.6626656,0.3373344,0.6626656,False
FBgn0041105,1,0,0.6327363,0.36726367,0.6327363,False
FBgn0041171,1,0,0.6090864,0.3909136,0.6090864,False
FBgn0041775,1,0,0.7153161,0.28468388,0.7153161,False
FBgn0044452,1,0,0.621979,0.378021,0.621979,False
FBgn0051005,1,0,0.71858376,0.28141624,0.71858376,False
FBgn0051368,1,0,0.6548481,0.3451519,0.6548481,False
FBgn0051374,1,0,0.6320583,0.36794168,0.6320583,False
FBgn0051439,1,0,0.62062454,0.37937546,0.62062454,False
FBgn0051472,1,0,0.6638117,0.33618832,0.6638117,False
FBgn0051481,1,0,0.667056,0.33294398,0.667056,False
FBgn0051852,1,0,0.63641715,0.36358285,0.63641715,False
FBgn0052512,1,0,0.7440786,0.25592142,0.7440786,False
FBgn0052576,1,0,0.4891252,0.5108748,0.5108748,False
FBgn0053196,1,0,0.5827428,0.4172572,0.5827428,False
FBgn0053217,1,0,0.5011356,0.4988644,0.5011356,False
FBgn0053270,1,0,0.4763486,0.52365136,0.52365136,False
FBgn0053459,1,0,0.5923803,0.4076197,0.5923803,False
FBgn0053500,1,0,0.4552676,0.5447324,0.5447324,False
FBgn0063368,1,0,0.5970604,0.40293962,0.5970604,False
FBgn0063670,1,0,0.37462175,0.62537825,0.62537825,False
FBgn0064225,1,0,0.6502683,0.34973168,0.6502683,False
FBgn0069973,1,0,0.6594867,0.3405133,0.6594867,False
FBgn0083981,1,0,0.7183364,0.2816636,0.7183364,False
FBgn0083983,1,0,0.6180297,0.3819703,0.6180297,False
FBgn0085188,1,0,0.5846776,0.41532242,0.5846776,False
FBgn0085383,1,0,0.8581189,0.14188111,0.8581189,False
FBgn0085417,1,0,0.6213005,0.37869948,0.6213005,False
FBgn0085436,1,0,0.6406392,0.3593608,0.6406392,False
FBgn0085444,1,0,0.6107919,0.38920808,0.6107919,False
FBgn0085468,1,0,0.55394846,0.44605154,0.55394846,False
FBgn0085484,1,0,0.72574526,0.27425474,0.72574526,False
FBgn0086265,1,0,0.6195651,0.38043487,0.6195651,False
FBgn0086371,1,0,0.5893563,0.4106437,0.5893563,False
FBgn0086445,1,0,0.6775168,0.32248318,0.6775168,False
FBgn0086446,1,0,0.67955655,0.32044345,0.67955655,False
FBgn0086447,1,0,0.60511327,0.39488673,0.60511327,False
FBgn0086448,1,0,0.49750504,0.50249493,0.50249493,False
FBgn0086708,1,0,0.7546837,0.24531633,0.7546837,False
FBgn0086779,1,0,0.595426,0.40457398,0.595426,False
FBgn0086917,1,0,0.506654,0.49334598,0.506654,False
FBgn0243486,1,0,0.67226386,0.32773614,0.67226386,False
FBgn0250785,1,0,0.6353664,0.36463362,0.6353664,False
FBgn0250843,1,0,0.7808412,0.21915883,0.7808412,False
FBgn0259162,1,0,0.64285207,0.35714793,0.64285207,False
FBgn0259212,1,0,0.65057147,0.34942853,0.65057147,False
FBgn0259712,1,0,0.7004335,0.2995665,0.7004335,False
FBgn0260935,1,0,0.64048725,0.35951275,0.64048725,False
FBgn0260962,1,0,0.63154733,0.36845267,0.63154733,False
FBgn0260972,1,0,0.7152128,0.28478718,0.7152128,False
FBgn0260987,1,0,0.5899422,0.41005778,0.5899422,False
FBgn0261049,1,0,0.68803406,0.31196594,0.68803406,False
FBgn0261373,1,0,0.56479174,0.43520826,0.56479174,False
FBgn0261437,1,0,0.56985044,0.43014956,0.56985044,False
FBgn0261592,1,0,0.86765105,0.13234895,0.86765105,False
FBgn0261608,1,0,0.75431275,0.24568725,0.75431275,False
FBgn0261609,1,0,0.7048706,0.29512942,0.7048706,False
FBgn0261611,1,0,0.752286,0.24771398,0.752286,False
FBgn0261710,1,0,0.63650066,0.36349934,0.63650066,False
FBgn0261789,1,0,0.63439655,0.36560345,0.63439655,False
FBgn0261790,1,0,0.8690294,0.1309706,0.8690294,False
FBgn0261933,1,0,0.81236416,0.18763584,0.81236416,False
FBgn0262116,1,0,0.3832847,0.6167153,0.6167153,False
FBgn0262123,1,0,0.5592817,0.4407183,0.5592817,False
FBgn0262126,1,0,0.7027546,0.29724538,0.7027546,False
FBgn0262139,1,0,0.7036934,0.2963066,0.7036934,False
FBgn0262619,1,0,0.6277718,0.3722282,0.6277718,False
FBgn0263006,1,0,0.65529233,0.34470767,0.65529233,False
FBgn0263029,1,0,0.58584636,0.41415364,0.58584636,False
FBgn0263079,1,0,0.7399721,0.2600279,0.7399721,False
FBgn0263112,1,0,0.5871448,0.4128552,0.5871448,False
FBgn0263121,1,0,0.7740207,0.22597933,0.7740207,False
FBgn0263390,1,0,0.68608105,0.31391895,0.68608105,False
FBgn0263598,1,1,0.9602474,0.039752603,0.9602474,True
FBgn0263606,1,0,0.58753127,0.41246873,0.58753127,False
FBgn0263977,1,0,0.5041111,0.4958889,0.5041111,False
FBgn0264090,1,0,0.69325846,0.30674154,0.69325846,False
FBgn0264962,1,0,0.6289124,0.3710876,0.6289124,False
FBgn0265011,1,0,0.5998083,0.40019172,0.5998083,False
FBgn0265190,1,0,0.8062026,0.19379741,0.8062026,False
FBgn0265434,1,0,0.6850843,0.31491572,0.6850843,False
FBgn0265597,1,0,0.6565453,0.34345472,0.6565453,False
FBgn0266410,1,0,0.5763126,0.4236874,0.5763126,False
FBgn0266421,1,0,0.71498895,0.28501105,0.71498895,False
FBgn0266441,1,0,0.6387507,0.36124933,0.6387507,False
FBgn0266445,1,0,0.52833164,0.47166836,0.52833164,False
FBgn0267350,1,0,0.6505084,0.3494916,0.6505084,False
FBgn0267398,1,0,0.49733347,0.50266653,0.50266653,False
FBgn0267698,1,0,0.63303906,0.36696094,0.63303906,False
FBgn0000022,0,0,0.5182103,0.4817897,0.5182103,True
FBgn0000032,0,0,0.73721457,0.26278543,0.73721457,True
FBgn0000036,0,0,0.6373713,0.3626287,0.6373713,True
FBgn0000037,0,0,0.67572457,0.32427543,0.67572457,True
FBgn0000038,0,0,0.69356245,0.30643755,0.69356245,True
FBgn0000039,0,0,0.66642994,0.33357006,0.66642994,True
FBgn0000084,0,0,0.89345366,0.10654634,0.89345366,True
FBgn0000092,0,0,0.8943658,0.10563421,0.8943658,True
FBgn0000094,0,0,0.42544848,0.5745515,0.5745515,True
FBgn0000120,0,0,0.78783953,0.21216047,0.78783953,True
FBgn0000121,0,0,0.8279598,0.17204022,0.8279598,True
FBgn0000152,0,0,0.704766,0.29523402,0.704766,True
FBgn0000158,0,0,0.7678955,0.23210448,0.7678955,True
FBgn0000206,0,0,0.65837455,0.34162545,0.65837455,True
FBgn0000216,0,0,0.66823995,0.33176005,0.66823995,True
FBgn0000227,0,0,0.6897145,0.3102855,0.6897145,True
FBgn0000241,0,0,0.7390512,0.26094878,0.7390512,True
FBgn0000244,0,0,0.57859963,0.42140037,0.57859963,True
FBgn0000246,0,0,0.59269595,0.40730405,0.59269595,True
FBgn0000247,0,0,0.6250675,0.37493253,0.6250675,True
FBgn0000259,0,0,0.58078957,0.41921043,0.58078957,True
FBgn0000276,0,0,0.8463429,0.15365708,0.8463429,True
FBgn0000277,0,0,0.89654005,0.103459954,0.89654005,True
FBgn0000278,0,0,0.62937695,0.37062305,0.62937695,True
FBgn0000286,0,0,0.6505196,0.3494804,0.6505196,True
FBgn0000318,0,0,0.6198918,0.38010818,0.6198918,True
FBgn0000337,0,0,0.6572664,0.34273362,0.6572664,True
FBgn0000355,0,0,0.8084431,0.19155687,0.8084431,True
FBgn0000356,0,0,0.83304566,0.16695434,0.83304566,True
FBgn0000358,0,0,0.86739105,0.13260895,0.86739105,True
FBgn0000359,0,0,0.6922572,0.30774277,0.6922572,True
FBgn0000360,0,0,0.7951326,0.20486742,0.7951326,True
FBgn0000392,0,0,0.6454517,0.35454828,0.6454517,True
FBgn0000405,0,0,0.74108094,0.25891906,0.74108094,True
FBgn0000406,0,0,0.63771033,0.36228967,0.63771033,True
FBgn0000416,0,0,0.6709802,0.32901978,0.6709802,True
FBgn0000427,0,0,0.64956254,0.35043746,0.64956254,True
FBgn0000442,0,0,0.66819465,0.33180535,0.66819465,True
FBgn0000454,0,0,0.882258,0.117742,0.882258,True
FBgn0000455,0,0,0.71085286,0.28914714,0.71085286,True
FBgn0000473,0,0,0.7523789,0.24762112,0.7523789,True
FBgn0000477,0,0,0.6740821,0.3259179,0.6740821,True
FBgn0000489,0,0,0.5757807,0.4242193,0.5757807,True
FBgn0000500,0,0,0.65791786,0.34208214,0.65791786,True
FBgn0000527,0,0,0.6833452,0.3166548,0.6833452,True
FBgn0000529,0,0,0.7144985,0.28550148,0.7144985,True
FBgn0000535,0,0,0.64778584,0.35221416,0.64778584,True
FBgn0000551,0,0,0.5261665,0.4738335,0.5261665,True
FBgn0000552,0,0,0.6391008,0.3608992,0.6391008,True
FBgn0000562,0,0,0.6748489,0.3251511,0.6748489,True
FBgn0000565,0,0,0.6822627,0.31773728,0.6822627,True
FBgn0000594,0,0,0.57060736,0.42939264,0.57060736,True
FBgn0000618,0,0,0.6859352,0.3140648,0.6859352,True
FBgn0000633,0,0,0.6496827,0.3503173,0.6496827,True
FBgn0000636,0,0,0.77157813,0.22842187,0.77157813,True
FBgn0000639,0,0,0.74309623,0.25690377,0.74309623,True
FBgn0000644,0,0,0.63956213,0.36043787,0.63956213,True
FBgn0000658,0,0,0.72765225,0.27234775,0.72765225,True
FBgn0000964,0,0,0.86857504,0.13142496,0.86857504,True
FBgn0001084,0,0,0.6112473,0.3887527,0.6112473,True
FBgn0001085,0,0,0.6117872,0.3882128,0.6117872,True
FBgn0001089,0,0,0.6295139,0.37048608,0.6295139,True
FBgn0001091,0,0,0.93815863,0.06184137,0.93815863,True
FBgn0001092,0,0,0.9436765,0.05632353,0.9436765,True
FBgn0001098,0,0,0.93468374,0.06531626,0.93468374,True
FBgn0001104,0,0,0.7154564,0.28454357,0.7154564,True
FBgn0001114,0,0,0.615027,0.384973,0.615027,True
FBgn0001125,0,0,0.8318849,0.16811508,0.8318849,True
FBgn0001134,0,0,0.6838548,0.31614518,0.6838548,True
FBgn0001149,0,0,0.7981928,0.2018072,0.7981928,True
FBgn0001174,0,0,0.8043758,0.19562417,0.8043758,True
FBgn0001187,0,0,0.639202,0.360798,0.639202,True
FBgn0001202,0,0,0.68900675,0.31099325,0.68900675,True
FBgn0001206,0,0,0.5884923,0.41150773,0.5884923,True
FBgn0001217,0,0,0.8548487,0.14515132,0.8548487,True
FBgn0001223,0,0,0.85175633,0.14824367,0.85175633,True
FBgn0001224,0,0,0.80701625,0.19298375,0.80701625,True
FBgn0001225,0,0,0.8972398,0.102760196,0.8972398,True
FBgn0001226,0,0,0.73907197,0.26092803,0.73907197,True
FBgn0001228,0,0,0.6570681,0.34293193,0.6570681,True
FBgn0001229,0,0,0.6513896,0.3486104,0.6513896,True
FBgn0001247,0,0,0.64781696,0.35218304,0.64781696,True
FBgn0001254,0,0,0.67341596,0.32658404,0.67341596,True
FBgn0001255,0,0,0.58909076,0.41090924,0.58909076,True
FBgn0001256,0,0,0.6812862,0.31871378,0.6812862,True
FBgn0001257,0,0,0.74312055,0.25687945,0.74312055,True
FBgn0001258,0,0,0.79245067,0.20754933,0.79245067,True
FBgn0001263,0,0,0.6190103,0.38098967,0.6190103,True
FBgn0001269,0,0,0.66019356,0.33980644,0.66019356,True
FBgn0001280,0,0,0.5866708,0.41332918,0.5866708,True
FBgn0001281,0,0,0.5766584,0.42334157,0.5766584,True
FBgn0001296,0,0,0.73221385,0.26778615,0.73221385,True
FBgn0001313,0,0,0.60377204,0.39622796,0.60377204,True
FBgn0001316,0,0,0.6416883,0.3583117,0.6416883,True
FBgn0001323,0,0,0.64305633,0.35694367,0.64305633,True
FBgn0002036,0,0,0.6695906,0.3304094,0.6695906,True
FBgn0002531,0,0,0.6487674,0.3512326,0.6487674,True
FBgn0002533,0,0,0.624608,0.37539202,0.624608,True
FBgn0002534,0,0,0.8813061,0.11869389,0.8813061,True
FBgn0002535,0,0,0.9041385,0.095861495,0.9041385,True
FBgn0002562,0,0,0.789354,0.21064597,0.789354,True
FBgn0002563,0,1,0.9503253,0.04967469,0.9503253,False
FBgn0002564,0,0,0.713705,0.286295,0.713705,True
FBgn0002567,0,0,0.7012471,0.2987529,0.7012471,True
FBgn0002569,0,0,0.6623575,0.3376425,0.6623575,True
FBgn0002570,0,0,0.64063156,0.35936844,0.64063156,True
FBgn0002571,0,0,0.70718974,0.29281026,0.70718974,True
FBgn0002576,0,0,0.67615277,0.32384723,0.67615277,True
FBgn0002577,0,0,0.6746432,0.32535678,0.6746432,True
FBgn0002578,0,0,0.61646694,0.38353306,0.61646694,True
FBgn0002632,0,0,0.6337844,0.3662156,0.6337844,True
FBgn0002633,0,0,0.7309113,0.2690887,0.7309113,True
FBgn0002641,0,0,0.6231121,0.37688792,0.6231121,True
FBgn0002645,0,0,0.62912554,0.37087446,0.62912554,True
FBgn0002673,0,0,0.62832624,0.37167376,0.62832624,True
FBgn0002707,0,0,0.618002,0.381998,0.618002,True
FBgn0002709,0,0,0.6207596,0.3792404,0.6207596,True
FBgn0002715,0,0,0.5221181,0.4778819,0.5221181,True
FBgn0002719,0,0,0.6512242,0.3487758,0.6512242,True
FBgn0002773,0,0,0.85803,0.14196998,0.85803,True
FBgn0002789,0,1,0.9636107,0.03638929,0.9636107,False
FBgn0002842,0,0,0.7558326,0.24416739,0.7558326,True
FBgn0002855,0,0,0.5463902,0.45360982,0.5463902,True
FBgn0002856,0,0,0.37843663,0.6215634,0.6215634,True
FBgn0002863,0,0,0.394334,0.60566604,0.60566604,True
FBgn0002865,0,0,0.66995114,0.33004886,0.66995114,True
FBgn0002868,0,0,0.52948856,0.47051144,0.52948856,True
FBgn0002872,0,0,0.61661434,0.38338566,0.61661434,True
FBgn0002887,0,0,0.6365641,0.36343592,0.6365641,True
FBgn0002891,0,0,0.62265486,0.37734514,0.62265486,True
FBgn0002899,0,0,0.61154556,0.38845444,0.61154556,True
FBgn0002901,0,0,0.628454,0.37154597,0.628454,True
FBgn0002905,0,0,0.6471573,0.3528427,0.6471573,True
FBgn0002909,0,0,0.6047301,0.39526987,0.6047301,True
FBgn0002931,0,0,0.6134654,0.38653457,0.6134654,True
FBgn0002936,0,0,0.6999662,0.3000338,0.6999662,True
FBgn0002937,0,0,0.58465475,0.41534525,0.58465475,True
FBgn0002938,0,0,0.6849489,0.31505108,0.6849489,True
FBgn0002940,0,0,0.81328195,0.18671805,0.81328195,True
FBgn0002989,0,0,0.637138,0.362862,0.637138,True
FBgn0003008,0,0,0.71965486,0.28034514,0.71965486,True
FBgn0003065,0,0,0.72875345,0.27124655,0.72875345,True
FBgn0003067,0,0,0.7650009,0.23499912,0.7650009,True
FBgn0003068,0,0,0.76584417,0.23415583,0.76584417,True
FBgn0003082,0,0,0.6268166,0.37318343,0.6268166,True
FBgn0003086,0,0,0.46445188,0.5355481,0.5355481,True
FBgn0003090,0,0,0.7858701,0.21412992,0.7858701,True
FBgn0003091,0,0,0.603772,0.39622802,0.603772,True
FBgn0003134,0,0,0.7237542,0.27624577,0.7237542,True
FBgn0003140,0,0,0.6493612,0.3506388,0.6493612,True
FBgn0003159,0,0,0.6404916,0.3595084,0.6404916,True
FBgn0003175,0,0,0.66874677,0.33125323,0.66874677,True
FBgn0003187,0,0,0.63799286,0.36200714,0.63799286,True
FBgn0003210,0,0,0.62189496,0.37810504,0.62189496,True
FBgn0003218,0,0,0.5997491,0.4002509,0.5997491,True
FBgn0003227,0,0,0.6181835,0.3818165,0.6181835,True
FBgn0003248,0,0,0.64447933,0.35552067,0.64447933,True
FBgn0003249,0,0,0.77371424,0.22628576,0.77371424,True
FBgn0003250,0,0,0.7483198,0.2516802,0.7483198,True
FBgn0003257,0,0,0.66124725,0.33875275,0.66124725,True
FBgn0003274,0,1,0.9637718,0.03622818,0.9637718,False
FBgn0003302,0,0,0.69665706,0.30334294,0.69665706,True
FBgn0003313,0,0,0.5590111,0.4409889,0.5590111,True
FBgn0003358,0,0,0.5843173,0.41568267,0.5843173,True
FBgn0003372,0,0,0.58204603,0.41795397,0.58204603,True
FBgn0003375,0,0,0.5264528,0.47354722,0.5264528,True
FBgn0003377,0,0,0.475214,0.524786,0.524786,True
FBgn0003380,0,0,0.55350107,0.44649893,0.55350107,True
FBgn0003401,0,0,0.7110663,0.2889337,0.7110663,True
FBgn0003410,0,0,0.7143975,0.2856025,0.7143975,True
FBgn0003416,0,0,0.66402733,0.33597267,0.66402733,True
FBgn0003423,0,0,0.7473633,0.25263667,0.7473633,True
FBgn0003429,0,0,0.6250529,0.37494707,0.6250529,True
FBgn0003447,0,0,0.6738316,0.32616842,0.6738316,True
FBgn0003464,0,0,0.73865384,0.26134616,0.73865384,True
FBgn0003479,0,0,0.71633416,0.28366584,0.71633416,True
FBgn0003480,0,0,0.6453665,0.3546335,0.6453665,True
FBgn0003482,0,0,0.58068824,0.41931176,0.58068824,True
FBgn0003510,0,0,0.65145147,0.34854853,0.65145147,True
FBgn0003527,0,0,0.71284735,0.28715265,0.71284735,True
FBgn0003638,0,0,0.63419497,0.36580503,0.63419497,True
FBgn0003656,0,0,0.6721407,0.32785928,0.6721407,True
FBgn0003741,0,0,0.70183676,0.29816324,0.70183676,True
FBgn0003747,0,0,0.636137,0.363863,0.636137,True
FBgn0003861,0,0,0.58177257,0.41822743,0.58177257,True
FBgn0003889,0,0,0.75857896,0.24142104,0.75857896,True
FBgn0003890,0,0,0.9432323,0.056767702,0.9432323,True
FBgn0003943,0,0,0.5838117,0.4161883,0.5838117,True
FBgn0003965,0,0,0.63103884,0.36896116,0.63103884,True
FBgn0003969,0,0,0.64304626,0.35695374,0.64304626,True
FBgn0003979,0,0,0.78100896,0.21899104,0.78100896,True
FBgn0003980,0,0,0.7691304,0.23086959,0.7691304,True
FBgn0003996,0,0,0.74629116,0.25370884,0.74629116,True
FBgn0004034,0,0,0.6431691,0.3568309,0.6431691,True
FBgn0004045,0,1,0.9776959,0.022304118,0.9776959,False
FBgn0004052,0,0,0.7980465,0.20195347,0.7980465,True
FBgn0004055,0,0,0.6061023,0.3938977,0.6061023,True
FBgn0004066,0,0,0.92578906,0.07421094,0.92578906,True
FBgn0004087,0,0,0.69043463,0.30956537,0.69043463,True
FBgn0004108,0,0,0.64202696,0.35797304,0.64202696,True
FBgn0004173,0,0,0.32331324,0.67668676,0.67668676,True
FBgn0004175,0,0,0.36701164,0.63298833,0.63298833,True
FBgn0004181,0,0,0.5361155,0.46388447,0.5361155,True
FBgn0004228,0,0,0.5189645,0.48103547,0.5189645,True
FBgn0004237,0,0,0.8946976,0.10530239,0.8946976,True
FBgn0004359,0,0,0.9440919,0.055908084,0.9440919,True
FBgn0004360,0,0,0.63108957,0.36891043,0.63108957,True
FBgn0004367,0,0,0.65304875,0.34695125,0.65304875,True
FBgn0004368,0,0,0.612365,0.387635,0.612365,True
FBgn0004369,0,0,0.61466086,0.38533914,0.61466086,True
FBgn0004370,0,0,0.62652767,0.37347233,0.62652767,True
FBgn0004372,0,0,0.6311609,0.3688391,0.6311609,True
FBgn0004373,0,0,0.6517501,0.3482499,0.6517501,True
FBgn0004387,0,0,0.63349074,0.36650926,0.63349074,True
FBgn0004390,0,0,0.6169688,0.3830312,0.6169688,True
FBgn0004397,0,0,0.6750574,0.3249426,0.6750574,True
FBgn0004400,0,0,0.615797,0.38420302,0.615797,True
FBgn0004401,0,0,0.74085975,0.25914025,0.74085975,True
FBgn0004429,0,0,0.62072086,0.37927914,0.62072086,True
FBgn0004430,0,0,0.77153397,0.22846603,0.77153397,True
FBgn0004431,0,0,0.4891334,0.51086664,0.51086664,True
FBgn0004465,0,0,0.6681778,0.33182222,0.6681778,True
FBgn0004512,0,0,0.6208011,0.3791989,0.6208011,True
FBgn0004513,0,0,0.6350076,0.36499238,0.6350076,True
FBgn0004514,0,0,0.7328289,0.26717108,0.7328289,True
FBgn0004554,0,0,0.54918236,0.45081764,0.54918236,True
FBgn0004573,0,0,0.639235,0.36076498,0.639235,True
FBgn0004575,0,0,0.6490054,0.3509946,0.6490054,True
FBgn0004580,0,0,0.61400485,0.38599515,0.61400485,True
FBgn0004581,0,0,0.67097527,0.32902473,0.67097527,True
FBgn0004584,0,0,0.5758169,0.42418307,0.5758169,True
FBgn0004588,0,0,0.63126004,0.36873996,0.63126004,True
FBgn0004590,0,0,0.55303156,0.44696844,0.55303156,True
FBgn0004594,0,0,0.4034144,0.59658563,0.59658563,True
FBgn0004611,0,0,0.65279245,0.34720755,0.65279245,True
FBgn0004619,0,0,0.6032174,0.39678258,0.6032174,True
FBgn0004622,0,0,0.66215235,0.33784765,0.66215235,True
FBgn0004623,0,0,0.74009275,0.25990725,0.74009275,True
FBgn0004629,0,0,0.5070339,0.49296612,0.5070339,True
FBgn0004687,0,0,0.90456605,0.09543395,0.90456605,True
FBgn0004698,0,0,0.608269,0.39173102,0.608269,True
FBgn0004779,0,0,0.7433389,0.25666112,0.7433389,True
FBgn0004783,0,0,0.91754216,0.08245784,0.91754216,True
FBgn0004784,0,0,0.677564,0.32243598,0.677564,True
FBgn0004797,0,0,0.607817,0.392183,0.607817,True
FBgn0004828,0,0,0.8546768,0.14532322,0.8546768,True
FBgn0004832,0,0,0.67667276,0.32332724,0.67667276,True
FBgn0004839,0,0,0.62304395,0.37695605,0.62304395,True
FBgn0004841,0,0,0.681803,0.318197,0.681803,True
FBgn0004842,0,0,0.6154903,0.38450968,0.6154903,True
FBgn0004852,0,0,0.6946926,0.3053074,0.6946926,True
FBgn0004860,0,0,0.6448791,0.3551209,0.6448791,True
FBgn0004896,0,0,0.720483,0.279517,0.720483,True
FBgn0004897,0,0,0.7361248,0.2638752,0.7361248,True
FBgn0004898,0,0,0.7070997,0.29290032,0.7070997,True
FBgn0004910,0,0,0.6762588,0.3237412,0.6762588,True
FBgn0004919,0,0,0.5991309,0.40086907,0.5991309,True
FBgn0005355,0,0,0.6442276,0.35577238,0.6442276,True
FBgn0005564,0,0,0.6717732,0.3282268,0.6717732,True
FBgn0005614,0,0,0.62891215,0.37108785,0.62891215,True
FBgn0005619,0,0,0.6621252,0.33787483,0.6621252,True
FBgn0005633,0,0,0.5537522,0.44624782,0.5537522,True
FBgn0005649,0,0,0.775639,0.224361,0.775639,True
FBgn0005658,0,0,0.80051404,0.19948596,0.80051404,True
FBgn0005660,0,0,0.757274,0.24272603,0.757274,True
FBgn0005664,0,0,0.8507051,0.14929491,0.8507051,True
FBgn0005670,0,0,0.67581505,0.32418495,0.67581505,True
FBgn0005694,0,0,0.63585526,0.36414474,0.63585526,True
FBgn0005695,0,0,0.6087345,0.3912655,0.6087345,True
FBgn0005696,0,0,0.6627265,0.33727348,0.6627265,True
FBgn0005775,0,0,0.64785963,0.35214037,0.64785963,True
FBgn0005778,0,0,0.65878105,0.34121895,0.65878105,True
FBgn0008651,0,0,0.72277576,0.27722424,0.72277576,True
FBgn0010014,0,0,0.6430907,0.35690928,0.6430907,True
FBgn0010038,0,0,0.7061158,0.29388422,0.7061158,True
FBgn0010039,0,0,0.652181,0.34781897,0.652181,True
FBgn0010040,0,0,0.8521138,0.14788622,0.8521138,True
FBgn0010041,0,0,0.723815,0.27618498,0.723815,True
FBgn0010042,0,0,0.48256865,0.5174314,0.5174314,True
FBgn0010043,0,0,0.803914,0.19608599,0.803914,True
FBgn0010044,0,0,0.6461015,0.35389853,0.6461015,True
FBgn0010052,0,0,0.69786036,0.30213964,0.69786036,True
FBgn0010053,0,0,0.61971915,0.38028085,0.61971915,True
FBgn0010226,0,0,0.89699024,0.10300976,0.89699024,True
FBgn0010240,0,0,0.6697254,0.33027458,0.6697254,True
FBgn0010258,0,0,0.67606026,0.32393974,0.67606026,True
FBgn0010263,0,0,0.73507494,0.26492506,0.73507494,True
FBgn0010287,0,0,0.73186386,0.26813614,0.73186386,True
FBgn0010295,0,0,0.72352386,0.27647614,0.72352386,True
FBgn0010315,0,0,0.6311016,0.3688984,0.6311016,True
FBgn0010329,0,0,0.6952605,0.30473948,0.6952605,True
FBgn0010339,0,0,0.6866047,0.31339532,0.6866047,True
FBgn0010342,0,0,0.7413441,0.2586559,0.7413441,True
FBgn0010357,0,0,0.8011529,0.19884712,0.8011529,True
FBgn0010385,0,0,0.7063192,0.2936808,0.7063192,True
FBgn0010387,0,0,0.79111034,0.20888966,0.79111034,True
FBgn0010388,0,0,0.47484308,0.5251569,0.5251569,True
FBgn0010395,0,0,0.59386915,0.40613085,0.59386915,True
FBgn0010399,0,0,0.6799731,0.32002687,0.6799731,True
FBgn0010401,0,0,0.70022726,0.29977274,0.70022726,True
FBgn0010403,0,0,0.7837064,0.21629357,0.7837064,True
FBgn0010406,0,0,0.64325565,0.35674435,0.64325565,True
FBgn0010407,0,0,0.6287802,0.3712198,0.6287802,True
FBgn0010408,0,0,0.93694645,0.06305355,0.93694645,True
FBgn0010414,0,0,0.7588651,0.24113488,0.7588651,True
FBgn0010425,0,0,0.84142405,0.15857595,0.84142405,True
FBgn0010435,0,0,0.60627806,0.39372194,0.60627806,True
FBgn0010497,0,0,0.7367607,0.26323932,0.7367607,True
FBgn0011206,0,0,0.67560446,0.32439554,0.67560446,True
FBgn0011230,0,0,0.6203597,0.37964028,0.6203597,True
FBgn0011244,0,0,0.6655932,0.3344068,0.6655932,True
FBgn0011270,0,0,0.7022608,0.2977392,0.7022608,True
FBgn0011276,0,0,0.7349606,0.26503938,0.7349606,True
FBgn0011277,0,0,0.7186586,0.28134137,0.7186586,True
FBgn0011279,0,0,0.4446132,0.5553868,0.5553868,True
FBgn0011280,0,0,0.73397774,0.26602226,0.73397774,True
FBgn0011281,0,1,0.953174,0.046826005,0.953174,False
FBgn0011289,0,0,0.8711363,0.12886369,0.8711363,True
FBgn0011293,0,0,0.8438156,0.15618438,0.8438156,True
FBgn0011296,0,0,0.77729243,0.22270757,0.77729243,True
FBgn0011554,0,0,0.6618942,0.3381058,0.6618942,True
FBgn0011555,0,0,0.63144237,0.36855763,0.63144237,True
FBgn0011556,0,0,0.6187061,0.3812939,0.6187061,True
FBgn0011569,0,0,0.6200664,0.3799336,0.6200664,True
FBgn0011582,0,0,0.73106235,0.26893765,0.73106235,True
FBgn0011584,0,0,0.76346207,0.23653793,0.76346207,True
FBgn0011592,0,0,0.6466921,0.3533079,0.6466921,True
FBgn0011596,0,0,0.6203127,0.3796873,0.6203127,True
FBgn0011603,0,0,0.65550137,0.34449863,0.65550137,True
FBgn0011642,0,0,0.55892605,0.44107395,0.55892605,True
FBgn0011659,0,0,0.6150484,0.3849516,0.6150484,True
FBgn0011660,0,0,0.65995777,0.34004223,0.65995777,True
FBgn0011666,0,0,0.7291619,0.27083808,0.7291619,True
FBgn0011668,0,0,0.514827,0.485173,0.514827,True
FBgn0011669,0,0,0.42118043,0.5788196,0.5788196,True
FBgn0011670,0,0,0.44056156,0.55943847,0.55943847,True
FBgn0011676,0,0,0.6203422,0.3796578,0.6203422,True
FBgn0011694,0,0,0.46853593,0.5314641,0.5314641,True
FBgn0011695,0,0,0.9474096,0.05259043,0.9474096,True
FBgn0011710,0,0,0.67092735,0.32907265,0.67092735,True
FBgn0011740,0,0,0.62992203,0.37007797,0.62992203,True
FBgn0011741,0,0,0.67431813,0.32568187,0.67431813,True
FBgn0011743,0,0,0.59698886,0.40301114,0.59698886,True
FBgn0011746,0,0,0.77004635,0.22995365,0.77004635,True
FBgn0011747,0,0,0.61560994,0.38439006,0.61560994,True
FBgn0011768,0,0,0.9116212,0.08837879,0.9116212,True
FBgn0011769,0,0,0.63286775,0.36713225,0.63286775,True
FBgn0011770,0,0,0.7417175,0.25828248,0.7417175,True
FBgn0011774,0,0,0.71863735,0.28136265,0.71863735,True
FBgn0011829,0,0,0.6310292,0.3689708,0.6310292,True
FBgn0011832,0,0,0.55154866,0.44845134,0.55154866,True
FBgn0011834,0,0,0.70031476,0.29968524,0.70031476,True
FBgn0011837,0,0,0.8292011,0.1707989,0.8292011,True
FBgn0012034,0,0,0.72724766,0.27275234,0.72724766,True
FBgn0012036,0,0,0.80046874,0.19953126,0.80046874,True
FBgn0012042,0,0,0.84916574,0.15083426,0.84916574,True
FBgn0012344,0,0,0.73966986,0.26033014,0.73966986,True
FBgn0013277,0,0,0.6765839,0.3234161,0.6765839,True
FBgn0013300,0,0,0.5089709,0.49102908,0.5089709,True
FBgn0013301,0,0,0.64703524,0.35296476,0.64703524,True
FBgn0013305,0,0,0.64890283,0.35109717,0.64890283,True
FBgn0013307,0,0,0.7405192,0.25948077,0.7405192,True
FBgn0013308,0,0,0.6490751,0.3509249,0.6490751,True
FBgn0013334,0,0,0.71342885,0.28657115,0.71342885,True
FBgn0013435,0,0,0.64109236,0.35890764,0.64109236,True
FBgn0013467,0,0,0.6319067,0.3680933,0.6319067,True
FBgn0013750,0,0,0.5050182,0.49498183,0.5050182,True
FBgn0013755,0,0,0.6285504,0.3714496,0.6285504,True
FBgn0013759,0,0,0.6749677,0.3250323,0.6749677,True
FBgn0013762,0,0,0.62110984,0.37889016,0.62110984,True
FBgn0013767,0,0,0.55772805,0.44227195,0.55772805,True
FBgn0013770,0,0,0.7252132,0.27478677,0.7252132,True
FBgn0013771,0,0,0.55235004,0.44764996,0.55235004,True
FBgn0013772,0,0,0.62332594,0.37667406,0.62332594,True
FBgn0013810,0,0,0.64131576,0.35868424,0.64131576,True
FBgn0013811,0,0,0.6652907,0.3347093,0.6652907,True
FBgn0013812,0,0,0.6653785,0.3346215,0.6653785,True
FBgn0013949,0,0,0.78281265,0.21718735,0.78281265,True
FBgn0013954,0,0,0.6673946,0.33260542,0.6673946,True
FBgn0013972,0,0,0.8228007,0.1771993,0.8228007,True
FBgn0013973,0,0,0.6259916,0.37400842,0.6259916,True
FBgn0013983,0,0,0.71643203,0.28356797,0.71643203,True
FBgn0013995,0,0,0.69142455,0.30857545,0.69142455,True
FBgn0014022,0,0,0.68018776,0.31981224,0.68018776,True
FBgn0014028,0,0,0.81424797,0.18575203,0.81424797,True
FBgn0014031,0,0,0.7728251,0.22717488,0.7728251,True
FBgn0014032,0,0,0.5846454,0.4153546,0.5846454,True
FBgn0014073,0,0,0.60946935,0.39053065,0.60946935,True
FBgn0014075,0,0,0.64792377,0.35207623,0.64792377,True
FBgn0014092,0,0,0.6140682,0.3859318,0.6140682,True
FBgn0014133,0,0,0.6777789,0.3222211,0.6777789,True
FBgn0014141,0,0,0.6526717,0.3473283,0.6526717,True
FBgn0014342,0,0,0.62759924,0.37240076,0.62759924,True
FBgn0014368,0,0,0.6890526,0.31094742,0.6890526,True
FBgn0014380,0,0,0.73406523,0.26593477,0.73406523,True
FBgn0014395,0,0,0.6746496,0.3253504,0.6746496,True
FBgn0014396,0,0,0.6482414,0.3517586,0.6482414,True
FBgn0014417,0,0,0.64726686,0.35273314,0.64726686,True
FBgn0014427,0,0,0.6471971,0.35280287,0.6471971,True
FBgn0014455,0,0,0.93767697,0.062323034,0.93767697,True
FBgn0014466,0,0,0.70164216,0.29835784,0.70164216,True
FBgn0014848,0,0,0.45825186,0.54174817,0.54174817,True
FBgn0014849,0,0,0.47703722,0.5229628,0.5229628,True
FBgn0014850,0,0,0.424419,0.575581,0.575581,True
FBgn0014865,0,0,0.5044853,0.4955147,0.5044853,True
FBgn0014869,0,0,0.88054955,0.11945045,0.88054955,True
FBgn0014906,0,0,0.68353456,0.31646544,0.68353456,True
FBgn0014931,0,0,0.579672,0.42032802,0.579672,True
FBgn0015001,0,0,0.6418834,0.35811663,0.6418834,True
FBgn0015010,0,0,0.716288,0.28371203,0.716288,True
FBgn0015011,0,0,0.77988845,0.22011155,0.77988845,True
FBgn0015025,0,0,0.6122764,0.38772362,0.6122764,True
FBgn0015032,0,0,0.6002344,0.3997656,0.6002344,True
FBgn0015033,0,0,0.67245734,0.32754266,0.67245734,True
FBgn0015034,0,0,0.53858525,0.46141475,0.53858525,True
FBgn0015036,0,0,0.6228362,0.37716383,0.6228362,True
FBgn0015038,0,0,0.6306712,0.3693288,0.6306712,True
FBgn0015230,0,0,0.6198333,0.3801667,0.6198333,True
FBgn0015247,0,0,0.6454839,0.3545161,0.6454839,True
FBgn0015269,0,0,0.66448325,0.33551675,0.66448325,True
FBgn0015299,0,0,0.7901737,0.20982629,0.7901737,True
FBgn0015316,0,0,0.61252856,0.38747144,0.61252856,True
FBgn0015321,0,0,0.7981892,0.20181078,0.7981892,True
FBgn0015336,0,0,0.6711865,0.3288135,0.6711865,True
FBgn0015338,0,0,0.54561543,0.45438457,0.54561543,True
FBgn0015351,0,0,0.65845245,0.34154755,0.65845245,True
FBgn0015359,0,0,0.6964307,0.30356932,0.6964307,True
FBgn0015380,0,0,0.66345066,0.33654934,0.66345066,True
FBgn0015519,0,0,0.6476305,0.3523695,0.6476305,True
FBgn0015522,0,0,0.65405643,0.34594357,0.65405643,True
FBgn0015546,0,0,0.6367386,0.3632614,0.6367386,True
FBgn0015553,0,0,0.6506355,0.34936452,0.6506355,True
FBgn0015558,0,0,0.6800081,0.3199919,0.6800081,True
FBgn0015568,0,0,0.57130635,0.42869365,0.57130635,True
FBgn0015569,0,0,0.56132793,0.43867207,0.56132793,True
FBgn0015570,0,0,0.547518,0.45248199,0.547518,True
FBgn0015571,0,0,0.6789177,0.3210823,0.6789177,True
FBgn0015572,0,0,0.66464686,0.33535314,0.66464686,True
FBgn0015574,0,0,0.6247785,0.3752215,0.6247785,True
FBgn0015575,0,0,0.6098642,0.39013582,0.6098642,True
FBgn0015577,0,0,0.8107093,0.1892907,0.8107093,True
FBgn0015584,0,0,0.4654156,0.5345844,0.5345844,True
FBgn0015585,0,0,0.45753485,0.54246515,0.54246515,True
FBgn0015586,0,0,0.6275469,0.3724531,0.6275469,True
FBgn0015589,0,0,0.63060516,0.36939484,0.63060516,True
FBgn0015591,0,0,0.8136278,0.18637222,0.8136278,True
FBgn0015622,0,0,0.621034,0.37896597,0.621034,True
FBgn0015625,0,0,0.6802756,0.31972438,0.6802756,True
FBgn0015663,0,0,0.64892817,0.35107183,0.64892817,True
FBgn0015714,0,0,0.6716536,0.32834637,0.6716536,True
FBgn0015721,0,0,0.6555419,0.3444581,0.6555419,True
FBgn0015737,0,0,0.76293844,0.23706156,0.76293844,True
FBgn0015772,0,0,0.64551884,0.35448116,0.64551884,True
FBgn0015773,0,0,0.7536455,0.24635452,0.7536455,True
FBgn0015776,0,0,0.7683574,0.2316426,0.7683574,True
FBgn0015781,0,0,0.6929791,0.3070209,0.6929791,True
FBgn0015791,0,0,0.81369674,0.18630326,0.81369674,True
FBgn0015793,0,0,0.68972623,0.31027377,0.68972623,True
FBgn0015794,0,0,0.636481,0.363519,0.636481,True
FBgn0015795,0,0,0.7060913,0.29390872,0.7060913,True
FBgn0015803,0,0,0.62197614,0.37802386,0.62197614,True
FBgn0015808,0,0,0.73258674,0.26741326,0.73258674,True
FBgn0015831,0,0,0.4858337,0.5141663,0.5141663,True
FBgn0015872,0,0,0.64597815,0.35402185,0.64597815,True
FBgn0016031,0,0,0.6048091,0.3951909,0.6048091,True
FBgn0016032,0,0,0.6346084,0.3653916,0.6346084,True
FBgn0016038,0,0,0.6343948,0.36560518,0.6343948,True
FBgn0016054,0,0,0.5995362,0.40046382,0.5995362,True
FBgn0016061,0,0,0.62734073,0.37265927,0.62734073,True
FBgn0016122,0,0,0.6160813,0.3839187,0.6160813,True
FBgn0016123,0,0,0.7410134,0.2589866,0.7410134,True
FBgn0016126,0,0,0.58620095,0.41379905,0.58620095,True
FBgn0016641,0,0,0.638338,0.36166197,0.638338,True
FBgn0016672,0,0,0.8558102,0.14418977,0.8558102,True
FBgn0016675,0,0,0.55519575,0.44480425,0.55519575,True
FBgn0016684,0,0,0.6668858,0.3331142,0.6668858,True
FBgn0016685,0,0,0.9479145,0.05208552,0.9479145,True
FBgn0016701,0,0,0.7095373,0.29046267,0.7095373,True
FBgn0016754,0,0,0.65567595,0.34432405,0.65567595,True
FBgn0016762,0,0,0.7151921,0.28480792,0.7151921,True
FBgn0016926,0,0,0.72177106,0.27822894,0.72177106,True
FBgn0016930,0,0,0.64772743,0.35227257,0.64772743,True
FBgn0017429,0,0,0.66703194,0.33296806,0.66703194,True
FBgn0017456,0,0,0.8841946,0.11580539,0.8841946,True
FBgn0017482,0,0,0.6574943,0.3425057,0.6574943,True
FBgn0017558,0,0,0.6499083,0.3500917,0.6499083,True
FBgn0017566,0,0,0.69122213,0.30877787,0.69122213,True
FBgn0017577,0,0,0.78690684,0.21309316,0.78690684,True
FBgn0017581,0,0,0.60631746,0.39368254,0.60631746,True
FBgn0019662,0,0,0.89956874,0.10043126,0.89956874,True
FBgn0019828,0,0,0.5801849,0.41981512,0.5801849,True
FBgn0019929,0,0,0.6274338,0.37256622,0.6274338,True
FBgn0019952,0,0,0.66163385,0.33836615,0.66163385,True
FBgn0019972,0,0,0.73644435,0.26355565,0.73644435,True
FBgn0019982,0,0,0.62532103,0.37467897,0.62532103,True
FBgn0019985,0,0,0.60531276,0.39468724,0.60531276,True
FBgn0020248,0,0,0.6995801,0.30041993,0.6995801,True
FBgn0020257,0,0,0.7488429,0.2511571,0.7488429,True
FBgn0020277,0,0,0.62904567,0.37095433,0.62904567,True
FBgn0020280,0,0,0.6133712,0.3866288,0.6133712,True
FBgn0020294,0,0,0.67313755,0.32686245,0.67313755,True
FBgn0020304,0,0,0.6237117,0.3762883,0.6237117,True
FBgn0020371,0,0,0.60035366,0.39964634,0.60035366,True
FBgn0020372,0,0,0.6552617,0.3447383,0.6552617,True
FBgn0020376,0,0,0.5416754,0.4583246,0.5416754,True
FBgn0020377,0,0,0.5981164,0.4018836,0.5981164,True
FBgn0020381,0,0,0.6391023,0.36089772,0.6391023,True
FBgn0020385,0,0,0.6242866,0.3757134,0.6242866,True
FBgn0020391,0,0,0.66249216,0.33750784,0.66249216,True
FBgn0020399,0,0,0.5760886,0.4239114,0.5760886,True
FBgn0020407,0,0,0.6749994,0.32500058,0.6749994,True
FBgn0020429,0,0,0.60804904,0.39195096,0.60804904,True
FBgn0020440,0,0,0.5961569,0.4038431,0.5961569,True
FBgn0020503,0,0,0.644412,0.35558802,0.644412,True
FBgn0020545,0,0,0.7778634,0.22213662,0.7778634,True
FBgn0020620,0,0,0.67024565,0.32975435,0.67024565,True
FBgn0020626,0,0,0.6712548,0.3287452,0.6712548,True
FBgn0020633,0,0,0.7608243,0.23917568,0.7608243,True
FBgn0020640,0,0,0.5558494,0.44415063,0.5558494,True
FBgn0020645,0,0,0.6464073,0.3535927,0.6464073,True
FBgn0020660,0,0,0.51938814,0.48061186,0.51938814,True
FBgn0020765,0,0,0.45610648,0.5438935,0.5438935,True
FBgn0020767,0,0,0.6850918,0.3149082,0.6850918,True
FBgn0020880,0,0,0.6383042,0.36169583,0.6383042,True
FBgn0020906,0,0,0.68770695,0.31229305,0.68770695,True
FBgn0020907,0,0,0.8227854,0.17721462,0.8227854,True
FBgn0020912,0,0,0.62998337,0.37001663,0.62998337,True
FBgn0020930,0,0,0.6331032,0.3668968,0.6331032,True
FBgn0021738,0,0,0.5564334,0.44356662,0.5564334,True
FBgn0021764,0,0,0.603915,0.39608502,0.603915,True
FBgn0021768,0,0,0.685786,0.314214,0.685786,True
FBgn0022160,0,0,0.75594366,0.24405634,0.75594366,True
FBgn0022343,0,0,0.7064604,0.29353958,0.7064604,True
FBgn0022344,0,0,0.7554465,0.2445535,0.7554465,True
FBgn0022349,0,0,0.6722194,0.3277806,0.6722194,True
FBgn0022359,0,0,0.7955343,0.20446569,0.7955343,True
FBgn0022382,0,0,0.809545,0.19045502,0.809545,True
FBgn0022699,0,0,0.7272295,0.27277052,0.7272295,True
FBgn0022709,0,0,0.68966866,0.31033134,0.68966866,True
FBgn0022710,0,0,0.64575547,0.35424453,0.64575547,True
FBgn0022768,0,0,0.642265,0.35773498,0.642265,True
FBgn0022770,0,0,0.9312209,0.06877911,0.9312209,True
FBgn0022935,0,0,0.66427076,0.33572924,0.66427076,True
FBgn0022936,0,0,0.64231545,0.35768455,0.64231545,True
FBgn0022984,0,0,0.7368652,0.26313478,0.7368652,True
FBgn0022985,0,0,0.7772133,0.22278672,0.7772133,True
FBgn0022987,0,0,0.5849927,0.4150073,0.5849927,True
FBgn0023023,0,0,0.84422135,0.15577865,0.84422135,True
FBgn0023076,0,0,0.6715748,0.32842523,0.6715748,True
FBgn0023090,0,0,0.63529605,0.36470395,0.63529605,True
FBgn0023094,0,0,0.68544036,0.31455964,0.68544036,True
FBgn0023096,0,0,0.6219747,0.3780253,0.6219747,True
FBgn0023407,0,0,0.6260261,0.3739739,0.6260261,True
FBgn0023415,0,0,0.6659635,0.33403653,0.6659635,True
FBgn0023416,0,0,0.6205254,0.37947458,0.6205254,True
FBgn0023477,0,0,0.87430304,0.12569696,0.87430304,True
FBgn0023479,0,0,0.59636694,0.40363306,0.59636694,True
FBgn0023509,0,0,0.74497503,0.25502497,0.74497503,True
FBgn0023513,0,0,0.64545095,0.35454905,0.64545095,True
FBgn0023516,0,0,0.7309253,0.26907468,0.7309253,True
FBgn0023517,0,0,0.6725489,0.3274511,0.6725489,True
FBgn0023519,0,0,0.67162883,0.32837117,0.67162883,True
FBgn0023523,0,0,0.6470293,0.35297072,0.6470293,True
FBgn0023525,0,0,0.71477157,0.28522843,0.71477157,True
FBgn0023530,0,0,0.66237193,0.33762807,0.66237193,True
FBgn0023531,0,0,0.65600824,0.34399176,0.65600824,True
FBgn0023534,0,0,0.81766057,0.18233943,0.81766057,True
FBgn0023535,0,0,0.73040414,0.26959586,0.73040414,True
FBgn0023536,0,0,0.61747223,0.38252777,0.61747223,True
FBgn0023537,0,0,0.6816325,0.31836748,0.6816325,True
FBgn0023540,0,0,0.7046215,0.2953785,0.7046215,True
FBgn0023541,0,0,0.68485343,0.31514657,0.68485343,True
FBgn0023550,0,0,0.70540035,0.29459965,0.70540035,True
FBgn0024150,0,0,0.6311282,0.3688718,0.6311282,True
FBgn0024177,0,0,0.6197136,0.3802864,0.6197136,True
FBgn0024182,0,0,0.7303637,0.26963627,0.7303637,True
FBgn0024183,0,0,0.6571247,0.3428753,0.6571247,True
FBgn0024184,0,0,0.87709934,0.122900665,0.87709934,True
FBgn0024222,0,0,0.6313873,0.3686127,0.6313873,True
FBgn0024230,0,0,0.5852519,0.41474807,0.5852519,True
FBgn0024232,0,0,0.7636454,0.23635459,0.7636454,True
FBgn0024238,0,0,0.7843571,0.21564293,0.7843571,True
FBgn0024245,0,0,0.628292,0.37170798,0.628292,True
FBgn0024249,0,0,0.66574556,0.33425444,0.66574556,True
FBgn0024251,0,0,0.64861673,0.35138327,0.64861673,True
FBgn0024289,0,0,0.66371834,0.33628166,0.66371834,True
FBgn0024291,0,0,0.61177313,0.38822687,0.61177313,True
FBgn0024294,0,0,0.6981887,0.30181128,0.6981887,True
FBgn0024314,0,0,0.6347518,0.3652482,0.6347518,True
FBgn0024326,0,0,0.66131085,0.33868915,0.66131085,True
FBgn0024329,0,0,0.6269347,0.3730653,0.6269347,True
FBgn0024365,0,0,0.66087574,0.33912426,0.66087574,True
FBgn0024366,0,0,0.6226128,0.37738723,0.6226128,True
FBgn0024371,0,0,0.6328978,0.3671022,0.6328978,True
FBgn0024432,0,0,0.5924037,0.4075963,0.5924037,True
FBgn0024689,0,0,0.60108095,0.39891905,0.60108095,True
FBgn0024728,0,0,0.54193646,0.45806354,0.54193646,True
FBgn0024732,0,0,0.8351598,0.16484022,0.8351598,True
FBgn0024734,0,0,0.7549979,0.24500209,0.7549979,True
FBgn0024740,0,0,0.6677379,0.3322621,0.6677379,True
FBgn0024806,0,0,0.6420906,0.35790938,0.6420906,True
FBgn0024814,0,0,0.8789587,0.1210413,0.8789587,True
FBgn0024841,0,0,0.71946615,0.28053385,0.71946615,True
FBgn0024897,0,0,0.7020507,0.2979493,0.7020507,True
FBgn0024909,0,0,0.66260433,0.33739567,0.66260433,True
FBgn0024912,0,0,0.76629895,0.23370105,0.76629895,True
FBgn0024944,0,0,0.64337504,0.35662496,0.64337504,True
FBgn0024945,0,0,0.55705607,0.44294393,0.55705607,True
FBgn0024947,0,0,0.68144757,0.31855243,0.68144757,True
FBgn0024956,0,0,0.72176164,0.27823836,0.72176164,True
FBgn0024957,0,0,0.6744672,0.3255328,0.6744672,True
FBgn0024963,0,0,0.6323808,0.36761922,0.6323808,True
FBgn0024973,0,0,0.7604383,0.23956168,0.7604383,True
FBgn0024975,0,0,0.7472301,0.2527699,0.7472301,True
FBgn0024983,0,0,0.62376887,0.37623113,0.62376887,True
FBgn0024984,0,0,0.73220795,0.26779205,0.73220795,True
FBgn0024985,0,0,0.8643528,0.13564718,0.8643528,True
FBgn0024987,0,0,0.65333825,0.34666175,0.65333825,True
FBgn0024989,0,0,0.6136021,0.3863979,0.6136021,True
FBgn0024991,0,0,0.62471473,0.37528527,0.62471473,True
FBgn0024992,0,0,0.6556158,0.3443842,0.6556158,True
FBgn0024993,0,0,0.8177198,0.18228018,0.8177198,True
FBgn0024995,0,0,0.71255726,0.28744274,0.71255726,True
FBgn0025109,0,0,0.62828463,0.37171537,0.62828463,True
FBgn0025334,0,0,0.62169665,0.37830335,0.62169665,True
FBgn0025355,0,0,0.615788,0.38421202,0.615788,True
FBgn0025378,0,0,0.7511435,0.24885648,0.7511435,True
FBgn0025381,0,0,0.7698969,0.23010308,0.7698969,True
FBgn0025382,0,0,0.8943032,0.1056968,0.8943032,True
FBgn0025383,0,0,0.8559487,0.14405131,0.8559487,True
FBgn0025391,0,0,0.6686238,0.3313762,0.6686238,True
FBgn0025394,0,0,0.7578019,0.24219811,0.7578019,True
FBgn0025454,0,0,0.6983608,0.3016392,0.6983608,True
FBgn0025457,0,0,0.6266547,0.37334532,0.6266547,True
FBgn0025469,0,0,0.65024376,0.34975624,0.65024376,True
FBgn0025519,0,0,0.6121484,0.3878516,0.6121484,True
FBgn0025549,0,0,0.68875694,0.31124306,0.68875694,True
FBgn0025573,0,0,0.58555835,0.41444165,0.58555835,True
FBgn0025578,0,0,0.84431654,0.15568346,0.84431654,True
FBgn0025583,0,0,0.42079395,0.57920605,0.57920605,True
FBgn0025595,0,0,0.6953396,0.30466038,0.6953396,True
FBgn0025608,0,0,0.6905073,0.3094927,0.6905073,True
FBgn0025613,0,0,0.7150773,0.28492272,0.7150773,True
FBgn0025616,0,0,0.6146762,0.38532382,0.6146762,True
FBgn0025620,0,0,0.7189598,0.2810402,0.7189598,True
FBgn0025621,0,0,0.63563484,0.36436516,0.63563484,True
FBgn0025624,0,0,0.6938454,0.3061546,0.6938454,True
FBgn0025625,0,0,0.6245938,0.3754062,0.6245938,True
FBgn0025628,0,0,0.7659488,0.23405123,0.7659488,True
FBgn0025629,0,0,0.68210167,0.31789833,0.68210167,True
FBgn0025630,0,0,0.65121156,0.34878844,0.65121156,True
FBgn0025634,0,0,0.68757063,0.31242937,0.68757063,True
FBgn0025635,0,0,0.64757854,0.35242146,0.64757854,True
FBgn0025639,0,0,0.62634003,0.37365997,0.62634003,True
FBgn0025642,0,0,0.71482456,0.28517544,0.71482456,True
FBgn0025643,0,0,0.6975193,0.3024807,0.6975193,True
FBgn0025676,0,0,0.65416074,0.34583926,0.65416074,True
FBgn0025678,0,0,0.6969036,0.3030964,0.6969036,True
FBgn0025679,0,0,0.6203854,0.3796146,0.6203854,True
FBgn0025680,0,0,0.6667364,0.33326358,0.6667364,True
FBgn0025692,0,0,0.694789,0.305211,0.694789,True
FBgn0025693,0,0,0.5507657,0.4492343,0.5507657,True
FBgn0025697,0,0,0.559987,0.440013,0.559987,True
FBgn0025702,0,0,0.6772781,0.3227219,0.6772781,True
FBgn0025709,0,0,0.662337,0.337663,0.662337,True
FBgn0025724,0,0,0.7090729,0.2909271,0.7090729,True
FBgn0025739,0,0,0.7212244,0.27877557,0.7212244,True
FBgn0025740,0,0,0.60784256,0.39215744,0.60784256,True
FBgn0025776,0,0,0.6677301,0.3322699,0.6677301,True
FBgn0025777,0,0,0.67525786,0.32474214,0.67525786,True
FBgn0025808,0,0,0.6621797,0.3378203,0.6621797,True
FBgn0025809,0,0,0.6913676,0.30863237,0.6913676,True
FBgn0025814,0,0,0.9196357,0.08036429,0.9196357,True
FBgn0025820,0,0,0.66886586,0.33113414,0.66886586,True
FBgn0025821,0,0,0.5142384,0.48576158,0.5142384,True
FBgn0025827,0,0,0.6157501,0.38424993,0.6157501,True
FBgn0025833,0,0,0.7263939,0.27360612,0.7263939,True
FBgn0025835,0,0,0.6274336,0.3725664,0.6274336,True
FBgn0025836,0,0,0.6206334,0.37936658,0.6206334,True
FBgn0025838,0,0,0.87183636,0.12816364,0.87183636,True
FBgn0025865,0,0,0.6905443,0.3094557,0.6905443,True
FBgn0025866,0,0,0.61831254,0.38168746,0.61831254,True
FBgn0025878,0,0,0.5655872,0.43441278,0.5655872,True
FBgn0025885,0,0,0.80651873,0.19348127,0.80651873,True
FBgn0025936,0,0,0.6235206,0.3764794,0.6235206,True
FBgn0026015,0,0,0.7437716,0.2562284,0.7437716,True
FBgn0026056,0,0,0.62756085,0.37243915,0.62756085,True
FBgn0026058,0,0,0.67512137,0.32487863,0.67512137,True
FBgn0026061,0,0,0.6519704,0.3480296,0.6519704,True
FBgn0026063,0,0,0.60157824,0.39842176,0.60157824,True
FBgn0026064,0,0,0.6230802,0.3769198,0.6230802,True
FBgn0026077,0,0,0.6536442,0.3463558,0.6536442,True
FBgn0026079,0,0,0.66408116,0.33591884,0.66408116,True
FBgn0026083,0,0,0.6079485,0.39205152,0.6079485,True
FBgn0026084,0,0,0.6292937,0.37070632,0.6292937,True
FBgn0026085,0,0,0.71382576,0.28617424,0.71382576,True
FBgn0026090,0,0,0.64912605,0.35087395,0.64912605,True
FBgn0026141,0,0,0.73235476,0.26764524,0.73235476,True
FBgn0026147,0,0,0.6468493,0.35315073,0.6468493,True
FBgn0026148,0,0,0.61075574,0.38924426,0.61075574,True
FBgn0026149,0,0,0.92776346,0.07223654,0.92776346,True
FBgn0026176,0,0,0.73070276,0.26929724,0.73070276,True
FBgn0026189,0,0,0.59933466,0.40066534,0.59933466,True
FBgn0026190,0,0,0.6794741,0.32052588,0.6794741,True
FBgn0026197,0,0,0.43908837,0.56091166,0.56091166,True
FBgn0026263,0,0,0.718303,0.28169698,0.718303,True
FBgn0026309,0,0,0.6213819,0.37861812,0.6213819,True
FBgn0026313,0,0,0.6177337,0.38226628,0.6177337,True
FBgn0026324,0,0,0.52267444,0.47732556,0.52267444,True
FBgn0026326,0,0,0.6191102,0.38088977,0.6191102,True
FBgn0026361,0,0,0.66742843,0.33257157,0.66742843,True
FBgn0026372,0,1,0.9740093,0.025990725,0.9740093,False
FBgn0026375,0,0,0.6240211,0.3759789,0.6240211,True
FBgn0026385,0,0,0.6850791,0.3149209,0.6850791,True
FBgn0026386,0,0,0.60954267,0.39045733,0.60954267,True
FBgn0026388,0,0,0.69367397,0.30632603,0.69367397,True
FBgn0026390,0,0,0.64016515,0.35983485,0.64016515,True
FBgn0026391,0,0,0.65018815,0.34981185,0.65018815,True
FBgn0026392,0,0,0.5356994,0.46430057,0.5356994,True
FBgn0026393,0,0,0.63985044,0.36014956,0.63985044,True
FBgn0026394,0,0,0.5862156,0.41378438,0.5862156,True
FBgn0026398,0,0,0.60720193,0.39279807,0.60720193,True
FBgn0026403,0,0,0.71111774,0.28888226,0.71111774,True
FBgn0026417,0,0,0.64411336,0.35588664,0.64411336,True
FBgn0026428,0,0,0.64552623,0.35447377,0.64552623,True
FBgn0026431,0,0,0.6165809,0.3834191,0.6165809,True
FBgn0026433,0,0,0.6299605,0.37003952,0.6299605,True
FBgn0026438,0,0,0.63934845,0.36065155,0.63934845,True
FBgn0026441,0,0,0.66306084,0.33693916,0.66306084,True
FBgn0026565,0,0,0.5957491,0.40425092,0.5957491,True
FBgn0026566,0,0,0.73805326,0.26194674,0.73805326,True
FBgn0026570,0,0,0.6096272,0.3903728,0.6096272,True
FBgn0026577,0,0,0.6163846,0.38361537,0.6163846,True
FBgn0026592,0,0,0.72797376,0.27202624,0.72797376,True
FBgn0026593,0,0,0.6827515,0.31724852,0.6827515,True
FBgn0026619,0,0,0.68512625,0.31487375,0.68512625,True
FBgn0026630,0,0,0.6423924,0.3576076,0.6423924,True
FBgn0026718,0,0,0.71991205,0.28008795,0.71991205,True
FBgn0026721,0,0,0.63509196,0.36490804,0.63509196,True
FBgn0026737,0,0,0.556969,0.443031,0.556969,True
FBgn0026738,0,0,0.70770895,0.29229105,0.70770895,True
FBgn0026749,0,0,0.5473177,0.45268232,0.5473177,True
FBgn0026751,0,0,0.64927226,0.35072774,0.64927226,True
FBgn0026754,0,0,0.63426256,0.36573744,0.63426256,True
FBgn0026755,0,0,0.57431203,0.42568797,0.57431203,True
FBgn0026756,0,0,0.5953537,0.40464628,0.5953537,True
FBgn0026760,0,0,0.6301078,0.36989218,0.6301078,True
FBgn0026761,0,0,0.730268,0.269732,0.730268,True
FBgn0026777,0,0,0.555084,0.444916,0.555084,True
FBgn0026778,0,0,0.65248895,0.34751105,0.65248895,True
FBgn0026869,0,0,0.6136793,0.3863207,0.6136793,True
FBgn0026872,0,0,0.784,0.21600002,0.784,True
FBgn0027052,0,0,0.6141975,0.3858025,0.6141975,True
FBgn0027070,0,0,0.7685537,0.23144633,0.7685537,True
FBgn0027073,0,0,0.538631,0.46136898,0.538631,True
FBgn0027074,0,0,0.69593704,0.30406296,0.69593704,True
FBgn0027101,0,0,0.5877337,0.4122663,0.5877337,True
FBgn0027106,0,0,0.64882106,0.35117894,0.64882106,True
FBgn0027107,0,0,0.85063803,0.14936197,0.85063803,True
FBgn0027109,0,0,0.56396586,0.43603414,0.56396586,True
FBgn0027111,0,0,0.5270017,0.47299832,0.5270017,True
FBgn0027287,0,0,0.703648,0.29635203,0.703648,True
FBgn0027342,0,0,0.69632286,0.30367714,0.69632286,True
FBgn0027343,0,0,0.6052533,0.39474672,0.6052533,True
FBgn0027348,0,0,0.7401521,0.25984788,0.7401521,True
FBgn0027356,0,0,0.6223943,0.37760568,0.6223943,True
FBgn0027359,0,0,0.84770465,0.15229535,0.84770465,True
FBgn0027375,0,0,0.59939206,0.40060794,0.59939206,True
FBgn0027376,0,0,0.6228241,0.37717593,0.6228241,True
FBgn0027453,0,0,0.7347845,0.26521552,0.7347845,True
FBgn0027490,0,0,0.6076282,0.39237177,0.6076282,True
FBgn0027496,0,0,0.87888014,0.12111986,0.87888014,True
FBgn0027498,0,0,0.75279,0.24721003,0.75279,True
FBgn0027505,0,0,0.6620311,0.3379689,0.6620311,True
FBgn0027506,0,0,0.5962756,0.40372437,0.5962756,True
FBgn0027508,0,0,0.63836503,0.36163497,0.63836503,True
FBgn0027509,0,0,0.634683,0.365317,0.634683,True
FBgn0027512,0,0,0.62425745,0.37574255,0.62425745,True
FBgn0027513,0,0,0.61371213,0.38628787,0.61371213,True
FBgn0027515,0,0,0.621217,0.378783,0.621217,True
FBgn0027518,0,0,0.63797796,0.36202204,0.63797796,True
FBgn0027521,0,0,0.57161874,0.42838126,0.57161874,True
FBgn0027524,0,0,0.6295471,0.37045288,0.6295471,True
FBgn0027526,0,0,0.641342,0.35865802,0.641342,True
FBgn0027528,0,0,0.618586,0.381414,0.618586,True
FBgn0027529,0,0,0.6375865,0.36241353,0.6375865,True
FBgn0027532,0,0,0.630356,0.369644,0.630356,True
FBgn0027538,0,0,0.68321717,0.31678283,0.68321717,True
FBgn0027544,0,0,0.65538603,0.34461397,0.65538603,True
FBgn0027546,0,0,0.7673362,0.23266381,0.7673362,True
FBgn0027547,0,0,0.7139974,0.28600258,0.7139974,True
FBgn0027550,0,0,0.72438866,0.27561134,0.72438866,True
FBgn0027552,0,0,0.64460397,0.35539603,0.64460397,True
FBgn0027554,0,0,0.65605605,0.34394395,0.65605605,True
FBgn0027556,0,0,0.6736543,0.32634568,0.6736543,True
FBgn0027558,0,0,0.63362896,0.36637104,0.63362896,True
FBgn0027562,0,0,0.74517053,0.25482947,0.74517053,True
FBgn0027563,0,0,0.6340275,0.36597252,0.6340275,True
FBgn0027565,0,0,0.5585498,0.44145018,0.5585498,True
FBgn0027569,0,0,0.68973756,0.31026244,0.68973756,True
FBgn0027570,0,0,0.6624233,0.3375767,0.6624233,True
FBgn0027572,0,0,0.65909886,0.34090114,0.65909886,True
FBgn0027574,0,0,0.63454187,0.36545813,0.63454187,True
FBgn0027575,0,0,0.62164754,0.37835246,0.62164754,True
FBgn0027578,0,0,0.6501759,0.34982407,0.6501759,True
FBgn0027579,0,0,0.6243439,0.37565613,0.6243439,True
FBgn0027581,0,0,0.6574449,0.3425551,0.6574449,True
FBgn0027582,0,0,0.6060328,0.3939672,0.6060328,True
FBgn0027583,0,0,0.6422133,0.35778672,0.6422133,True
FBgn0027586,0,0,0.71573305,0.28426695,0.71573305,True
FBgn0027590,0,0,0.78502566,0.21497434,0.78502566,True
FBgn0027594,0,0,0.58022094,0.41977906,0.58022094,True
FBgn0027596,0,0,0.624862,0.37513798,0.624862,True
FBgn0027597,0,0,0.81354886,0.18645114,0.81354886,True
FBgn0027599,0,0,0.64132184,0.35867816,0.64132184,True
FBgn0027600,0,0,0.7237465,0.27625352,0.7237465,True
FBgn0027601,0,0,0.77579767,0.22420233,0.77579767,True
FBgn0027602,0,0,0.6190218,0.38097823,0.6190218,True
FBgn0027608,0,0,0.6768037,0.3231963,0.6768037,True
FBgn0027610,0,0,0.68175644,0.31824356,0.68175644,True
FBgn0027611,0,0,0.6096784,0.3903216,0.6096784,True
FBgn0027616,0,0,0.7039785,0.29602152,0.7039785,True
FBgn0027654,0,0,0.6763865,0.32361352,0.6763865,True
FBgn0027655,0,0,0.6270042,0.3729958,0.6270042,True
FBgn0027780,0,0,0.615177,0.38482302,0.615177,True
FBgn0027786,0,0,0.6316365,0.3683635,0.6316365,True
FBgn0027790,0,0,0.6934247,0.3065753,0.6934247,True
FBgn0027791,0,0,0.70175815,0.29824185,0.70175815,True
FBgn0027793,0,0,0.7371909,0.2628091,0.7371909,True
FBgn0027836,0,0,0.6105649,0.3894351,0.6105649,True
FBgn0027843,0,0,0.6773181,0.3226819,0.6773181,True
FBgn0027864,0,0,0.6947978,0.3052022,0.6947978,True
FBgn0027872,0,0,0.5798618,0.42013818,0.5798618,True
FBgn0027903,0,0,0.60198474,0.39801526,0.60198474,True
FBgn0027929,0,0,0.51057935,0.48942065,0.51057935,True
FBgn0027949,0,0,0.7202057,0.27979428,0.7202057,True
FBgn0027950,0,0,0.7117564,0.2882436,0.7117564,True
FBgn0028370,0,0,0.6364974,0.36350262,0.6364974,True
FBgn0028371,0,0,0.82654005,0.17345995,0.82654005,True
FBgn0028372,0,0,0.7110892,0.2889108,0.7110892,True
FBgn0028379,0,0,0.6077621,0.3922379,0.6077621,True
FBgn0028380,0,0,0.62837684,0.37162316,0.62837684,True
FBgn0028381,0,0,0.92990756,0.07009244,0.92990756,True
FBgn0028394,0,0,0.8987646,0.10123539,0.8987646,True
FBgn0028399,0,0,0.6646824,0.3353176,0.6646824,True
FBgn0028400,0,0,0.7652496,0.23475039,0.7652496,True
FBgn0028406,0,0,0.6100629,0.3899371,0.6100629,True
FBgn0028408,0,0,0.6247532,0.37524682,0.6247532,True
FBgn0028410,0,0,0.64266545,0.35733455,0.64266545,True
FBgn0028412,0,0,0.5134513,0.48654872,0.5134513,True
FBgn0028418,0,0,0.68549705,0.31450295,0.68549705,True
FBgn0028424,0,0,0.7289935,0.27100652,0.7289935,True
FBgn0028429,0,0,0.7294489,0.2705511,0.7294489,True
FBgn0028430,0,0,0.44266248,0.5573375,0.5573375,True
FBgn0028434,0,0,0.6132281,0.38677192,0.6132281,True
FBgn0028436,0,0,0.63412905,0.36587095,0.63412905,True
FBgn0028467,0,0,0.6677517,0.33224827,0.6677517,True
FBgn0028476,0,0,0.6678991,0.33210093,0.6678991,True
FBgn0028479,0,0,0.6871156,0.3128844,0.6871156,True
FBgn0028481,0,0,0.6499097,0.35009032,0.6499097,True
FBgn0028482,0,0,0.7348014,0.2651986,0.7348014,True
FBgn0028487,0,0,0.6560663,0.3439337,0.6560663,True
FBgn0028490,0,0,0.60887,0.39112997,0.60887,True
FBgn0028491,0,0,0.63126385,0.36873615,0.63126385,True
FBgn0028496,0,0,0.63099957,0.36900043,0.63099957,True
FBgn0028497,0,0,0.7283449,0.27165508,0.7283449,True
FBgn0028499,0,0,0.74832773,0.25167227,0.74832773,True
FBgn0028507,0,0,0.7182755,0.2817245,0.7182755,True
FBgn0028509,0,0,0.719997,0.280003,0.719997,True
FBgn0028513,0,0,0.6380564,0.3619436,0.6380564,True
FBgn0028514,0,0,0.63684154,0.36315846,0.63684154,True
FBgn0028516,0,0,0.62238663,0.37761337,0.62238663,True
FBgn0028520,0,0,0.5727931,0.42720687,0.5727931,True
FBgn0028523,0,0,0.6038643,0.3961357,0.6038643,True
FBgn0028525,0,0,0.6203336,0.3796664,0.6203336,True
FBgn0028526,0,0,0.53258204,0.46741796,0.53258204,True
FBgn0028527,0,0,0.6417313,0.35826868,0.6417313,True
FBgn0028530,0,0,0.7042222,0.2957778,0.7042222,True
FBgn0028531,0,0,0.7259257,0.27407432,0.7259257,True
FBgn0028532,0,0,0.6549356,0.3450644,0.6549356,True
FBgn0028533,0,0,0.725874,0.274126,0.725874,True
FBgn0028534,0,0,0.7150552,0.28494477,0.7150552,True
FBgn0028542,0,0,0.6475961,0.35240388,0.6475961,True
FBgn0028543,0,0,0.7644562,0.23554379,0.7644562,True
FBgn0028544,0,0,0.9285211,0.0714789,0.9285211,True
FBgn0028546,0,0,0.6986958,0.30130422,0.6986958,True
FBgn0028552,0,0,0.5379481,0.46205193,0.5379481,True
FBgn0028561,0,0,0.63567686,0.36432314,0.63567686,True
FBgn0028562,0,0,0.5926959,0.4073041,0.5926959,True
FBgn0028563,0,0,0.6744324,0.3255676,0.6744324,True
FBgn0028569,0,0,0.7037532,0.29624683,0.7037532,True
FBgn0028570,0,0,0.65762395,0.34237605,0.65762395,True
FBgn0028579,0,0,0.6360885,0.3639115,0.6360885,True
FBgn0028581,0,0,0.5354655,0.46453452,0.5354655,True
FBgn0028645,0,0,0.5678571,0.4321429,0.5678571,True
FBgn0028647,0,0,0.61526465,0.38473535,0.61526465,True
FBgn0028667,0,0,0.60586,0.39414,0.60586,True
FBgn0028668,0,0,0.63075095,0.36924905,0.63075095,True
FBgn0028669,0,0,0.6264437,0.37355632,0.6264437,True
FBgn0028675,0,0,0.62451506,0.37548494,0.62451506,True
FBgn0028699,0,0,0.6068826,0.39311743,0.6068826,True
FBgn0028703,0,0,0.62207645,0.37792355,0.62207645,True
FBgn0028704,0,0,0.64956874,0.35043126,0.64956874,True
FBgn0028707,0,0,0.52630705,0.47369295,0.52630705,True
FBgn0028708,0,0,0.62953913,0.37046087,0.62953913,True
FBgn0028717,0,0,0.749154,0.25084603,0.749154,True
FBgn0028734,0,0,0.73208517,0.26791483,0.73208517,True
FBgn0028740,0,0,0.69911325,0.30088675,0.69911325,True
FBgn0028746,0,0,0.45515385,0.5448462,0.5448462,True
FBgn0028789,0,0,0.72156304,0.27843696,0.72156304,True
FBgn0028833,0,0,0.69554055,0.30445945,0.69554055,True
FBgn0028838,0,0,0.58928686,0.41071314,0.58928686,True
FBgn0028844,0,0,0.7333166,0.2666834,0.7333166,True
FBgn0028847,0,0,0.84116447,0.15883553,0.84116447,True
FBgn0028848,0,0,0.6968696,0.3031304,0.6968696,True
FBgn0028852,0,0,0.6793811,0.32061893,0.6793811,True
FBgn0028853,0,0,0.48914954,0.5108504,0.5108504,True
FBgn0028855,0,0,0.46507353,0.5349265,0.5349265,True
FBgn0028856,0,0,0.5730685,0.4269315,0.5730685,True
FBgn0028857,0,0,0.6141584,0.3858416,0.6141584,True
FBgn0028858,0,0,0.6613286,0.3386714,0.6613286,True
FBgn0028862,0,0,0.7038072,0.29619282,0.7038072,True
FBgn0028866,0,0,0.5815115,0.4184885,0.5815115,True
FBgn0028870,0,0,0.6950119,0.3049881,0.6950119,True
FBgn0028871,0,0,0.936947,0.06305301,0.936947,True
FBgn0028872,0,0,0.6046807,0.39531928,0.6046807,True
FBgn0028878,0,0,0.6909145,0.3090855,0.6909145,True
FBgn0028879,0,0,0.6234942,0.3765058,0.6234942,True
FBgn0028880,0,0,0.5347117,0.46528828,0.5347117,True
FBgn0028884,0,0,0.78932834,0.21067166,0.78932834,True
FBgn0028886,0,0,0.64532125,0.35467875,0.64532125,True
FBgn0028887,0,0,0.6278101,0.37218988,0.6278101,True
FBgn0028893,0,0,0.61419916,0.38580084,0.61419916,True
FBgn0028894,0,0,0.59205455,0.40794545,0.59205455,True
FBgn0028895,0,0,0.5018744,0.4981256,0.5018744,True
FBgn0028896,0,0,0.8078927,0.19210732,0.8078927,True
FBgn0028897,0,0,0.6364483,0.36355168,0.6364483,True
FBgn0028899,0,0,0.6006505,0.3993495,0.6006505,True
FBgn0028902,0,0,0.6271341,0.37286592,0.6271341,True
FBgn0028913,0,0,0.49257338,0.5074266,0.5074266,True
FBgn0028916,0,0,0.72956306,0.27043694,0.72956306,True
FBgn0028919,0,0,0.6928175,0.3071825,0.6928175,True
FBgn0028920,0,0,0.67904204,0.32095796,0.67904204,True
FBgn0028926,0,0,0.74557525,0.25442475,0.74557525,True
FBgn0028931,0,0,0.6666615,0.3333385,0.6666615,True
FBgn0028932,0,0,0.56250197,0.43749803,0.56250197,True
FBgn0028935,0,0,0.6164548,0.38354522,0.6164548,True
FBgn0028936,0,0,0.7346828,0.2653172,0.7346828,True
FBgn0028938,0,0,0.78652287,0.21347713,0.78652287,True
FBgn0028939,0,0,0.5650328,0.43496722,0.5650328,True
FBgn0028941,0,0,0.55990326,0.44009674,0.55990326,True
FBgn0028942,0,0,0.61500823,0.38499177,0.61500823,True
FBgn0028943,0,0,0.70442575,0.29557425,0.70442575,True
FBgn0028944,0,0,0.61511976,0.38488024,0.61511976,True
FBgn0028945,0,0,0.54918206,0.45081794,0.54918206,True
FBgn0028947,0,0,0.52630866,0.47369134,0.52630866,True
FBgn0028949,0,0,0.534151,0.46584898,0.534151,True
FBgn0028952,0,0,0.58292216,0.41707784,0.58292216,True
FBgn0028953,0,0,0.70220566,0.29779434,0.70220566,True
FBgn0028955,0,0,0.7064233,0.29357672,0.7064233,True
FBgn0028956,0,0,0.594986,0.40501398,0.594986,True
FBgn0028963,0,0,0.62491137,0.37508863,0.62491137,True
FBgn0028965,0,0,0.7133055,0.28669453,0.7133055,True
FBgn0028980,0,0,0.6547369,0.34526312,0.6547369,True
FBgn0028984,0,0,0.8157012,0.18429881,0.8157012,True
FBgn0028988,0,0,0.6488315,0.3511685,0.6488315,True
FBgn0029002,0,0,0.5251915,0.4748085,0.5251915,True
FBgn0029003,0,0,0.9448422,0.05515778,0.9448422,True
FBgn0029079,0,0,0.6739171,0.3260829,0.6739171,True
FBgn0029082,0,0,0.65498614,0.34501386,0.65498614,True
FBgn0029092,0,0,0.6712894,0.32871062,0.6712894,True
FBgn0029093,0,0,0.66730016,0.33269984,0.66730016,True
FBgn0029105,0,0,0.64618766,0.35381234,0.64618766,True
FBgn0029114,0,0,0.6391594,0.36084062,0.6391594,True
FBgn0029118,0,0,0.7725613,0.22743869,0.7725613,True
FBgn0029121,0,0,0.6282616,0.37173837,0.6282616,True
FBgn0029131,0,0,0.68327785,0.31672215,0.68327785,True
FBgn0029133,0,0,0.80059785,0.19940215,0.80059785,True
FBgn0029137,0,0,0.7898974,0.21010262,0.7898974,True
FBgn0029147,0,0,0.620168,0.37983203,0.620168,True
FBgn0029155,0,0,0.68606603,0.31393397,0.68606603,True
FBgn0029167,0,0,0.62476146,0.37523854,0.62476146,True
FBgn0029170,0,0,0.668331,0.33166897,0.668331,True
FBgn0029172,0,0,0.6309499,0.3690501,0.6309499,True
FBgn0029501,0,0,0.6381327,0.3618673,0.6381327,True
FBgn0029502,0,0,0.7188737,0.28112632,0.7188737,True
FBgn0029506,0,0,0.62540215,0.37459785,0.62540215,True
FBgn0029507,0,0,0.66926825,0.33073175,0.66926825,True
FBgn0029514,0,0,0.6417793,0.3582207,0.6417793,True
FBgn0029521,0,0,0.66520983,0.33479017,0.66520983,True
FBgn0029522,0,0,0.68148935,0.31851065,0.68148935,True
FBgn0029529,0,0,0.80864054,0.19135946,0.80864054,True
FBgn0029531,0,0,0.6623678,0.33763218,0.6623678,True
FBgn0029532,0,0,0.55259967,0.44740033,0.55259967,True
FBgn0029535,0,0,0.6038559,0.3961441,0.6038559,True
FBgn0029568,0,0,0.65043396,0.34956604,0.65043396,True
FBgn0029573,0,0,0.729331,0.27066898,0.729331,True
FBgn0029580,0,0,0.6754326,0.32456738,0.6754326,True
FBgn0029587,0,0,0.70383877,0.29616123,0.70383877,True
FBgn0029589,0,0,0.77851677,0.22148323,0.77851677,True
FBgn0029590,0,0,0.7834162,0.21658379,0.7834162,True
FBgn0029594,0,0,0.623976,0.376024,0.623976,True
FBgn0029596,0,0,0.5707355,0.4292645,0.5707355,True
FBgn0029606,0,0,0.81936324,0.18063676,0.81936324,True
FBgn0029608,0,0,0.5953501,0.4046499,0.5953501,True
FBgn0029642,0,0,0.6031753,0.39682472,0.6031753,True
FBgn0029645,0,0,0.665008,0.334992,0.665008,True
FBgn0029646,0,0,0.6658625,0.3341375,0.6658625,True
FBgn0029647,0,0,0.62729245,0.37270755,0.62729245,True
FBgn0029648,0,0,0.6558336,0.3441664,0.6558336,True
FBgn0029649,0,0,0.6231321,0.3768679,0.6231321,True
FBgn0029656,0,0,0.6383489,0.36165112,0.6383489,True
FBgn0029657,0,0,0.70543027,0.29456973,0.70543027,True
FBgn0029658,0,0,0.5542606,0.4457394,0.5542606,True
FBgn0029659,0,0,0.6044159,0.3955841,0.6044159,True
FBgn0029660,0,0,0.5840693,0.4159307,0.5840693,True
FBgn0029661,0,0,0.62860906,0.37139094,0.62860906,True
FBgn0029663,0,0,0.6568666,0.3431334,0.6568666,True
FBgn0029664,0,0,0.69087386,0.30912614,0.69087386,True
FBgn0029666,0,0,0.6036281,0.3963719,0.6036281,True
FBgn0029667,0,0,0.7224787,0.2775213,0.7224787,True
FBgn0029669,0,0,0.54904896,0.45095104,0.54904896,True
FBgn0029689,0,0,0.6756399,0.32436007,0.6756399,True
FBgn0029690,0,0,0.6852844,0.31471562,0.6852844,True
FBgn0029693,0,0,0.68818074,0.31181926,0.68818074,True
FBgn0029696,0,0,0.59922975,0.40077025,0.59922975,True
FBgn0029701,0,0,0.6628545,0.3371455,0.6628545,True
FBgn0029703,0,0,0.6184565,0.38154352,0.6184565,True
FBgn0029705,0,0,0.6867453,0.3132547,0.6867453,True
FBgn0029706,0,0,0.6248533,0.3751467,0.6248533,True
FBgn0029707,0,0,0.746967,0.25303298,0.746967,True
FBgn0029708,0,0,0.6386556,0.3613444,0.6386556,True
FBgn0029710,0,0,0.6290028,0.3709972,0.6290028,True
FBgn0029711,0,0,0.7452975,0.2547025,0.7452975,True
FBgn0029712,0,0,0.84471655,0.15528345,0.84471655,True
FBgn0029715,0,0,0.9173272,0.082672775,0.9173272,True
FBgn0029716,0,0,0.608415,0.391585,0.608415,True
FBgn0029717,0,0,0.5520132,0.44798678,0.5520132,True
FBgn0029719,0,0,0.5951555,0.40484452,0.5951555,True
FBgn0029720,0,0,0.77509385,0.22490615,0.77509385,True
FBgn0029722,0,0,0.6632335,0.33676648,0.6632335,True
FBgn0029723,0,0,0.6206438,0.3793562,0.6206438,True
FBgn0029724,0,0,0.5460103,0.45398968,0.5460103,True
FBgn0029728,0,0,0.59380674,0.40619326,0.59380674,True
FBgn0029729,0,0,0.63265187,0.36734813,0.63265187,True
FBgn0029730,0,0,0.6292298,0.37077022,0.6292298,True
FBgn0029736,0,0,0.6426434,0.3573566,0.6426434,True
FBgn0029737,0,0,0.6907073,0.30929267,0.6907073,True
FBgn0029740,0,0,0.47503075,0.5249692,0.5249692,True
FBgn0029745,0,0,0.65456647,0.34543353,0.65456647,True
FBgn0029746,0,0,0.73308134,0.26691866,0.73308134,True
FBgn0029747,0,0,0.7389251,0.2610749,0.7389251,True
FBgn0029750,0,0,0.6150618,0.38493818,0.6150618,True
FBgn0029751,0,0,0.72798085,0.27201915,0.72798085,True
FBgn0029752,0,0,0.6668828,0.3331172,0.6668828,True
FBgn0029754,0,0,0.57436854,0.42563146,0.57436854,True
FBgn0029756,0,0,0.70845544,0.29154456,0.70845544,True
FBgn0029761,0,0,0.6101299,0.3898701,0.6101299,True
FBgn0029778,0,0,0.6841808,0.3158192,0.6841808,True
FBgn0029783,0,0,0.70218194,0.29781806,0.70218194,True
FBgn0029789,0,0,0.61242545,0.38757455,0.61242545,True
FBgn0029791,0,0,0.667763,0.332237,0.667763,True
FBgn0029798,0,0,0.6171674,0.3828326,0.6171674,True
FBgn0029801,0,0,0.7344048,0.2655952,0.7344048,True
FBgn0029804,0,0,0.76374245,0.23625755,0.76374245,True
FBgn0029809,0,0,0.7054195,0.29458052,0.7054195,True
FBgn0029810,0,0,0.67417336,0.32582664,0.67417336,True
FBgn0029812,0,0,0.6514778,0.3485222,0.6514778,True
FBgn0029813,0,0,0.838104,0.16189599,0.838104,True
FBgn0029814,0,0,0.67329973,0.32670027,0.67329973,True
FBgn0029817,0,0,0.61239254,0.38760746,0.61239254,True
FBgn0029819,0,0,0.5554973,0.4445027,0.5554973,True
FBgn0029820,0,0,0.6903291,0.30967093,0.6903291,True
FBgn0029821,0,0,0.71684563,0.28315437,0.71684563,True
FBgn0029825,0,0,0.5288591,0.47114092,0.5288591,True
FBgn0029826,0,0,0.6149373,0.3850627,0.6149373,True
FBgn0029827,0,0,0.51883435,0.48116565,0.51883435,True
FBgn0029828,0,0,0.61601233,0.38398767,0.61601233,True
FBgn0029831,0,0,0.6661303,0.3338697,0.6661303,True
FBgn0029834,0,0,0.63005334,0.36994666,0.63005334,True
FBgn0029835,0,0,0.6587399,0.34126008,0.6587399,True
FBgn0029836,0,0,0.6391256,0.3608744,0.6391256,True
FBgn0029837,0,0,0.6801977,0.31980228,0.6801977,True
FBgn0029838,0,0,0.909536,0.090463996,0.909536,True
FBgn0029839,0,0,0.7273336,0.2726664,0.7273336,True
FBgn0029851,0,0,0.8446129,0.1553871,0.8446129,True
FBgn0029853,0,0,0.7293787,0.2706213,0.7293787,True
FBgn0029856,0,0,0.79614127,0.20385873,0.79614127,True
FBgn0029857,0,0,0.6847909,0.3152091,0.6847909,True
FBgn0029859,0,0,0.86654824,0.13345176,0.86654824,True
FBgn0029860,0,0,0.6654999,0.33450007,0.6654999,True
FBgn0029863,0,0,0.85593647,0.14406353,0.85593647,True
FBgn0029864,0,0,0.6167069,0.3832931,0.6167069,True
FBgn0029874,0,0,0.6213114,0.37868857,0.6213114,True
FBgn0029878,0,0,0.612584,0.387416,0.612584,True
FBgn0029879,0,0,0.66225106,0.33774894,0.66225106,True
FBgn0029880,0,0,0.6311318,0.36886817,0.6311318,True
FBgn0029881,0,0,0.63487464,0.36512536,0.63487464,True
FBgn0029882,0,0,0.851389,0.14861101,0.851389,True
FBgn0029890,0,0,0.7042611,0.29573888,0.7042611,True
FBgn0029891,0,0,0.64886445,0.35113555,0.64886445,True
FBgn0029892,0,0,0.5873405,0.41265953,0.5873405,True
FBgn0029893,0,0,0.666227,0.33377302,0.666227,True
FBgn0029894,0,0,0.8117795,0.1882205,0.8117795,True
FBgn0029895,0,0,0.65304345,0.34695655,0.65304345,True
FBgn0029896,0,0,0.6601553,0.3398447,0.6601553,True
FBgn0029898,0,0,0.62268573,0.37731427,0.62268573,True
FBgn0029903,0,0,0.677485,0.322515,0.677485,True
FBgn0029906,0,0,0.69998723,0.30001277,0.69998723,True
FBgn0029907,0,0,0.6575076,0.3424924,0.6575076,True
FBgn0029909,0,0,0.6371674,0.3628326,0.6371674,True
FBgn0029915,0,0,0.80900085,0.19099915,0.80900085,True
FBgn0029922,0,0,0.6260804,0.3739196,0.6260804,True
FBgn0029924,0,0,0.6288648,0.37113518,0.6288648,True
FBgn0029930,0,0,0.74530095,0.25469905,0.74530095,True
FBgn0029931,0,0,0.62482214,0.37517786,0.62482214,True
FBgn0029937,0,0,0.6654689,0.33453113,0.6654689,True
FBgn0029940,0,0,0.6548937,0.3451063,0.6548937,True
FBgn0029943,0,0,0.72818345,0.27181655,0.72818345,True
FBgn0029946,0,0,0.59611976,0.40388024,0.59611976,True
FBgn0029948,0,0,0.5639814,0.4360186,0.5639814,True
FBgn0029949,0,0,0.53877556,0.46122444,0.53877556,True
FBgn0029951,0,0,0.7283352,0.2716648,0.7283352,True
FBgn0029952,0,0,0.5149925,0.48500752,0.5149925,True
FBgn0029957,0,0,0.67270076,0.32729924,0.67270076,True
FBgn0029958,0,0,0.66718453,0.33281547,0.66718453,True
FBgn0029959,0,0,0.6669795,0.3330205,0.6669795,True
FBgn0029961,0,0,0.66475135,0.33524865,0.66475135,True
FBgn0029962,0,0,0.64587045,0.35412955,0.64587045,True
FBgn0029963,0,0,0.59067786,0.40932214,0.59067786,True
FBgn0029964,0,0,0.6415998,0.35840023,0.6415998,True
FBgn0029968,0,0,0.662877,0.33712298,0.662877,True
FBgn0029969,0,0,0.8429138,0.1570862,0.8429138,True
FBgn0029970,0,0,0.6694688,0.33053118,0.6694688,True
FBgn0029974,0,0,0.6730542,0.32694578,0.6730542,True
FBgn0029976,0,0,0.6867455,0.31325448,0.6867455,True
FBgn0029977,0,0,0.62954116,0.37045884,0.62954116,True
FBgn0029986,0,0,0.55339485,0.44660515,0.55339485,True
FBgn0029987,0,0,0.654445,0.345555,0.654445,True
FBgn0029989,0,0,0.7135651,0.2864349,0.7135651,True
FBgn0029993,0,0,0.7316587,0.2683413,0.7316587,True
FBgn0029994,0,0,0.8252076,0.17479241,0.8252076,True
FBgn0029997,0,0,0.6780306,0.3219694,0.6780306,True
FBgn0030001,0,0,0.73372203,0.26627797,0.73372203,True
FBgn0030004,0,0,0.6533531,0.3466469,0.6533531,True
FBgn0030005,0,0,0.66609335,0.33390665,0.66609335,True
FBgn0030006,0,0,0.56463635,0.43536365,0.56463635,True
FBgn0030009,0,0,0.62187153,0.37812847,0.62187153,True
FBgn0030010,0,0,0.74359787,0.25640213,0.74359787,True
FBgn0030013,0,0,0.88446945,0.11553055,0.88446945,True
FBgn0030014,0,0,0.7103045,0.2896955,0.7103045,True
FBgn0030015,0,0,0.68509763,0.31490237,0.68509763,True
FBgn0030017,0,0,0.6915854,0.30841458,0.6915854,True
FBgn0030026,0,0,0.71473926,0.28526074,0.71473926,True
FBgn0030027,0,0,0.6161184,0.38388163,0.6161184,True
FBgn0030029,0,0,0.86873114,0.13126886,0.86873114,True
FBgn0030033,0,0,0.6296349,0.37036508,0.6296349,True
FBgn0030038,0,0,0.6682547,0.33174533,0.6682547,True
FBgn0030039,0,0,0.70663166,0.29336834,0.70663166,True
FBgn0030040,0,0,0.71256477,0.28743523,0.71256477,True
FBgn0030048,0,0,0.5924191,0.4075809,0.5924191,True
FBgn0030050,0,0,0.63881236,0.36118764,0.63881236,True
FBgn0030051,0,0,0.70812565,0.29187435,0.70812565,True
FBgn0030052,0,0,0.7175148,0.2824852,0.7175148,True
FBgn0030053,0,0,0.6571002,0.3428998,0.6571002,True
FBgn0030055,0,0,0.710336,0.28966397,0.710336,True
FBgn0030056,0,0,0.6294528,0.37054718,0.6294528,True
FBgn0030060,0,0,0.7399592,0.26004082,0.7399592,True
FBgn0030065,0,0,0.67969435,0.32030565,0.67969435,True
FBgn0030071,0,0,0.6047221,0.39527792,0.6047221,True
FBgn0030073,0,0,0.7666244,0.23337561,0.7666244,True
FBgn0030074,0,0,0.6332976,0.36670238,0.6332976,True
FBgn0030078,0,0,0.4758859,0.52411413,0.52411413,True
FBgn0030087,0,0,0.64868325,0.35131675,0.64868325,True
FBgn0030096,0,0,0.7002332,0.29976678,0.7002332,True
FBgn0030098,0,0,0.7571506,0.24284941,0.7571506,True
FBgn0030100,0,0,0.73011523,0.26988477,0.73011523,True
FBgn0030101,0,0,0.6056995,0.39430052,0.6056995,True
FBgn0030102,0,0,0.87237847,0.12762153,0.87237847,True
FBgn0030103,0,0,0.84030664,0.15969336,0.84030664,True
FBgn0030105,0,0,0.86897844,0.13102156,0.86897844,True
FBgn0030108,0,0,0.6905754,0.30942458,0.6905754,True
FBgn0030109,0,0,0.6345664,0.36543357,0.6345664,True
FBgn0030114,0,0,0.66443133,0.33556867,0.66443133,True
FBgn0030122,0,0,0.58948666,0.41051334,0.58948666,True
FBgn0030151,0,0,0.8902361,0.10976392,0.8902361,True
FBgn0030156,0,0,0.744321,0.255679,0.744321,True
FBgn0030158,0,0,0.7227336,0.27726638,0.7227336,True
FBgn0030159,0,0,0.6769694,0.3230306,0.6769694,True
FBgn0030160,0,0,0.60757,0.39243,0.60757,True
FBgn0030162,0,0,0.76897943,0.23102057,0.76897943,True
FBgn0030164,0,0,0.6105866,0.38941342,0.6105866,True
FBgn0030167,0,0,0.6167432,0.3832568,0.6167432,True
FBgn0030174,0,0,0.6855601,0.3144399,0.6855601,True
FBgn0030178,0,0,0.87195796,0.12804204,0.87195796,True
FBgn0030183,0,0,0.69697684,0.30302316,0.69697684,True
FBgn0030186,0,0,0.7250655,0.27493447,0.7250655,True
FBgn0030191,0,0,0.56397516,0.43602484,0.56397516,True
FBgn0030200,0,0,0.68556154,0.31443846,0.68556154,True
FBgn0030202,0,0,0.77633923,0.22366077,0.77633923,True
FBgn0030204,0,0,0.73259115,0.26740885,0.73259115,True
FBgn0030206,0,0,0.6835391,0.3164609,0.6835391,True
FBgn0030207,0,0,0.640368,0.35963202,0.640368,True
FBgn0030215,0,0,0.49858063,0.50141937,0.50141937,True
FBgn0030217,0,0,0.6138338,0.38616621,0.6138338,True
FBgn0030222,0,0,0.6342743,0.3657257,0.6342743,True
FBgn0030228,0,0,0.6054281,0.3945719,0.6054281,True
FBgn0030230,0,0,0.6657312,0.3342688,0.6657312,True
FBgn0030234,0,0,0.78448653,0.21551347,0.78448653,True
FBgn0030237,0,0,0.6278675,0.37213248,0.6278675,True
FBgn0030239,0,0,0.8537959,0.14620411,0.8537959,True
FBgn0030240,0,0,0.72715765,0.27284235,0.72715765,True
FBgn0030242,0,0,0.65255576,0.34744424,0.65255576,True
FBgn0030243,0,0,0.61138064,0.38861936,0.61138064,True
FBgn0030244,0,0,0.5870771,0.41292292,0.5870771,True
FBgn0030246,0,0,0.64444727,0.35555273,0.64444727,True
FBgn0030247,0,0,0.63040805,0.36959195,0.63040805,True
FBgn0030257,0,0,0.7745867,0.22541332,0.7745867,True
FBgn0030259,0,0,0.53146356,0.46853644,0.53146356,True
FBgn0030262,0,0,0.6321081,0.3678919,0.6321081,True
FBgn0030263,0,0,0.65354365,0.34645635,0.65354365,True
FBgn0030270,0,0,0.6950547,0.3049453,0.6950547,True
FBgn0030271,0,0,0.58204746,0.41795254,0.58204746,True
FBgn0030272,0,0,0.7662343,0.23376572,0.7662343,True
FBgn0030274,0,0,0.6578495,0.3421505,0.6578495,True
FBgn0030278,0,0,0.58893335,0.41106665,0.58893335,True
FBgn0030280,0,0,0.5310154,0.4689846,0.5310154,True
FBgn0030283,0,0,0.73370165,0.26629835,0.73370165,True
FBgn0030290,0,0,0.58517176,0.41482824,0.58517176,True
FBgn0030291,0,0,0.8518616,0.1481384,0.8518616,True
FBgn0030292,0,0,0.586163,0.41383702,0.586163,True
FBgn0030293,0,0,0.6580448,0.34195518,0.6580448,True
FBgn0030294,0,0,0.6953847,0.30461532,0.6953847,True
FBgn0030296,0,0,0.5525339,0.44746608,0.5525339,True
FBgn0030297,0,0,0.60121006,0.39878994,0.60121006,True
FBgn0030298,0,0,0.62698776,0.37301224,0.62698776,True
FBgn0030300,0,0,0.632972,0.367028,0.632972,True
FBgn0030301,0,0,0.6577792,0.34222078,0.6577792,True
FBgn0030304,0,0,0.73943895,0.26056105,0.73943895,True
FBgn0030309,0,0,0.5859483,0.4140517,0.5859483,True
FBgn0030310,0,0,0.65637857,0.34362143,0.65637857,True
FBgn0030311,0,0,0.77621883,0.22378117,0.77621883,True
FBgn0030313,0,0,0.65683365,0.34316635,0.65683365,True
FBgn0030316,0,0,0.6435336,0.3564664,0.6435336,True
FBgn0030318,0,0,0.6776899,0.3223101,0.6776899,True
FBgn0030320,0,0,0.61225855,0.38774145,0.61225855,True
FBgn0030329,0,0,0.8444372,0.15556282,0.8444372,True
FBgn0030332,0,0,0.92964786,0.07035214,0.92964786,True
FBgn0030334,0,0,0.63202447,0.36797553,0.63202447,True
FBgn0030342,0,0,0.59719115,0.40280885,0.59719115,True
FBgn0030346,0,0,0.72846967,0.27153033,0.72846967,True
FBgn0030348,0,0,0.72666776,0.27333224,0.72666776,True
FBgn0030349,0,0,0.662695,0.337305,0.662695,True
FBgn0030357,0,0,0.49623132,0.5037687,0.5037687,True
FBgn0030358,0,0,0.6891602,0.31083977,0.6891602,True
FBgn0030360,0,0,0.6497577,0.35024232,0.6497577,True
FBgn0030361,0,0,0.5983396,0.40166038,0.5983396,True
FBgn0030364,0,0,0.72803015,0.27196985,0.72803015,True
FBgn0030365,0,0,0.65479225,0.34520775,0.65479225,True
FBgn0030373,0,0,0.6430893,0.3569107,0.6430893,True
FBgn0030374,0,0,0.5697635,0.43023652,0.5697635,True
FBgn0030375,0,0,0.6285516,0.3714484,0.6285516,True
FBgn0030376,0,0,0.57876915,0.42123085,0.57876915,True
FBgn0030386,0,0,0.66745186,0.33254814,0.66745186,True
FBgn0030389,0,0,0.54649454,0.45350546,0.54649454,True
FBgn0030390,0,0,0.6014066,0.39859343,0.6014066,True
FBgn0030391,0,0,0.7272887,0.27271128,0.7272887,True
FBgn0030394,0,0,0.8082764,0.19172359,0.8082764,True
FBgn0030395,0,0,0.6147122,0.38528782,0.6147122,True
FBgn0030396,0,0,0.66895217,0.33104783,0.66895217,True
FBgn0030398,0,0,0.6808136,0.3191864,0.6808136,True
FBgn0030403,0,0,0.6516106,0.3483894,0.6516106,True
FBgn0030406,0,0,0.6282537,0.3717463,0.6282537,True
FBgn0030408,0,0,0.6708919,0.32910812,0.6708919,True
FBgn0030411,0,0,0.6107247,0.3892753,0.6107247,True
FBgn0030417,0,0,0.64365536,0.35634464,0.64365536,True
FBgn0030418,0,0,0.59264964,0.40735036,0.59264964,True
FBgn0030420,0,0,0.593849,0.406151,0.593849,True
FBgn0030421,0,0,0.74704665,0.25295335,0.74704665,True
FBgn0030425,0,0,0.59872675,0.40127325,0.59872675,True
FBgn0030429,0,0,0.60056937,0.39943063,0.60056937,True
FBgn0030431,0,0,0.6670139,0.33298612,0.6670139,True
FBgn0030437,0,0,0.6461309,0.35386908,0.6461309,True
FBgn0030438,0,0,0.59446186,0.40553814,0.59446186,True
FBgn0030439,0,0,0.71089464,0.28910536,0.71089464,True
FBgn0030441,0,0,0.7434122,0.2565878,0.7434122,True
FBgn0030443,0,0,0.7126109,0.2873891,0.7126109,True
FBgn0030447,0,0,0.6033029,0.3966971,0.6033029,True
FBgn0030449,0,0,0.7002148,0.2997852,0.7002148,True
FBgn0030451,0,0,0.7274628,0.27253717,0.7274628,True
FBgn0030452,0,0,0.80190456,0.19809544,0.80190456,True
FBgn0030456,0,0,0.62211895,0.37788105,0.62211895,True
FBgn0030457,0,0,0.6513052,0.3486948,0.6513052,True
FBgn0030459,0,0,0.69394755,0.30605245,0.69394755,True
FBgn0030462,0,0,0.6012423,0.3987577,0.6012423,True
FBgn0030465,0,0,0.73592377,0.26407623,0.73592377,True
FBgn0030466,0,0,0.61737674,0.38262326,0.61737674,True
FBgn0030467,0,0,0.667633,0.332367,0.667633,True
FBgn0030468,0,0,0.634764,0.36523598,0.634764,True
FBgn0030477,0,0,0.6821269,0.31787312,0.6821269,True
FBgn0030478,0,0,0.73991024,0.26008976,0.73991024,True
FBgn0030479,0,0,0.68752444,0.31247556,0.68752444,True
FBgn0030482,0,0,0.69244087,0.30755913,0.69244087,True
FBgn0030483,0,0,0.5950976,0.4049024,0.5950976,True
FBgn0030484,0,0,0.7705211,0.2294789,0.7705211,True
FBgn0030485,0,0,0.6722496,0.32775038,0.6722496,True
FBgn0030492,0,0,0.8720961,0.12790388,0.8720961,True
FBgn0030493,0,0,0.6160634,0.38393658,0.6160634,True
FBgn0030494,0,0,0.6357056,0.3642944,0.6357056,True
FBgn0030495,0,0,0.5714122,0.4285878,0.5714122,True
FBgn0030503,0,0,0.760493,0.23950702,0.760493,True
FBgn0030504,0,0,0.62234783,0.37765217,0.62234783,True
FBgn0030506,0,0,0.63631064,0.36368936,0.63631064,True
FBgn0030507,0,0,0.7138938,0.28610623,0.7138938,True
FBgn0030508,0,0,0.7015061,0.29849392,0.7015061,True
FBgn0030509,0,0,0.72507286,0.27492714,0.72507286,True
FBgn0030510,0,0,0.66044575,0.33955425,0.66044575,True
FBgn0030512,0,0,0.6734893,0.32651073,0.6734893,True
FBgn0030514,0,0,0.56304866,0.43695134,0.56304866,True
FBgn0030520,0,0,0.6434674,0.35653257,0.6434674,True
FBgn0030522,0,0,0.82324654,0.17675346,0.82324654,True
FBgn0030524,0,0,0.70600206,0.29399794,0.70600206,True
FBgn0030528,0,0,0.68808746,0.31191254,0.68808746,True
FBgn0030536,0,0,0.6904159,0.30958408,0.6904159,True
FBgn0030537,0,0,0.69671583,0.30328417,0.69671583,True
FBgn0030538,0,0,0.6997355,0.30026448,0.6997355,True
FBgn0030542,0,0,0.5263273,0.4736727,0.5263273,True
FBgn0030543,0,0,0.7879905,0.21200949,0.7879905,True
FBgn0030554,0,0,0.6971427,0.30285728,0.6971427,True
FBgn0030555,0,0,0.62456924,0.37543076,0.62456924,True
FBgn0030559,0,0,0.8670782,0.13292181,0.8670782,True
FBgn0030562,0,0,0.54682684,0.45317316,0.54682684,True
FBgn0030566,0,0,0.6645581,0.3354419,0.6645581,True
FBgn0030571,0,0,0.7611197,0.23888028,0.7611197,True
FBgn0030573,0,0,0.7475039,0.25249612,0.7475039,True
FBgn0030575,0,0,0.5758414,0.42415857,0.5758414,True
FBgn0030576,0,0,0.6628451,0.33715492,0.6628451,True
FBgn0030578,0,0,0.74866575,0.25133425,0.74866575,True
FBgn0030582,0,0,0.6974579,0.3025421,0.6974579,True
FBgn0030586,0,0,0.6702225,0.32977748,0.6702225,True
FBgn0030587,0,0,0.5914483,0.4085517,0.5914483,True
FBgn0030589,0,0,0.6263739,0.3736261,0.6263739,True
FBgn0030590,0,0,0.62083846,0.37916154,0.62083846,True
FBgn0030592,0,0,0.62027746,0.37972254,0.62027746,True
FBgn0030593,0,0,0.5822894,0.4177106,0.5822894,True
FBgn0030594,0,0,0.6179128,0.38208717,0.6179128,True
FBgn0030595,0,0,0.6642231,0.33577693,0.6642231,True
FBgn0030596,0,0,0.63559467,0.36440533,0.63559467,True
FBgn0030597,0,0,0.6065108,0.39348918,0.6065108,True
FBgn0030599,0,0,0.5298161,0.4701839,0.5298161,True
FBgn0030600,0,0,0.6440834,0.35591662,0.6440834,True
FBgn0030613,0,0,0.6142441,0.3857559,0.6142441,True
FBgn0030615,0,0,0.7357857,0.26421428,0.7357857,True
FBgn0030617,0,0,0.6294727,0.37052733,0.6294727,True
FBgn0030620,0,0,0.6478244,0.3521756,0.6478244,True
FBgn0030623,0,0,0.6003535,0.39964652,0.6003535,True
FBgn0030628,0,0,0.6456104,0.3543896,0.6456104,True
FBgn0030629,0,0,0.8299572,0.17004281,0.8299572,True
FBgn0030634,0,0,0.7337458,0.2662542,0.7337458,True
FBgn0030642,0,0,0.7134976,0.28650242,0.7134976,True
FBgn0030643,0,0,0.7088899,0.2911101,0.7088899,True
FBgn0030647,0,0,0.61628205,0.38371795,0.61628205,True
FBgn0030658,0,0,0.6940267,0.3059733,0.6940267,True
FBgn0030660,0,0,0.6741079,0.3258921,0.6741079,True
FBgn0030661,0,0,0.70284605,0.29715395,0.70284605,True
FBgn0030662,0,0,0.7035843,0.2964157,0.7035843,True
FBgn0030664,0,0,0.8204585,0.17954153,0.8204585,True
FBgn0030666,0,0,0.9332964,0.06670362,0.9332964,True
FBgn0030667,0,0,0.5547056,0.44529438,0.5547056,True
FBgn0030668,0,0,0.7495244,0.2504756,0.7495244,True
FBgn0030669,0,0,0.68789494,0.31210506,0.68789494,True
FBgn0030671,0,0,0.66630864,0.33369136,0.66630864,True
FBgn0030672,0,0,0.76412493,0.23587507,0.76412493,True
FBgn0030673,0,0,0.68728167,0.31271833,0.68728167,True
FBgn0030678,0,0,0.6045215,0.3954785,0.6045215,True
FBgn0030679,0,0,0.60316277,0.39683723,0.60316277,True
FBgn0030680,0,0,0.65745515,0.34254485,0.65745515,True
FBgn0030683,0,0,0.6498695,0.3501305,0.6498695,True
FBgn0030684,0,0,0.5885846,0.4114154,0.5885846,True
FBgn0030685,0,0,0.6155883,0.3844117,0.6155883,True
FBgn0030688,0,0,0.51493317,0.48506683,0.51493317,True
FBgn0030691,0,0,0.63790387,0.36209613,0.63790387,True
FBgn0030694,0,0,0.58797485,0.41202515,0.58797485,True
FBgn0030696,0,0,0.583337,0.416663,0.583337,True
FBgn0030701,0,0,0.62045884,0.37954116,0.62045884,True
FBgn0030703,0,0,0.6004451,0.3995549,0.6004451,True
FBgn0030704,0,0,0.6398925,0.36010748,0.6398925,True
FBgn0030707,0,0,0.63575035,0.36424965,0.63575035,True
FBgn0030710,0,0,0.669162,0.33083802,0.669162,True
FBgn0030715,0,0,0.6178177,0.3821823,0.6178177,True
FBgn0030716,0,0,0.61159635,0.38840365,0.61159635,True
FBgn0030720,0,0,0.7069003,0.2930997,0.7069003,True
FBgn0030721,0,0,0.6109138,0.3890862,0.6109138,True
FBgn0030722,0,0,0.50333035,0.49666965,0.50333035,True
FBgn0030723,0,0,0.65363747,0.34636253,0.65363747,True
FBgn0030724,0,0,0.58668673,0.41331327,0.58668673,True
FBgn0030731,0,0,0.6472075,0.3527925,0.6472075,True
FBgn0030734,0,0,0.61113924,0.38886076,0.61113924,True
FBgn0030735,0,0,0.60941285,0.39058715,0.60941285,True
FBgn0030743,0,0,0.6492068,0.35079318,0.6492068,True
FBgn0030746,0,0,0.62271696,0.37728304,0.62271696,True
FBgn0030747,0,0,0.63679695,0.36320305,0.63679695,True
FBgn0030748,0,0,0.6760101,0.32398993,0.6760101,True
FBgn0030756,0,0,0.7466358,0.2533642,0.7466358,True
FBgn0030757,0,0,0.6071864,0.39281362,0.6071864,True
FBgn0030761,0,0,0.671552,0.328448,0.671552,True
FBgn0030763,0,0,0.9455005,0.054499507,0.9455005,True
FBgn0030764,0,0,0.70299894,0.29700106,0.70299894,True
FBgn0030769,0,0,0.70904773,0.29095227,0.70904773,True
FBgn0030770,0,0,0.71664435,0.28335565,0.71664435,True
FBgn0030774,0,0,0.80008346,0.19991654,0.80008346,True
FBgn0030775,0,0,0.7668185,0.23318148,0.7668185,True
FBgn0030776,0,0,0.60213256,0.39786744,0.60213256,True
FBgn0030777,0,0,0.7851508,0.21484917,0.7851508,True
FBgn0030778,0,0,0.6633643,0.3366357,0.6633643,True
FBgn0030780,0,0,0.6360565,0.36394352,0.6360565,True
FBgn0030787,0,0,0.66871816,0.33128184,0.66871816,True
FBgn0030790,0,0,0.73166066,0.26833934,0.73166066,True
FBgn0030791,0,0,0.7152674,0.28473258,0.7152674,True
FBgn0030792,0,0,0.7809021,0.21909791,0.7809021,True
FBgn0030794,0,0,0.61658996,0.38341004,0.61658996,True
FBgn0030795,0,0,0.6582037,0.34179628,0.6582037,True
FBgn0030797,0,0,0.74594295,0.25405705,0.74594295,True
FBgn0030798,0,0,0.65517205,0.34482795,0.65517205,True
FBgn0030803,0,0,0.5914182,0.4085818,0.5914182,True
FBgn0030804,0,0,0.5272556,0.4727444,0.5272556,True
FBgn0030807,0,0,0.65785486,0.34214514,0.65785486,True
FBgn0030809,0,0,0.6474005,0.3525995,0.6474005,True
FBgn0030813,0,0,0.58575255,0.41424745,0.58575255,True
FBgn0030814,0,0,0.5504417,0.44955832,0.5504417,True
FBgn0030815,0,0,0.62461704,0.37538296,0.62461704,True
FBgn0030817,0,0,0.67654306,0.32345694,0.67654306,True
FBgn0030823,0,0,0.5961322,0.40386778,0.5961322,True
FBgn0030824,0,0,0.5093202,0.4906798,0.5093202,True
FBgn0030828,0,0,0.63597476,0.36402524,0.63597476,True
FBgn0030829,0,0,0.5020237,0.4979763,0.5020237,True
FBgn0030832,0,0,0.867152,0.13284802,0.867152,True
FBgn0030833,0,0,0.62922096,0.37077904,0.62922096,True
FBgn0030834,0,0,0.84473133,0.15526867,0.84473133,True
FBgn0030836,0,0,0.7166437,0.2833563,0.7166437,True
FBgn0030837,0,0,0.58780354,0.41219646,0.58780354,True
FBgn0030838,0,0,0.71813333,0.28186667,0.71813333,True
FBgn0030839,0,0,0.6319411,0.36805892,0.6319411,True
FBgn0030840,0,0,0.6915152,0.3084848,0.6915152,True
FBgn0030844,0,0,0.7159589,0.2840411,0.7159589,True
FBgn0030846,0,0,0.7333133,0.26668668,0.7333133,True
FBgn0030847,0,0,0.685942,0.314058,0.685942,True
FBgn0030850,0,0,0.63979286,0.36020714,0.63979286,True
FBgn0030854,0,0,0.7044717,0.2955283,0.7044717,True
FBgn0030859,0,0,0.59476966,0.40523034,0.59476966,True
FBgn0030863,0,0,0.6273029,0.37269711,0.6273029,True
FBgn0030868,0,0,0.6038662,0.39613378,0.6038662,True
FBgn0030869,0,0,0.64030784,0.35969216,0.64030784,True
FBgn0030870,0,0,0.6647884,0.33521158,0.6647884,True
FBgn0030871,0,0,0.7388557,0.26114428,0.7388557,True
FBgn0030872,0,0,0.84189475,0.15810525,0.84189475,True
FBgn0030873,0,0,0.6424712,0.3575288,0.6424712,True
FBgn0030874,0,0,0.72146475,0.27853525,0.72146475,True
FBgn0030876,0,0,0.7109515,0.2890485,0.7109515,True
FBgn0030880,0,0,0.7288908,0.27110922,0.7288908,True
FBgn0030881,0,0,0.5922203,0.4077797,0.5922203,True
FBgn0030883,0,0,0.75519156,0.24480844,0.75519156,True
FBgn0030884,0,0,0.6383064,0.36169362,0.6383064,True
FBgn0030886,0,0,0.60727435,0.39272565,0.60727435,True
FBgn0030889,0,0,0.70131636,0.29868364,0.70131636,True
FBgn0030890,0,0,0.67857134,0.32142866,0.67857134,True
FBgn0030892,0,0,0.65622675,0.34377325,0.65622675,True
FBgn0030893,0,0,0.74957114,0.25042886,0.74957114,True
FBgn0030894,0,0,0.7091474,0.2908526,0.7091474,True
FBgn0030897,0,0,0.5940721,0.4059279,0.5940721,True
FBgn0030898,0,0,0.809078,0.19092202,0.809078,True
FBgn0030899,0,0,0.6067026,0.39329737,0.6067026,True
FBgn0030904,0,0,0.7946706,0.20532942,0.7946706,True
FBgn0030905,0,0,0.71608984,0.28391016,0.71608984,True
FBgn0030912,0,0,0.56472725,0.43527275,0.56472725,True
FBgn0030913,0,0,0.7298023,0.2701977,0.7298023,True
FBgn0030914,0,0,0.6321942,0.36780578,0.6321942,True
FBgn0030915,0,0,0.74604386,0.25395614,0.74604386,True
FBgn0030918,0,0,0.68007517,0.31992483,0.68007517,True
FBgn0030921,0,0,0.73226166,0.26773834,0.73226166,True
FBgn0030926,0,0,0.6135746,0.38642538,0.6135746,True
FBgn0030927,0,0,0.59976804,0.40023196,0.59976804,True
FBgn0030928,0,0,0.7292604,0.27073961,0.7292604,True
FBgn0030929,0,0,0.7008573,0.29914272,0.7008573,True
FBgn0030931,0,0,0.6727869,0.3272131,0.6727869,True
FBgn0030936,0,0,0.64017594,0.35982406,0.64017594,True
FBgn0030937,0,0,0.6359907,0.36400932,0.6359907,True
FBgn0030940,0,0,0.63210934,0.36789066,0.63210934,True
FBgn0030941,0,0,0.7925533,0.2074467,0.7925533,True
FBgn0030943,0,0,0.8144865,0.1855135,0.8144865,True
FBgn0030945,0,0,0.71565866,0.28434134,0.71565866,True
FBgn0030946,0,0,0.67647654,0.32352346,0.67647654,True
FBgn0030947,0,0,0.8524672,0.14753282,0.8524672,True
FBgn0030949,0,0,0.7024463,0.29755372,0.7024463,True
FBgn0030952,0,0,0.7540412,0.2459588,0.7540412,True
FBgn0030954,0,0,0.7147874,0.28521258,0.7147874,True
FBgn0030955,0,0,0.8673465,0.13265347,0.8673465,True
FBgn0030968,0,0,0.8649796,0.13502038,0.8649796,True
FBgn0030973,0,0,0.6512201,0.34877992,0.6512201,True
FBgn0030975,0,0,0.7303853,0.2696147,0.7303853,True
FBgn0030976,0,0,0.6370887,0.36291128,0.6370887,True
FBgn0030979,0,0,0.7079039,0.29209608,0.7079039,True
FBgn0030983,0,0,0.56175166,0.43824834,0.56175166,True
FBgn0030989,0,0,0.92677885,0.07322115,0.92677885,True
FBgn0030990,0,0,0.77368355,0.22631645,0.77368355,True
FBgn0030991,0,0,0.6781951,0.32180488,0.6781951,True
FBgn0030992,0,0,0.85407364,0.14592636,0.85407364,True
FBgn0030993,0,0,0.73280364,0.26719636,0.73280364,True
FBgn0030994,0,0,0.7308939,0.2691061,0.7308939,True
FBgn0030995,0,0,0.693444,0.306556,0.693444,True
FBgn0030997,0,0,0.46238974,0.5376103,0.5376103,True
FBgn0030998,0,0,0.8113454,0.1886546,0.8113454,True
FBgn0030999,0,0,0.9049584,0.09504157,0.9049584,True
FBgn0031001,0,0,0.63144815,0.36855185,0.63144815,True
FBgn0031004,0,0,0.73487854,0.26512146,0.73487854,True
FBgn0031006,0,0,0.6373373,0.36266267,0.6373373,True
FBgn0031008,0,0,0.8825303,0.11746973,0.8825303,True
FBgn0031010,0,0,0.6213856,0.37861443,0.6213856,True
FBgn0031016,0,0,0.70172244,0.29827756,0.70172244,True
FBgn0031018,0,0,0.8647797,0.13522029,0.8647797,True
FBgn0031022,0,0,0.58735955,0.41264045,0.58735955,True
FBgn0031026,0,0,0.69188416,0.30811584,0.69188416,True
FBgn0031031,0,0,0.67538744,0.32461256,0.67538744,True
FBgn0031032,0,0,0.6290917,0.37090832,0.6290917,True
FBgn0031034,0,0,0.6301432,0.36985677,0.6301432,True
FBgn0031042,0,0,0.67042255,0.32957745,0.67042255,True
FBgn0031043,0,0,0.6576772,0.34232283,0.6576772,True
FBgn0031044,0,0,0.66409105,0.33590895,0.66409105,True
FBgn0031045,0,0,0.74345684,0.25654316,0.74345684,True
FBgn0031047,0,0,0.9010496,0.098950386,0.9010496,True
FBgn0031051,0,0,0.66793585,0.33206415,0.66793585,True
FBgn0031052,0,0,0.6485579,0.3514421,0.6485579,True
FBgn0031061,0,0,0.82451904,0.17548096,0.82451904,True
FBgn0031064,0,0,0.6539822,0.34601778,0.6539822,True
FBgn0031065,0,0,0.74604964,0.25395036,0.74604964,True
FBgn0031069,0,0,0.70775604,0.29224396,0.70775604,True
FBgn0031070,0,0,0.6728485,0.32715148,0.6728485,True
FBgn0031077,0,0,0.65749234,0.34250766,0.65749234,True
FBgn0031081,0,0,0.7120205,0.28797948,0.7120205,True
FBgn0031082,0,0,0.6309056,0.36909437,0.6309056,True
FBgn0031085,0,0,0.73950243,0.26049757,0.73950243,True
FBgn0031089,0,0,0.71031666,0.28968334,0.71031666,True
FBgn0031091,0,0,0.562657,0.437343,0.562657,True
FBgn0031092,0,0,0.9147477,0.085252285,0.9147477,True
FBgn0031093,0,0,0.7741814,0.22581857,0.7741814,True
FBgn0031094,0,0,0.84354347,0.15645653,0.84354347,True
FBgn0031098,0,0,0.75992304,0.24007696,0.75992304,True
FBgn0031100,0,0,0.6885913,0.3114087,0.6885913,True
FBgn0031101,0,0,0.60512596,0.39487404,0.60512596,True
FBgn0031103,0,0,0.734055,0.26594502,0.734055,True
FBgn0031107,0,0,0.6315894,0.3684106,0.6315894,True
FBgn0031109,0,0,0.69777817,0.30222183,0.69777817,True
FBgn0031110,0,0,0.8260872,0.17391282,0.8260872,True
FBgn0031115,0,0,0.65964425,0.34035575,0.65964425,True
FBgn0031116,0,0,0.72099876,0.27900124,0.72099876,True
FBgn0031117,0,0,0.67674583,0.32325417,0.67674583,True
FBgn0031119,0,0,0.6899147,0.3100853,0.6899147,True
FBgn0031126,0,0,0.6423418,0.3576582,0.6423418,True
FBgn0031128,0,0,0.66177016,0.33822984,0.66177016,True
FBgn0031129,0,0,0.8081786,0.1918214,0.8081786,True
FBgn0031130,0,0,0.6026274,0.3973726,0.6026274,True
FBgn0031132,0,0,0.7053898,0.2946102,0.7053898,True
FBgn0031134,0,0,0.66701174,0.33298826,0.66701174,True
FBgn0031139,0,0,0.62079793,0.37920207,0.62079793,True
FBgn0031141,0,0,0.6901522,0.30984777,0.6901522,True
FBgn0031142,0,0,0.6533155,0.34668452,0.6533155,True
FBgn0031144,0,0,0.6531104,0.34688962,0.6531104,True
FBgn0031146,0,0,0.5611872,0.4388128,0.5611872,True
FBgn0031148,0,0,0.74128264,0.25871736,0.74128264,True
FBgn0031149,0,0,0.6418966,0.3581034,0.6418966,True
FBgn0031150,0,0,0.65871173,0.34128827,0.65871173,True
FBgn0031155,0,0,0.641996,0.35800397,0.641996,True
FBgn0031157,0,0,0.6807386,0.31926137,0.6807386,True
FBgn0031159,0,0,0.65959,0.34041,0.65959,True
FBgn0031164,0,0,0.6868273,0.3131727,0.6868273,True
FBgn0031170,0,0,0.639354,0.360646,0.639354,True
FBgn0031171,0,0,0.6212141,0.3787859,0.6212141,True
FBgn0031176,0,0,0.7862363,0.21376371,0.7862363,True
FBgn0031178,0,0,0.5824555,0.41754448,0.5824555,True
FBgn0031181,0,0,0.66451895,0.33548105,0.66451895,True
FBgn0031182,0,0,0.6460578,0.35394222,0.6460578,True
FBgn0031183,0,0,0.66562,0.33437997,0.66562,True
FBgn0031184,0,0,0.6489124,0.35108763,0.6489124,True
FBgn0031189,0,0,0.72885066,0.27114934,0.72885066,True
FBgn0031191,0,0,0.6212093,0.37879068,0.6212093,True
FBgn0031194,0,0,0.67567945,0.32432055,0.67567945,True
FBgn0031195,0,0,0.7048649,0.29513508,0.7048649,True
FBgn0031196,0,0,0.71084744,0.28915256,0.71084744,True
FBgn0031197,0,0,0.7086954,0.2913046,0.7086954,True
FBgn0031201,0,0,0.6384919,0.36150807,0.6384919,True
FBgn0031216,0,0,0.6073668,0.3926332,0.6073668,True
FBgn0031219,0,0,0.5743602,0.4256398,0.5743602,True
FBgn0031224,0,0,0.62514627,0.37485373,0.62514627,True
FBgn0031229,0,0,0.64775103,0.35224897,0.64775103,True
FBgn0031233,0,0,0.6108619,0.3891381,0.6108619,True
FBgn0031235,0,0,0.659889,0.34011102,0.659889,True
FBgn0031238,0,0,0.636497,0.36350298,0.636497,True
FBgn0031239,0,0,0.6514992,0.3485008,0.6514992,True
FBgn0031244,0,0,0.75756633,0.24243367,0.75756633,True
FBgn0031248,0,0,0.7263679,0.2736321,0.7263679,True
FBgn0031249,0,0,0.70173854,0.29826146,0.70173854,True
FBgn0031252,0,0,0.61594176,0.38405824,0.61594176,True
FBgn0031255,0,0,0.66774887,0.33225113,0.66774887,True
FBgn0031257,0,0,0.6267527,0.37324733,0.6267527,True
FBgn0031258,0,0,0.6330153,0.36698472,0.6330153,True
FBgn0031261,0,0,0.71824765,0.28175235,0.71824765,True
FBgn0031263,0,0,0.67774045,0.32225955,0.67774045,True
FBgn0031277,0,0,0.7780619,0.22193807,0.7780619,True
FBgn0031279,0,0,0.6151121,0.38488787,0.6151121,True
FBgn0031281,0,0,0.58390605,0.41609395,0.58390605,True
FBgn0031282,0,0,0.8799973,0.12000269,0.8799973,True
FBgn0031283,0,0,0.62564385,0.37435615,0.62564385,True
FBgn0031284,0,0,0.6516482,0.34835178,0.6516482,True
FBgn0031285,0,0,0.59349066,0.40650934,0.59349066,True
FBgn0031286,0,0,0.71449697,0.28550303,0.71449697,True
FBgn0031287,0,0,0.8319008,0.16809922,0.8319008,True
FBgn0031288,0,0,0.64277655,0.35722345,0.64277655,True
FBgn0031289,0,0,0.87666136,0.12333864,0.87666136,True
FBgn0031292,0,0,0.61230564,0.38769436,0.61230564,True
FBgn0031295,0,0,0.5590939,0.4409061,0.5590939,True
FBgn0031296,0,0,0.7266939,0.27330607,0.7266939,True
FBgn0031299,0,0,0.7391787,0.26082128,0.7391787,True
FBgn0031301,0,0,0.62731874,0.37268126,0.62731874,True
FBgn0031302,0,0,0.6282556,0.3717444,0.6282556,True
FBgn0031305,0,0,0.6646409,0.3353591,0.6646409,True
FBgn0031307,0,0,0.694373,0.305627,0.694373,True
FBgn0031309,0,0,0.88344395,0.11655605,0.88344395,True
FBgn0031310,0,0,0.6547377,0.3452623,0.6547377,True
FBgn0031315,0,0,0.79269284,0.20730716,0.79269284,True
FBgn0031318,0,0,0.64615303,0.35384697,0.64615303,True
FBgn0031319,0,0,0.5915779,0.4084221,0.5915779,True
FBgn0031320,0,0,0.6740753,0.3259247,0.6740753,True
FBgn0031321,0,0,0.7206434,0.2793566,0.7206434,True
FBgn0031322,0,0,0.8933217,0.10667831,0.8933217,True
FBgn0031323,0,0,0.5800591,0.4199409,0.5800591,True
FBgn0031324,0,0,0.8240937,0.1759063,0.8240937,True
FBgn0031327,0,0,0.6130516,0.3869484,0.6130516,True
FBgn0031331,0,0,0.5717117,0.42828828,0.5717117,True
FBgn0031333,0,0,0.68543714,0.31456286,0.68543714,True
FBgn0031335,0,0,0.55659074,0.44340926,0.55659074,True
FBgn0031337,0,0,0.7609007,0.23909932,0.7609007,True
FBgn0031343,0,0,0.69493264,0.30506736,0.69493264,True
FBgn0031345,0,0,0.49039087,0.5096091,0.5096091,True
FBgn0031347,0,0,0.6041753,0.39582467,0.6041753,True
FBgn0031351,0,0,0.7166263,0.2833737,0.7166263,True
FBgn0031356,0,0,0.68421495,0.31578505,0.68421495,True
FBgn0031359,0,0,0.80372286,0.19627714,0.80372286,True
FBgn0031360,0,0,0.8287988,0.17120123,0.8287988,True
FBgn0031364,0,0,0.6186465,0.3813535,0.6186465,True
FBgn0031365,0,0,0.5722713,0.4277287,0.5722713,True
FBgn0031367,0,0,0.52110356,0.47889644,0.52110356,True
FBgn0031372,0,0,0.6844665,0.31553352,0.6844665,True
FBgn0031373,0,0,0.69015574,0.30984426,0.69015574,True
FBgn0031378,0,0,0.5924752,0.40752482,0.5924752,True
FBgn0031379,0,0,0.6132726,0.3867274,0.6132726,True
FBgn0031381,0,1,0.9632752,0.036724806,0.9632752,False
FBgn0031384,0,0,0.6640794,0.33592057,0.6640794,True
FBgn0031388,0,0,0.6606392,0.33936077,0.6606392,True
FBgn0031389,0,0,0.52603376,0.47396624,0.52603376,True
FBgn0031391,0,0,0.70175403,0.29824597,0.70175403,True
FBgn0031393,0,0,0.63345695,0.36654305,0.63345695,True
FBgn0031397,0,0,0.5915331,0.40846688,0.5915331,True
FBgn0031398,0,0,0.6810421,0.31895792,0.6810421,True
FBgn0031401,0,0,0.64870626,0.35129374,0.64870626,True
FBgn0031406,0,0,0.66328996,0.33671004,0.66328996,True
FBgn0031407,0,0,0.5433497,0.45665032,0.5433497,True
FBgn0031409,0,0,0.6738719,0.32612813,0.6738719,True
FBgn0031410,0,0,0.7914483,0.2085517,0.7914483,True
FBgn0031412,0,0,0.6110675,0.38893253,0.6110675,True
FBgn0031413,0,0,0.69339365,0.30660635,0.69339365,True
FBgn0031414,0,0,0.63394445,0.36605555,0.63394445,True
FBgn0031417,0,0,0.6293142,0.37068582,0.6293142,True
FBgn0031418,0,0,0.7318179,0.2681821,0.7318179,True
FBgn0031422,0,0,0.6128927,0.3871073,0.6128927,True
FBgn0031424,0,0,0.6858311,0.31416887,0.6858311,True
FBgn0031428,0,0,0.6713864,0.32861358,0.6713864,True
FBgn0031431,0,0,0.6485285,0.35147148,0.6485285,True
FBgn0031434,0,0,0.57954973,0.42045027,0.57954973,True
FBgn0031435,0,0,0.60699713,0.39300287,0.60699713,True
FBgn0031436,0,0,0.7204812,0.27951878,0.7204812,True
FBgn0031440,0,0,0.71995246,0.28004754,0.71995246,True
FBgn0031441,0,0,0.66186816,0.33813184,0.66186816,True
FBgn0031442,0,0,0.5678895,0.4321105,0.5678895,True
FBgn0031443,0,0,0.5336448,0.4663552,0.5336448,True
FBgn0031444,0,0,0.4966852,0.5033148,0.5033148,True
FBgn0031449,0,0,0.5980706,0.40192938,0.5980706,True
FBgn0031451,0,0,0.63407624,0.36592376,0.63407624,True
FBgn0031453,0,1,0.9590705,0.040929496,0.9590705,False
FBgn0031457,0,0,0.747506,0.25249398,0.747506,True
FBgn0031462,0,0,0.73044175,0.26955825,0.73044175,True
FBgn0031463,0,0,0.5909781,0.4090219,0.5909781,True
FBgn0031465,0,0,0.6499109,0.35008907,0.6499109,True
FBgn0031466,0,0,0.7442257,0.25577432,0.7442257,True
FBgn0031467,0,0,0.9284985,0.07150149,0.9284985,True
FBgn0031468,0,0,0.68006706,0.31993294,0.68006706,True
FBgn0031469,0,0,0.61906874,0.38093126,0.61906874,True
FBgn0031470,0,0,0.6367176,0.36328238,0.6367176,True
FBgn0031471,0,0,0.58155364,0.41844636,0.58155364,True
FBgn0031472,0,0,0.6558854,0.3441146,0.6558854,True
FBgn0031473,0,0,0.7242358,0.27576423,0.7242358,True
FBgn0031474,0,0,0.7068784,0.29312158,0.7068784,True
FBgn0031478,0,0,0.652309,0.347691,0.652309,True
FBgn0031483,0,0,0.6273241,0.3726759,0.6273241,True
FBgn0031484,0,0,0.5898211,0.4101789,0.5898211,True
FBgn0031485,0,0,0.6779589,0.3220411,0.6779589,True
FBgn0031489,0,0,0.6206826,0.3793174,0.6206826,True
FBgn0031491,0,0,0.6056907,0.39430928,0.6056907,True
FBgn0031494,0,0,0.51490194,0.48509806,0.51490194,True
FBgn0031496,0,0,0.6386852,0.36131477,0.6386852,True
FBgn0031504,0,0,0.6088398,0.3911602,0.6088398,True
FBgn0031512,0,0,0.51819587,0.48180413,0.51819587,True
FBgn0031513,0,0,0.4953405,0.50465953,0.50465953,True
FBgn0031514,0,0,0.60770667,0.39229333,0.60770667,True
FBgn0031516,0,0,0.62307143,0.37692857,0.62307143,True
FBgn0031517,0,0,0.69605523,0.30394477,0.69605523,True
FBgn0031518,0,0,0.6067101,0.39328992,0.6067101,True
FBgn0031519,0,0,0.5822699,0.4177301,0.5822699,True
FBgn0031522,0,0,0.66094863,0.33905137,0.66094863,True
FBgn0031523,0,0,0.69861966,0.30138034,0.69861966,True
FBgn0031528,0,0,0.64928937,0.35071063,0.64928937,True
FBgn0031529,0,0,0.6433516,0.3566484,0.6433516,True
FBgn0031531,0,0,0.75484526,0.24515474,0.75484526,True
FBgn0031533,0,0,0.70533264,0.29466736,0.70533264,True
FBgn0031534,0,0,0.71253985,0.28746015,0.71253985,True
FBgn0031540,0,0,0.70436865,0.29563135,0.70436865,True
FBgn0031542,0,0,0.6712958,0.32870418,0.6712958,True
FBgn0031544,0,0,0.72196853,0.27803147,0.72196853,True
FBgn0031545,0,0,0.8190733,0.18092668,0.8190733,True
FBgn0031547,0,0,0.5424198,0.4575802,0.5424198,True
FBgn0031548,0,0,0.65021336,0.34978664,0.65021336,True
FBgn0031550,0,0,0.60593456,0.39406544,0.60593456,True
FBgn0031554,0,0,0.46913877,0.53086126,0.53086126,True
FBgn0031558,0,0,0.4589771,0.5410229,0.5410229,True
FBgn0031560,0,0,0.4333924,0.5666076,0.5666076,True
FBgn0031561,0,0,0.43659282,0.5634072,0.5634072,True
FBgn0031563,0,0,0.46112275,0.53887725,0.53887725,True
FBgn0031564,0,0,0.47094178,0.5290582,0.5290582,True
FBgn0031566,0,0,0.65467036,0.34532964,0.65467036,True
FBgn0031568,0,0,0.62552613,0.37447387,0.62552613,True
FBgn0031575,0,0,0.64382815,0.35617185,0.64382815,True
FBgn0031579,0,0,0.49442574,0.5055742,0.5055742,True
FBgn0031580,0,0,0.61128706,0.38871294,0.61128706,True
FBgn0031585,0,0,0.5475322,0.4524678,0.5475322,True
FBgn0031592,0,0,0.63254166,0.36745834,0.63254166,True
FBgn0031597,0,0,0.60537815,0.39462185,0.60537815,True
FBgn0031598,0,0,0.68222374,0.31777626,0.68222374,True
FBgn0031600,0,0,0.634104,0.365896,0.634104,True
FBgn0031602,0,0,0.69742966,0.30257034,0.69742966,True
FBgn0031608,0,0,0.69197285,0.30802715,0.69197285,True
FBgn0031609,0,0,0.68917876,0.31082124,0.68917876,True
FBgn0031610,0,0,0.6992738,0.30072618,0.6992738,True
FBgn0031617,0,0,0.49424592,0.5057541,0.5057541,True
FBgn0031619,0,0,0.90633744,0.09366256,0.90633744,True
FBgn0031620,0,0,0.56592387,0.43407613,0.56592387,True
FBgn0031621,0,0,0.6501421,0.34985793,0.6501421,True
FBgn0031626,0,0,0.5866498,0.41335022,0.5866498,True
FBgn0031628,0,0,0.87333316,0.12666684,0.87333316,True
FBgn0031630,0,0,0.74512184,0.25487816,0.74512184,True
FBgn0031631,0,0,0.6290083,0.3709917,0.6290083,True
FBgn0031632,0,0,0.636136,0.363864,0.636136,True
FBgn0031633,0,0,0.8423262,0.15767378,0.8423262,True
FBgn0031634,0,0,0.65002865,0.34997135,0.65002865,True
FBgn0031636,0,0,0.6432426,0.3567574,0.6432426,True
FBgn0031637,0,0,0.6534023,0.34659767,0.6534023,True
FBgn0031638,0,0,0.67148393,0.32851607,0.67148393,True
FBgn0031643,0,0,0.6404463,0.3595537,0.6404463,True
FBgn0031644,0,0,0.8280419,0.17195809,0.8280419,True
FBgn0031645,0,0,0.6873072,0.31269282,0.6873072,True
FBgn0031649,0,0,0.6565484,0.34345162,0.6565484,True
FBgn0031653,0,0,0.9231993,0.076800704,0.9231993,True
FBgn0031657,0,0,0.85197926,0.14802074,0.85197926,True
FBgn0031659,0,0,0.68456304,0.31543696,0.68456304,True
FBgn0031662,0,0,0.65109944,0.34890056,0.65109944,True
FBgn0031663,0,0,0.6989143,0.3010857,0.6989143,True
FBgn0031664,0,0,0.72594845,0.27405155,0.72594845,True
FBgn0031668,0,0,0.7063846,0.2936154,0.7063846,True
FBgn0031675,0,0,0.61717653,0.38282347,0.61717653,True
FBgn0031677,0,0,0.54423237,0.45576763,0.54423237,True
FBgn0031678,0,0,0.6062915,0.39370853,0.6062915,True
FBgn0031682,0,0,0.7285787,0.2714213,0.7285787,True
FBgn0031683,0,0,0.7406445,0.2593555,0.7406445,True
FBgn0031688,0,0,0.6549061,0.3450939,0.6549061,True
FBgn0031689,0,0,0.66207194,0.33792806,0.66207194,True
FBgn0031690,0,0,0.6131407,0.3868593,0.6131407,True
FBgn0031692,0,0,0.8372711,0.1627289,0.8372711,True
FBgn0031694,0,0,0.54392904,0.45607096,0.54392904,True
FBgn0031697,0,0,0.7277819,0.2722181,0.7277819,True
FBgn0031698,0,0,0.6158789,0.38412112,0.6158789,True
FBgn0031700,0,0,0.50812626,0.49187374,0.50812626,True
FBgn0031701,0,0,0.6909436,0.3090564,0.6909436,True
FBgn0031702,0,0,0.82557976,0.17442024,0.82557976,True
FBgn0031707,0,0,0.78187394,0.21812606,0.78187394,True
FBgn0031708,0,0,0.68254143,0.31745857,0.68254143,True
FBgn0031711,0,0,0.7642957,0.2357043,0.7642957,True
FBgn0031713,0,0,0.8220959,0.17790413,0.8220959,True
FBgn0031715,0,0,0.6493205,0.35067952,0.6493205,True
FBgn0031716,0,0,0.67421633,0.32578367,0.67421633,True
FBgn0031718,0,0,0.65040636,0.34959364,0.65040636,True
FBgn0031719,0,0,0.66159594,0.33840406,0.66159594,True
FBgn0031720,0,0,0.7373259,0.2626741,0.7373259,True
FBgn0031723,0,0,0.6748405,0.3251595,0.6748405,True
FBgn0031729,0,0,0.658212,0.341788,0.658212,True
FBgn0031733,0,0,0.689061,0.310939,0.689061,True
FBgn0031735,0,0,0.72653025,0.27346975,0.72653025,True
FBgn0031738,0,0,0.64056486,0.35943514,0.64056486,True
FBgn0031739,0,0,0.66134804,0.33865196,0.66134804,True
FBgn0031741,0,0,0.71167266,0.28832734,0.71167266,True
FBgn0031746,0,0,0.57729805,0.42270195,0.57729805,True
FBgn0031747,0,0,0.7217287,0.27827132,0.7217287,True
FBgn0031749,0,0,0.5718852,0.42811477,0.5718852,True
FBgn0031751,0,0,0.5172582,0.48274177,0.5172582,True
FBgn0031752,0,0,0.6566456,0.3433544,0.6566456,True
FBgn0031753,0,0,0.6858831,0.3141169,0.6858831,True
FBgn0031756,0,0,0.63728136,0.36271864,0.63728136,True
FBgn0031757,0,0,0.75921667,0.24078333,0.75921667,True
FBgn0031758,0,0,0.71175385,0.28824615,0.71175385,True
FBgn0031760,0,0,0.63700086,0.36299914,0.63700086,True
FBgn0031763,0,1,0.9508616,0.049138427,0.9508616,False
FBgn0031766,0,0,0.6139863,0.3860137,0.6139863,True
FBgn0031769,0,0,0.66386086,0.33613914,0.66386086,True
FBgn0031770,0,0,0.6709042,0.32909578,0.6709042,True
FBgn0031773,0,0,0.60323155,0.39676845,0.60323155,True
FBgn0031774,0,0,0.6012228,0.3987772,0.6012228,True
FBgn0031775,0,0,0.6620212,0.33797878,0.6620212,True
FBgn0031777,0,0,0.563835,0.43616498,0.563835,True
FBgn0031779,0,0,0.80536264,0.19463736,0.80536264,True
FBgn0031782,0,0,0.71108055,0.28891945,0.71108055,True
FBgn0031784,0,0,0.79785156,0.20214844,0.79785156,True
FBgn0031785,0,0,0.6754253,0.3245747,0.6754253,True
FBgn0031786,0,0,0.65423477,0.34576523,0.65423477,True
FBgn0031791,0,0,0.88562506,0.114374936,0.88562506,True
FBgn0031792,0,0,0.7418457,0.25815427,0.7418457,True
FBgn0031800,0,0,0.6733002,0.3266998,0.6733002,True
FBgn0031803,0,0,0.696623,0.30337697,0.696623,True
FBgn0031805,0,0,0.79823875,0.20176125,0.79823875,True
FBgn0031808,0,0,0.63306534,0.36693466,0.63306534,True
FBgn0031813,0,0,0.6962791,0.3037209,0.6962791,True
FBgn0031814,0,0,0.65481025,0.34518975,0.65481025,True
FBgn0031815,0,0,0.658687,0.341313,0.658687,True
FBgn0031818,0,0,0.6393671,0.3606329,0.6393671,True
FBgn0031820,0,0,0.6074793,0.39252073,0.6074793,True
FBgn0031821,0,0,0.7394328,0.2605672,0.7394328,True
FBgn0031829,0,0,0.7608331,0.23916692,0.7608331,True
FBgn0031832,0,0,0.60938,0.39062,0.60938,True
FBgn0031834,0,0,0.67063826,0.32936174,0.67063826,True
FBgn0031835,0,0,0.67846555,0.32153445,0.67846555,True
FBgn0031836,0,0,0.69444466,0.30555534,0.69444466,True
FBgn0031837,0,0,0.7699518,0.23004818,0.7699518,True
FBgn0031848,0,0,0.758108,0.24189198,0.758108,True
FBgn0031854,0,0,0.62485254,0.37514746,0.62485254,True
FBgn0031856,0,0,0.6625098,0.3374902,0.6625098,True
FBgn0031857,0,0,0.6411676,0.35883242,0.6411676,True
FBgn0031860,0,0,0.6149947,0.3850053,0.6149947,True
FBgn0031861,0,0,0.6113027,0.38869733,0.6113027,True
FBgn0031866,0,0,0.6471384,0.35286158,0.6471384,True
FBgn0031872,0,0,0.59948814,0.40051186,0.59948814,True
FBgn0031873,0,0,0.5673431,0.43265688,0.5673431,True
FBgn0031874,0,0,0.6188637,0.3811363,0.6188637,True
FBgn0031875,0,0,0.67999315,0.32000685,0.67999315,True
FBgn0031876,0,0,0.6297316,0.3702684,0.6297316,True
FBgn0031878,0,0,0.6136369,0.3863631,0.6136369,True
FBgn0031881,0,0,0.65168524,0.34831476,0.65168524,True
FBgn0031883,0,0,0.4333852,0.5666148,0.5666148,True
FBgn0031887,0,0,0.59440184,0.40559816,0.59440184,True
FBgn0031894,0,0,0.5824494,0.41755062,0.5824494,True
FBgn0031895,0,0,0.6494094,0.3505906,0.6494094,True
FBgn0031897,0,0,0.51900995,0.48099005,0.51900995,True
FBgn0031900,0,0,0.51779914,0.48220086,0.51779914,True
FBgn0031902,0,0,0.70072293,0.29927707,0.70072293,True
FBgn0031904,0,0,0.59588915,0.40411085,0.59588915,True
FBgn0031905,0,0,0.61248446,0.38751554,0.61248446,True
FBgn0031909,0,0,0.63574237,0.36425763,0.63574237,True
FBgn0031910,0,0,0.6001522,0.3998478,0.6001522,True
FBgn0031913,0,0,0.7205785,0.2794215,0.7205785,True
FBgn0031918,0,0,0.88636386,0.113636136,0.88636386,True
FBgn0031920,0,0,0.62155265,0.37844735,0.62155265,True
FBgn0031925,0,0,0.60137695,0.39862305,0.60137695,True
FBgn0031929,0,0,0.5403625,0.45963752,0.5403625,True
FBgn0031930,0,0,0.5949948,0.40500522,0.5949948,True
FBgn0031935,0,0,0.6138928,0.3861072,0.6138928,True
FBgn0031936,0,0,0.5390138,0.4609862,0.5390138,True
FBgn0031937,0,0,0.5997924,0.40020758,0.5997924,True
FBgn0031939,0,0,0.6319241,0.3680759,0.6319241,True
FBgn0031940,0,0,0.4909022,0.5090978,0.5090978,True
FBgn0031941,0,0,0.63861567,0.36138433,0.63861567,True
FBgn0031945,0,0,0.68192255,0.31807745,0.68192255,True
FBgn0031948,0,0,0.5763709,0.4236291,0.5763709,True
FBgn0031950,0,0,0.62744534,0.37255466,0.62744534,True
FBgn0031952,0,0,0.60291636,0.39708364,0.60291636,True
FBgn0031954,0,0,0.6586341,0.34136587,0.6586341,True
FBgn0031961,0,0,0.6047984,0.39520162,0.6047984,True
FBgn0031969,0,0,0.5521804,0.4478196,0.5521804,True
FBgn0031970,0,0,0.64298743,0.35701257,0.64298743,True
FBgn0031971,0,0,0.8440733,0.1559267,0.8440733,True
FBgn0031972,0,0,0.7977006,0.20229942,0.7977006,True
FBgn0031974,0,0,0.6069244,0.3930756,0.6069244,True
FBgn0031976,0,0,0.63186175,0.36813825,0.63186175,True
FBgn0031985,0,0,0.64488727,0.35511273,0.64488727,True
FBgn0031987,0,0,0.65716875,0.34283125,0.65716875,True
FBgn0031992,0,0,0.5758438,0.4241562,0.5758438,True
FBgn0031995,0,0,0.6627327,0.33726728,0.6627327,True
FBgn0031998,0,0,0.6063152,0.3936848,0.6063152,True
FBgn0031999,0,0,0.58697635,0.41302365,0.58697635,True
FBgn0032000,0,0,0.67165655,0.32834345,0.67165655,True
FBgn0032001,0,0,0.6094732,0.39052677,0.6094732,True
FBgn0032002,0,0,0.6066484,0.3933516,0.6066484,True
FBgn0032003,0,0,0.65837765,0.34162235,0.65837765,True
FBgn0032004,0,0,0.60796005,0.39203995,0.60796005,True
FBgn0032014,0,0,0.6054092,0.3945908,0.6054092,True
FBgn0032016,0,0,0.62467283,0.37532717,0.62467283,True
FBgn0032017,0,0,0.5714497,0.4285503,0.5714497,True
FBgn0032018,0,0,0.60456216,0.39543784,0.60456216,True
FBgn0032021,0,0,0.6525914,0.3474086,0.6525914,True
FBgn0032022,0,0,0.6076664,0.39233363,0.6076664,True
FBgn0032023,0,0,0.66918033,0.33081967,0.66918033,True
FBgn0032024,0,0,0.61148065,0.38851935,0.61148065,True
FBgn0032025,0,0,0.68173254,0.31826746,0.68173254,True
FBgn0032026,0,0,0.6325236,0.3674764,0.6325236,True
FBgn0032029,0,0,0.5860598,0.4139402,0.5860598,True
FBgn0032031,0,0,0.5849315,0.4150685,0.5849315,True
FBgn0032032,0,0,0.54079837,0.45920163,0.54079837,True
FBgn0032036,0,0,0.67014194,0.32985806,0.67014194,True
FBgn0032040,0,0,0.59924287,0.40075713,0.59924287,True
FBgn0032042,0,0,0.635556,0.36444402,0.635556,True
FBgn0032047,0,0,0.6406074,0.35939258,0.6406074,True
FBgn0032048,0,0,0.65190166,0.34809834,0.65190166,True
FBgn0032049,0,0,0.7244002,0.27559978,0.7244002,True
FBgn0032052,0,0,0.6187841,0.38121587,0.6187841,True
FBgn0032053,0,0,0.91464865,0.08535135,0.91464865,True
FBgn0032054,0,0,0.7323977,0.26760232,0.7323977,True
FBgn0032055,0,0,0.62643975,0.37356025,0.62643975,True
FBgn0032057,0,0,0.6283576,0.3716424,0.6283576,True
FBgn0032058,0,0,0.6476302,0.3523698,0.6476302,True
FBgn0032061,0,0,0.5906796,0.4093204,0.5906796,True
FBgn0032065,0,0,0.577581,0.422419,0.577581,True
FBgn0032066,0,0,0.63335526,0.36664474,0.63335526,True
FBgn0032067,0,0,0.6008017,0.3991983,0.6008017,True
FBgn0032068,0,0,0.63777924,0.36222076,0.63777924,True
FBgn0032069,0,0,0.7144535,0.28554648,0.7144535,True
FBgn0032074,0,0,0.5961898,0.4038102,0.5961898,True
FBgn0032076,0,0,0.6310531,0.3689469,0.6310531,True
FBgn0032077,0,0,0.59488314,0.40511686,0.59488314,True
FBgn0032079,0,0,0.5480289,0.4519711,0.5480289,True
FBgn0032082,0,0,0.64290965,0.35709035,0.64290965,True
FBgn0032083,0,0,0.62465185,0.37534815,0.62465185,True
FBgn0032085,0,0,0.58986735,0.41013265,0.58986735,True
FBgn0032086,0,0,0.66196424,0.33803576,0.66196424,True
FBgn0032087,0,0,0.47392878,0.5260712,0.5260712,True
FBgn0032088,0,0,0.50777835,0.49222165,0.50777835,True
FBgn0032089,0,0,0.80057114,0.19942886,0.80057114,True
FBgn0032090,0,0,0.52052116,0.47947884,0.52052116,True
FBgn0032094,0,0,0.63022256,0.36977744,0.63022256,True
FBgn0032095,0,0,0.60709554,0.39290446,0.60709554,True
FBgn0032096,0,0,0.5347483,0.46525168,0.5347483,True
FBgn0032100,0,0,0.60941315,0.39058685,0.60941315,True
FBgn0032101,0,0,0.6779583,0.3220417,0.6779583,True
FBgn0032104,0,0,0.7382213,0.2617787,0.7382213,True
FBgn0032109,0,0,0.6395531,0.36044687,0.6395531,True
FBgn0032110,0,0,0.64119434,0.35880566,0.64119434,True
FBgn0032111,0,0,0.5215747,0.47842532,0.5215747,True
FBgn0032116,0,0,0.61089975,0.38910025,0.61089975,True
FBgn0032119,0,0,0.5728945,0.4271055,0.5728945,True
FBgn0032120,0,0,0.6138059,0.3861941,0.6138059,True
FBgn0032122,0,0,0.50856495,0.49143505,0.50856495,True
FBgn0032123,0,0,0.6622549,0.33774507,0.6622549,True
FBgn0032124,0,0,0.7179601,0.28203988,0.7179601,True
FBgn0032126,0,0,0.5460225,0.45397753,0.5460225,True
FBgn0032127,0,0,0.5768519,0.4231481,0.5768519,True
FBgn0032131,0,0,0.59989905,0.40010095,0.59989905,True
FBgn0032132,0,0,0.6442278,0.3557722,0.6442278,True
FBgn0032135,0,0,0.5937072,0.4062928,0.5937072,True
FBgn0032140,0,0,0.6675705,0.33242953,0.6675705,True
FBgn0032143,0,0,0.5796174,0.42038262,0.5796174,True
FBgn0032149,0,0,0.62189907,0.37810093,0.62189907,True
FBgn0032150,0,0,0.68991476,0.31008524,0.68991476,True
FBgn0032151,0,0,0.654274,0.345726,0.654274,True
FBgn0032153,0,0,0.5601709,0.4398291,0.5601709,True
FBgn0032157,0,0,0.6383447,0.3616553,0.6383447,True
FBgn0032160,0,0,0.7994067,0.2005933,0.7994067,True
FBgn0032161,0,0,0.6049027,0.39509732,0.6049027,True
FBgn0032162,0,0,0.6857508,0.31424922,0.6857508,True
FBgn0032163,0,0,0.66485435,0.33514565,0.66485435,True
FBgn0032166,0,0,0.65245634,0.34754366,0.65245634,True
FBgn0032167,0,0,0.63715905,0.36284095,0.63715905,True
FBgn0032169,0,0,0.7558554,0.24414462,0.7558554,True
FBgn0032170,0,0,0.6467677,0.35323232,0.6467677,True
FBgn0032171,0,0,0.64701694,0.35298306,0.64701694,True
FBgn0032172,0,0,0.7310978,0.26890218,0.7310978,True
FBgn0032175,0,0,0.6185887,0.3814113,0.6185887,True
FBgn0032176,0,0,0.54928094,0.45071906,0.54928094,True
FBgn0032178,0,0,0.66438293,0.33561707,0.66438293,True
FBgn0032181,0,0,0.676727,0.323273,0.676727,True
FBgn0032184,0,0,0.7683539,0.23164612,0.7683539,True
FBgn0032187,0,0,0.6369252,0.36307478,0.6369252,True
FBgn0032188,0,0,0.589785,0.41021502,0.589785,True
FBgn0032191,0,0,0.6383362,0.36166382,0.6383362,True
FBgn0032192,0,0,0.7094263,0.29057372,0.7094263,True
FBgn0032193,0,0,0.57324535,0.42675465,0.57324535,True
FBgn0032196,0,0,0.47610557,0.5238944,0.5238944,True
FBgn0032202,0,0,0.5961021,0.40389788,0.5961021,True
FBgn0032204,0,0,0.64854753,0.35145247,0.64854753,True
FBgn0032205,0,0,0.5038602,0.49613982,0.5038602,True
FBgn0032208,0,0,0.6153233,0.3846767,0.6153233,True
FBgn0032210,0,0,0.6092058,0.39079422,0.6092058,True
FBgn0032211,0,0,0.5590018,0.4409982,0.5590018,True
FBgn0032213,0,0,0.66073436,0.33926564,0.66073436,True
FBgn0032214,0,0,0.6004736,0.39952642,0.6004736,True
FBgn0032216,0,0,0.819645,0.18035501,0.819645,True
FBgn0032218,0,0,0.57949376,0.42050624,0.57949376,True
FBgn0032219,0,0,0.5715961,0.4284039,0.5715961,True
FBgn0032222,0,0,0.6290717,0.3709283,0.6290717,True
FBgn0032225,0,0,0.62207144,0.37792856,0.62207144,True
FBgn0032229,0,0,0.56673884,0.43326116,0.56673884,True
FBgn0032230,0,0,0.6547828,0.34521723,0.6547828,True
FBgn0032233,0,0,0.59205735,0.40794265,0.59205735,True
FBgn0032235,0,0,0.5934834,0.4065166,0.5934834,True
FBgn0032242,0,0,0.5963035,0.40369648,0.5963035,True
FBgn0032243,0,0,0.59241116,0.40758884,0.59241116,True
FBgn0032246,0,0,0.6861616,0.31383842,0.6861616,True
FBgn0032247,0,0,0.674498,0.32550198,0.674498,True
FBgn0032248,0,0,0.6826511,0.3173489,0.6826511,True
FBgn0032249,0,0,0.5557648,0.4442352,0.5557648,True
FBgn0032251,0,0,0.60283196,0.39716804,0.60283196,True
FBgn0032256,0,0,0.5451525,0.4548475,0.5451525,True
FBgn0032264,0,0,0.6013891,0.3986109,0.6013891,True
FBgn0032265,0,0,0.5761477,0.42385232,0.5761477,True
FBgn0032266,0,0,0.5139452,0.48605478,0.5139452,True
FBgn0032268,0,0,0.6707659,0.32923412,0.6707659,True
FBgn0032269,0,0,0.61490184,0.38509816,0.61490184,True
FBgn0032271,0,0,0.60122395,0.39877605,0.60122395,True
FBgn0032276,0,0,0.6133765,0.3866235,0.6133765,True
FBgn0032280,0,0,0.4855615,0.5144385,0.5144385,True
FBgn0032281,0,0,0.55683553,0.44316447,0.55683553,True
FBgn0032282,0,0,0.5341534,0.4658466,0.5341534,True
FBgn0032284,0,0,0.61014295,0.38985705,0.61014295,True
FBgn0032287,0,0,0.6791507,0.3208493,0.6791507,True
FBgn0032289,0,0,0.6153488,0.38465118,0.6153488,True
FBgn0032290,0,0,0.6797087,0.32029128,0.6797087,True
FBgn0032294,0,0,0.5488433,0.45115668,0.5488433,True
FBgn0032297,0,0,0.9223844,0.07761562,0.9223844,True
FBgn0032303,0,0,0.61696994,0.38303006,0.61696994,True
FBgn0032304,0,0,0.62327456,0.37672544,0.62327456,True
FBgn0032312,0,0,0.6242142,0.37578583,0.6242142,True
FBgn0032313,0,0,0.5538725,0.44612747,0.5538725,True
FBgn0032314,0,0,0.6686378,0.3313622,0.6686378,True
FBgn0032315,0,0,0.5062191,0.4937809,0.5062191,True
FBgn0032329,0,0,0.6275557,0.37244427,0.6275557,True
FBgn0032331,0,0,0.6360594,0.3639406,0.6360594,True
FBgn0032336,0,0,0.55495375,0.44504625,0.55495375,True
FBgn0032338,0,0,0.61627954,0.38372046,0.61627954,True
FBgn0032339,0,0,0.6074752,0.39252478,0.6074752,True
FBgn0032345,0,0,0.7204143,0.27958572,0.7204143,True
FBgn0032348,0,0,0.6329581,0.3670419,0.6329581,True
FBgn0032350,0,0,0.7164595,0.2835405,0.7164595,True
FBgn0032354,0,0,0.5905228,0.40947717,0.5905228,True
FBgn0032358,0,0,0.6491046,0.3508954,0.6491046,True
FBgn0032360,0,0,0.5861076,0.4138924,0.5861076,True
FBgn0032362,0,0,0.6343344,0.3656656,0.6343344,True
FBgn0032365,0,0,0.5688514,0.4311486,0.5688514,True
FBgn0032368,0,0,0.66757095,0.33242905,0.66757095,True
FBgn0032369,0,0,0.6286947,0.3713053,0.6286947,True
FBgn0032370,0,0,0.6026356,0.39736438,0.6026356,True
FBgn0032371,0,0,0.6086285,0.3913715,0.6086285,True
FBgn0032373,0,0,0.7121064,0.2878936,0.7121064,True
FBgn0032374,0,0,0.58617425,0.41382575,0.58617425,True
FBgn0032375,0,0,0.73392123,0.26607877,0.73392123,True
FBgn0032376,0,0,0.6273066,0.37269342,0.6273066,True
FBgn0032377,0,0,0.6684804,0.3315196,0.6684804,True
FBgn0032378,0,0,0.7759049,0.2240951,0.7759049,True
FBgn0032381,0,0,0.6022568,0.39774323,0.6022568,True
FBgn0032385,0,0,0.62451136,0.37548864,0.62451136,True
FBgn0032387,0,0,0.6511794,0.34882063,0.6511794,True
FBgn0032391,0,0,0.5893563,0.4106437,0.5893563,True
FBgn0032393,0,0,0.6799709,0.32002908,0.6799709,True
FBgn0032395,0,0,0.6269302,0.37306982,0.6269302,True
FBgn0032398,0,0,0.6428975,0.3571025,0.6428975,True
FBgn0032399,0,0,0.5909896,0.4090104,0.5909896,True
FBgn0032400,0,0,0.9117527,0.0882473,0.9117527,True
FBgn0032402,0,0,0.67421436,0.32578564,0.67421436,True
FBgn0032405,0,0,0.52403206,0.47596794,0.52403206,True
FBgn0032406,0,0,0.7317403,0.2682597,0.7317403,True
FBgn0032415,0,0,0.54014033,0.45985967,0.54014033,True
FBgn0032416,0,0,0.53609073,0.46390927,0.53609073,True
FBgn0032419,0,0,0.662207,0.337793,0.662207,True
FBgn0032422,0,0,0.8625783,0.13742173,0.8625783,True
FBgn0032428,0,0,0.6132939,0.3867061,0.6132939,True
FBgn0032429,0,0,0.5714782,0.4285218,0.5714782,True
FBgn0032431,0,0,0.64728475,0.35271525,0.64728475,True
FBgn0032435,0,0,0.6022161,0.39778388,0.6022161,True
FBgn0032436,0,0,0.65407777,0.34592223,0.65407777,True
FBgn0032439,0,0,0.6270754,0.37292463,0.6270754,True
FBgn0032442,0,0,0.6019225,0.3980775,0.6019225,True
FBgn0032445,0,0,0.6944819,0.3055181,0.6944819,True
FBgn0032447,0,0,0.68558687,0.31441313,0.68558687,True
FBgn0032448,0,0,0.73483384,0.26516616,0.73483384,True
FBgn0032449,0,0,0.6831898,0.3168102,0.6831898,True
FBgn0032450,0,0,0.6229927,0.3770073,0.6229927,True
FBgn0032451,0,0,0.649484,0.35051602,0.649484,True
FBgn0032452,0,0,0.6973555,0.3026445,0.6973555,True
FBgn0032453,0,0,0.6209924,0.37900758,0.6209924,True
FBgn0032455,0,0,0.7233973,0.2766027,0.7233973,True
FBgn0032456,0,0,0.67936367,0.32063633,0.67936367,True
FBgn0032457,0,0,0.6045545,0.39544553,0.6045545,True
FBgn0032464,0,0,0.72692513,0.27307487,0.72692513,True
FBgn0032467,0,0,0.672552,0.327448,0.672552,True
FBgn0032470,0,0,0.62043285,0.37956715,0.62043285,True
FBgn0032471,0,0,0.6258372,0.3741628,0.6258372,True
FBgn0032472,0,0,0.4904165,0.5095835,0.5095835,True
FBgn0032473,0,0,0.6048986,0.39510143,0.6048986,True
FBgn0032474,0,0,0.62735504,0.37264496,0.62735504,True
FBgn0032476,0,0,0.6592453,0.3407547,0.6592453,True
FBgn0032478,0,0,0.6938138,0.3061862,0.6938138,True
FBgn0032479,0,0,0.6470778,0.3529222,0.6470778,True
FBgn0032480,0,0,0.60597885,0.39402115,0.60597885,True
FBgn0032481,0,0,0.62517965,0.37482035,0.62517965,True
FBgn0032483,0,0,0.58973795,0.41026205,0.58973795,True
FBgn0032484,0,0,0.6042055,0.3957945,0.6042055,True
FBgn0032485,0,0,0.70515895,0.29484105,0.70515895,True
FBgn0032486,0,0,0.64257663,0.35742337,0.64257663,True
FBgn0032488,0,0,0.59963423,0.40036577,0.59963423,True
FBgn0032489,0,0,0.83955723,0.16044277,0.83955723,True
FBgn0032491,0,0,0.92819893,0.07180107,0.92819893,True
FBgn0032492,0,0,0.84634376,0.15365624,0.84634376,True
FBgn0032494,0,0,0.69119513,0.30880487,0.69119513,True
FBgn0032495,0,0,0.74005526,0.25994474,0.74005526,True
FBgn0032505,0,0,0.67220443,0.32779557,0.67220443,True
FBgn0032506,0,0,0.62700105,0.37299895,0.62700105,True
FBgn0032507,0,0,0.5587234,0.4412766,0.5587234,True
FBgn0032509,0,0,0.7000861,0.29991388,0.7000861,True
FBgn0032511,0,0,0.6662792,0.3337208,0.6662792,True
FBgn0032513,0,0,0.6680409,0.33195913,0.6680409,True
FBgn0032516,0,0,0.6097278,0.3902722,0.6097278,True
FBgn0032517,0,0,0.6230777,0.3769223,0.6230777,True
FBgn0032519,0,0,0.6366118,0.36338818,0.6366118,True
FBgn0032520,0,0,0.77111155,0.22888845,0.77111155,True
FBgn0032521,0,0,0.6254051,0.37459493,0.6254051,True
FBgn0032522,0,0,0.7332756,0.2667244,0.7332756,True
FBgn0032523,0,0,0.71018565,0.28981435,0.71018565,True
FBgn0032524,0,0,0.65611845,0.34388155,0.65611845,True
FBgn0032530,0,0,0.57147366,0.42852634,0.57147366,True
FBgn0032533,0,0,0.73929375,0.26070625,0.73929375,True
FBgn0032535,0,0,0.64777803,0.35222197,0.64777803,True
FBgn0032536,0,0,0.61313665,0.38686335,0.61313665,True
FBgn0032549,0,0,0.49113685,0.50886315,0.50886315,True
FBgn0032554,0,0,0.6354773,0.3645227,0.6354773,True
FBgn0032563,0,0,0.59890515,0.40109485,0.59890515,True
FBgn0032577,0,0,0.594131,0.405869,0.594131,True
FBgn0032582,0,0,0.59654784,0.40345216,0.59654784,True
FBgn0032585,0,0,0.6147085,0.38529152,0.6147085,True
FBgn0032586,0,0,0.68250906,0.31749094,0.68250906,True
FBgn0032588,0,0,0.49658984,0.50341016,0.50341016,True
FBgn0032590,0,0,0.58470577,0.41529423,0.58470577,True
FBgn0032597,0,0,0.6555706,0.34442937,0.6555706,True
FBgn0032601,0,0,0.60366356,0.39633644,0.60366356,True
FBgn0032602,0,0,0.6576875,0.3423125,0.6576875,True
FBgn0032612,0,0,0.6086097,0.39139032,0.6086097,True
FBgn0032613,0,0,0.5480002,0.45199978,0.5480002,True
FBgn0032618,0,0,0.6016515,0.3983485,0.6016515,True
FBgn0032624,0,0,0.63023794,0.36976206,0.63023794,True
FBgn0032625,0,0,0.66235113,0.33764887,0.66235113,True
FBgn0032626,0,0,0.53974557,0.46025443,0.53974557,True
FBgn0032629,0,0,0.69660944,0.30339056,0.69660944,True
FBgn0032632,0,0,0.5560806,0.44391942,0.5560806,True
FBgn0032633,0,0,0.6392419,0.36075813,0.6392419,True
FBgn0032635,0,0,0.6633765,0.3366235,0.6633765,True
FBgn0032637,0,0,0.6748052,0.32519478,0.6748052,True
FBgn0032639,0,0,0.57531726,0.42468274,0.57531726,True
FBgn0032640,0,0,0.69853634,0.30146366,0.69853634,True
FBgn0032642,0,0,0.6476401,0.3523599,0.6476401,True
FBgn0032643,0,0,0.6383084,0.3616916,0.6383084,True
FBgn0032644,0,0,0.64826125,0.35173875,0.64826125,True
FBgn0032647,0,0,0.61076134,0.38923866,0.61076134,True
FBgn0032648,0,0,0.62062204,0.37937796,0.62062204,True
FBgn0032649,0,0,0.5824195,0.4175805,0.5824195,True
FBgn0032650,0,0,0.6480322,0.3519678,0.6480322,True
FBgn0032652,0,0,0.5664363,0.4335637,0.5664363,True
FBgn0032654,0,0,0.6005485,0.3994515,0.6005485,True
FBgn0032658,0,0,0.5877606,0.41223937,0.5877606,True
FBgn0032663,0,0,0.6794475,0.32055253,0.6794475,True
FBgn0032665,0,0,0.5828419,0.41715813,0.5828419,True
FBgn0032666,0,0,0.6935806,0.30641937,0.6935806,True
FBgn0032668,0,0,0.5989052,0.4010948,0.5989052,True
FBgn0032669,0,0,0.6528936,0.3471064,0.6528936,True
FBgn0032670,0,0,0.51387733,0.48612267,0.51387733,True
FBgn0032671,0,0,0.6122496,0.3877504,0.6122496,True
FBgn0032677,0,0,0.5710017,0.4289983,0.5710017,True
FBgn0032682,0,0,0.73782355,0.26217645,0.73782355,True
FBgn0032684,0,0,0.61293447,0.38706553,0.61293447,True
FBgn0032688,0,0,0.6647867,0.3352133,0.6647867,True
FBgn0032689,0,0,0.6178445,0.38215548,0.6178445,True
FBgn0032692,0,0,0.64050716,0.35949284,0.64050716,True
FBgn0032694,0,0,0.7288406,0.2711594,0.7288406,True
FBgn0032698,0,0,0.65661,0.34339,0.65661,True
FBgn0032699,0,0,0.6631009,0.3368991,0.6631009,True
FBgn0032700,0,0,0.6675389,0.33246112,0.6675389,True
FBgn0032702,0,0,0.66225785,0.33774215,0.66225785,True
FBgn0032707,0,0,0.6103556,0.38964438,0.6103556,True
FBgn0032709,0,0,0.56862295,0.43137705,0.56862295,True
FBgn0032713,0,0,0.64743227,0.35256773,0.64743227,True
FBgn0032715,0,0,0.7432537,0.2567463,0.7432537,True
FBgn0032717,0,0,0.6136834,0.3863166,0.6136834,True
FBgn0032721,0,0,0.7345594,0.26544058,0.7345594,True
FBgn0032723,0,0,0.63919324,0.36080676,0.63919324,True
FBgn0032726,0,0,0.7095721,0.29042792,0.7095721,True
FBgn0032727,0,0,0.6832603,0.31673968,0.6832603,True
FBgn0032729,0,0,0.6500487,0.34995133,0.6500487,True
FBgn0032730,0,0,0.6070366,0.3929634,0.6070366,True
FBgn0032733,0,0,0.64071214,0.35928786,0.64071214,True
FBgn0032734,0,0,0.6473917,0.35260832,0.6473917,True
FBgn0032741,0,0,0.7246818,0.2753182,0.7246818,True
FBgn0032744,0,0,0.5961787,0.4038213,0.5961787,True
FBgn0032746,0,0,0.6531256,0.34687442,0.6531256,True
FBgn0032749,0,0,0.6412271,0.35877287,0.6412271,True
FBgn0032752,0,0,0.66834486,0.33165514,0.66834486,True
FBgn0032754,0,0,0.6549204,0.3450796,0.6549204,True
FBgn0032755,0,0,0.70254797,0.29745203,0.70254797,True
FBgn0032763,0,0,0.62176067,0.37823933,0.62176067,True
FBgn0032768,0,0,0.86467415,0.13532585,0.86467415,True
FBgn0032769,0,0,0.64865124,0.35134876,0.64865124,True
FBgn0032771,0,0,0.6800087,0.3199913,0.6800087,True
FBgn0032772,0,0,0.7083314,0.2916686,0.7083314,True
FBgn0032775,0,0,0.65040606,0.34959394,0.65040606,True
FBgn0032779,0,0,0.72101545,0.27898455,0.72101545,True
FBgn0032780,0,0,0.53895146,0.46104854,0.53895146,True
FBgn0032782,0,0,0.68441015,0.31558985,0.68441015,True
FBgn0032785,0,0,0.6115233,0.38847673,0.6115233,True
FBgn0032787,0,0,0.64453775,0.35546225,0.64453775,True
FBgn0032788,0,0,0.709153,0.290847,0.709153,True
FBgn0032790,0,0,0.64012635,0.35987365,0.64012635,True
FBgn0032793,0,0,0.67992353,0.32007647,0.67992353,True
FBgn0032796,0,0,0.6033309,0.3966691,0.6033309,True
FBgn0032797,0,0,0.61061454,0.38938546,0.61061454,True
FBgn0032798,0,0,0.6327743,0.3672257,0.6327743,True
FBgn0032800,0,0,0.63444895,0.36555105,0.63444895,True
FBgn0032801,0,0,0.5334502,0.4665498,0.5334502,True
FBgn0032803,0,0,0.70498234,0.29501766,0.70498234,True
FBgn0032805,0,0,0.5403822,0.4596178,0.5403822,True
FBgn0032809,0,0,0.6798321,0.3201679,0.6798321,True
FBgn0032810,0,0,0.6313673,0.36863267,0.6313673,True
FBgn0032814,0,0,0.7356498,0.26435018,0.7356498,True
FBgn0032815,0,0,0.5505432,0.4494568,0.5505432,True
FBgn0032816,0,0,0.8518404,0.14815962,0.8518404,True
FBgn0032817,0,0,0.6225862,0.3774138,0.6225862,True
FBgn0032820,0,0,0.6479719,0.35202807,0.6479719,True
FBgn0032821,0,0,0.6472125,0.3527875,0.6472125,True
FBgn0032824,0,0,0.664607,0.335393,0.664607,True
FBgn0032827,0,0,0.5934394,0.4065606,0.5934394,True
FBgn0032835,0,0,0.6890777,0.31092232,0.6890777,True
FBgn0032836,0,0,0.65511453,0.34488547,0.65511453,True
FBgn0032843,0,0,0.61547863,0.38452137,0.61547863,True
FBgn0032845,0,0,0.65337443,0.34662557,0.65337443,True
FBgn0032846,0,0,0.65342593,0.34657407,0.65342593,True
FBgn0032847,0,0,0.54388183,0.45611817,0.54388183,True
FBgn0032848,0,0,0.6099198,0.3900802,0.6099198,True
FBgn0032850,0,0,0.5528856,0.4471144,0.5528856,True
FBgn0032851,0,0,0.5964847,0.40351528,0.5964847,True
FBgn0032856,0,0,0.7295034,0.2704966,0.7295034,True
FBgn0032857,0,0,0.7339679,0.2660321,0.7339679,True
FBgn0032858,0,0,0.7082245,0.29177552,0.7082245,True
FBgn0032860,0,0,0.55184406,0.44815594,0.55184406,True
FBgn0032864,0,0,0.7930515,0.20694852,0.7930515,True
FBgn0032867,0,0,0.6957105,0.30428952,0.6957105,True
FBgn0032871,0,0,0.7017214,0.29827863,0.7017214,True
FBgn0032873,0,0,0.6434216,0.3565784,0.6434216,True
FBgn0032877,0,0,0.64111227,0.35888773,0.64111227,True
FBgn0032878,0,0,0.69224507,0.30775493,0.69224507,True
FBgn0032879,0,0,0.63702786,0.36297214,0.63702786,True
FBgn0032882,0,0,0.6728898,0.32711017,0.6728898,True
FBgn0032884,0,0,0.68780255,0.31219745,0.68780255,True
FBgn0032886,0,0,0.7600639,0.23993611,0.7600639,True
FBgn0032889,0,0,0.7118,0.28820002,0.7118,True
FBgn0032891,0,0,0.58116555,0.41883445,0.58116555,True
FBgn0032894,0,0,0.59051704,0.40948296,0.59051704,True
FBgn0032896,0,0,0.55270433,0.44729567,0.55270433,True
FBgn0032897,0,0,0.80661345,0.19338655,0.80661345,True
FBgn0032899,0,0,0.61149776,0.38850224,0.61149776,True
FBgn0032900,0,0,0.5303255,0.46967453,0.5303255,True
FBgn0032907,0,0,0.5885302,0.41146982,0.5885302,True
FBgn0032908,0,0,0.62244004,0.37755996,0.62244004,True
FBgn0032910,0,0,0.7615303,0.23846972,0.7615303,True
FBgn0032911,0,0,0.62803817,0.37196183,0.62803817,True
FBgn0032913,0,0,0.63917804,0.36082196,0.63917804,True
FBgn0032916,0,0,0.65912557,0.34087443,0.65912557,True
FBgn0032923,0,0,0.64768106,0.35231894,0.64768106,True
FBgn0032934,0,0,0.65409905,0.34590095,0.65409905,True
FBgn0032943,0,0,0.5448858,0.4551142,0.5448858,True
FBgn0032945,0,0,0.6184098,0.3815902,0.6184098,True
FBgn0032949,0,0,0.6085286,0.3914714,0.6085286,True
FBgn0032955,0,0,0.6045829,0.3954171,0.6045829,True
FBgn0032957,0,0,0.63331145,0.36668855,0.63331145,True
FBgn0032961,0,0,0.6593674,0.34063262,0.6593674,True
FBgn0032964,0,0,0.54362,0.45638,0.54362,True
FBgn0032966,0,0,0.68386424,0.31613576,0.68386424,True
FBgn0032967,0,0,0.6303672,0.36963278,0.6303672,True
FBgn0032968,0,0,0.6334826,0.36651742,0.6334826,True
FBgn0032969,0,0,0.54803956,0.45196044,0.54803956,True
FBgn0032971,0,0,0.53108174,0.46891826,0.53108174,True
FBgn0032973,0,0,0.666323,0.333677,0.666323,True
FBgn0032974,0,0,0.645339,0.354661,0.645339,True
FBgn0032981,0,0,0.60609096,0.39390904,0.60609096,True
FBgn0033005,0,0,0.61046356,0.38953644,0.61046356,True
FBgn0033010,0,0,0.62959564,0.37040436,0.62959564,True
FBgn0033017,0,0,0.53090054,0.46909946,0.53090054,True
FBgn0033019,0,0,0.574864,0.42513603,0.574864,True
FBgn0033020,0,0,0.61402905,0.38597095,0.61402905,True
FBgn0033021,0,0,0.6525486,0.3474514,0.6525486,True
FBgn0033027,0,0,0.45838302,0.541617,0.541617,True
FBgn0033031,0,0,0.64725184,0.35274816,0.64725184,True
FBgn0033041,0,0,0.5468423,0.45315772,0.5468423,True
FBgn0033042,0,0,0.58916813,0.41083187,0.58916813,True
FBgn0033043,0,0,0.65981394,0.34018606,0.65981394,True
FBgn0033047,0,0,0.6516484,0.3483516,0.6516484,True
FBgn0033051,0,0,0.55633855,0.44366145,0.55633855,True
FBgn0033054,0,0,0.6694916,0.3305084,0.6694916,True
FBgn0033056,0,0,0.6397567,0.36024332,0.6397567,True
FBgn0033058,0,0,0.6662748,0.3337252,0.6662748,True
FBgn0033061,0,0,0.563783,0.436217,0.563783,True
FBgn0033067,0,0,0.47463256,0.52536744,0.52536744,True
FBgn0033069,0,0,0.6722855,0.3277145,0.6722855,True
FBgn0033072,0,0,0.6782751,0.3217249,0.6782751,True
FBgn0033076,0,0,0.5228988,0.4771012,0.5228988,True
FBgn0033079,0,0,0.7188228,0.28117722,0.7188228,True
FBgn0033085,0,0,0.70038974,0.29961026,0.70038974,True
FBgn0033086,0,0,0.641412,0.35858798,0.641412,True
FBgn0033088,0,0,0.5971927,0.4028073,0.5971927,True
FBgn0033089,0,0,0.5404468,0.45955318,0.5404468,True
FBgn0033090,0,0,0.59428185,0.40571815,0.59428185,True
FBgn0033093,0,0,0.6284973,0.3715027,0.6284973,True
FBgn0033095,0,0,0.6287082,0.37129182,0.6287082,True
FBgn0033101,0,0,0.70495605,0.29504395,0.70495605,True
FBgn0033104,0,0,0.6953877,0.30461228,0.6953877,True
FBgn0033108,0,0,0.6107398,0.38926017,0.6107398,True
FBgn0033112,0,0,0.6081647,0.39183527,0.6081647,True
FBgn0033113,0,0,0.6948325,0.3051675,0.6948325,True
FBgn0033115,0,0,0.6368095,0.36319047,0.6368095,True
FBgn0033121,0,0,0.5828084,0.41719162,0.5828084,True
FBgn0033122,0,1,0.9557113,0.044288695,0.9557113,False
FBgn0033124,0,0,0.64813924,0.35186076,0.64813924,True
FBgn0033127,0,0,0.66996855,0.33003145,0.66996855,True
FBgn0033130,0,0,0.8435017,0.15649831,0.8435017,True
FBgn0033132,0,0,0.71774715,0.28225285,0.71774715,True
FBgn0033133,0,0,0.6683298,0.33167022,0.6683298,True
FBgn0033134,0,0,0.55903983,0.44096017,0.55903983,True
FBgn0033135,0,0,0.661785,0.338215,0.661785,True
FBgn0033136,0,0,0.79205406,0.20794594,0.79205406,True
FBgn0033137,0,0,0.65368754,0.34631246,0.65368754,True
FBgn0033138,0,0,0.70804954,0.29195046,0.70804954,True
FBgn0033139,0,0,0.57170516,0.42829484,0.57170516,True
FBgn0033140,0,0,0.70425814,0.29574186,0.70425814,True
FBgn0033141,0,0,0.60518926,0.39481074,0.60518926,True
FBgn0033149,0,0,0.63312507,0.36687493,0.63312507,True
FBgn0033154,0,0,0.6754865,0.3245135,0.6754865,True
FBgn0033155,0,0,0.6322991,0.36770087,0.6322991,True
FBgn0033158,0,0,0.8455031,0.15449691,0.8455031,True
FBgn0033164,0,0,0.55854523,0.44145477,0.55854523,True
FBgn0033167,0,0,0.42291993,0.5770801,0.5770801,True
FBgn0033168,0,0,0.7633038,0.23669618,0.7633038,True
FBgn0033170,0,0,0.76805,0.23194999,0.76805,True
FBgn0033174,0,0,0.6683938,0.3316062,0.6683938,True
FBgn0033177,0,0,0.6777031,0.32229692,0.6777031,True
FBgn0033178,0,0,0.6779139,0.3220861,0.6779139,True
FBgn0033184,0,0,0.6313698,0.36863017,0.6313698,True
FBgn0033186,0,0,0.6787314,0.32126862,0.6787314,True
FBgn0033187,0,0,0.64335304,0.35664696,0.64335304,True
FBgn0033188,0,0,0.89314544,0.10685456,0.89314544,True
FBgn0033190,0,0,0.6651401,0.3348599,0.6651401,True
FBgn0033191,0,0,0.7220188,0.27798122,0.7220188,True
FBgn0033192,0,0,0.62949336,0.37050664,0.62949336,True
FBgn0033195,0,0,0.7215216,0.27847838,0.7215216,True
FBgn0033196,0,0,0.65807456,0.34192544,0.65807456,True
FBgn0033202,0,0,0.6168475,0.38315248,0.6168475,True
FBgn0033204,0,0,0.66484565,0.33515435,0.66484565,True
FBgn0033205,0,0,0.62554234,0.37445766,0.62554234,True
FBgn0033208,0,0,0.71748435,0.28251565,0.71748435,True
FBgn0033209,0,0,0.7302889,0.26971108,0.7302889,True
FBgn0033212,0,0,0.65130854,0.34869146,0.65130854,True
FBgn0033215,0,0,0.6013635,0.39863652,0.6013635,True
FBgn0033216,0,0,0.5795587,0.42044133,0.5795587,True
FBgn0033221,0,0,0.51560384,0.48439616,0.51560384,True
FBgn0033222,0,0,0.632228,0.36777198,0.632228,True
FBgn0033224,0,0,0.6947755,0.30522448,0.6947755,True
FBgn0033225,0,0,0.6701465,0.32985348,0.6701465,True
FBgn0033226,0,0,0.75464445,0.24535555,0.75464445,True
FBgn0033229,0,0,0.6529147,0.3470853,0.6529147,True
FBgn0033232,0,0,0.6620271,0.33797288,0.6620271,True
FBgn0033233,0,0,0.6729278,0.3270722,0.6729278,True
FBgn0033234,0,0,0.62736386,0.37263614,0.62736386,True
FBgn0033236,0,0,0.66764945,0.33235055,0.66764945,True
FBgn0033238,0,0,0.8756981,0.12430191,0.8756981,True
FBgn0033240,0,0,0.64449584,0.35550416,0.64449584,True
FBgn0033241,0,0,0.5928277,0.40717232,0.5928277,True
FBgn0033243,0,0,0.70315313,0.29684687,0.70315313,True
FBgn0033244,0,0,0.6468053,0.3531947,0.6468053,True
FBgn0033248,0,0,0.6755219,0.3244781,0.6755219,True
FBgn0033249,0,0,0.72137314,0.27862686,0.72137314,True
FBgn0033250,0,0,0.64972115,0.35027885,0.64972115,True
FBgn0033258,0,0,0.5552089,0.44479108,0.5552089,True
FBgn0033259,0,0,0.619553,0.38044697,0.619553,True
FBgn0033265,0,0,0.56762797,0.43237203,0.56762797,True
FBgn0033266,0,0,0.7092577,0.29074228,0.7092577,True
FBgn0033268,0,0,0.92319334,0.076806664,0.92319334,True
FBgn0033273,0,0,0.6360409,0.36395907,0.6360409,True
FBgn0033275,0,0,0.76530766,0.23469234,0.76530766,True
FBgn0033277,0,0,0.67373043,0.32626957,0.67373043,True
FBgn0033278,0,0,0.69464153,0.30535847,0.69464153,True
FBgn0033279,0,0,0.6452227,0.35477728,0.6452227,True
FBgn0033280,0,0,0.6425297,0.35747027,0.6425297,True
FBgn0033285,0,0,0.6280806,0.3719194,0.6280806,True
FBgn0033287,0,0,0.7250064,0.2749936,0.7250064,True
FBgn0033289,0,0,0.63854986,0.36145014,0.63854986,True
FBgn0033294,0,0,0.79286844,0.20713156,0.79286844,True
FBgn0033296,0,0,0.625593,0.374407,0.625593,True
FBgn0033297,0,0,0.60984284,0.39015716,0.60984284,True
FBgn0033301,0,0,0.44640318,0.55359685,0.55359685,True
FBgn0033304,0,0,0.6079935,0.39200652,0.6079935,True
FBgn0033307,0,0,0.7697903,0.23020971,0.7697903,True
FBgn0033308,0,0,0.7170263,0.2829737,0.7170263,True
FBgn0033317,0,0,0.6756768,0.32432318,0.6756768,True
FBgn0033320,0,0,0.625325,0.37467498,0.625325,True
FBgn0033321,0,0,0.6975777,0.30242229,0.6975777,True
FBgn0033322,0,0,0.6414121,0.35858792,0.6414121,True
FBgn0033323,0,0,0.6542506,0.34574938,0.6542506,True
FBgn0033324,0,0,0.58879626,0.41120374,0.58879626,True
FBgn0033326,0,0,0.61323273,0.38676727,0.61323273,True
FBgn0033327,0,0,0.7080396,0.29196042,0.7080396,True
FBgn0033330,0,0,0.67722356,0.32277644,0.67722356,True
FBgn0033337,0,0,0.7442369,0.2557631,0.7442369,True
FBgn0033339,0,0,0.66709167,0.33290833,0.66709167,True
FBgn0033340,0,0,0.56437594,0.43562406,0.56437594,True
FBgn0033344,0,0,0.6434718,0.35652822,0.6434718,True
FBgn0033347,0,0,0.6027994,0.39720058,0.6027994,True
FBgn0033348,0,0,0.5943345,0.40566552,0.5943345,True
FBgn0033350,0,0,0.71770364,0.28229636,0.71770364,True
FBgn0033352,0,0,0.6369315,0.36306852,0.6369315,True
FBgn0033354,0,0,0.63015884,0.36984116,0.63015884,True
FBgn0033355,0,0,0.8806688,0.11933118,0.8806688,True
FBgn0033356,0,0,0.66842544,0.33157456,0.66842544,True
FBgn0033357,0,0,0.48150986,0.51849014,0.51849014,True
FBgn0033358,0,0,0.75149703,0.24850297,0.75149703,True
FBgn0033364,0,0,0.6345947,0.36540532,0.6345947,True
FBgn0033366,0,0,0.6751569,0.3248431,0.6751569,True
FBgn0033367,0,0,0.72146875,0.27853125,0.72146875,True
FBgn0033372,0,0,0.58383936,0.41616064,0.58383936,True
FBgn0033373,0,0,0.7323449,0.26765507,0.7323449,True
FBgn0033375,0,0,0.6328257,0.36717433,0.6328257,True
FBgn0033377,0,0,0.67897797,0.32102203,0.67897797,True
FBgn0033380,0,0,0.6553708,0.34462923,0.6553708,True
FBgn0033381,0,0,0.6322121,0.3677879,0.6322121,True
FBgn0033382,0,0,0.6825701,0.3174299,0.6825701,True
FBgn0033387,0,0,0.63214654,0.36785346,0.63214654,True
FBgn0033388,0,0,0.6356645,0.36433548,0.6356645,True
FBgn0033389,0,0,0.5667649,0.4332351,0.5667649,True
FBgn0033391,0,0,0.6863551,0.3136449,0.6863551,True
FBgn0033392,0,0,0.6459515,0.3540485,0.6459515,True
FBgn0033395,0,0,0.60514176,0.39485824,0.60514176,True
FBgn0033401,0,0,0.7230986,0.27690142,0.7230986,True
FBgn0033405,0,0,0.66593486,0.33406514,0.66593486,True
FBgn0033408,0,0,0.6162036,0.3837964,0.6162036,True
FBgn0033412,0,0,0.7673215,0.23267847,0.7673215,True
FBgn0033421,0,0,0.7121068,0.28789318,0.7121068,True
FBgn0033422,0,0,0.61736923,0.38263077,0.61736923,True
FBgn0033423,0,0,0.674513,0.32548702,0.674513,True
FBgn0033429,0,0,0.70850164,0.29149836,0.70850164,True
FBgn0033431,0,0,0.6235607,0.37643927,0.6235607,True
FBgn0033434,0,0,0.6966852,0.3033148,0.6966852,True
FBgn0033437,0,0,0.7791301,0.2208699,0.7791301,True
FBgn0033439,0,0,0.56327677,0.43672323,0.56327677,True
FBgn0033440,0,0,0.6088645,0.3911355,0.6088645,True
FBgn0033442,0,0,0.72566444,0.27433556,0.72566444,True
FBgn0033443,0,0,0.6583215,0.3416785,0.6583215,True
FBgn0033446,0,0,0.8008906,0.19910938,0.8008906,True
FBgn0033447,0,0,0.6339317,0.3660683,0.6339317,True
FBgn0033448,0,0,0.6663327,0.33366728,0.6663327,True
FBgn0033449,0,0,0.58547205,0.41452795,0.58547205,True
FBgn0033451,0,0,0.624041,0.37595898,0.624041,True
FBgn0033457,0,0,0.6164729,0.3835271,0.6164729,True
FBgn0033459,0,0,0.6066873,0.3933127,0.6066873,True
FBgn0033460,0,0,0.6384253,0.3615747,0.6384253,True
FBgn0033461,0,0,0.5991647,0.40083528,0.5991647,True
FBgn0033463,0,0,0.6110405,0.38895953,0.6110405,True
FBgn0033464,0,0,0.636629,0.363371,0.636629,True
FBgn0033468,0,0,0.6024585,0.39754152,0.6024585,True
FBgn0033471,0,0,0.6571522,0.34284782,0.6571522,True
FBgn0033473,0,0,0.6299719,0.37002808,0.6299719,True
FBgn0033475,0,0,0.63991123,0.36008877,0.63991123,True
FBgn0033476,0,0,0.5838972,0.41610283,0.5838972,True
FBgn0033479,0,0,0.5945065,0.4054935,0.5945065,True
FBgn0033481,0,0,0.82346004,0.17653996,0.82346004,True
FBgn0033483,0,0,0.6285135,0.37148649,0.6285135,True
FBgn0033485,0,0,0.66169864,0.33830136,0.66169864,True
FBgn0033486,0,0,0.6659665,0.3340335,0.6659665,True
FBgn0033490,0,0,0.6491825,0.3508175,0.6491825,True
FBgn0033499,0,0,0.54355985,0.45644015,0.54355985,True
FBgn0033500,0,0,0.6119926,0.3880074,0.6119926,True
FBgn0033501,0,0,0.63418853,0.36581147,0.63418853,True
FBgn0033502,0,0,0.67418295,0.32581705,0.67418295,True
FBgn0033504,0,0,0.71707696,0.28292304,0.71707696,True
FBgn0033507,0,0,0.80816025,0.19183975,0.80816025,True
FBgn0033508,0,0,0.73117787,0.26882213,0.73117787,True
FBgn0033512,0,0,0.85773647,0.14226353,0.85773647,True
FBgn0033515,0,0,0.6009673,0.3990327,0.6009673,True
FBgn0033516,0,0,0.6116094,0.3883906,0.6116094,True
FBgn0033519,0,0,0.71256274,0.28743726,0.71256274,True
FBgn0033524,0,0,0.65555763,0.34444237,0.65555763,True
FBgn0033528,0,0,0.6433621,0.3566379,0.6433621,True
FBgn0033529,0,0,0.7456741,0.25432593,0.7456741,True
FBgn0033541,0,0,0.67266256,0.32733744,0.67266256,True
FBgn0033542,0,0,0.6078228,0.39217722,0.6078228,True
FBgn0033547,0,0,0.57719195,0.42280805,0.57719195,True
FBgn0033549,0,0,0.5711368,0.42886323,0.5711368,True
FBgn0033550,0,0,0.5316495,0.46835053,0.5316495,True
FBgn0033551,0,0,0.64406866,0.35593134,0.64406866,True
FBgn0033554,0,0,0.44115853,0.55884147,0.55884147,True
FBgn0033558,0,0,0.6506995,0.3493005,0.6506995,True
FBgn0033564,0,0,0.6032876,0.39671242,0.6032876,True
FBgn0033569,0,0,0.6429841,0.3570159,0.6429841,True
FBgn0033570,0,1,0.9608133,0.039186716,0.9608133,False
FBgn0033572,0,0,0.6534104,0.34658962,0.6534104,True
FBgn0033573,0,0,0.56658286,0.43341714,0.56658286,True
FBgn0033574,0,0,0.5290835,0.4709165,0.5290835,True
FBgn0033578,0,0,0.68198377,0.31801623,0.68198377,True
FBgn0033580,0,0,0.6482808,0.3517192,0.6482808,True
FBgn0033581,0,0,0.5781368,0.4218632,0.5781368,True
FBgn0033582,0,0,0.5314742,0.46852583,0.5314742,True
FBgn0033584,0,0,0.62542117,0.37457883,0.62542117,True
FBgn0033587,0,0,0.6604279,0.33957207,0.6604279,True
FBgn0033588,0,0,0.54045165,0.45954835,0.54045165,True
FBgn0033589,0,0,0.63007915,0.36992085,0.63007915,True
FBgn0033591,0,0,0.6069996,0.39300042,0.6069996,True
FBgn0033592,0,0,0.6523837,0.3476163,0.6523837,True
FBgn0033593,0,0,0.6618923,0.3381077,0.6618923,True
FBgn0033594,0,0,0.79950696,0.20049304,0.79950696,True
FBgn0033597,0,0,0.9388571,0.06114292,0.9388571,True
FBgn0033598,0,0,0.8607727,0.13922727,0.8607727,True
FBgn0033600,0,0,0.6658153,0.3341847,0.6658153,True
FBgn0033601,0,0,0.4783403,0.52165973,0.52165973,True
FBgn0033610,0,0,0.6756424,0.32435763,0.6756424,True
FBgn0033615,0,0,0.6157202,0.3842798,0.6157202,True
FBgn0033616,0,0,0.6510679,0.3489321,0.6510679,True
FBgn0033623,0,0,0.56711483,0.43288517,0.56711483,True
FBgn0033624,0,0,0.7013207,0.2986793,0.7013207,True
FBgn0033627,0,0,0.6480517,0.35194832,0.6480517,True
FBgn0033628,0,0,0.64399606,0.35600394,0.64399606,True
FBgn0033635,0,0,0.73182493,0.26817507,0.73182493,True
FBgn0033638,0,0,0.62647355,0.37352645,0.62647355,True
FBgn0033639,0,0,0.6785563,0.32144368,0.6785563,True
FBgn0033640,0,0,0.67047226,0.32952774,0.67047226,True
FBgn0033645,0,0,0.66037077,0.33962923,0.66037077,True
FBgn0033648,0,0,0.69549227,0.30450773,0.69549227,True
FBgn0033650,0,0,0.5440069,0.45599312,0.5440069,True
FBgn0033651,0,0,0.6247844,0.3752156,0.6247844,True
FBgn0033653,0,0,0.6475276,0.35247242,0.6475276,True
FBgn0033659,0,0,0.6699361,0.33006388,0.6699361,True
FBgn0033663,0,0,0.72815984,0.27184016,0.72815984,True
FBgn0033665,0,0,0.6666369,0.33336312,0.6666369,True
FBgn0033667,0,0,0.64435977,0.35564023,0.64435977,True
FBgn0033673,0,0,0.71623343,0.28376657,0.71623343,True
FBgn0033677,0,0,0.6989611,0.30103892,0.6989611,True
FBgn0033680,0,0,0.7871531,0.21284688,0.7871531,True
FBgn0033683,0,0,0.6229691,0.3770309,0.6229691,True
FBgn0033685,0,0,0.6883208,0.31167918,0.6883208,True
FBgn0033686,0,0,0.63428605,0.36571395,0.63428605,True
FBgn0033687,0,0,0.6041814,0.3958186,0.6041814,True
FBgn0033690,0,0,0.84805757,0.15194243,0.84805757,True
FBgn0033692,0,0,0.63471097,0.36528903,0.63471097,True
FBgn0033696,0,0,0.60914713,0.39085287,0.60914713,True
FBgn0033697,0,0,0.6420756,0.3579244,0.6420756,True
FBgn0033701,0,0,0.825035,0.17496502,0.825035,True
FBgn0033702,0,0,0.72481364,0.27518636,0.72481364,True
FBgn0033703,0,0,0.5380344,0.46196562,0.5380344,True
FBgn0033710,0,0,0.67993796,0.32006204,0.67993796,True
FBgn0033712,0,0,0.6680585,0.3319415,0.6680585,True
FBgn0033713,0,0,0.6531035,0.34689653,0.6531035,True
FBgn0033715,0,0,0.79463893,0.20536107,0.79463893,True
FBgn0033716,0,0,0.93960255,0.060397446,0.93960255,True
FBgn0033717,0,0,0.66545427,0.33454573,0.66545427,True
FBgn0033720,0,0,0.62793756,0.37206244,0.62793756,True
FBgn0033721,0,0,0.6536139,0.34638608,0.6536139,True
FBgn0033723,0,0,0.6162964,0.3837036,0.6162964,True
FBgn0033725,0,0,0.63096434,0.36903566,0.63096434,True
FBgn0033726,0,0,0.564534,0.435466,0.564534,True
FBgn0033727,0,0,0.58986455,0.41013545,0.58986455,True
FBgn0033729,0,0,0.596895,0.40310502,0.596895,True
FBgn0033730,0,0,0.6579413,0.34205872,0.6579413,True
FBgn0033732,0,0,0.6299297,0.37007028,0.6299297,True
FBgn0033733,0,0,0.5755838,0.42441618,0.5755838,True
FBgn0033734,0,0,0.58802843,0.41197157,0.58802843,True
FBgn0033735,0,0,0.6859535,0.3140465,0.6859535,True
FBgn0033736,0,0,0.60310984,0.39689016,0.60310984,True
FBgn0033737,0,0,0.6149781,0.38502192,0.6149781,True
FBgn0033739,0,0,0.6924019,0.3075981,0.6924019,True
FBgn0033740,0,0,0.6448775,0.3551225,0.6448775,True
FBgn0033742,0,0,0.6272997,0.37270027,0.6272997,True
FBgn0033744,0,0,0.6491964,0.3508036,0.6491964,True
FBgn0033748,0,0,0.65311384,0.34688616,0.65311384,True
FBgn0033749,0,0,0.6551543,0.3448457,0.6551543,True
FBgn0033750,0,0,0.6387005,0.3612995,0.6387005,True
FBgn0033751,0,0,0.66203916,0.33796084,0.66203916,True
FBgn0033752,0,0,0.6150992,0.3849008,0.6150992,True
FBgn0033754,0,0,0.6060165,0.39398348,0.6060165,True
FBgn0033756,0,0,0.579156,0.42084402,0.579156,True
FBgn0033757,0,0,0.6312998,0.3687002,0.6312998,True
FBgn0033760,0,0,0.735956,0.264044,0.735956,True
FBgn0033761,0,0,0.6252192,0.37478077,0.6252192,True
FBgn0033762,0,0,0.6095173,0.39048272,0.6095173,True
FBgn0033767,0,0,0.5711145,0.42888552,0.5711145,True
FBgn0033770,0,0,0.7274624,0.2725376,0.7274624,True
FBgn0033773,0,0,0.54228604,0.45771396,0.54228604,True
FBgn0033774,0,0,0.7011845,0.2988155,0.7011845,True
FBgn0033775,0,0,0.6231796,0.3768204,0.6231796,True
FBgn0033777,0,0,0.56794125,0.43205875,0.56794125,True
FBgn0033778,0,0,0.6260389,0.3739611,0.6260389,True
FBgn0033781,0,0,0.7113944,0.28860557,0.7113944,True
FBgn0033783,0,0,0.62228775,0.37771225,0.62228775,True
FBgn0033784,0,0,0.59437305,0.40562695,0.59437305,True
FBgn0033785,0,0,0.6307065,0.3692935,0.6307065,True
FBgn0033788,0,0,0.6983355,0.30166447,0.6983355,True
FBgn0033789,0,0,0.6447899,0.35521013,0.6447899,True
FBgn0033791,0,0,0.6658085,0.3341915,0.6658085,True
FBgn0033792,0,0,0.5916458,0.40835422,0.5916458,True
FBgn0033794,0,0,0.6462023,0.35379767,0.6462023,True
FBgn0033799,0,0,0.51841474,0.48158526,0.51841474,True
FBgn0033802,0,0,0.7490848,0.25091523,0.7490848,True
FBgn0033806,0,0,0.6126687,0.3873313,0.6126687,True
FBgn0033807,0,0,0.7043331,0.29566687,0.7043331,True
FBgn0033810,0,0,0.71709126,0.28290874,0.71709126,True
FBgn0033812,0,0,0.63540775,0.36459225,0.63540775,True
FBgn0033814,0,0,0.6469282,0.3530718,0.6469282,True
FBgn0033816,0,0,0.616078,0.38392198,0.616078,True
FBgn0033818,0,0,0.63299835,0.36700165,0.63299835,True
FBgn0033819,0,0,0.6281805,0.3718195,0.6281805,True
FBgn0033820,0,0,0.5581992,0.44180077,0.5581992,True
FBgn0033826,0,0,0.7498742,0.25012583,0.7498742,True
FBgn0033827,0,0,0.67254907,0.32745093,0.67254907,True
FBgn0033828,0,0,0.5295549,0.4704451,0.5295549,True
FBgn0033830,0,0,0.7034075,0.29659247,0.7034075,True
FBgn0033834,0,0,0.6093952,0.3906048,0.6093952,True
FBgn0033844,0,0,0.66892916,0.33107084,0.66892916,True
FBgn0033850,0,0,0.6621748,0.33782518,0.6621748,True
FBgn0033853,0,0,0.69212973,0.30787027,0.69212973,True
FBgn0033856,0,0,0.7244665,0.2755335,0.7244665,True
FBgn0033861,0,0,0.6441688,0.3558312,0.6441688,True
FBgn0033862,0,0,0.67764723,0.32235277,0.67764723,True
FBgn0033863,0,0,0.5682744,0.43172562,0.5682744,True
FBgn0033864,0,0,0.5651758,0.43482423,0.5651758,True
FBgn0033865,0,0,0.68121034,0.31878966,0.68121034,True
FBgn0033866,0,0,0.5889951,0.4110049,0.5889951,True
FBgn0033867,0,0,0.61836374,0.38163626,0.61836374,True
FBgn0033869,0,0,0.74305737,0.25694263,0.74305737,True
FBgn0033871,0,0,0.5331838,0.4668162,0.5331838,True
FBgn0033872,0,0,0.69254285,0.30745715,0.69254285,True
FBgn0033873,0,0,0.6665706,0.3334294,0.6665706,True
FBgn0033874,0,0,0.72867507,0.27132493,0.72867507,True
FBgn0033875,0,0,0.5492981,0.4507019,0.5492981,True
FBgn0033876,0,0,0.65749776,0.34250224,0.65749776,True
FBgn0033879,0,0,0.7548533,0.24514669,0.7548533,True
FBgn0033880,0,0,0.6393535,0.3606465,0.6393535,True
FBgn0033884,0,0,0.65239507,0.34760493,0.65239507,True
FBgn0033886,0,0,0.6999552,0.30004478,0.6999552,True
FBgn0033887,0,0,0.5996578,0.40034223,0.5996578,True
FBgn0033888,0,0,0.6617377,0.33826232,0.6617377,True
FBgn0033889,0,0,0.63197064,0.36802936,0.63197064,True
FBgn0033891,0,0,0.53028506,0.46971494,0.53028506,True
FBgn0033899,0,0,0.6169143,0.38308573,0.6169143,True
FBgn0033900,0,0,0.623519,0.376481,0.623519,True
FBgn0033903,0,0,0.5958204,0.40417957,0.5958204,True
FBgn0033904,0,0,0.6071971,0.3928029,0.6071971,True
FBgn0033905,0,0,0.6258126,0.3741874,0.6258126,True
FBgn0033906,0,0,0.6234567,0.37654328,0.6234567,True
FBgn0033913,0,0,0.68200064,0.31799936,0.68200064,True
FBgn0033916,0,0,0.64042264,0.35957736,0.64042264,True
FBgn0033917,0,0,0.63583666,0.36416334,0.63583666,True
FBgn0033918,0,0,0.71352535,0.28647465,0.71352535,True
FBgn0033921,0,0,0.5928549,0.40714508,0.5928549,True
FBgn0033926,0,0,0.94557273,0.054427266,0.94557273,True
FBgn0033933,0,0,0.6910747,0.30892527,0.6910747,True
FBgn0033934,0,0,0.72962326,0.27037674,0.72962326,True
FBgn0033935,0,0,0.6554063,0.3445937,0.6554063,True
FBgn0033942,0,0,0.70126337,0.29873663,0.70126337,True
FBgn0033943,0,0,0.6404528,0.3595472,0.6404528,True
FBgn0033945,0,0,0.4146099,0.5853901,0.5853901,True
FBgn0033952,0,0,0.69551295,0.30448705,0.69551295,True
FBgn0033953,0,0,0.70727664,0.29272336,0.70727664,True
FBgn0033954,0,0,0.6939718,0.3060282,0.6939718,True
FBgn0033955,0,0,0.5995562,0.4004438,0.5995562,True
FBgn0033958,0,0,0.7819641,0.21803588,0.7819641,True
FBgn0033960,0,0,0.6417381,0.35826188,0.6417381,True
FBgn0033963,0,0,0.6724664,0.3275336,0.6724664,True
FBgn0033969,0,0,0.5691983,0.4308017,0.5691983,True
FBgn0033970,0,0,0.7779049,0.22209507,0.7779049,True
FBgn0033973,0,0,0.63660514,0.36339486,0.63660514,True
FBgn0033978,0,0,0.6190372,0.3809628,0.6190372,True
FBgn0033979,0,0,0.6596792,0.34032083,0.6596792,True
FBgn0033980,0,0,0.593463,0.406537,0.593463,True
FBgn0033981,0,0,0.61448306,0.38551694,0.61448306,True
FBgn0033982,0,0,0.6004054,0.3995946,0.6004054,True
FBgn0033983,0,0,0.63182884,0.36817116,0.63182884,True
FBgn0033984,0,0,0.6531056,0.34689438,0.6531056,True
FBgn0033985,0,0,0.60973364,0.39026636,0.60973364,True
FBgn0033988,0,0,0.6279867,0.37201327,0.6279867,True
FBgn0033989,0,0,0.65671813,0.34328187,0.65671813,True
FBgn0033990,0,0,0.6799293,0.32007068,0.6799293,True
FBgn0033993,0,0,0.5809647,0.41903532,0.5809647,True
FBgn0033996,0,0,0.6478989,0.3521011,0.6478989,True
FBgn0033999,0,0,0.62740135,0.37259865,0.62740135,True
FBgn0034000,0,0,0.6093932,0.39060682,0.6093932,True
FBgn0034002,0,0,0.65516067,0.34483933,0.65516067,True
FBgn0034005,0,0,0.6233971,0.3766029,0.6233971,True
FBgn0034007,0,0,0.55224437,0.44775563,0.55224437,True
FBgn0034008,0,0,0.62107486,0.37892514,0.62107486,True
FBgn0034010,0,0,0.48846012,0.5115399,0.5115399,True
FBgn0034021,0,0,0.7103677,0.28963232,0.7103677,True
FBgn0034022,0,0,0.6828289,0.3171711,0.6828289,True
FBgn0034023,0,0,0.60784405,0.39215595,0.60784405,True
FBgn0034027,0,0,0.6040967,0.3959033,0.6040967,True
FBgn0034030,0,0,0.6723787,0.32762128,0.6723787,True
FBgn0034031,0,0,0.7098496,0.2901504,0.7098496,True
FBgn0034032,0,0,0.6005952,0.39940482,0.6005952,True
FBgn0034035,0,0,0.65932417,0.34067583,0.65932417,True
FBgn0034046,0,0,0.71948326,0.28051674,0.71948326,True
FBgn0034047,0,0,0.5453523,0.45464772,0.5453523,True
FBgn0034050,0,0,0.5773237,0.42267632,0.5773237,True
FBgn0034052,0,0,0.85195404,0.14804596,0.85195404,True
FBgn0034053,0,0,0.6745024,0.32549763,0.6745024,True
FBgn0034054,0,0,0.62120765,0.37879235,0.62120765,True
FBgn0034058,0,0,0.56480676,0.43519324,0.56480676,True
FBgn0034063,0,0,0.61700684,0.38299316,0.61700684,True
FBgn0034066,0,0,0.7524061,0.24759388,0.7524061,True
FBgn0034067,0,0,0.71520376,0.28479624,0.71520376,True
FBgn0034068,0,0,0.6414317,0.3585683,0.6414317,True
FBgn0034069,0,0,0.75157815,0.24842185,0.75157815,True
FBgn0034070,0,0,0.62922674,0.37077326,0.62922674,True
FBgn0034071,0,0,0.61297613,0.38702387,0.61297613,True
FBgn0034075,0,0,0.6369214,0.3630786,0.6369214,True
FBgn0034076,0,0,0.6401575,0.35984248,0.6401575,True
FBgn0034082,0,0,0.5931569,0.40684313,0.5931569,True
FBgn0034083,0,0,0.6478007,0.35219932,0.6478007,True
FBgn0034094,0,0,0.6288011,0.3711989,0.6288011,True
FBgn0034095,0,0,0.63523436,0.36476564,0.63523436,True
FBgn0034097,0,0,0.68990576,0.31009424,0.68990576,True
FBgn0034099,0,0,0.7768934,0.22310662,0.7768934,True
FBgn0034104,0,0,0.71989626,0.28010374,0.71989626,True
FBgn0034105,0,0,0.73213714,0.26786286,0.73213714,True
FBgn0034106,0,0,0.61078197,0.38921803,0.61078197,True
FBgn0034113,0,0,0.6322403,0.3677597,0.6322403,True
FBgn0034114,0,0,0.63521194,0.36478806,0.63521194,True
FBgn0034117,0,0,0.7440699,0.25593013,0.7440699,True
FBgn0034121,0,0,0.6103668,0.38963318,0.6103668,True
FBgn0034122,0,0,0.59041214,0.40958786,0.59041214,True
FBgn0034126,0,0,0.66382515,0.33617485,0.66382515,True
FBgn0034128,0,0,0.60781884,0.39218116,0.60781884,True
FBgn0034129,0,0,0.6704776,0.32952237,0.6704776,True
FBgn0034131,0,0,0.6672623,0.33273768,0.6672623,True
FBgn0034132,0,0,0.6376707,0.3623293,0.6376707,True
FBgn0034135,0,0,0.67613906,0.32386094,0.67613906,True
FBgn0034136,0,0,0.63484436,0.36515564,0.63484436,True
FBgn0034137,0,0,0.6289402,0.37105978,0.6289402,True
FBgn0034139,0,0,0.7337469,0.2662531,0.7337469,True
FBgn0034140,0,0,0.8901314,0.109868586,0.8901314,True
FBgn0034141,0,0,0.63291216,0.36708784,0.63291216,True
FBgn0034144,0,0,0.5741984,0.42580158,0.5741984,True
FBgn0034151,0,0,0.73079914,0.26920086,0.73079914,True
FBgn0034152,0,0,0.4742232,0.5257768,0.5257768,True
FBgn0034153,0,0,0.58321977,0.41678023,0.58321977,True
FBgn0034154,0,0,0.52532035,0.47467965,0.52532035,True
FBgn0034156,0,0,0.56249475,0.43750525,0.56249475,True
FBgn0034160,0,0,0.624591,0.375409,0.624591,True
FBgn0034162,0,0,0.7201867,0.2798133,0.7201867,True
FBgn0034166,0,0,0.66884077,0.33115923,0.66884077,True
FBgn0034168,0,0,0.6738924,0.32610762,0.6738924,True
FBgn0034172,0,0,0.6334294,0.3665706,0.6334294,True
FBgn0034173,0,0,0.56536716,0.43463284,0.56536716,True
FBgn0034175,0,0,0.676297,0.323703,0.676297,True
FBgn0034176,0,0,0.69793755,0.30206245,0.69793755,True
FBgn0034179,0,0,0.682849,0.317151,0.682849,True
FBgn0034182,0,0,0.66013074,0.33986926,0.66013074,True
FBgn0034183,0,0,0.6351735,0.3648265,0.6351735,True
FBgn0034184,0,0,0.65299404,0.34700596,0.65299404,True
FBgn0034186,0,0,0.6606432,0.33935678,0.6606432,True
FBgn0034187,0,0,0.61738205,0.38261795,0.61738205,True
FBgn0034191,0,0,0.6288795,0.3711205,0.6288795,True
FBgn0034194,0,0,0.6875963,0.31240368,0.6875963,True
FBgn0034195,0,0,0.5638709,0.4361291,0.5638709,True
FBgn0034196,0,0,0.64543056,0.35456944,0.64543056,True
FBgn0034199,0,0,0.56649405,0.43350595,0.56649405,True
FBgn0034202,0,0,0.51871175,0.48128825,0.51871175,True
FBgn0034206,0,0,0.6405771,0.35942292,0.6405771,True
FBgn0034210,0,0,0.63224727,0.36775273,0.63224727,True
FBgn0034214,0,0,0.63177174,0.36822826,0.63177174,True
FBgn0034217,0,0,0.6712423,0.3287577,0.6712423,True
FBgn0034218,0,0,0.7440785,0.25592148,0.7440785,True
FBgn0034221,0,0,0.5652546,0.43474537,0.5652546,True
FBgn0034223,0,0,0.5946315,0.4053685,0.5946315,True
FBgn0034225,0,0,0.66906875,0.33093125,0.66906875,True
FBgn0034229,0,0,0.69135886,0.30864114,0.69135886,True
FBgn0034242,0,0,0.71034425,0.28965575,0.71034425,True
FBgn0034245,0,0,0.67941433,0.32058567,0.67941433,True
FBgn0034246,0,0,0.66993,0.33007002,0.66993,True
FBgn0034247,0,0,0.7872476,0.2127524,0.7872476,True
FBgn0034248,0,0,0.5183594,0.48164058,0.5183594,True
FBgn0034249,0,0,0.62834525,0.37165475,0.62834525,True
FBgn0034251,0,0,0.6157238,0.3842762,0.6157238,True
FBgn0034253,0,0,0.6178964,0.38210362,0.6178964,True
FBgn0034255,0,0,0.48977497,0.51022506,0.51022506,True
FBgn0034261,0,0,0.6422482,0.3577518,0.6422482,True
FBgn0034262,0,0,0.6249549,0.37504512,0.6249549,True
FBgn0034265,0,0,0.6619967,0.33800328,0.6619967,True
FBgn0034266,0,0,0.6738852,0.32611477,0.6738852,True
FBgn0034267,0,0,0.6839345,0.3160655,0.6839345,True
FBgn0034271,0,0,0.5921739,0.40782613,0.5921739,True
FBgn0034274,0,0,0.6454458,0.35455418,0.6454458,True
FBgn0034275,0,0,0.62898695,0.37101305,0.62898695,True
FBgn0034276,0,0,0.64794606,0.35205394,0.64794606,True
FBgn0034277,0,0,0.6574565,0.34254348,0.6574565,True
FBgn0034278,0,0,0.5020836,0.4979164,0.5020836,True
FBgn0034279,0,0,0.606981,0.39301902,0.606981,True
FBgn0034281,0,0,0.6236096,0.3763904,0.6236096,True
FBgn0034282,0,0,0.64471734,0.35528266,0.64471734,True
FBgn0034283,0,0,0.5560965,0.4439035,0.5560965,True
FBgn0034284,0,0,0.5905905,0.40940952,0.5905905,True
FBgn0034286,0,0,0.6695379,0.3304621,0.6695379,True
FBgn0034288,0,0,0.8566013,0.1433987,0.8566013,True
FBgn0034289,0,0,0.7637676,0.2362324,0.7637676,True
FBgn0034291,0,0,0.7304869,0.26951307,0.7304869,True
FBgn0034292,0,0,0.7053407,0.29465932,0.7053407,True
FBgn0034294,0,0,0.7177967,0.28220332,0.7177967,True
FBgn0034296,0,0,0.61075866,0.38924134,0.61075866,True
FBgn0034299,0,0,0.59382725,0.40617275,0.59382725,True
FBgn0034301,0,0,0.64001507,0.35998493,0.64001507,True
FBgn0034308,0,0,0.7303946,0.2696054,0.7303946,True
FBgn0034312,0,0,0.6182884,0.3817116,0.6182884,True
FBgn0034315,0,0,0.5944034,0.4055966,0.5944034,True
FBgn0034318,0,0,0.5528862,0.4471138,0.5528862,True
FBgn0034321,0,0,0.48878834,0.51121163,0.51121163,True
FBgn0034323,0,0,0.66553617,0.33446383,0.66553617,True
FBgn0034324,0,0,0.60002166,0.39997834,0.60002166,True
FBgn0034326,0,0,0.5769915,0.4230085,0.5769915,True
FBgn0034327,0,0,0.68004346,0.31995654,0.68004346,True
FBgn0034328,0,0,0.54245156,0.45754844,0.54245156,True
FBgn0034329,0,0,0.49181083,0.5081892,0.5081892,True
FBgn0034330,0,0,0.4589203,0.5410797,0.5410797,True
FBgn0034345,0,0,0.7144441,0.2855559,0.7144441,True
FBgn0034350,0,0,0.57455385,0.42544615,0.57455385,True
FBgn0034352,0,0,0.6511568,0.34884322,0.6511568,True
FBgn0034356,0,0,0.6581177,0.3418823,0.6581177,True
FBgn0034360,0,0,0.6464239,0.35357612,0.6464239,True
FBgn0034361,0,0,0.63562423,0.36437577,0.63562423,True
FBgn0034362,0,0,0.8396548,0.1603452,0.8396548,True
FBgn0034363,0,0,0.5338706,0.46612942,0.5338706,True
FBgn0034365,0,0,0.67790806,0.32209194,0.67790806,True
FBgn0034366,0,0,0.6369243,0.36307567,0.6369243,True
FBgn0034377,0,0,0.718428,0.28157198,0.718428,True
FBgn0034379,0,0,0.6422538,0.35774618,0.6422538,True
FBgn0034380,0,0,0.6504878,0.34951222,0.6504878,True
FBgn0034382,0,0,0.5359515,0.4640485,0.5359515,True
FBgn0034383,0,0,0.584377,0.415623,0.584377,True
FBgn0034387,0,0,0.65116024,0.34883976,0.65116024,True
FBgn0034389,0,0,0.65528005,0.34471995,0.65528005,True
FBgn0034390,0,0,0.7516387,0.24836129,0.7516387,True
FBgn0034394,0,0,0.85247767,0.14752233,0.85247767,True
FBgn0034396,0,0,0.7226133,0.27738672,0.7226133,True
FBgn0034397,0,0,0.8549503,0.14504969,0.8549503,True
FBgn0034398,0,0,0.6573255,0.3426745,0.6573255,True
FBgn0034399,0,0,0.58351696,0.41648304,0.58351696,True
FBgn0034400,0,0,0.6512609,0.3487391,0.6512609,True
FBgn0034405,0,0,0.69327503,0.30672497,0.69327503,True
FBgn0034406,0,0,0.7134343,0.28656572,0.7134343,True
FBgn0034407,0,0,0.48496136,0.5150386,0.5150386,True
FBgn0034413,0,0,0.5357261,0.46427393,0.5357261,True
FBgn0034415,0,0,0.5519766,0.44802338,0.5519766,True
FBgn0034416,0,0,0.66609085,0.33390915,0.66609085,True
FBgn0034418,0,0,0.75133246,0.24866754,0.75133246,True
FBgn0034420,0,0,0.6444983,0.3555017,0.6444983,True
FBgn0034422,0,0,0.7418725,0.2581275,0.7418725,True
FBgn0034423,0,0,0.6220762,0.3779238,0.6220762,True
FBgn0034425,0,0,0.58023924,0.41976076,0.58023924,True
FBgn0034427,0,0,0.64228964,0.35771036,0.64228964,True
FBgn0034428,0,0,0.53103596,0.46896404,0.53103596,True
FBgn0034430,0,0,0.6577616,0.34223843,0.6577616,True
FBgn0034432,0,0,0.6126111,0.38738889,0.6126111,True
FBgn0034436,0,0,0.63613135,0.36386865,0.63613135,True
FBgn0034438,0,0,0.62910044,0.37089956,0.62910044,True
FBgn0034439,0,0,0.6420607,0.3579393,0.6420607,True
FBgn0034440,0,0,0.5883796,0.41162038,0.5883796,True
FBgn0034441,0,0,0.67454296,0.32545704,0.67454296,True
FBgn0034442,0,0,0.60369533,0.39630467,0.60369533,True
FBgn0034443,0,0,0.6152222,0.38477778,0.6152222,True
FBgn0034446,0,0,0.538924,0.46107602,0.538924,True
FBgn0034447,0,0,0.6040313,0.39596868,0.6040313,True
FBgn0034451,0,0,0.6386349,0.36136508,0.6386349,True
FBgn0034452,0,0,0.62185764,0.37814236,0.62185764,True
FBgn0034454,0,0,0.6773513,0.3226487,0.6773513,True
FBgn0034455,0,0,0.78190917,0.21809083,0.78190917,True
FBgn0034456,0,0,0.6466841,0.3533159,0.6466841,True
FBgn0034457,0,0,0.6009674,0.3990326,0.6009674,True
FBgn0034458,0,0,0.632192,0.36780798,0.632192,True
FBgn0034460,0,0,0.74933785,0.25066215,0.74933785,True
FBgn0034461,0,0,0.66218823,0.33781177,0.66218823,True
FBgn0034462,0,0,0.7031865,0.2968135,0.7031865,True
FBgn0034463,0,0,0.55447257,0.44552743,0.55447257,True
FBgn0034464,0,0,0.6776565,0.32234353,0.6776565,True
FBgn0034467,0,0,0.61657596,0.38342404,0.61657596,True
FBgn0034468,0,0,0.85771835,0.14228165,0.85771835,True
FBgn0034470,0,0,0.8583874,0.14161259,0.8583874,True
FBgn0034471,0,0,0.54934716,0.45065284,0.54934716,True
FBgn0034472,0,0,0.5357614,0.46423858,0.5357614,True
FBgn0034473,0,0,0.6275532,0.37244678,0.6275532,True
FBgn0034474,0,0,0.5750069,0.4249931,0.5750069,True
FBgn0034477,0,0,0.5542224,0.4457776,0.5542224,True
FBgn0034478,0,0,0.7698562,0.23014379,0.7698562,True
FBgn0034479,0,0,0.62237227,0.37762773,0.62237227,True
FBgn0034480,0,0,0.54585934,0.45414066,0.54585934,True
FBgn0034481,0,0,0.55372745,0.44627255,0.55372745,True
FBgn0034483,0,0,0.65819484,0.34180516,0.65819484,True
FBgn0034484,0,0,0.564942,0.435058,0.564942,True
FBgn0034485,0,0,0.83960176,0.16039824,0.83960176,True
FBgn0034487,0,0,0.63451046,0.36548954,0.63451046,True
FBgn0034489,0,0,0.60534793,0.39465207,0.60534793,True
FBgn0034490,0,0,0.7531905,0.24680948,0.7531905,True
FBgn0034491,0,0,0.6318652,0.3681348,0.6318652,True
FBgn0034493,0,0,0.6261533,0.3738467,0.6261533,True
FBgn0034495,0,0,0.7015646,0.2984354,0.7015646,True
FBgn0034496,0,0,0.6458386,0.35416138,0.6458386,True
FBgn0034498,0,0,0.6123323,0.38766772,0.6123323,True
FBgn0034499,0,0,0.6857649,0.3142351,0.6857649,True
FBgn0034500,0,0,0.6729268,0.32707322,0.6729268,True
FBgn0034501,0,0,0.6867904,0.3132096,0.6867904,True
FBgn0034502,0,0,0.6489499,0.35105008,0.6489499,True
FBgn0034503,0,0,0.7009238,0.2990762,0.7009238,True
FBgn0034504,0,0,0.85089993,0.14910007,0.85089993,True
FBgn0034505,0,0,0.7094794,0.2905206,0.7094794,True
FBgn0034506,0,0,0.61672896,0.38327104,0.61672896,True
FBgn0034507,0,0,0.6278637,0.3721363,0.6278637,True
FBgn0034509,0,0,0.6187282,0.38127178,0.6187282,True
FBgn0034510,0,0,0.553362,0.446638,0.553362,True
FBgn0034511,0,0,0.6214934,0.3785066,0.6214934,True
FBgn0034512,0,0,0.61437213,0.38562787,0.61437213,True
FBgn0034513,0,0,0.5880355,0.41196448,0.5880355,True
FBgn0034517,0,0,0.66429037,0.33570963,0.66429037,True
FBgn0034527,0,0,0.57280016,0.42719984,0.57280016,True
FBgn0034529,0,0,0.6138643,0.3861357,0.6138643,True
FBgn0034532,0,0,0.6216813,0.37831873,0.6216813,True
FBgn0034534,0,0,0.84585,0.15415001,0.84585,True
FBgn0034535,0,0,0.8704317,0.12956828,0.8704317,True
FBgn0034538,0,0,0.64837134,0.35162866,0.64837134,True
FBgn0034540,0,0,0.6545176,0.3454824,0.6545176,True
FBgn0034541,0,0,0.72463626,0.27536374,0.72463626,True
FBgn0034542,0,0,0.6584986,0.3415014,0.6584986,True
FBgn0034545,0,0,0.6457268,0.3542732,0.6457268,True
FBgn0034546,0,0,0.66134095,0.33865905,0.66134095,True
FBgn0034548,0,0,0.5997594,0.4002406,0.5997594,True
FBgn0034551,0,0,0.5922328,0.40776718,0.5922328,True
FBgn0034552,0,0,0.7122157,0.28778428,0.7122157,True
FBgn0034553,0,0,0.70252943,0.29747057,0.70252943,True
FBgn0034554,0,0,0.6029834,0.39701658,0.6029834,True
FBgn0034563,0,0,0.73225474,0.26774526,0.73225474,True
FBgn0034566,0,0,0.7059841,0.29401588,0.7059841,True
FBgn0034568,0,0,0.63236374,0.36763626,0.63236374,True
FBgn0034569,0,0,0.6619019,0.3380981,0.6619019,True
FBgn0034572,0,0,0.6463844,0.35361558,0.6463844,True
FBgn0034573,0,0,0.67776316,0.32223684,0.67776316,True
FBgn0034576,0,0,0.8005833,0.1994167,0.8005833,True
FBgn0034578,0,0,0.56565094,0.43434906,0.56565094,True
FBgn0034583,0,0,0.68846893,0.31153107,0.68846893,True
FBgn0034588,0,0,0.7201233,0.2798767,0.7201233,True
FBgn0034590,0,0,0.6385751,0.36142492,0.6385751,True
FBgn0034592,0,0,0.6308845,0.36911547,0.6308845,True
FBgn0034601,0,0,0.67856544,0.32143456,0.67856544,True
FBgn0034605,0,0,0.6347683,0.3652317,0.6347683,True
FBgn0034611,0,0,0.669371,0.330629,0.669371,True
FBgn0034612,0,0,0.60818774,0.39181226,0.60818774,True
FBgn0034614,0,0,0.6129357,0.38706428,0.6129357,True
FBgn0034617,0,0,0.6523279,0.3476721,0.6523279,True
FBgn0034618,0,0,0.6389455,0.36105448,0.6389455,True
FBgn0034622,0,0,0.6216459,0.37835407,0.6216459,True
FBgn0034624,0,0,0.62891996,0.37108004,0.62891996,True
FBgn0034626,0,0,0.670711,0.32928902,0.670711,True
FBgn0034627,0,0,0.59941924,0.40058076,0.59941924,True
FBgn0034629,0,0,0.68596196,0.31403804,0.68596196,True
FBgn0034631,0,0,0.6223767,0.37762332,0.6223767,True
FBgn0034636,0,0,0.71984905,0.28015095,0.71984905,True
FBgn0034639,0,0,0.6688071,0.3311929,0.6688071,True
FBgn0034642,0,0,0.6068631,0.39313692,0.6068631,True
FBgn0034643,0,0,0.6009535,0.39904648,0.6009535,True
FBgn0034647,0,0,0.70747095,0.29252905,0.70747095,True
FBgn0034651,0,0,0.5836958,0.41630417,0.5836958,True
FBgn0034655,0,0,0.6190619,0.3809381,0.6190619,True
FBgn0034657,0,0,0.6186241,0.3813759,0.6186241,True
FBgn0034658,0,0,0.6398094,0.36019057,0.6398094,True
FBgn0034659,0,0,0.6031665,0.39683348,0.6031665,True
FBgn0034660,0,0,0.6235365,0.37646347,0.6235365,True
FBgn0034662,0,0,0.60653377,0.39346623,0.60653377,True
FBgn0034663,0,0,0.74260193,0.25739807,0.74260193,True
FBgn0034664,0,0,0.6160145,0.38398552,0.6160145,True
FBgn0034665,0,0,0.59300196,0.40699804,0.59300196,True
FBgn0034666,0,0,0.5788309,0.4211691,0.5788309,True
FBgn0034667,0,0,0.60504884,0.39495116,0.60504884,True
FBgn0034670,0,0,0.5674025,0.43259752,0.5674025,True
FBgn0034671,0,0,0.48852727,0.5114727,0.5114727,True
FBgn0034674,0,0,0.638158,0.36184198,0.638158,True
FBgn0034683,0,0,0.69519615,0.30480385,0.69519615,True
FBgn0034687,0,0,0.602334,0.39766598,0.602334,True
FBgn0034688,0,0,0.6161793,0.3838207,0.6161793,True
FBgn0034689,0,0,0.630463,0.369537,0.630463,True
FBgn0034693,0,0,0.87501884,0.124981165,0.87501884,True
FBgn0034694,0,0,0.6178912,0.3821088,0.6178912,True
FBgn0034700,0,0,0.50366336,0.49633664,0.50366336,True
FBgn0034703,0,0,0.61077124,0.38922876,0.61077124,True
FBgn0034704,0,0,0.6620164,0.3379836,0.6620164,True
FBgn0034705,0,0,0.69654566,0.30345434,0.69654566,True
FBgn0034707,0,0,0.61589825,0.38410175,0.61589825,True
FBgn0034712,0,0,0.70180196,0.29819804,0.70180196,True
FBgn0034713,0,0,0.5067387,0.49326128,0.5067387,True
FBgn0034715,0,0,0.64057416,0.35942584,0.64057416,True
FBgn0034716,0,0,0.62513256,0.37486744,0.62513256,True
FBgn0034717,0,0,0.6419734,0.35802662,0.6419734,True
FBgn0034718,0,0,0.6755477,0.32445228,0.6755477,True
FBgn0034720,0,0,0.6572355,0.3427645,0.6572355,True
FBgn0034721,0,0,0.7769309,0.22306907,0.7769309,True
FBgn0034724,0,0,0.58186924,0.41813076,0.58186924,True
FBgn0034725,0,0,0.8208039,0.17919612,0.8208039,True
FBgn0034729,0,0,0.57435715,0.42564285,0.57435715,True
FBgn0034730,0,0,0.6534782,0.3465218,0.6534782,True
FBgn0034733,0,0,0.64230996,0.35769004,0.64230996,True
FBgn0034735,0,0,0.6687303,0.33126968,0.6687303,True
FBgn0034736,0,0,0.6542609,0.34573913,0.6542609,True
FBgn0034737,0,0,0.42099196,0.57900804,0.57900804,True
FBgn0034739,0,0,0.75075644,0.24924356,0.75075644,True
FBgn0034741,0,0,0.661365,0.33863503,0.661365,True
FBgn0034742,0,0,0.61067003,0.38932997,0.61067003,True
FBgn0034748,0,0,0.64636683,0.35363317,0.64636683,True
FBgn0034753,0,0,0.91125035,0.08874965,0.91125035,True
FBgn0034755,0,0,0.83481854,0.16518146,0.83481854,True
FBgn0034758,0,0,0.5174148,0.4825852,0.5174148,True
FBgn0034766,0,0,0.6125495,0.38745052,0.6125495,True
FBgn0034768,0,0,0.7229423,0.2770577,0.7229423,True
FBgn0034769,0,0,0.60395527,0.39604473,0.60395527,True
FBgn0034770,0,0,0.60551846,0.39448154,0.60551846,True
FBgn0034774,0,0,0.6278195,0.37218052,0.6278195,True
FBgn0034776,0,0,0.53875756,0.46124244,0.53875756,True
FBgn0034783,0,0,0.6163728,0.38362718,0.6163728,True
FBgn0034784,0,0,0.7260334,0.2739666,0.7260334,True
FBgn0034785,0,0,0.69149095,0.30850905,0.69149095,True
FBgn0034786,0,0,0.6411717,0.3588283,0.6411717,True
FBgn0034788,0,0,0.60045654,0.39954346,0.60045654,True
FBgn0034791,0,0,0.69727564,0.30272436,0.69727564,True
FBgn0034792,0,0,0.63998073,0.36001927,0.63998073,True
FBgn0034793,0,0,0.86479104,0.13520896,0.86479104,True
FBgn0034795,0,0,0.63337475,0.36662525,0.63337475,True
FBgn0034797,0,0,0.6458912,0.3541088,0.6458912,True
FBgn0034800,0,0,0.69728106,0.30271894,0.69728106,True
FBgn0034803,0,0,0.614204,0.385796,0.614204,True
FBgn0034804,0,0,0.60792136,0.39207864,0.60792136,True
FBgn0034807,0,0,0.48949522,0.5105048,0.5105048,True
FBgn0034808,0,0,0.64758444,0.35241556,0.64758444,True
FBgn0034814,0,0,0.6914732,0.3085268,0.6914732,True
FBgn0034816,0,0,0.8045163,0.19548368,0.8045163,True
FBgn0034820,0,0,0.526839,0.47316098,0.526839,True
FBgn0034821,0,0,0.740902,0.259098,0.740902,True
FBgn0034822,0,0,0.60135037,0.39864963,0.60135037,True
FBgn0034824,0,0,0.63792175,0.36207825,0.63792175,True
FBgn0034825,0,0,0.7308345,0.26916552,0.7308345,True
FBgn0034827,0,0,0.6241794,0.37582058,0.6241794,True
FBgn0034829,0,0,0.63492554,0.36507446,0.63492554,True
FBgn0034833,0,0,0.5996477,0.4003523,0.5996477,True
FBgn0034835,0,0,0.70686364,0.29313636,0.70686364,True
FBgn0034838,0,0,0.6909289,0.30907112,0.6909289,True
FBgn0034839,0,0,0.56569284,0.43430716,0.56569284,True
FBgn0034841,0,0,0.65358746,0.34641254,0.65358746,True
FBgn0034844,0,0,0.6153196,0.3846804,0.6153196,True
FBgn0034846,0,0,0.68420774,0.31579226,0.68420774,True
FBgn0034850,0,0,0.65173596,0.34826404,0.65173596,True
FBgn0034854,0,0,0.6450442,0.3549558,0.6450442,True
FBgn0034856,0,0,0.65835017,0.34164983,0.65835017,True
FBgn0034860,0,0,0.7378224,0.2621776,0.7378224,True
FBgn0034861,0,0,0.6819518,0.31804818,0.6819518,True
FBgn0034865,0,0,0.71865916,0.28134084,0.71865916,True
FBgn0034866,0,0,0.6442997,0.3557003,0.6442997,True
FBgn0034867,0,0,0.73127353,0.26872647,0.73127353,True
FBgn0034870,0,0,0.79092395,0.20907605,0.79092395,True
FBgn0034876,0,0,0.66644746,0.33355254,0.66644746,True
FBgn0034880,0,0,0.65992534,0.34007466,0.65992534,True
FBgn0034882,0,0,0.92146295,0.07853705,0.92146295,True
FBgn0034884,0,0,0.6421883,0.3578117,0.6421883,True
FBgn0034887,0,0,0.84496874,0.15503126,0.84496874,True
FBgn0034897,0,0,0.67324597,0.32675403,0.67324597,True
FBgn0034902,0,0,0.58630854,0.41369146,0.58630854,True
FBgn0034904,0,0,0.9271672,0.07283282,0.9271672,True
FBgn0034907,0,0,0.5537569,0.4462431,0.5537569,True
FBgn0034911,0,0,0.63292956,0.36707044,0.63292956,True
FBgn0034914,0,0,0.8262753,0.17372471,0.8262753,True
FBgn0034920,0,0,0.6346604,0.36533958,0.6346604,True
FBgn0034923,0,0,0.73397255,0.26602745,0.73397255,True
FBgn0034924,0,0,0.60050756,0.39949244,0.60050756,True
FBgn0034928,0,0,0.64135283,0.35864717,0.64135283,True
FBgn0034931,0,0,0.707819,0.29218102,0.707819,True
FBgn0034935,0,0,0.5258634,0.4741366,0.5258634,True
FBgn0034936,0,0,0.6165249,0.38347512,0.6165249,True
FBgn0034937,0,0,0.63451844,0.36548156,0.63451844,True
FBgn0034939,0,0,0.70364654,0.29635346,0.70364654,True
FBgn0034942,0,0,0.592014,0.407986,0.592014,True
FBgn0034945,0,0,0.7800391,0.21996093,0.7800391,True
FBgn0034946,0,0,0.80464876,0.19535124,0.80464876,True
FBgn0034950,0,0,0.62850296,0.37149704,0.62850296,True
FBgn0034956,0,0,0.5896043,0.41039568,0.5896043,True
FBgn0034957,0,0,0.61478686,0.38521314,0.61478686,True
FBgn0034958,0,0,0.5358887,0.46411133,0.5358887,True
FBgn0034959,0,0,0.681855,0.31814498,0.681855,True
FBgn0034961,0,0,0.6906079,0.3093921,0.6906079,True
FBgn0034965,0,0,0.642858,0.35714197,0.642858,True
FBgn0034966,0,0,0.65336126,0.34663874,0.65336126,True
FBgn0034972,0,0,0.65314835,0.34685165,0.65314835,True
FBgn0034973,0,0,0.7727889,0.22721112,0.7727889,True
FBgn0034974,0,0,0.662332,0.337668,0.662332,True
FBgn0034976,0,0,0.632331,0.367669,0.632331,True
FBgn0034982,0,0,0.7478815,0.25211853,0.7478815,True
FBgn0034985,0,0,0.63493705,0.36506295,0.63493705,True
FBgn0034986,0,0,0.94580656,0.054193437,0.94580656,True
FBgn0034988,0,0,0.65844566,0.34155434,0.65844566,True
FBgn0034989,0,0,0.64121616,0.35878384,0.64121616,True
FBgn0034990,0,0,0.7498536,0.2501464,0.7498536,True
FBgn0034996,0,0,0.7009606,0.29903942,0.7009606,True
FBgn0034999,0,0,0.7343937,0.26560628,0.7343937,True
FBgn0035000,0,0,0.6805624,0.31943762,0.6805624,True
FBgn0035004,0,0,0.8388363,0.16116369,0.8388363,True
FBgn0035005,0,0,0.6792691,0.32073092,0.6792691,True
FBgn0035007,0,0,0.71581763,0.28418237,0.71581763,True
FBgn0035008,0,0,0.6618058,0.3381942,0.6618058,True
FBgn0035009,0,0,0.7392737,0.26072627,0.7392737,True
FBgn0035010,0,0,0.7025364,0.2974636,0.7025364,True
FBgn0035012,0,0,0.6492793,0.3507207,0.6492793,True
FBgn0035014,0,0,0.6386574,0.3613426,0.6386574,True
FBgn0035016,0,0,0.8933403,0.10665971,0.8933403,True
FBgn0035019,0,0,0.6400555,0.35994452,0.6400555,True
FBgn0035020,0,0,0.54000443,0.45999557,0.54000443,True
FBgn0035021,0,0,0.5993948,0.4006052,0.5993948,True
FBgn0035022,0,0,0.65382516,0.34617484,0.65382516,True
FBgn0035023,0,0,0.8690481,0.13095188,0.8690481,True
FBgn0035024,0,0,0.6557677,0.34423232,0.6557677,True
FBgn0035028,0,0,0.5897333,0.4102667,0.5897333,True
FBgn0035031,0,0,0.6727648,0.32723522,0.6727648,True
FBgn0035033,0,0,0.7780486,0.22195143,0.7780486,True
FBgn0035034,0,0,0.74256206,0.25743794,0.74256206,True
FBgn0035035,0,0,0.6579085,0.3420915,0.6579085,True
FBgn0035036,0,0,0.5774471,0.42255288,0.5774471,True
FBgn0035040,0,0,0.5554084,0.44459158,0.5554084,True
FBgn0035042,0,0,0.64869046,0.35130954,0.64869046,True
FBgn0035044,0,0,0.617919,0.38208097,0.617919,True
FBgn0035047,0,0,0.61257416,0.38742584,0.61257416,True
FBgn0035050,0,0,0.75559384,0.24440616,0.75559384,True
FBgn0035056,0,0,0.6309852,0.3690148,0.6309852,True
FBgn0035057,0,0,0.666384,0.33361602,0.666384,True
FBgn0035059,0,0,0.6252169,0.3747831,0.6252169,True
FBgn0035063,0,0,0.7358275,0.2641725,0.7358275,True
FBgn0035065,0,0,0.67402726,0.32597274,0.67402726,True
FBgn0035068,0,0,0.7155168,0.2844832,0.7155168,True
FBgn0035069,0,0,0.7741928,0.22580719,0.7741928,True
FBgn0035070,0,0,0.73256636,0.26743364,0.73256636,True
FBgn0035073,0,0,0.64990246,0.35009754,0.64990246,True
FBgn0035076,0,0,0.660049,0.33995098,0.660049,True
FBgn0035078,0,0,0.637225,0.36277503,0.637225,True
FBgn0035082,0,0,0.74645877,0.25354123,0.74645877,True
FBgn0035083,0,0,0.6682648,0.3317352,0.6682648,True
FBgn0035084,0,0,0.67555016,0.32444984,0.67555016,True
FBgn0035085,0,0,0.6854295,0.3145705,0.6854295,True
FBgn0035087,0,0,0.68190795,0.31809205,0.68190795,True
FBgn0035089,0,0,0.579073,0.420927,0.579073,True
FBgn0035090,0,0,0.64638716,0.35361284,0.64638716,True
FBgn0035091,0,0,0.6376146,0.3623854,0.6376146,True
FBgn0035092,0,0,0.64738345,0.35261655,0.64738345,True
FBgn0035094,0,0,0.6223792,0.37762082,0.6223792,True
FBgn0035101,0,0,0.6429652,0.3570348,0.6429652,True
FBgn0035102,0,0,0.57257426,0.42742574,0.57257426,True
FBgn0035103,0,0,0.6562338,0.3437662,0.6562338,True
FBgn0035104,0,0,0.5405946,0.45940542,0.5405946,True
FBgn0035107,0,0,0.6872013,0.31279868,0.6872013,True
FBgn0035109,0,0,0.6322297,0.3677703,0.6322297,True
FBgn0035110,0,0,0.6867238,0.31327617,0.6867238,True
FBgn0035111,0,0,0.6157582,0.38424182,0.6157582,True
FBgn0035113,0,0,0.67074007,0.32925993,0.67074007,True
FBgn0035120,0,0,0.57129675,0.42870325,0.57129675,True
FBgn0035121,0,0,0.59854645,0.40145355,0.59854645,True
FBgn0035124,0,0,0.62115425,0.37884575,0.62115425,True
FBgn0035131,0,0,0.6280744,0.3719256,0.6280744,True
FBgn0035132,0,0,0.619333,0.38066697,0.619333,True
FBgn0035134,0,0,0.6187296,0.3812704,0.6187296,True
FBgn0035138,0,0,0.6040579,0.3959421,0.6040579,True
FBgn0035139,0,0,0.60664445,0.39335555,0.60664445,True
FBgn0035140,0,0,0.72513825,0.27486175,0.72513825,True
FBgn0035143,0,0,0.7139914,0.2860086,0.7139914,True
FBgn0035144,0,0,0.6628501,0.33714992,0.6628501,True
FBgn0035149,0,0,0.6754906,0.32450938,0.6754906,True
FBgn0035150,0,0,0.6522287,0.3477713,0.6522287,True
FBgn0035151,0,0,0.6205138,0.3794862,0.6205138,True
FBgn0035152,0,0,0.65909505,0.34090495,0.65909505,True
FBgn0035153,0,0,0.63879776,0.36120224,0.63879776,True
FBgn0035154,0,0,0.8269262,0.17307383,0.8269262,True
FBgn0035157,0,0,0.6598356,0.34016442,0.6598356,True
FBgn0035158,0,0,0.65534323,0.34465677,0.65534323,True
FBgn0035159,0,0,0.6468566,0.3531434,0.6468566,True
FBgn0035161,0,0,0.59418064,0.40581936,0.59418064,True
FBgn0035164,0,0,0.6448683,0.3551317,0.6448683,True
FBgn0035165,0,0,0.8348922,0.16510779,0.8348922,True
FBgn0035166,0,0,0.63193524,0.36806476,0.63193524,True
FBgn0035169,0,0,0.5980349,0.40196508,0.5980349,True
FBgn0035170,0,0,0.636429,0.363571,0.636429,True
FBgn0035171,0,0,0.69132304,0.30867696,0.69132304,True
FBgn0035176,0,0,0.7845657,0.21543431,0.7845657,True
FBgn0035179,0,0,0.7164332,0.28356677,0.7164332,True
FBgn0035181,0,0,0.69478375,0.30521625,0.69478375,True
FBgn0035189,0,0,0.82161766,0.17838234,0.82161766,True
FBgn0035193,0,0,0.68138385,0.31861615,0.68138385,True
FBgn0035203,0,0,0.71659064,0.28340936,0.71659064,True
FBgn0035204,0,0,0.6323174,0.36768258,0.6323174,True
FBgn0035206,0,0,0.65511054,0.34488946,0.65511054,True
FBgn0035207,0,0,0.6627314,0.3372686,0.6627314,True
FBgn0035209,0,0,0.64210445,0.35789555,0.64210445,True
FBgn0035210,0,0,0.6944666,0.3055334,0.6944666,True
FBgn0035211,0,0,0.65807164,0.34192836,0.65807164,True
FBgn0035213,0,0,0.60536534,0.39463466,0.60536534,True
FBgn0035216,0,0,0.54481786,0.45518214,0.54481786,True
FBgn0035228,0,0,0.8737786,0.12622142,0.8737786,True
FBgn0035232,0,0,0.6058732,0.39412677,0.6058732,True
FBgn0035234,0,0,0.6058503,0.39414972,0.6058503,True
FBgn0035235,0,0,0.60360795,0.39639205,0.60360795,True
FBgn0035236,0,0,0.62906015,0.37093985,0.62906015,True
FBgn0035238,0,0,0.63797724,0.36202276,0.63797724,True
FBgn0035241,0,0,0.67956924,0.32043076,0.67956924,True
FBgn0035243,0,0,0.67076445,0.32923555,0.67076445,True
FBgn0035244,0,0,0.7025137,0.2974863,0.7025137,True
FBgn0035245,0,0,0.73680484,0.26319516,0.73680484,True
FBgn0035246,0,0,0.88783,0.11216998,0.88783,True
FBgn0035247,0,0,0.60584605,0.39415395,0.60584605,True
FBgn0035248,0,0,0.6323744,0.3676256,0.6323744,True
FBgn0035252,0,0,0.7093949,0.29060513,0.7093949,True
FBgn0035254,0,0,0.6850501,0.31494993,0.6850501,True
FBgn0035256,0,0,0.63883024,0.36116976,0.63883024,True
FBgn0035257,0,0,0.63969123,0.36030877,0.63969123,True
FBgn0035258,0,0,0.6889002,0.31109983,0.6889002,True
FBgn0035260,0,0,0.64663935,0.35336065,0.64663935,True
FBgn0035262,0,0,0.62108225,0.37891775,0.62108225,True
FBgn0035265,0,0,0.5688571,0.43114293,0.5688571,True
FBgn0035267,0,0,0.76711315,0.23288685,0.76711315,True
FBgn0035268,0,0,0.6013857,0.3986143,0.6013857,True
FBgn0035270,0,0,0.6504484,0.34955162,0.6504484,True
FBgn0035273,0,0,0.67967284,0.32032716,0.67967284,True
FBgn0035279,0,0,0.6059099,0.39409012,0.6059099,True
FBgn0035280,0,0,0.748152,0.25184798,0.748152,True
FBgn0035281,0,0,0.72262424,0.27737576,0.72262424,True
FBgn0035283,0,0,0.7326948,0.2673052,0.7326948,True
FBgn0035285,0,0,0.84830457,0.15169543,0.84830457,True
FBgn0035286,0,0,0.68580073,0.31419927,0.68580073,True
FBgn0035287,0,0,0.7397641,0.2602359,0.7397641,True
FBgn0035295,0,0,0.619681,0.380319,0.619681,True
FBgn0035298,0,0,0.6949542,0.30504578,0.6949542,True
FBgn0035299,0,0,0.83087915,0.16912085,0.83087915,True
FBgn0035300,0,0,0.61908704,0.38091296,0.61908704,True
FBgn0035309,0,0,0.5896621,0.41033792,0.5896621,True
FBgn0035312,0,0,0.6621114,0.3378886,0.6621114,True
FBgn0035316,0,0,0.7780787,0.22192132,0.7780787,True
FBgn0035317,0,0,0.6324528,0.3675472,0.6324528,True
FBgn0035321,0,0,0.70253044,0.29746956,0.70253044,True
FBgn0035323,0,0,0.77618855,0.22381145,0.77618855,True
FBgn0035325,0,0,0.86625904,0.13374096,0.86625904,True
FBgn0035328,0,0,0.63714474,0.36285526,0.63714474,True
FBgn0035332,0,0,0.62787294,0.37212706,0.62787294,True
FBgn0035333,0,0,0.62062436,0.37937564,0.62062436,True
FBgn0035334,0,0,0.52787626,0.47212374,0.52787626,True
FBgn0035337,0,0,0.7918819,0.20811808,0.7918819,True
FBgn0035343,0,0,0.62465984,0.37534016,0.62465984,True
FBgn0035344,0,0,0.63731825,0.36268175,0.63731825,True
FBgn0035346,0,0,0.625824,0.37417603,0.625824,True
FBgn0035348,0,0,0.6965466,0.3034534,0.6965466,True
FBgn0035355,0,0,0.526417,0.47358298,0.526417,True
FBgn0035356,0,0,0.521889,0.47811103,0.521889,True
FBgn0035371,0,0,0.711738,0.288262,0.711738,True
FBgn0035379,0,0,0.64863056,0.35136944,0.64863056,True
FBgn0035380,0,0,0.6863337,0.31366628,0.6863337,True
FBgn0035382,0,0,0.67783946,0.32216054,0.67783946,True
FBgn0035385,0,0,0.5837997,0.41620028,0.5837997,True
FBgn0035390,0,0,0.7817064,0.2182936,0.7817064,True
FBgn0035392,0,0,0.6460823,0.35391772,0.6460823,True
FBgn0035397,0,0,0.6065842,0.3934158,0.6065842,True
FBgn0035400,0,0,0.6265115,0.3734885,0.6265115,True
FBgn0035409,0,0,0.67121065,0.32878935,0.67121065,True
FBgn0035412,0,0,0.5118573,0.48814273,0.5118573,True
FBgn0035413,0,0,0.51479125,0.48520875,0.51479125,True
FBgn0035414,0,0,0.65750057,0.34249943,0.65750057,True
FBgn0035415,0,0,0.6885888,0.3114112,0.6885888,True
FBgn0035423,0,0,0.54788476,0.45211524,0.54788476,True
FBgn0035424,0,0,0.62061304,0.37938696,0.62061304,True
FBgn0035426,0,0,0.635193,0.364807,0.635193,True
FBgn0035427,0,0,0.49526775,0.50473225,0.50473225,True
FBgn0035428,0,0,0.63013345,0.36986655,0.63013345,True
FBgn0035429,0,0,0.5468418,0.4531582,0.5468418,True
FBgn0035430,0,0,0.6378539,0.36214608,0.6378539,True
FBgn0035431,0,0,0.7158332,0.2841668,0.7158332,True
FBgn0035432,0,0,0.66500556,0.33499444,0.66500556,True
FBgn0035434,0,0,0.56254846,0.43745154,0.56254846,True
FBgn0035436,0,0,0.840341,0.15965903,0.840341,True
FBgn0035440,0,0,0.5451843,0.4548157,0.5451843,True
FBgn0035444,0,0,0.71837515,0.28162485,0.71837515,True
FBgn0035445,0,0,0.54426676,0.45573324,0.54426676,True
FBgn0035449,0,0,0.71129996,0.28870004,0.71129996,True
FBgn0035452,0,0,0.6337316,0.3662684,0.6337316,True
FBgn0035453,0,0,0.60868996,0.39131004,0.60868996,True
FBgn0035455,0,0,0.6215103,0.37848967,0.6215103,True
FBgn0035461,0,0,0.5711768,0.42882317,0.5711768,True
FBgn0035462,0,0,0.5744421,0.4255579,0.5744421,True
FBgn0035469,0,0,0.54860497,0.45139503,0.54860497,True
FBgn0035470,0,0,0.61121225,0.38878775,0.61121225,True
FBgn0035476,0,0,0.6139692,0.3860308,0.6139692,True
FBgn0035477,0,0,0.6514027,0.3485973,0.6514027,True
FBgn0035479,0,0,0.5781355,0.4218645,0.5781355,True
FBgn0035480,0,0,0.8092572,0.19074279,0.8092572,True
FBgn0035481,0,0,0.86916584,0.13083416,0.86916584,True
FBgn0035482,0,0,0.7414926,0.25850737,0.7414926,True
FBgn0035483,0,0,0.7461942,0.25380582,0.7461942,True
FBgn0035484,0,0,0.735713,0.264287,0.735713,True
FBgn0035486,0,0,0.6057481,0.39425188,0.6057481,True
FBgn0035490,0,0,0.6375604,0.36243957,0.6375604,True
FBgn0035491,0,0,0.74753547,0.25246453,0.74753547,True
FBgn0035495,0,0,0.6725808,0.32741922,0.6725808,True
FBgn0035496,0,0,0.6521322,0.3478678,0.6521322,True
FBgn0035497,0,0,0.5878096,0.41219038,0.5878096,True
FBgn0035501,0,0,0.6342615,0.3657385,0.6342615,True
FBgn0035504,0,0,0.68264306,0.31735694,0.68264306,True
FBgn0035505,0,0,0.7321246,0.26787537,0.7321246,True
FBgn0035510,0,0,0.89289546,0.10710454,0.89289546,True
FBgn0035515,0,0,0.6745774,0.32542259,0.6745774,True
FBgn0035518,0,0,0.5796343,0.4203657,0.5796343,True
FBgn0035519,0,0,0.64737505,0.35262495,0.64737505,True
FBgn0035522,0,0,0.6337842,0.36621583,0.6337842,True
FBgn0035523,0,0,0.54555297,0.45444703,0.54555297,True
FBgn0035528,0,0,0.6224803,0.37751973,0.6224803,True
FBgn0035532,0,0,0.74700963,0.25299037,0.74700963,True
FBgn0035537,0,0,0.5627206,0.4372794,0.5627206,True
FBgn0035540,0,0,0.6091187,0.3908813,0.6091187,True
FBgn0035541,0,0,0.6212178,0.3787822,0.6212178,True
FBgn0035543,0,0,0.56037194,0.43962806,0.56037194,True
FBgn0035544,0,0,0.6512241,0.34877592,0.6512241,True
FBgn0035545,0,0,0.59141916,0.40858084,0.59141916,True
FBgn0035547,0,0,0.61357343,0.38642657,0.61357343,True
FBgn0035548,0,0,0.53710234,0.46289766,0.53710234,True
FBgn0035550,0,0,0.60081047,0.39918953,0.60081047,True
FBgn0035551,0,0,0.9430692,0.05693078,0.9430692,True
FBgn0035553,0,0,0.63058984,0.36941016,0.63058984,True
FBgn0035555,0,0,0.53870827,0.46129173,0.53870827,True
FBgn0035557,0,0,0.6471653,0.3528347,0.6471653,True
FBgn0035563,0,0,0.54108995,0.45891005,0.54108995,True
FBgn0035567,0,0,0.6757874,0.3242126,0.6757874,True
FBgn0035568,0,0,0.67470104,0.32529896,0.67470104,True
FBgn0035569,0,0,0.83080465,0.16919535,0.83080465,True
FBgn0035570,0,0,0.722227,0.27777302,0.722227,True
FBgn0035571,0,0,0.59632087,0.40367913,0.59632087,True
FBgn0035572,0,0,0.66066897,0.33933103,0.66066897,True
FBgn0035575,0,0,0.72202885,0.27797115,0.72202885,True
FBgn0035577,0,0,0.62091863,0.37908137,0.62091863,True
FBgn0035578,0,0,0.65241057,0.34758943,0.65241057,True
FBgn0035581,0,0,0.6602556,0.3397444,0.6602556,True
FBgn0035582,0,0,0.8576972,0.14230281,0.8576972,True
FBgn0035583,0,0,0.5120993,0.48790067,0.5120993,True
FBgn0035584,0,0,0.5699134,0.4300866,0.5699134,True
FBgn0035586,0,0,0.7357896,0.2642104,0.7357896,True
FBgn0035587,0,0,0.8241723,0.17582768,0.8241723,True
FBgn0035588,0,0,0.70446515,0.29553485,0.70446515,True
FBgn0035589,0,0,0.5897585,0.41024148,0.5897585,True
FBgn0035592,0,0,0.59193426,0.40806574,0.59193426,True
FBgn0035593,0,0,0.7335773,0.2664227,0.7335773,True
FBgn0035598,0,0,0.62320244,0.37679756,0.62320244,True
FBgn0035603,0,0,0.74734557,0.25265443,0.74734557,True
FBgn0035604,0,0,0.6316558,0.3683442,0.6316558,True
FBgn0035607,0,0,0.57884026,0.42115974,0.57884026,True
FBgn0035610,0,0,0.67767245,0.32232755,0.67767245,True
FBgn0035611,0,0,0.5820804,0.41791958,0.5820804,True
FBgn0035612,0,0,0.5778636,0.42213643,0.5778636,True
FBgn0035619,0,0,0.73459744,0.26540256,0.73459744,True
FBgn0035622,0,0,0.7074109,0.29258913,0.7074109,True
FBgn0035623,0,0,0.589737,0.410263,0.589737,True
FBgn0035624,0,0,0.6557047,0.34429532,0.6557047,True
FBgn0035630,0,0,0.710279,0.289721,0.710279,True
FBgn0035631,0,0,0.7277574,0.2722426,0.7277574,True
FBgn0035642,0,0,0.5862192,0.4137808,0.5862192,True
FBgn0035647,0,0,0.62839586,0.37160414,0.62839586,True
FBgn0035648,0,0,0.67638856,0.32361144,0.67638856,True
FBgn0035657,0,0,0.56679976,0.43320024,0.56679976,True
FBgn0035661,0,0,0.6100587,0.38994128,0.6100587,True
FBgn0035663,0,0,0.6102278,0.38977218,0.6102278,True
FBgn0035665,0,0,0.6665487,0.33345127,0.6665487,True
FBgn0035666,0,0,0.79201114,0.20798886,0.79201114,True
FBgn0035667,0,0,0.7132239,0.28677613,0.7132239,True
FBgn0035670,0,0,0.6701943,0.32980567,0.6701943,True
FBgn0035673,0,0,0.5579248,0.4420752,0.5579248,True
FBgn0035674,0,0,0.64891034,0.35108966,0.64891034,True
FBgn0035677,0,0,0.6480312,0.35196882,0.6480312,True
FBgn0035678,0,0,0.7129513,0.2870487,0.7129513,True
FBgn0035679,0,0,0.59428513,0.40571487,0.59428513,True
FBgn0035685,0,0,0.71460694,0.28539306,0.71460694,True
FBgn0035686,0,0,0.7105921,0.2894079,0.7105921,True
FBgn0035687,0,0,0.6797844,0.32021558,0.6797844,True
FBgn0035690,0,0,0.6807867,0.31921327,0.6807867,True
FBgn0035693,0,0,0.6031545,0.39684552,0.6031545,True
FBgn0035694,0,0,0.63542205,0.36457795,0.63542205,True
FBgn0035696,0,0,0.6278883,0.37211168,0.6278883,True
FBgn0035697,0,0,0.6033657,0.39663428,0.6033657,True
FBgn0035702,0,0,0.57968354,0.42031646,0.57968354,True
FBgn0035703,0,0,0.6310749,0.3689251,0.6310749,True
FBgn0035704,0,0,0.6298669,0.3701331,0.6298669,True
FBgn0035710,0,0,0.59249187,0.40750813,0.59249187,True
FBgn0035711,0,0,0.70067835,0.29932165,0.70067835,True
FBgn0035714,0,0,0.5611942,0.43880582,0.5611942,True
FBgn0035715,0,0,0.6935047,0.3064953,0.6935047,True
FBgn0035719,0,0,0.7078669,0.2921331,0.7078669,True
FBgn0035720,0,0,0.68670297,0.31329703,0.68670297,True
FBgn0035721,0,0,0.9079935,0.092006505,0.9079935,True
FBgn0035724,0,0,0.6128385,0.3871615,0.6128385,True
FBgn0035726,0,0,0.66186064,0.33813936,0.66186064,True
FBgn0035727,0,0,0.63970894,0.36029106,0.63970894,True
FBgn0035733,0,0,0.69386715,0.30613285,0.69386715,True
FBgn0035735,0,0,0.8678742,0.1321258,0.8678742,True
FBgn0035741,0,0,0.75425404,0.24574596,0.75425404,True
FBgn0035742,0,0,0.71649724,0.28350276,0.71649724,True
FBgn0035751,0,0,0.63706857,0.36293143,0.63706857,True
FBgn0035754,0,0,0.69834346,0.30165654,0.69834346,True
FBgn0035755,0,0,0.7273885,0.2726115,0.7273885,True
FBgn0035756,0,0,0.68982106,0.31017894,0.68982106,True
FBgn0035760,0,0,0.5943674,0.40563262,0.5943674,True
FBgn0035761,0,0,0.6942123,0.30578768,0.6942123,True
FBgn0035766,0,0,0.6108495,0.3891505,0.6108495,True
FBgn0035767,0,0,0.6919153,0.30808473,0.6919153,True
FBgn0035768,0,0,0.67687625,0.32312375,0.67687625,True
FBgn0035771,0,0,0.63561404,0.36438596,0.63561404,True
FBgn0035779,0,0,0.64343405,0.35656595,0.64343405,True
FBgn0035780,0,0,0.61240023,0.38759977,0.61240023,True
FBgn0035781,0,0,0.8291031,0.17089689,0.8291031,True
FBgn0035787,0,0,0.62305015,0.37694985,0.62305015,True
FBgn0035788,0,0,0.5469539,0.45304608,0.5469539,True
FBgn0035789,0,0,0.4939804,0.5060196,0.5060196,True
FBgn0035790,0,0,0.6116002,0.38839978,0.6116002,True
FBgn0035792,0,0,0.560626,0.43937403,0.560626,True
FBgn0035795,0,0,0.5335159,0.46648413,0.5335159,True
FBgn0035797,0,0,0.6220752,0.3779248,0.6220752,True
FBgn0035798,0,0,0.5988235,0.4011765,0.5988235,True
FBgn0035799,0,0,0.6741981,0.3258019,0.6741981,True
FBgn0035800,0,0,0.6232623,0.3767377,0.6232623,True
FBgn0035802,0,0,0.6895941,0.3104059,0.6895941,True
FBgn0035806,0,0,0.65992004,0.34007996,0.65992004,True
FBgn0035807,0,0,0.6232372,0.3767628,0.6232372,True
FBgn0035811,0,0,0.68509257,0.31490743,0.68509257,True
FBgn0035812,0,0,0.6484706,0.35152942,0.6484706,True
FBgn0035813,0,0,0.58672047,0.41327953,0.58672047,True
FBgn0035815,0,0,0.55107826,0.44892174,0.55107826,True
FBgn0035816,0,0,0.69161755,0.30838245,0.69161755,True
FBgn0035817,0,0,0.677789,0.32221103,0.677789,True
FBgn0035823,0,0,0.5565539,0.4434461,0.5565539,True
FBgn0035824,0,0,0.69137204,0.30862796,0.69137204,True
FBgn0035825,0,0,0.68794,0.31206,0.68794,True
FBgn0035827,0,0,0.49029264,0.50970733,0.50970733,True
FBgn0035829,0,0,0.6460312,0.3539688,0.6460312,True
FBgn0035830,0,0,0.87210417,0.12789583,0.87210417,True
FBgn0035831,0,0,0.7098722,0.2901278,0.7098722,True
FBgn0035833,0,0,0.65843993,0.34156007,0.65843993,True
FBgn0035839,0,0,0.63402295,0.36597705,0.63402295,True
FBgn0035842,0,0,0.61363107,0.38636893,0.61363107,True
FBgn0035847,0,0,0.524557,0.475443,0.524557,True
FBgn0035854,0,0,0.63843197,0.36156803,0.63843197,True
FBgn0035855,0,0,0.6217843,0.37821567,0.6217843,True
FBgn0035856,0,0,0.6305495,0.3694505,0.6305495,True
FBgn0035857,0,0,0.6438547,0.35614532,0.6438547,True
FBgn0035858,0,0,0.61825156,0.38174844,0.61825156,True
FBgn0035859,0,0,0.50724965,0.49275035,0.50724965,True
FBgn0035861,0,0,0.68205166,0.31794834,0.68205166,True
FBgn0035865,0,0,0.6545367,0.34546328,0.6545367,True
FBgn0035866,0,0,0.72863716,0.27136284,0.72863716,True
FBgn0035867,0,0,0.6308624,0.3691376,0.6308624,True
FBgn0035868,0,0,0.61768204,0.38231796,0.61768204,True
FBgn0035870,0,0,0.6236768,0.37632322,0.6236768,True
FBgn0035871,0,0,0.6204818,0.3795182,0.6204818,True
FBgn0035873,0,0,0.69105875,0.30894125,0.69105875,True
FBgn0035875,0,0,0.9061765,0.09382349,0.9061765,True
FBgn0035876,0,0,0.6007848,0.39921522,0.6007848,True
FBgn0035877,0,0,0.6328494,0.3671506,0.6328494,True
FBgn0035878,0,0,0.66101485,0.33898515,0.66101485,True
FBgn0035879,0,0,0.61884844,0.38115156,0.61884844,True
FBgn0035880,0,0,0.62286216,0.37713784,0.62286216,True
FBgn0035886,0,0,0.93277085,0.06722915,0.93277085,True
FBgn0035887,0,0,0.9264278,0.07357222,0.9264278,True
FBgn0035890,0,0,0.64237314,0.35762686,0.64237314,True
FBgn0035896,0,0,0.5767521,0.42324787,0.5767521,True
FBgn0035902,0,0,0.5503252,0.4496748,0.5503252,True
FBgn0035903,0,0,0.75278646,0.24721354,0.75278646,True
FBgn0035904,0,0,0.82934475,0.17065525,0.82934475,True
FBgn0035906,0,0,0.7439656,0.25603437,0.7439656,True
FBgn0035907,0,0,0.61572874,0.38427126,0.61572874,True
FBgn0035914,0,0,0.6462919,0.3537081,0.6462919,True
FBgn0035915,0,0,0.7137916,0.2862084,0.7137916,True
FBgn0035916,0,0,0.61797357,0.38202643,0.61797357,True
FBgn0035921,0,0,0.6536499,0.34635007,0.6536499,True
FBgn0035922,0,0,0.74067134,0.25932866,0.74067134,True
FBgn0035924,0,0,0.661228,0.338772,0.661228,True
FBgn0035926,0,0,0.79393494,0.20606506,0.79393494,True
FBgn0035928,0,0,0.6290364,0.37096357,0.6290364,True
FBgn0035929,0,0,0.49572486,0.50427514,0.50427514,True
FBgn0035931,0,0,0.6017698,0.3982302,0.6017698,True
FBgn0035932,0,0,0.4861238,0.5138762,0.5138762,True
FBgn0035933,0,0,0.57874304,0.42125696,0.57874304,True
FBgn0035934,0,0,0.6307219,0.36927807,0.6307219,True
FBgn0035941,0,0,0.68131244,0.31868756,0.68131244,True
FBgn0035943,0,0,0.60966146,0.39033854,0.60966146,True
FBgn0035944,0,0,0.8030934,0.19690663,0.8030934,True
FBgn0035945,0,0,0.6332643,0.3667357,0.6332643,True
FBgn0035948,0,0,0.6508994,0.3491006,0.6508994,True
FBgn0035949,0,0,0.9137723,0.086227715,0.9137723,True
FBgn0035951,0,0,0.64816606,0.35183394,0.64816606,True
FBgn0035952,0,0,0.8448627,0.1551373,0.8448627,True
FBgn0035953,0,0,0.66719276,0.33280724,0.66719276,True
FBgn0035954,0,0,0.6970031,0.30299687,0.6970031,True
FBgn0035957,0,0,0.6350757,0.3649243,0.6350757,True
FBgn0035959,0,0,0.6236865,0.3763135,0.6236865,True
FBgn0035960,0,0,0.54860586,0.45139414,0.54860586,True
FBgn0035969,0,0,0.6393657,0.36063433,0.6393657,True
FBgn0035970,0,0,0.53396714,0.46603286,0.53396714,True
FBgn0035971,0,0,0.66353273,0.33646727,0.66353273,True
FBgn0035978,0,0,0.7430227,0.25697732,0.7430227,True
FBgn0035980,0,0,0.64354616,0.35645384,0.64354616,True
FBgn0035981,0,0,0.64510727,0.35489273,0.64510727,True
FBgn0035982,0,0,0.8392923,0.16070771,0.8392923,True
FBgn0035983,0,0,0.63072675,0.36927325,0.63072675,True
FBgn0035985,0,0,0.74001837,0.25998163,0.74001837,True
FBgn0035989,0,0,0.6187093,0.38129067,0.6187093,True
FBgn0035995,0,0,0.8181613,0.18183869,0.8181613,True
FBgn0035996,0,0,0.55972576,0.44027424,0.55972576,True
FBgn0035998,0,0,0.5868426,0.4131574,0.5868426,True
FBgn0035999,0,0,0.57382786,0.42617214,0.57382786,True
FBgn0036005,0,0,0.65061057,0.34938943,0.65061057,True
FBgn0036007,0,0,0.6794521,0.32054788,0.6794521,True
FBgn0036008,0,0,0.7346849,0.26531512,0.7346849,True
FBgn0036009,0,0,0.6372687,0.36273128,0.6372687,True
FBgn0036010,0,0,0.61047757,0.38952243,0.61047757,True
FBgn0036014,0,0,0.6412057,0.35879427,0.6412057,True
FBgn0036016,0,0,0.6202889,0.3797111,0.6202889,True
FBgn0036019,0,0,0.6033399,0.3966601,0.6033399,True
FBgn0036020,0,0,0.6274751,0.37252492,0.6274751,True
FBgn0036023,0,0,0.7048632,0.2951368,0.7048632,True
FBgn0036024,0,0,0.76392984,0.23607016,0.76392984,True
FBgn0036028,0,0,0.74141604,0.25858396,0.74141604,True
FBgn0036029,0,0,0.6021182,0.3978818,0.6021182,True
FBgn0036030,0,0,0.6918662,0.30813378,0.6918662,True
FBgn0036035,0,0,0.8898131,0.110186875,0.8898131,True
FBgn0036039,0,0,0.61851937,0.38148063,0.61851937,True
FBgn0036040,0,0,0.675582,0.324418,0.675582,True
FBgn0036044,0,0,0.8319094,0.16809058,0.8319094,True
FBgn0036052,0,0,0.74351245,0.25648755,0.74351245,True
FBgn0036053,0,0,0.6502144,0.34978563,0.6502144,True
FBgn0036056,0,0,0.6081229,0.3918771,0.6081229,True
FBgn0036063,0,0,0.8149983,0.18500167,0.8149983,True
FBgn0036066,0,0,0.6101058,0.3898942,0.6101058,True
FBgn0036070,0,0,0.52732503,0.47267497,0.52732503,True
FBgn0036072,0,0,0.5910449,0.4089551,0.5910449,True
FBgn0036075,0,0,0.582072,0.41792798,0.582072,True
FBgn0036078,0,0,0.5181102,0.48188978,0.5181102,True
FBgn0036083,0,0,0.54164886,0.45835114,0.54164886,True
FBgn0036085,0,0,0.5272776,0.4727224,0.5272776,True
FBgn0036089,0,0,0.48468605,0.515314,0.515314,True
FBgn0036091,0,0,0.62861127,0.37138873,0.62861127,True
FBgn0036093,0,0,0.5792773,0.42072272,0.5792773,True
FBgn0036094,0,0,0.5438823,0.4561177,0.5438823,True
FBgn0036099,0,0,0.7472622,0.25273782,0.7472622,True
FBgn0036101,0,0,0.56307137,0.43692863,0.56307137,True
FBgn0036104,0,0,0.6012407,0.3987593,0.6012407,True
FBgn0036106,0,0,0.73776114,0.26223886,0.73776114,True
FBgn0036110,0,0,0.85050374,0.14949626,0.85050374,True
FBgn0036111,0,0,0.67364925,0.32635075,0.67364925,True
FBgn0036112,0,0,0.5795777,0.42042232,0.5795777,True
FBgn0036116,0,0,0.660175,0.33982497,0.660175,True
FBgn0036117,0,0,0.5423533,0.45764673,0.5423533,True
FBgn0036121,0,0,0.6198046,0.38019538,0.6198046,True
FBgn0036128,0,0,0.56565773,0.43434227,0.56565773,True
FBgn0036131,0,0,0.74077606,0.25922394,0.74077606,True
FBgn0036139,0,0,0.53897136,0.46102864,0.53897136,True
FBgn0036142,0,0,0.6779985,0.32200152,0.6779985,True
FBgn0036143,0,0,0.69737226,0.30262774,0.69737226,True
FBgn0036145,0,0,0.5294128,0.4705872,0.5294128,True
FBgn0036146,0,0,0.7650034,0.23499662,0.7650034,True
FBgn0036147,0,0,0.6387089,0.3612911,0.6387089,True
FBgn0036150,0,0,0.62675875,0.37324125,0.62675875,True
FBgn0036153,0,0,0.6147341,0.3852659,0.6147341,True
FBgn0036155,0,0,0.64859945,0.35140055,0.64859945,True
FBgn0036156,0,0,0.5869332,0.4130668,0.5869332,True
FBgn0036157,0,0,0.6369349,0.36306512,0.6369349,True
FBgn0036158,0,0,0.635156,0.36484402,0.635156,True
FBgn0036159,0,0,0.74704134,0.25295866,0.74704134,True
FBgn0036160,0,0,0.6508068,0.34919322,0.6508068,True
FBgn0036162,0,0,0.80875266,0.19124734,0.80875266,True
FBgn0036165,0,0,0.73254275,0.26745725,0.73254275,True
FBgn0036168,0,0,0.6084058,0.39159417,0.6084058,True
FBgn0036170,0,0,0.6127997,0.3872003,0.6127997,True
FBgn0036179,0,0,0.6962716,0.3037284,0.6962716,True
FBgn0036180,0,0,0.6357835,0.3642165,0.6357835,True
FBgn0036181,0,0,0.56683064,0.43316936,0.56683064,True
FBgn0036183,0,0,0.58134216,0.41865784,0.58134216,True
FBgn0036184,0,0,0.69234085,0.30765915,0.69234085,True
FBgn0036186,0,0,0.64630735,0.35369265,0.64630735,True
FBgn0036191,0,0,0.70206225,0.29793775,0.70206225,True
FBgn0036192,0,0,0.5309729,0.4690271,0.5309729,True
FBgn0036193,0,0,0.5643087,0.4356913,0.5643087,True
FBgn0036194,0,0,0.62646544,0.37353456,0.62646544,True
FBgn0036195,0,0,0.65241194,0.34758806,0.65241194,True
FBgn0036196,0,0,0.7912824,0.20871758,0.7912824,True
FBgn0036198,0,0,0.6744707,0.32552928,0.6744707,True
FBgn0036199,0,0,0.610471,0.389529,0.610471,True
FBgn0036202,0,0,0.8710104,0.12898958,0.8710104,True
FBgn0036203,0,0,0.61473006,0.38526994,0.61473006,True
FBgn0036204,0,0,0.7809996,0.2190004,0.7809996,True
FBgn0036205,0,0,0.6206905,0.37930948,0.6206905,True
FBgn0036207,0,0,0.63804823,0.36195177,0.63804823,True
FBgn0036208,0,0,0.7380176,0.26198238,0.7380176,True
FBgn0036210,0,0,0.5755938,0.42440617,0.5755938,True
FBgn0036211,0,0,0.62968636,0.37031364,0.62968636,True
FBgn0036212,0,0,0.723685,0.27631497,0.723685,True
FBgn0036214,0,0,0.6985299,0.3014701,0.6985299,True
FBgn0036217,0,0,0.6281081,0.37189192,0.6281081,True
FBgn0036219,0,0,0.61066085,0.38933915,0.61066085,True
FBgn0036221,0,0,0.64732105,0.35267895,0.64732105,True
FBgn0036222,0,0,0.6297971,0.3702029,0.6297971,True
FBgn0036225,0,0,0.5714424,0.42855757,0.5714424,True
FBgn0036226,0,0,0.6338067,0.3661933,0.6338067,True
FBgn0036227,0,0,0.539051,0.460949,0.539051,True
FBgn0036228,0,0,0.58199686,0.41800314,0.58199686,True
FBgn0036229,0,0,0.55747277,0.44252723,0.55747277,True
FBgn0036230,0,0,0.50443673,0.49556327,0.50443673,True
FBgn0036232,0,0,0.46736404,0.5326359,0.5326359,True
FBgn0036236,0,0,0.6382441,0.3617559,0.6382441,True
FBgn0036240,0,0,0.62859964,0.37140036,0.62859964,True
FBgn0036242,0,0,0.63613,0.36387002,0.63613,True
FBgn0036249,0,0,0.64596784,0.35403216,0.64596784,True
FBgn0036255,0,0,0.5231733,0.47682673,0.5231733,True
FBgn0036258,0,0,0.7154769,0.28452313,0.7154769,True
FBgn0036260,0,0,0.68952715,0.31047285,0.68952715,True
FBgn0036262,0,0,0.70027786,0.29972214,0.70027786,True
FBgn0036266,0,0,0.59117085,0.40882915,0.59117085,True
FBgn0036272,0,0,0.798343,0.201657,0.798343,True
FBgn0036273,0,0,0.62099034,0.37900966,0.62099034,True
FBgn0036278,0,0,0.68845004,0.31154996,0.68845004,True
FBgn0036279,0,0,0.65478504,0.34521496,0.65478504,True
FBgn0036286,0,0,0.6811849,0.3188151,0.6811849,True
FBgn0036287,0,0,0.65757644,0.34242356,0.65757644,True
FBgn0036288,0,0,0.5802591,0.41974092,0.5802591,True
FBgn0036289,0,0,0.782544,0.21745598,0.782544,True
FBgn0036290,0,0,0.66221446,0.33778554,0.66221446,True
FBgn0036291,0,0,0.6536173,0.34638268,0.6536173,True
FBgn0036292,0,0,0.62901753,0.37098247,0.62901753,True
FBgn0036294,0,0,0.6403593,0.35964072,0.6403593,True
FBgn0036302,0,0,0.6357612,0.3642388,0.6357612,True
FBgn0036306,0,0,0.52830017,0.47169983,0.52830017,True
FBgn0036309,0,0,0.60078514,0.39921486,0.60078514,True
FBgn0036311,0,0,0.6208902,0.3791098,0.6208902,True
FBgn0036316,0,0,0.67099357,0.32900643,0.67099357,True
FBgn0036318,0,0,0.6487726,0.3512274,0.6487726,True
FBgn0036319,0,0,0.72621965,0.27378035,0.72621965,True
FBgn0036321,0,0,0.62155664,0.37844336,0.62155664,True
FBgn0036323,0,0,0.74909294,0.25090706,0.74909294,True
FBgn0036325,0,0,0.6159783,0.3840217,0.6159783,True
FBgn0036327,0,0,0.59015256,0.40984744,0.59015256,True
FBgn0036328,0,0,0.59732664,0.40267336,0.59732664,True
FBgn0036329,0,0,0.6334149,0.36658508,0.6334149,True
FBgn0036331,0,0,0.6944481,0.3055519,0.6944481,True
FBgn0036333,0,0,0.64766395,0.35233605,0.64766395,True
FBgn0036336,0,0,0.62731457,0.37268543,0.62731457,True
FBgn0036337,0,0,0.68713653,0.31286347,0.68713653,True
FBgn0036342,0,0,0.830853,0.16914701,0.830853,True
FBgn0036343,0,0,0.69742924,0.30257076,0.69742924,True
FBgn0036345,0,0,0.60676444,0.39323556,0.60676444,True
FBgn0036350,0,0,0.54670924,0.45329076,0.54670924,True
FBgn0036352,0,0,0.6798575,0.3201425,0.6798575,True
FBgn0036353,0,0,0.6802955,0.31970447,0.6802955,True
FBgn0036354,0,0,0.6511619,0.3488381,0.6511619,True
FBgn0036359,0,0,0.65699875,0.34300125,0.65699875,True
FBgn0036360,0,0,0.7736473,0.22635269,0.7736473,True
FBgn0036361,0,0,0.5713508,0.4286492,0.5713508,True
FBgn0036362,0,0,0.85981816,0.14018184,0.85981816,True
FBgn0036363,0,0,0.52691156,0.47308844,0.52691156,True
FBgn0036364,0,0,0.7258671,0.2741329,0.7258671,True
FBgn0036365,0,0,0.6481094,0.35189062,0.6481094,True
FBgn0036366,0,0,0.72501516,0.27498484,0.72501516,True
FBgn0036367,0,0,0.74245703,0.25754297,0.74245703,True
FBgn0036368,0,0,0.643611,0.356389,0.643611,True
FBgn0036369,0,0,0.6800666,0.3199334,0.6800666,True
FBgn0036372,0,0,0.70445037,0.29554963,0.70445037,True
FBgn0036380,0,0,0.6478205,0.35217953,0.6478205,True
FBgn0036381,0,0,0.651314,0.34868598,0.651314,True
FBgn0036389,0,0,0.59963465,0.40036535,0.59963465,True
FBgn0036393,0,0,0.5961002,0.4038998,0.5961002,True
FBgn0036394,0,0,0.66514313,0.33485687,0.66514313,True
FBgn0036395,0,0,0.66121775,0.33878225,0.66121775,True
FBgn0036403,0,0,0.6572019,0.3427981,0.6572019,True
FBgn0036405,0,0,0.7428847,0.2571153,0.7428847,True
FBgn0036410,0,0,0.5398185,0.46018147,0.5398185,True
FBgn0036411,0,0,0.5865515,0.4134485,0.5865515,True
FBgn0036414,0,0,0.61477417,0.38522583,0.61477417,True
FBgn0036415,0,0,0.49922165,0.5007783,0.5007783,True
FBgn0036416,0,0,0.60798097,0.39201903,0.60798097,True
FBgn0036417,0,0,0.6108683,0.38913172,0.6108683,True
FBgn0036419,0,0,0.41582692,0.5841731,0.5841731,True
FBgn0036421,0,0,0.62876254,0.37123746,0.62876254,True
FBgn0036422,0,0,0.6822185,0.3177815,0.6822185,True
FBgn0036423,0,0,0.71513444,0.28486556,0.71513444,True
FBgn0036426,0,0,0.5400663,0.4599337,0.5400663,True
FBgn0036427,0,0,0.70026445,0.29973555,0.70026445,True
FBgn0036428,0,0,0.6274786,0.3725214,0.6274786,True
FBgn0036433,0,0,0.52280164,0.47719836,0.52280164,True
FBgn0036437,0,0,0.63760257,0.36239743,0.63760257,True
FBgn0036438,0,0,0.68327296,0.31672704,0.68327296,True
FBgn0036439,0,0,0.5847955,0.41520452,0.5847955,True
FBgn0036440,0,0,0.5909023,0.40909767,0.5909023,True
FBgn0036442,0,0,0.5621855,0.43781447,0.5621855,True
FBgn0036443,0,0,0.52958834,0.47041166,0.52958834,True
FBgn0036446,0,0,0.61095536,0.38904464,0.61095536,True
FBgn0036450,0,0,0.6350299,0.3649701,0.6350299,True
FBgn0036454,0,0,0.61827075,0.38172925,0.61827075,True
FBgn0036459,0,0,0.5785542,0.4214458,0.5785542,True
FBgn0036461,0,0,0.65345883,0.34654117,0.65345883,True
FBgn0036463,0,0,0.6235689,0.3764311,0.6235689,True
FBgn0036466,0,0,0.4940919,0.50590813,0.50590813,True
FBgn0036467,0,0,0.7239008,0.2760992,0.7239008,True
FBgn0036468,0,0,0.4660812,0.5339188,0.5339188,True
FBgn0036469,0,0,0.5417604,0.45823961,0.5417604,True
FBgn0036471,0,0,0.55210006,0.44789994,0.55210006,True
FBgn0036479,0,0,0.6115664,0.38843358,0.6115664,True
FBgn0036480,0,0,0.66177374,0.33822626,0.66177374,True
FBgn0036481,0,0,0.6141425,0.38585752,0.6141425,True
FBgn0036482,0,0,0.58173466,0.41826534,0.58173466,True
FBgn0036485,0,0,0.61841846,0.38158154,0.61841846,True
FBgn0036486,0,0,0.62600195,0.37399805,0.62600195,True
FBgn0036488,0,0,0.5058485,0.49415147,0.5058485,True
FBgn0036489,0,0,0.64648396,0.35351604,0.64648396,True
FBgn0036490,0,0,0.58321995,0.41678005,0.58321995,True
FBgn0036491,0,0,0.5588885,0.4411115,0.5588885,True
FBgn0036492,0,0,0.62679416,0.37320584,0.62679416,True
FBgn0036493,0,0,0.61746055,0.38253945,0.61746055,True
FBgn0036494,0,0,0.6233526,0.3766474,0.6233526,True
FBgn0036495,0,0,0.41305417,0.58694583,0.58694583,True
FBgn0036497,0,0,0.5425005,0.4574995,0.5425005,True
FBgn0036498,0,0,0.5823525,0.41764748,0.5823525,True
FBgn0036501,0,0,0.7665986,0.23340142,0.7665986,True
FBgn0036503,0,0,0.62408143,0.37591857,0.62408143,True
FBgn0036505,0,0,0.544007,0.455993,0.544007,True
FBgn0036509,0,0,0.5513163,0.44868368,0.5513163,True
FBgn0036512,0,0,0.66532564,0.33467436,0.66532564,True
FBgn0036520,0,0,0.66175735,0.33824265,0.66175735,True
FBgn0036522,0,0,0.73421746,0.26578254,0.73421746,True
FBgn0036527,0,0,0.64801484,0.35198516,0.64801484,True
FBgn0036528,0,0,0.54876894,0.45123106,0.54876894,True
FBgn0036532,0,0,0.91614485,0.08385515,0.91614485,True
FBgn0036536,0,0,0.5729517,0.42704833,0.5729517,True
FBgn0036538,0,0,0.6446697,0.3553303,0.6446697,True
FBgn0036547,0,0,0.6626538,0.3373462,0.6626538,True
FBgn0036549,0,0,0.61593974,0.38406026,0.61593974,True
FBgn0036552,0,0,0.6232364,0.37676358,0.6232364,True
FBgn0036560,0,0,0.6770633,0.3229367,0.6770633,True
FBgn0036563,0,0,0.609962,0.390038,0.609962,True
FBgn0036565,0,0,0.6101824,0.3898176,0.6101824,True
FBgn0036566,0,0,0.6315638,0.36843622,0.6315638,True
FBgn0036567,0,0,0.6285447,0.3714553,0.6285447,True
FBgn0036568,0,0,0.6579654,0.34203458,0.6579654,True
FBgn0036574,0,0,0.59236205,0.40763795,0.59236205,True
FBgn0036575,0,0,0.590947,0.40905303,0.590947,True
FBgn0036576,0,0,0.6615281,0.3384719,0.6615281,True
FBgn0036579,0,0,0.63046837,0.36953163,0.63046837,True
FBgn0036580,0,0,0.66862386,0.33137614,0.66862386,True
FBgn0036583,0,0,0.7087267,0.2912733,0.7087267,True
FBgn0036585,0,0,0.665447,0.334553,0.665447,True
FBgn0036586,0,0,0.5097385,0.4902615,0.5097385,True
FBgn0036587,0,0,0.6098326,0.39016742,0.6098326,True
FBgn0036589,0,0,0.66676766,0.33323234,0.66676766,True
FBgn0036591,0,0,0.53013146,0.46986854,0.53013146,True
FBgn0036592,0,0,0.6485704,0.35142958,0.6485704,True
FBgn0036593,0,0,0.63153154,0.36846846,0.63153154,True
FBgn0036595,0,0,0.80223286,0.19776714,0.80223286,True
FBgn0036597,0,0,0.46466875,0.53533125,0.53533125,True
FBgn0036599,0,0,0.75309664,0.24690336,0.75309664,True
FBgn0036600,0,0,0.5898483,0.41015172,0.5898483,True
FBgn0036601,0,0,0.52218556,0.47781444,0.52218556,True
FBgn0036602,0,0,0.5304266,0.46957338,0.5304266,True
FBgn0036603,0,0,0.45531002,0.54469,0.54469,True
FBgn0036607,0,0,0.59566677,0.40433323,0.59566677,True
FBgn0036608,0,0,0.64181453,0.35818547,0.64181453,True
FBgn0036609,0,0,0.6033292,0.39667082,0.6033292,True
FBgn0036610,0,0,0.6147702,0.38522983,0.6147702,True
FBgn0036614,0,0,0.65821797,0.34178203,0.65821797,True
FBgn0036617,0,0,0.64403397,0.35596603,0.64403397,True
FBgn0036618,0,0,0.6937366,0.3062634,0.6937366,True
FBgn0036620,0,0,0.49910504,0.50089496,0.50089496,True
FBgn0036621,0,0,0.6084913,0.3915087,0.6084913,True
FBgn0036622,0,0,0.8504285,0.14957148,0.8504285,True
FBgn0036623,0,0,0.7165263,0.28347367,0.7165263,True
FBgn0036624,0,0,0.6689108,0.3310892,0.6689108,True
FBgn0036627,0,0,0.66626126,0.33373874,0.66626126,True
FBgn0036638,0,0,0.89118135,0.10881865,0.89118135,True
FBgn0036639,0,0,0.8192305,0.1807695,0.8192305,True
FBgn0036648,0,0,0.6313734,0.3686266,0.6313734,True
FBgn0036652,0,0,0.71465623,0.28534377,0.71465623,True
FBgn0036655,0,0,0.5625689,0.4374311,0.5625689,True
FBgn0036656,0,0,0.60284096,0.39715904,0.60284096,True
FBgn0036659,0,0,0.63234836,0.36765164,0.63234836,True
FBgn0036660,0,0,0.62614805,0.37385195,0.62614805,True
FBgn0036661,0,0,0.5564505,0.4435495,0.5564505,True
FBgn0036663,0,0,0.63978803,0.36021197,0.63978803,True
FBgn0036665,0,0,0.6592042,0.34079581,0.6592042,True
FBgn0036671,0,0,0.8396465,0.16035348,0.8396465,True
FBgn0036676,0,0,0.65755296,0.34244704,0.65755296,True
FBgn0036677,0,0,0.9127354,0.0872646,0.9127354,True
FBgn0036678,0,0,0.6195168,0.3804832,0.6195168,True
FBgn0036679,0,0,0.5242745,0.47572547,0.5242745,True
FBgn0036680,0,0,0.63682294,0.36317706,0.63682294,True
FBgn0036681,0,0,0.66505396,0.33494604,0.66505396,True
FBgn0036685,0,0,0.746265,0.253735,0.746265,True
FBgn0036687,0,0,0.6482482,0.3517518,0.6482482,True
FBgn0036688,0,0,0.6885237,0.3114763,0.6885237,True
FBgn0036689,0,0,0.61360353,0.38639647,0.61360353,True
FBgn0036691,0,0,0.7081351,0.29186487,0.7081351,True
FBgn0036697,0,0,0.6519037,0.3480963,0.6519037,True
FBgn0036703,0,0,0.60531074,0.39468926,0.60531074,True
FBgn0036704,0,0,0.8020074,0.19799262,0.8020074,True
FBgn0036705,0,0,0.612856,0.38714403,0.612856,True
FBgn0036707,0,0,0.6285661,0.3714339,0.6285661,True
FBgn0036708,0,0,0.76553845,0.23446155,0.76553845,True
FBgn0036709,0,0,0.62365377,0.37634623,0.62365377,True
FBgn0036710,0,0,0.65983075,0.34016925,0.65983075,True
FBgn0036711,0,0,0.6578409,0.3421591,0.6578409,True
FBgn0036713,0,0,0.6002547,0.3997453,0.6002547,True
FBgn0036714,0,0,0.60049033,0.39950967,0.60049033,True
FBgn0036715,0,0,0.6065741,0.39342588,0.6065741,True
FBgn0036716,0,0,0.6493705,0.3506295,0.6493705,True
FBgn0036723,0,0,0.6117061,0.38829392,0.6117061,True
FBgn0036729,0,0,0.896046,0.10395402,0.896046,True
FBgn0036731,0,0,0.69485325,0.30514675,0.69485325,True
FBgn0036735,0,0,0.6445886,0.3554114,0.6445886,True
FBgn0036738,0,0,0.55837035,0.44162965,0.55837035,True
FBgn0036745,0,0,0.52605844,0.47394156,0.52605844,True
FBgn0036747,0,0,0.5962623,0.40373772,0.5962623,True
FBgn0036749,0,0,0.67470264,0.32529736,0.67470264,True
FBgn0036750,0,0,0.5364408,0.4635592,0.5364408,True
FBgn0036752,0,0,0.627422,0.37257802,0.627422,True
FBgn0036756,0,0,0.6433585,0.35664147,0.6433585,True
FBgn0036757,0,0,0.6084215,0.3915785,0.6084215,True
FBgn0036759,0,0,0.7085385,0.29146153,0.7085385,True
FBgn0036760,0,0,0.60064036,0.39935964,0.60064036,True
FBgn0036764,0,0,0.71450466,0.28549534,0.71450466,True
FBgn0036766,0,0,0.612303,0.38769698,0.612303,True
FBgn0036767,0,0,0.63229996,0.36770004,0.63229996,True
FBgn0036768,0,0,0.5612082,0.4387918,0.5612082,True
FBgn0036770,0,0,0.6547892,0.3452108,0.6547892,True
FBgn0036771,0,0,0.6609032,0.33909678,0.6609032,True
FBgn0036773,0,0,0.5957894,0.40421063,0.5957894,True
FBgn0036774,0,0,0.6627148,0.33728522,0.6627148,True
FBgn0036778,0,0,0.6525423,0.3474577,0.6525423,True
FBgn0036780,0,0,0.66429657,0.33570343,0.66429657,True
FBgn0036781,0,0,0.6346091,0.3653909,0.6346091,True
FBgn0036783,0,0,0.4885572,0.5114428,0.5114428,True
FBgn0036784,0,0,0.6035509,0.3964491,0.6035509,True
FBgn0036785,0,0,0.57498145,0.42501855,0.57498145,True
FBgn0036786,0,0,0.62805194,0.37194806,0.62805194,True
FBgn0036789,0,0,0.82842445,0.17157555,0.82842445,True
FBgn0036795,0,0,0.61009717,0.38990283,0.61009717,True
FBgn0036796,0,0,0.6045645,0.3954355,0.6045645,True
FBgn0036807,0,0,0.6516628,0.34833717,0.6516628,True
FBgn0036808,0,0,0.613284,0.386716,0.613284,True
FBgn0036809,0,0,0.6199338,0.38006622,0.6199338,True
FBgn0036810,0,0,0.6165699,0.38343012,0.6165699,True
FBgn0036814,0,0,0.61546504,0.38453496,0.61546504,True
FBgn0036816,0,0,0.66719925,0.33280075,0.66719925,True
FBgn0036817,0,0,0.57510424,0.42489576,0.57510424,True
FBgn0036821,0,0,0.60512125,0.39487875,0.60512125,True
FBgn0036826,0,0,0.7719735,0.22802651,0.7719735,True
FBgn0036830,0,0,0.58841604,0.41158396,0.58841604,True
FBgn0036832,0,0,0.5339499,0.4660501,0.5339499,True
FBgn0036833,0,0,0.74265593,0.25734407,0.74265593,True
FBgn0036834,0,0,0.68679017,0.31320983,0.68679017,True
FBgn0036835,0,0,0.6906792,0.3093208,0.6906792,True
FBgn0036836,0,0,0.594232,0.40576798,0.594232,True
FBgn0036837,0,0,0.687491,0.312509,0.687491,True
FBgn0036843,0,0,0.63346773,0.36653227,0.63346773,True
FBgn0036846,0,0,0.69896424,0.30103576,0.69896424,True
FBgn0036847,0,0,0.80560774,0.19439226,0.80560774,True
FBgn0036849,0,0,0.7414304,0.2585696,0.7414304,True
FBgn0036851,0,0,0.7543185,0.24568152,0.7543185,True
FBgn0036853,0,0,0.6769287,0.3230713,0.6769287,True
FBgn0036856,0,0,0.76227754,0.23772246,0.76227754,True
FBgn0036857,0,0,0.6546575,0.34534252,0.6546575,True
FBgn0036858,0,0,0.6343372,0.3656628,0.6343372,True
FBgn0036859,0,0,0.6557497,0.34425032,0.6557497,True
FBgn0036860,0,0,0.6143217,0.3856783,0.6143217,True
FBgn0036861,0,0,0.5938493,0.4061507,0.5938493,True
FBgn0036862,0,0,0.6526191,0.34738088,0.6526191,True
FBgn0036868,0,0,0.5878749,0.4121251,0.5878749,True
FBgn0036870,0,0,0.6407428,0.35925722,0.6407428,True
FBgn0036874,0,0,0.6032538,0.39674622,0.6032538,True
FBgn0036875,0,0,0.5912003,0.4087997,0.5912003,True
FBgn0036876,0,0,0.69503266,0.30496734,0.69503266,True
FBgn0036877,0,0,0.71732694,0.28267306,0.71732694,True
FBgn0036879,0,0,0.8450433,0.1549567,0.8450433,True
FBgn0036880,0,0,0.54097074,0.45902926,0.54097074,True
FBgn0036881,0,0,0.66166955,0.33833045,0.66166955,True
FBgn0036882,0,0,0.65045273,0.34954727,0.65045273,True
FBgn0036887,0,0,0.57689697,0.42310303,0.57689697,True
FBgn0036888,0,0,0.6486175,0.3513825,0.6486175,True
FBgn0036889,0,0,0.63743705,0.36256295,0.63743705,True
FBgn0036890,0,0,0.7050263,0.29497367,0.7050263,True
FBgn0036891,0,0,0.6051981,0.3948019,0.6051981,True
FBgn0036893,0,0,0.72226506,0.27773494,0.72226506,True
FBgn0036895,0,0,0.6276717,0.37232828,0.6276717,True
FBgn0036905,0,0,0.81439483,0.18560517,0.81439483,True
FBgn0036906,0,0,0.61499256,0.38500744,0.61499256,True
FBgn0036909,0,0,0.53975505,0.46024495,0.53975505,True
FBgn0036910,0,0,0.7116388,0.2883612,0.7116388,True
FBgn0036911,0,0,0.7523556,0.24764442,0.7523556,True
FBgn0036913,0,0,0.6404382,0.3595618,0.6404382,True
FBgn0036919,0,0,0.65804046,0.34195954,0.65804046,True
FBgn0036923,0,0,0.6187892,0.3812108,0.6187892,True
FBgn0036926,0,0,0.4373339,0.56266606,0.56266606,True
FBgn0036927,0,0,0.5977713,0.4022287,0.5977713,True
FBgn0036931,0,0,0.5987801,0.4012199,0.5987801,True
FBgn0036932,0,0,0.63414437,0.36585563,0.63414437,True
FBgn0036934,0,0,0.6707983,0.3292017,0.6707983,True
FBgn0036935,0,0,0.65681565,0.34318435,0.65681565,True
FBgn0036936,0,0,0.85773003,0.14226997,0.85773003,True
FBgn0036937,0,0,0.67579675,0.32420325,0.67579675,True
FBgn0036938,0,0,0.47168922,0.5283108,0.5283108,True
FBgn0036940,0,0,0.5821857,0.4178143,0.5821857,True
FBgn0036941,0,0,0.6618184,0.3381816,0.6618184,True
FBgn0036942,0,0,0.7005758,0.29942417,0.7005758,True
FBgn0036950,0,0,0.5844277,0.4155723,0.5844277,True
FBgn0036953,0,0,0.598451,0.40154898,0.598451,True
FBgn0036956,0,0,0.62583536,0.37416464,0.62583536,True
FBgn0036959,0,0,0.547332,0.452668,0.547332,True
FBgn0036962,0,0,0.6993099,0.3006901,0.6993099,True
FBgn0036964,0,0,0.51692754,0.48307246,0.51692754,True
FBgn0036970,0,0,0.62104684,0.37895316,0.62104684,True
FBgn0036975,0,0,0.6707535,0.32924652,0.6707535,True
FBgn0036984,0,0,0.65592366,0.34407634,0.65592366,True
FBgn0036985,0,0,0.5561046,0.4438954,0.5561046,True
FBgn0036986,0,0,0.7245182,0.27548182,0.7245182,True
FBgn0036987,0,0,0.6938528,0.30614722,0.6938528,True
FBgn0036988,0,0,0.5863576,0.4136424,0.5863576,True
FBgn0036991,0,0,0.6007644,0.3992356,0.6007644,True
FBgn0036992,0,0,0.69372463,0.30627537,0.69372463,True
FBgn0036993,0,0,0.6465307,0.3534693,0.6465307,True
FBgn0036994,0,0,0.6429006,0.3570994,0.6429006,True
FBgn0036995,0,0,0.59563136,0.40436864,0.59563136,True
FBgn0036997,0,0,0.731379,0.26862103,0.731379,True
FBgn0036999,0,0,0.68057144,0.31942856,0.68057144,True
FBgn0037000,0,0,0.6095438,0.3904562,0.6095438,True
FBgn0037007,0,0,0.70163757,0.29836243,0.70163757,True
FBgn0037009,0,0,0.7061657,0.29383433,0.7061657,True
FBgn0037012,0,0,0.5347648,0.46523517,0.5347648,True
FBgn0037013,0,0,0.716317,0.283683,0.716317,True
FBgn0037014,0,0,0.6115705,0.38842952,0.6115705,True
FBgn0037015,0,0,0.63043946,0.36956054,0.63043946,True
FBgn0037016,0,0,0.61284316,0.38715684,0.61284316,True
FBgn0037017,0,0,0.58465034,0.41534966,0.58465034,True
FBgn0037019,0,0,0.6963752,0.3036248,0.6963752,True
FBgn0037020,0,0,0.65973324,0.34026676,0.65973324,True
FBgn0037021,0,0,0.6387009,0.3612991,0.6387009,True
FBgn0037022,0,0,0.6476811,0.35231888,0.6476811,True
FBgn0037023,0,0,0.6809855,0.3190145,0.6809855,True
FBgn0037024,0,0,0.7989336,0.20106637,0.7989336,True
FBgn0037026,0,0,0.73121804,0.26878196,0.73121804,True
FBgn0037027,0,0,0.61044437,0.38955563,0.61044437,True
FBgn0037028,0,0,0.5762179,0.4237821,0.5762179,True
FBgn0037031,0,0,0.6142123,0.38578773,0.6142123,True
FBgn0037035,0,0,0.6653366,0.3346634,0.6653366,True
FBgn0037036,0,0,0.59107244,0.40892756,0.59107244,True
FBgn0037037,0,0,0.55737257,0.44262743,0.55737257,True
FBgn0037039,0,0,0.6569936,0.34300637,0.6569936,True
FBgn0037040,0,0,0.563048,0.436952,0.563048,True
FBgn0037042,0,0,0.67047846,0.32952154,0.67047846,True
FBgn0037045,0,0,0.65130955,0.34869045,0.65130955,True
FBgn0037046,0,0,0.5867169,0.4132831,0.5867169,True
FBgn0037050,0,0,0.68169206,0.31830794,0.68169206,True
FBgn0037060,0,0,0.6900923,0.30990767,0.6900923,True
FBgn0037063,0,0,0.76621014,0.23378986,0.76621014,True
FBgn0037064,0,0,0.62035805,0.37964195,0.62035805,True
FBgn0037065,0,0,0.65242356,0.34757644,0.65242356,True
FBgn0037067,0,0,0.6470318,0.35296822,0.6470318,True
FBgn0037068,0,0,0.5810792,0.41892081,0.5810792,True
FBgn0037069,0,0,0.56564754,0.43435246,0.56564754,True
FBgn0037070,0,0,0.7644223,0.2355777,0.7644223,True
FBgn0037071,0,0,0.67240906,0.32759094,0.67240906,True
FBgn0037074,0,0,0.6355962,0.36440378,0.6355962,True
FBgn0037076,0,0,0.6512954,0.34870458,0.6512954,True
FBgn0037078,0,0,0.886627,0.11337298,0.886627,True
FBgn0037082,0,0,0.6781026,0.3218974,0.6781026,True
FBgn0037084,0,0,0.72143286,0.27856714,0.72143286,True
FBgn0037085,0,0,0.6192855,0.38071448,0.6192855,True
FBgn0037086,0,0,0.80637485,0.19362515,0.80637485,True
FBgn0037087,0,0,0.8867747,0.11322528,0.8867747,True
FBgn0037090,0,0,0.6259767,0.37402332,0.6259767,True
FBgn0037094,0,0,0.6256984,0.3743016,0.6256984,True
FBgn0037101,0,0,0.5611491,0.43885088,0.5611491,True
FBgn0037105,0,0,0.5799958,0.4200042,0.5799958,True
FBgn0037106,0,0,0.636166,0.36383402,0.636166,True
FBgn0037110,0,0,0.57308334,0.42691666,0.57308334,True
FBgn0037114,0,0,0.8592237,0.14077628,0.8592237,True
FBgn0037115,0,0,0.6297488,0.37025118,0.6297488,True
FBgn0037116,0,0,0.641765,0.358235,0.641765,True
FBgn0037117,0,0,0.63519335,0.36480665,0.63519335,True
FBgn0037120,0,0,0.5985022,0.40149778,0.5985022,True
FBgn0037122,0,0,0.59492296,0.40507704,0.59492296,True
FBgn0037123,0,0,0.6945736,0.30542642,0.6945736,True
FBgn0037124,0,0,0.8864508,0.11354917,0.8864508,True
FBgn0037126,0,0,0.56097823,0.43902177,0.56097823,True
FBgn0037128,0,0,0.7617214,0.23827863,0.7617214,True
FBgn0037129,0,0,0.664857,0.33514303,0.664857,True
FBgn0037133,0,0,0.59972036,0.40027964,0.59972036,True
FBgn0037134,0,0,0.7251139,0.27488607,0.7251139,True
FBgn0037135,0,0,0.63261396,0.36738604,0.63261396,True
FBgn0037140,0,0,0.6691073,0.33089268,0.6691073,True
FBgn0037141,0,0,0.62626284,0.37373716,0.62626284,True
FBgn0037142,0,0,0.6329624,0.3670376,0.6329624,True
FBgn0037144,0,0,0.6334335,0.36656648,0.6334335,True
FBgn0037147,0,0,0.6155523,0.3844477,0.6155523,True
FBgn0037150,0,0,0.660129,0.339871,0.660129,True
FBgn0037151,0,0,0.786743,0.21325701,0.786743,True
FBgn0037162,0,0,0.8013521,0.19864792,0.8013521,True
FBgn0037163,0,0,0.85579354,0.14420646,0.85579354,True
FBgn0037165,0,0,0.6611686,0.33883142,0.6611686,True
FBgn0037166,0,0,0.6555709,0.34442908,0.6555709,True
FBgn0037167,0,0,0.6715754,0.32842457,0.6715754,True
FBgn0037169,0,0,0.5204763,0.47952372,0.5204763,True
FBgn0037170,0,0,0.65174633,0.34825367,0.65174633,True
FBgn0037172,0,0,0.5670252,0.43297482,0.5670252,True
FBgn0037174,0,0,0.643778,0.35622197,0.643778,True
FBgn0037181,0,0,0.83160496,0.16839504,0.83160496,True
FBgn0037182,0,0,0.5933542,0.40664577,0.5933542,True
FBgn0037183,0,0,0.70655024,0.29344976,0.70655024,True
FBgn0037185,0,0,0.6613235,0.3386765,0.6613235,True
FBgn0037195,0,0,0.68263245,0.31736755,0.68263245,True
FBgn0037197,0,0,0.57599896,0.42400104,0.57599896,True
FBgn0037200,0,0,0.5815931,0.4184069,0.5815931,True
FBgn0037204,0,0,0.6379986,0.36200142,0.6379986,True
FBgn0037205,0,0,0.6422275,0.35777253,0.6422275,True
FBgn0037215,0,0,0.6633627,0.33663732,0.6633627,True
FBgn0037217,0,0,0.6525797,0.34742028,0.6525797,True
FBgn0037222,0,0,0.55982125,0.44017875,0.55982125,True
FBgn0037224,0,0,0.73551077,0.26448923,0.73551077,True
FBgn0037225,0,0,0.7252012,0.2747988,0.7252012,True
FBgn0037230,0,0,0.62448937,0.37551063,0.62448937,True
FBgn0037234,0,0,0.62058353,0.37941647,0.62058353,True
FBgn0037238,0,0,0.64158314,0.35841686,0.64158314,True
FBgn0037239,0,0,0.6538136,0.3461864,0.6538136,True
FBgn0037241,0,0,0.65976864,0.34023136,0.65976864,True
FBgn0037242,0,0,0.6238738,0.37612623,0.6238738,True
FBgn0037248,0,0,0.6817038,0.3182962,0.6817038,True
FBgn0037250,0,0,0.6426768,0.35732323,0.6426768,True
FBgn0037251,0,0,0.6541616,0.34583843,0.6541616,True
FBgn0037252,0,0,0.7300864,0.2699136,0.7300864,True
FBgn0037254,0,0,0.66467935,0.33532065,0.66467935,True
FBgn0037260,0,0,0.5038975,0.4961025,0.5038975,True
FBgn0037261,0,0,0.65413994,0.34586006,0.65413994,True
FBgn0037265,0,0,0.6044346,0.3955654,0.6044346,True
FBgn0037275,0,0,0.72193915,0.27806085,0.72193915,True
FBgn0037276,0,0,0.6520228,0.34797722,0.6520228,True
FBgn0037280,0,0,0.70985943,0.29014057,0.70985943,True
FBgn0037282,0,0,0.58942103,0.41057897,0.58942103,True
FBgn0037283,0,0,0.75006306,0.24993694,0.75006306,True
FBgn0037284,0,0,0.625712,0.37428802,0.625712,True
FBgn0037288,0,0,0.6848126,0.3151874,0.6848126,True
FBgn0037290,0,0,0.51631916,0.48368084,0.51631916,True
FBgn0037291,0,0,0.52049136,0.47950864,0.52049136,True
FBgn0037292,0,0,0.65335006,0.34664994,0.65335006,True
FBgn0037296,0,0,0.61984456,0.38015544,0.61984456,True
FBgn0037297,0,0,0.7381708,0.2618292,0.7381708,True
FBgn0037298,0,0,0.82736593,0.17263407,0.82736593,True
FBgn0037299,0,1,0.9666675,0.033332527,0.9666675,False
FBgn0037304,0,0,0.6146719,0.3853281,0.6146719,True
FBgn0037305,0,0,0.571158,0.428842,0.571158,True
FBgn0037307,0,0,0.6963467,0.3036533,0.6963467,True
FBgn0037310,0,0,0.5505219,0.4494781,0.5505219,True
FBgn0037312,0,0,0.71770895,0.28229105,0.71770895,True
FBgn0037317,0,0,0.627114,0.372886,0.627114,True
FBgn0037320,0,0,0.7004609,0.2995391,0.7004609,True
FBgn0037322,0,0,0.578956,0.421044,0.578956,True
FBgn0037323,0,0,0.9173936,0.082606375,0.9173936,True
FBgn0037324,0,0,0.75767326,0.24232674,0.75767326,True
FBgn0037325,0,0,0.6608347,0.33916527,0.6608347,True
FBgn0037326,0,0,0.6409002,0.3590998,0.6409002,True
FBgn0037329,0,0,0.61791223,0.38208777,0.61791223,True
FBgn0037332,0,0,0.5669378,0.4330622,0.5669378,True
FBgn0037338,0,0,0.629153,0.370847,0.629153,True
FBgn0037339,0,0,0.70855886,0.29144114,0.70855886,True
FBgn0037340,0,0,0.6341213,0.3658787,0.6341213,True
FBgn0037341,0,0,0.6308376,0.36916238,0.6308376,True
FBgn0037347,0,0,0.56435925,0.43564075,0.56435925,True
FBgn0037350,0,0,0.6659725,0.33402753,0.6659725,True
FBgn0037354,0,0,0.7066432,0.29335678,0.7066432,True
FBgn0037356,0,0,0.69390327,0.30609673,0.69390327,True
FBgn0037358,0,0,0.7091981,0.29080188,0.7091981,True
FBgn0037359,0,0,0.7656156,0.23438442,0.7656156,True
FBgn0037360,0,0,0.61943895,0.38056105,0.61943895,True
FBgn0037364,0,0,0.7073668,0.29263318,0.7073668,True
FBgn0037365,0,0,0.67564064,0.32435936,0.67564064,True
FBgn0037370,0,0,0.6645441,0.3354559,0.6645441,True
FBgn0037372,0,0,0.7059974,0.2940026,0.7059974,True
FBgn0037375,0,0,0.6868427,0.31315732,0.6868427,True
FBgn0037376,0,0,0.68974113,0.31025887,0.68974113,True
FBgn0037377,0,0,0.607866,0.392134,0.607866,True
FBgn0037378,0,0,0.6573016,0.3426984,0.6573016,True
FBgn0037382,0,0,0.68255514,0.31744486,0.68255514,True
FBgn0037385,0,0,0.6721194,0.32788062,0.6721194,True
FBgn0037387,0,0,0.6261181,0.37388188,0.6261181,True
FBgn0037388,0,0,0.85160786,0.14839214,0.85160786,True
FBgn0037391,0,0,0.66757405,0.33242595,0.66757405,True
FBgn0037395,0,0,0.567499,0.43250102,0.567499,True
FBgn0037396,0,0,0.5392695,0.4607305,0.5392695,True
FBgn0037398,0,0,0.6153375,0.3846625,0.6153375,True
FBgn0037399,0,0,0.5894669,0.41053307,0.5894669,True
FBgn0037402,0,0,0.5867259,0.4132741,0.5867259,True
FBgn0037405,0,0,0.61767167,0.38232833,0.61767167,True
FBgn0037406,0,0,0.7556164,0.24438357,0.7556164,True
FBgn0037408,0,0,0.6742637,0.32573628,0.6742637,True
FBgn0037409,0,0,0.6846723,0.3153277,0.6846723,True
FBgn0037410,0,0,0.9156197,0.08438033,0.9156197,True
FBgn0037411,0,0,0.7131379,0.28686208,0.7131379,True
FBgn0037412,0,0,0.643467,0.356533,0.643467,True
FBgn0037413,0,0,0.63454247,0.36545753,0.63454247,True
FBgn0037415,0,0,0.790746,0.20925403,0.790746,True
FBgn0037416,0,0,0.89820665,0.10179335,0.89820665,True
FBgn0037418,0,0,0.6323681,0.3676319,0.6323681,True
FBgn0037420,0,0,0.90159166,0.09840834,0.90159166,True
FBgn0037421,0,0,0.68284863,0.31715137,0.68284863,True
FBgn0037422,0,0,0.6336739,0.3663261,0.6336739,True
FBgn0037428,0,0,0.7200017,0.2799983,0.7200017,True
FBgn0037430,0,0,0.8677689,0.13223112,0.8677689,True
FBgn0037431,0,0,0.6891821,0.3108179,0.6891821,True
FBgn0037432,0,0,0.64285326,0.35714674,0.64285326,True
FBgn0037433,0,0,0.901606,0.09839398,0.901606,True
FBgn0037436,0,0,0.81724614,0.18275386,0.81724614,True
FBgn0037439,0,0,0.6631818,0.33681822,0.6631818,True
FBgn0037440,0,0,0.663603,0.336397,0.663603,True
FBgn0037442,0,0,0.63130826,0.36869174,0.63130826,True
FBgn0037449,0,0,0.6576313,0.34236872,0.6576313,True
FBgn0037454,0,0,0.6408495,0.35915053,0.6408495,True
FBgn0037455,0,0,0.50932884,0.49067116,0.50932884,True
FBgn0037456,0,0,0.64740074,0.35259926,0.64740074,True
FBgn0037460,0,0,0.5438378,0.4561622,0.5438378,True
FBgn0037461,0,0,0.7289728,0.2710272,0.7289728,True
FBgn0037463,0,0,0.53116995,0.46883005,0.53116995,True
FBgn0037464,0,0,0.6060179,0.3939821,0.6060179,True
FBgn0037465,0,0,0.68278927,0.31721073,0.68278927,True
FBgn0037469,0,0,0.6760892,0.32391077,0.6760892,True
FBgn0037470,0,0,0.6143239,0.3856761,0.6143239,True
FBgn0037472,0,0,0.6107597,0.38924032,0.6107597,True
FBgn0037473,0,0,0.6097055,0.3902945,0.6097055,True
FBgn0037477,0,0,0.65717393,0.34282607,0.65717393,True
FBgn0037482,0,0,0.6561846,0.3438154,0.6561846,True
FBgn0037483,0,0,0.7141595,0.2858405,0.7141595,True
FBgn0037485,0,0,0.6791395,0.3208605,0.6791395,True
FBgn0037486,0,0,0.6162714,0.38372862,0.6162714,True
FBgn0037488,0,0,0.57927305,0.42072695,0.57927305,True
FBgn0037491,0,0,0.6474166,0.3525834,0.6474166,True
FBgn0037492,0,0,0.6748791,0.32512093,0.6748791,True
FBgn0037493,0,0,0.6183971,0.38160288,0.6183971,True
FBgn0037498,0,0,0.62667805,0.37332195,0.62667805,True
FBgn0037500,0,0,0.6597247,0.3402753,0.6597247,True
FBgn0037501,0,0,0.6388044,0.36119562,0.6388044,True
FBgn0037502,0,0,0.61987174,0.38012826,0.61987174,True
FBgn0037503,0,0,0.70685065,0.29314935,0.70685065,True
FBgn0037506,0,0,0.7030519,0.29694808,0.7030519,True
FBgn0037513,0,0,0.63969934,0.36030066,0.63969934,True
FBgn0037514,0,0,0.64143556,0.35856444,0.64143556,True
FBgn0037516,0,0,0.62879044,0.37120956,0.62879044,True
FBgn0037517,0,0,0.7032719,0.29672807,0.7032719,True
FBgn0037518,0,0,0.72070384,0.27929616,0.72070384,True
FBgn0037520,0,0,0.6689486,0.3310514,0.6689486,True
FBgn0037531,0,0,0.65296614,0.34703386,0.65296614,True
FBgn0037535,0,0,0.59838784,0.40161216,0.59838784,True
FBgn0037536,0,0,0.63756865,0.36243135,0.63756865,True
FBgn0037539,0,0,0.66138476,0.33861524,0.66138476,True
FBgn0037540,0,0,0.57861966,0.42138034,0.57861966,True
FBgn0037544,0,0,0.6111897,0.38881028,0.6111897,True
FBgn0037547,0,0,0.6583474,0.34165257,0.6583474,True
FBgn0037548,0,0,0.55990076,0.44009924,0.55990076,True
FBgn0037552,0,0,0.6077567,0.39224333,0.6077567,True
FBgn0037553,0,0,0.6314349,0.36856508,0.6314349,True
FBgn0037554,0,0,0.62617356,0.37382644,0.62617356,True
FBgn0037556,0,0,0.5900258,0.40997422,0.5900258,True
FBgn0037562,0,0,0.64505106,0.35494894,0.64505106,True
FBgn0037563,0,0,0.5595983,0.44040167,0.5595983,True
FBgn0037565,0,0,0.6543026,0.3456974,0.6543026,True
FBgn0037566,0,0,0.711505,0.288495,0.711505,True
FBgn0037569,0,0,0.70748085,0.29251915,0.70748085,True
FBgn0037570,0,0,0.7096274,0.2903726,0.7096274,True
FBgn0037571,0,0,0.62947774,0.37052226,0.62947774,True
FBgn0037572,0,0,0.6724196,0.3275804,0.6724196,True
FBgn0037576,0,0,0.5832424,0.41675758,0.5832424,True
FBgn0037577,0,0,0.65551454,0.34448546,0.65551454,True
FBgn0037578,0,0,0.62145495,0.37854505,0.62145495,True
FBgn0037579,0,0,0.47085702,0.529143,0.529143,True
FBgn0037580,0,0,0.6220936,0.37790638,0.6220936,True
FBgn0037583,0,0,0.61773664,0.38226336,0.61773664,True
FBgn0037590,0,0,0.5219527,0.4780473,0.5219527,True
FBgn0037591,0,0,0.6522634,0.3477366,0.6522634,True
FBgn0037592,0,0,0.6210095,0.37899047,0.6210095,True
FBgn0037594,0,0,0.6906118,0.30938822,0.6906118,True
FBgn0037601,0,0,0.6624716,0.3375284,0.6624716,True
FBgn0037602,0,0,0.5352268,0.46477318,0.5352268,True
FBgn0037606,0,0,0.5957659,0.4042341,0.5957659,True
FBgn0037607,0,0,0.70684594,0.29315406,0.70684594,True
FBgn0037611,0,0,0.5183007,0.4816993,0.5183007,True
FBgn0037612,0,0,0.74332297,0.25667703,0.74332297,True
FBgn0037615,0,0,0.6313027,0.3686973,0.6313027,True
FBgn0037617,0,0,0.5395087,0.4604913,0.5395087,True
FBgn0037619,0,0,0.58521307,0.41478693,0.58521307,True
FBgn0037620,0,0,0.5675883,0.43241167,0.5675883,True
FBgn0037622,0,0,0.64978164,0.35021836,0.64978164,True
FBgn0037624,0,0,0.6193983,0.3806017,0.6193983,True
FBgn0037626,0,0,0.73626506,0.26373494,0.73626506,True
FBgn0037627,0,0,0.6666208,0.3333792,0.6666208,True
FBgn0037630,0,0,0.637407,0.362593,0.637407,True
FBgn0037633,0,0,0.5991358,0.40086418,0.5991358,True
FBgn0037634,0,0,0.55281943,0.44718057,0.55281943,True
FBgn0037635,0,0,0.5835221,0.41647792,0.5835221,True
FBgn0037638,0,0,0.70003855,0.29996145,0.70003855,True
FBgn0037644,0,0,0.6572567,0.34274328,0.6572567,True
FBgn0037647,0,0,0.6246746,0.37532538,0.6246746,True
FBgn0037648,0,0,0.6867293,0.3132707,0.6867293,True
FBgn0037650,0,0,0.5077411,0.4922589,0.5077411,True
FBgn0037652,0,0,0.6100596,0.38994038,0.6100596,True
FBgn0037653,0,0,0.6021366,0.3978634,0.6021366,True
FBgn0037654,0,0,0.64087206,0.35912794,0.64087206,True
FBgn0037656,0,0,0.5470193,0.4529807,0.5470193,True
FBgn0037659,0,0,0.6244964,0.3755036,0.6244964,True
FBgn0037661,0,0,0.6470584,0.35294157,0.6470584,True
FBgn0037665,0,0,0.68821347,0.31178653,0.68821347,True
FBgn0037668,0,0,0.6104258,0.38957423,0.6104258,True
FBgn0037670,0,0,0.5427606,0.4572394,0.5427606,True
FBgn0037676,0,0,0.60184616,0.39815384,0.60184616,True
FBgn0037677,0,0,0.59347975,0.40652025,0.59347975,True
FBgn0037678,0,0,0.71956825,0.28043175,0.71956825,True
FBgn0037683,0,0,0.7209335,0.2790665,0.7209335,True
FBgn0037684,0,0,0.5924085,0.40759152,0.5924085,True
FBgn0037685,0,0,0.6893641,0.31063592,0.6893641,True
FBgn0037686,0,1,0.96569645,0.034303546,0.96569645,False
FBgn0037687,0,0,0.7089398,0.2910602,0.7089398,True
FBgn0037689,0,0,0.65423924,0.34576076,0.65423924,True
FBgn0037690,0,0,0.65687245,0.34312755,0.65687245,True
FBgn0037696,0,0,0.5212811,0.47871888,0.5212811,True
FBgn0037697,0,0,0.70587844,0.29412156,0.70587844,True
FBgn0037700,0,0,0.696301,0.30369902,0.696301,True
FBgn0037703,0,0,0.6278789,0.3721211,0.6278789,True
FBgn0037705,0,0,0.6907387,0.30926132,0.6907387,True
FBgn0037709,0,0,0.6634668,0.3365332,0.6634668,True
FBgn0037710,0,0,0.65080965,0.34919035,0.65080965,True
FBgn0037712,0,0,0.71863836,0.28136164,0.71863836,True
FBgn0037713,0,0,0.68997204,0.31002796,0.68997204,True
FBgn0037714,0,0,0.61912256,0.38087744,0.61912256,True
FBgn0037715,0,0,0.6638633,0.3361367,0.6638633,True
FBgn0037716,0,0,0.62719905,0.37280095,0.62719905,True
FBgn0037717,0,0,0.8337163,0.16628373,0.8337163,True
FBgn0037719,0,0,0.63405526,0.36594474,0.63405526,True
FBgn0037722,0,0,0.7209028,0.2790972,0.7209028,True
FBgn0037723,0,0,0.68449396,0.31550604,0.68449396,True
FBgn0037727,0,0,0.63503474,0.36496526,0.63503474,True
FBgn0037728,0,0,0.88488835,0.11511165,0.88488835,True
FBgn0037730,0,0,0.61556596,0.38443404,0.61556596,True
FBgn0037736,0,0,0.6333997,0.36660028,0.6333997,True
FBgn0037737,0,0,0.6860657,0.31393433,0.6860657,True
FBgn0037739,0,0,0.572747,0.427253,0.572747,True
FBgn0037743,0,0,0.6013221,0.3986779,0.6013221,True
FBgn0037747,0,0,0.8067054,0.19329458,0.8067054,True
FBgn0037750,0,0,0.62492394,0.37507606,0.62492394,True
FBgn0037751,0,0,0.63779277,0.36220723,0.63779277,True
FBgn0037753,0,0,0.66579086,0.33420914,0.66579086,True
FBgn0037754,0,1,0.95150805,0.048491955,0.95150805,False
FBgn0037755,0,0,0.54611355,0.45388645,0.54611355,True
FBgn0037758,0,0,0.6498862,0.3501138,0.6498862,True
FBgn0037760,0,0,0.59918636,0.40081364,0.59918636,True
FBgn0037761,0,0,0.6614053,0.33859468,0.6614053,True
FBgn0037762,0,0,0.54336387,0.45663613,0.54336387,True
FBgn0037764,0,0,0.4925978,0.5074022,0.5074022,True
FBgn0037765,0,0,0.55956686,0.44043314,0.55956686,True
FBgn0037766,0,0,0.6386064,0.36139357,0.6386064,True
FBgn0037770,0,0,0.6018302,0.39816982,0.6018302,True
FBgn0037773,0,0,0.63936687,0.36063313,0.63936687,True
FBgn0037780,0,0,0.6762576,0.3237424,0.6762576,True
FBgn0037781,0,0,0.8088408,0.19115919,0.8088408,True
FBgn0037782,0,0,0.5475618,0.45243818,0.5475618,True
FBgn0037786,0,0,0.59572005,0.40427995,0.59572005,True
FBgn0037788,0,0,0.60650605,0.39349395,0.60650605,True
FBgn0037794,0,0,0.5614124,0.4385876,0.5614124,True
FBgn0037796,0,0,0.66325,0.33674997,0.66325,True
FBgn0037798,0,0,0.4683063,0.5316937,0.5316937,True
FBgn0037807,0,0,0.66866934,0.33133066,0.66866934,True
FBgn0037809,0,0,0.7409653,0.2590347,0.7409653,True
FBgn0037810,0,0,0.662254,0.33774602,0.662254,True
FBgn0037814,0,0,0.6279811,0.37201887,0.6279811,True
FBgn0037816,0,0,0.6308143,0.3691857,0.6308143,True
FBgn0037817,0,0,0.6245369,0.37546313,0.6245369,True
FBgn0037818,0,0,0.62330526,0.37669474,0.62330526,True
FBgn0037819,0,0,0.70277977,0.29722023,0.70277977,True
FBgn0037822,0,0,0.6145565,0.3854435,0.6145565,True
FBgn0037824,0,0,0.54624474,0.45375526,0.54624474,True
FBgn0037828,0,0,0.69887793,0.30112207,0.69887793,True
FBgn0037832,0,0,0.5135845,0.4864155,0.5135845,True
FBgn0037836,0,0,0.5823321,0.41766793,0.5823321,True
FBgn0037837,0,0,0.62227213,0.37772787,0.62227213,True
FBgn0037838,0,0,0.6305836,0.36941642,0.6305836,True
FBgn0037841,0,0,0.5828899,0.4171101,0.5828899,True
FBgn0037842,0,0,0.655563,0.344437,0.655563,True
FBgn0037844,0,0,0.7437624,0.25623763,0.7437624,True
FBgn0037845,0,0,0.6427186,0.3572814,0.6427186,True
FBgn0037846,0,0,0.68203527,0.31796473,0.68203527,True
FBgn0037848,0,0,0.66680306,0.33319694,0.66680306,True
FBgn0037849,0,0,0.68357444,0.31642556,0.68357444,True
FBgn0037850,0,0,0.55442643,0.44557357,0.55442643,True
FBgn0037853,0,0,0.5857227,0.41427732,0.5857227,True
FBgn0037855,0,0,0.65015036,0.34984964,0.65015036,True
FBgn0037857,0,0,0.5785646,0.42143542,0.5785646,True
FBgn0037860,0,0,0.6381235,0.3618765,0.6381235,True
FBgn0037862,0,0,0.63932174,0.36067826,0.63932174,True
FBgn0037870,0,0,0.6529265,0.3470735,0.6529265,True
FBgn0037876,0,0,0.7349526,0.26504737,0.7349526,True
FBgn0037879,0,0,0.72275037,0.27724963,0.72275037,True
FBgn0037880,0,0,0.64331055,0.35668945,0.64331055,True
FBgn0037881,0,0,0.72757816,0.27242184,0.72757816,True
FBgn0037883,0,0,0.44185135,0.5581486,0.5581486,True
FBgn0037885,0,0,0.47611964,0.52388036,0.52388036,True
FBgn0037888,0,0,0.74256325,0.25743675,0.74256325,True
FBgn0037889,0,0,0.8085141,0.19148588,0.8085141,True
FBgn0037890,0,0,0.65493673,0.34506327,0.65493673,True
FBgn0037894,0,0,0.6875086,0.31249142,0.6875086,True
FBgn0037895,0,0,0.66206926,0.33793074,0.66206926,True
FBgn0037896,0,0,0.622863,0.377137,0.622863,True
FBgn0037897,0,0,0.6396998,0.36030018,0.6396998,True
FBgn0037900,0,0,0.61404717,0.38595283,0.61404717,True
FBgn0037901,0,0,0.6367186,0.36328143,0.6367186,True
FBgn0037908,0,0,0.5883525,0.4116475,0.5883525,True
FBgn0037910,0,0,0.7238985,0.27610153,0.7238985,True
FBgn0037911,0,0,0.66109556,0.33890444,0.66109556,True
FBgn0037913,0,0,0.8500208,0.14997917,0.8500208,True
FBgn0037915,0,0,0.6137431,0.38625687,0.6137431,True
FBgn0037916,0,0,0.61924374,0.38075626,0.61924374,True
FBgn0037920,0,0,0.66696775,0.33303225,0.66696775,True
FBgn0037921,0,0,0.70748514,0.29251486,0.70748514,True
FBgn0037930,0,0,0.6428018,0.35719818,0.6428018,True
FBgn0037931,0,0,0.6342235,0.36577648,0.6342235,True
FBgn0037934,0,0,0.6399537,0.36004633,0.6399537,True
FBgn0037936,0,0,0.63594866,0.36405134,0.63594866,True
FBgn0037939,0,0,0.6139569,0.38604307,0.6139569,True
FBgn0037940,0,0,0.5771026,0.4228974,0.5771026,True
FBgn0037941,0,0,0.81974506,0.18025494,0.81974506,True
FBgn0037955,0,0,0.7021049,0.29789507,0.7021049,True
FBgn0037958,0,0,0.584065,0.41593498,0.584065,True
FBgn0037960,0,0,0.6304757,0.3695243,0.6304757,True
FBgn0037962,0,0,0.6361413,0.3638587,0.6361413,True
FBgn0037963,0,0,0.63058996,0.36941004,0.63058996,True
FBgn0037964,0,0,0.615646,0.384354,0.615646,True
FBgn0037970,0,0,0.7103734,0.2896266,0.7103734,True
FBgn0037972,0,0,0.7510604,0.24893957,0.7510604,True
FBgn0037973,0,0,0.7041673,0.2958327,0.7041673,True
FBgn0037974,0,0,0.6372914,0.36270863,0.6372914,True
FBgn0037978,0,0,0.8162149,0.18378508,0.8162149,True
FBgn0037979,0,0,0.6754929,0.32450712,0.6754929,True
FBgn0037981,0,0,0.6969815,0.3030185,0.6969815,True
FBgn0037985,0,0,0.6990012,0.3009988,0.6990012,True
FBgn0037986,0,0,0.6267112,0.3732888,0.6267112,True
FBgn0037988,0,0,0.6522964,0.34770358,0.6522964,True
FBgn0037989,0,0,0.63888747,0.36111253,0.63888747,True
FBgn0037992,0,0,0.608175,0.39182502,0.608175,True
FBgn0037994,0,0,0.6201203,0.3798797,0.6201203,True
FBgn0037995,0,0,0.6535453,0.34645468,0.6535453,True
FBgn0037996,0,0,0.6975327,0.3024673,0.6975327,True
FBgn0037998,0,0,0.6531497,0.34685028,0.6531497,True
FBgn0037999,0,0,0.81575257,0.18424743,0.81575257,True
FBgn0038000,0,0,0.6905671,0.30943292,0.6905671,True
FBgn0038001,0,0,0.6665385,0.33346152,0.6665385,True
FBgn0038003,0,0,0.63363963,0.36636037,0.63363963,True
FBgn0038005,0,0,0.67050934,0.32949066,0.67050934,True
FBgn0038006,0,0,0.5925241,0.4074759,0.5925241,True
FBgn0038007,0,0,0.6183439,0.3816561,0.6183439,True
FBgn0038008,0,0,0.6430532,0.35694683,0.6430532,True
FBgn0038009,0,0,0.5036923,0.49630767,0.5036923,True
FBgn0038011,0,0,0.6448625,0.35513753,0.6448625,True
FBgn0038012,0,0,0.6292778,0.37072217,0.6292778,True
FBgn0038013,0,0,0.6485179,0.3514821,0.6485179,True
FBgn0038014,0,0,0.6089724,0.39102763,0.6089724,True
FBgn0038017,0,0,0.8458736,0.1541264,0.8458736,True
FBgn0038018,0,0,0.53895193,0.46104807,0.53895193,True
FBgn0038020,0,0,0.6370669,0.3629331,0.6370669,True
FBgn0038029,0,0,0.64437455,0.35562545,0.64437455,True
FBgn0038032,0,0,0.6320697,0.3679303,0.6320697,True
FBgn0038033,0,0,0.552425,0.44757497,0.552425,True
FBgn0038037,0,0,0.58743954,0.41256046,0.58743954,True
FBgn0038038,0,0,0.7226567,0.27734327,0.7226567,True
FBgn0038039,0,0,0.6082756,0.3917244,0.6082756,True
FBgn0038042,0,0,0.66544354,0.33455646,0.66544354,True
FBgn0038047,0,0,0.5404756,0.4595244,0.5404756,True
FBgn0038053,0,0,0.6527128,0.34728718,0.6527128,True
FBgn0038054,0,0,0.580718,0.41928202,0.580718,True
FBgn0038056,0,0,0.74587893,0.25412107,0.74587893,True
FBgn0038058,0,0,0.6220047,0.3779953,0.6220047,True
FBgn0038063,0,0,0.6196953,0.3803047,0.6196953,True
FBgn0038067,0,0,0.63080645,0.36919355,0.63080645,True
FBgn0038068,0,0,0.6156333,0.3843667,0.6156333,True
FBgn0038069,0,0,0.65287787,0.34712213,0.65287787,True
FBgn0038070,0,0,0.6673701,0.33262992,0.6673701,True
FBgn0038073,0,0,0.63606155,0.36393845,0.63606155,True
FBgn0038074,0,0,0.69798774,0.30201226,0.69798774,True
FBgn0038078,0,0,0.57103455,0.42896545,0.57103455,True
FBgn0038079,0,0,0.6034981,0.3965019,0.6034981,True
FBgn0038080,0,0,0.8360531,0.16394693,0.8360531,True
FBgn0038084,0,0,0.67997444,0.32002556,0.67997444,True
FBgn0038087,0,0,0.67839235,0.32160765,0.67839235,True
FBgn0038089,0,0,0.5328695,0.46713048,0.5328695,True
FBgn0038090,0,0,0.6162309,0.3837691,0.6162309,True
FBgn0038092,0,0,0.665216,0.33478397,0.665216,True
FBgn0038095,0,0,0.7964081,0.20359188,0.7964081,True
FBgn0038097,0,0,0.8526226,0.14737737,0.8526226,True
FBgn0038098,0,0,0.63738686,0.36261314,0.63738686,True
FBgn0038099,0,0,0.68901336,0.31098664,0.68901336,True
FBgn0038105,0,0,0.6559387,0.34406132,0.6559387,True
FBgn0038107,0,0,0.68754125,0.31245875,0.68754125,True
FBgn0038108,0,0,0.6611306,0.3388694,0.6611306,True
FBgn0038109,0,0,0.72287244,0.27712756,0.72287244,True
FBgn0038110,0,0,0.68581915,0.31418085,0.68581915,True
FBgn0038113,0,0,0.61827534,0.38172466,0.61827534,True
FBgn0038114,0,0,0.63966286,0.36033714,0.63966286,True
FBgn0038115,0,0,0.5750602,0.4249398,0.5750602,True
FBgn0038122,0,0,0.6013812,0.39861882,0.6013812,True
FBgn0038123,0,0,0.65689445,0.34310555,0.65689445,True
FBgn0038125,0,0,0.601712,0.398288,0.601712,True
FBgn0038128,0,0,0.6825589,0.3174411,0.6825589,True
FBgn0038129,0,0,0.6364043,0.36359572,0.6364043,True
FBgn0038135,0,0,0.61992854,0.38007146,0.61992854,True
FBgn0038136,0,0,0.67117506,0.32882494,0.67117506,True
FBgn0038140,0,0,0.650797,0.349203,0.650797,True
FBgn0038142,0,0,0.6052267,0.3947733,0.6052267,True
FBgn0038143,0,0,0.62836426,0.37163574,0.62836426,True
FBgn0038144,0,0,0.5363463,0.46365368,0.5363463,True
FBgn0038147,0,0,0.62464756,0.37535244,0.62464756,True
FBgn0038148,0,0,0.52674365,0.47325635,0.52674365,True
FBgn0038149,0,0,0.6840487,0.3159513,0.6840487,True
FBgn0038153,0,0,0.63501054,0.36498946,0.63501054,True
FBgn0038156,0,0,0.64563644,0.35436356,0.64563644,True
FBgn0038157,0,0,0.57148445,0.42851555,0.57148445,True
FBgn0038158,0,0,0.6274354,0.3725646,0.6274354,True
FBgn0038159,0,0,0.57194114,0.42805886,0.57194114,True
FBgn0038160,0,0,0.53887683,0.46112317,0.53887683,True
FBgn0038163,0,0,0.6456798,0.35432023,0.6456798,True
FBgn0038166,0,0,0.8019376,0.19806242,0.8019376,True
FBgn0038172,0,0,0.63348097,0.36651903,0.63348097,True
FBgn0038173,0,0,0.72132534,0.27867466,0.72132534,True
FBgn0038179,0,0,0.75162816,0.24837184,0.75162816,True
FBgn0038183,0,0,0.6540175,0.3459825,0.6540175,True
FBgn0038186,0,0,0.52370644,0.47629356,0.52370644,True
FBgn0038188,0,0,0.5993404,0.40065962,0.5993404,True
FBgn0038189,0,0,0.62257546,0.37742454,0.62257546,True
FBgn0038191,0,0,0.64754516,0.35245484,0.64754516,True
FBgn0038194,0,0,0.63302684,0.36697316,0.63302684,True
FBgn0038196,0,0,0.7691187,0.23088127,0.7691187,True
FBgn0038197,0,0,0.6750622,0.32493782,0.6750622,True
FBgn0038198,0,0,0.62068737,0.37931263,0.62068737,True
FBgn0038201,0,0,0.67441356,0.32558644,0.67441356,True
FBgn0038202,0,0,0.63322514,0.36677486,0.63322514,True
FBgn0038203,0,0,0.5651886,0.4348114,0.5651886,True
FBgn0038204,0,0,0.58175224,0.41824776,0.58175224,True
FBgn0038205,0,0,0.6624463,0.33755368,0.6624463,True
FBgn0038208,0,0,0.6122018,0.3877982,0.6122018,True
FBgn0038210,0,0,0.49896383,0.50103617,0.50103617,True
FBgn0038213,0,0,0.6264369,0.3735631,0.6264369,True
FBgn0038214,0,0,0.498502,0.501498,0.501498,True
FBgn0038218,0,0,0.7491255,0.25087452,0.7491255,True
FBgn0038219,0,0,0.757762,0.24223799,0.757762,True
FBgn0038221,0,0,0.576746,0.423254,0.576746,True
FBgn0038224,0,0,0.7585845,0.2414155,0.7585845,True
FBgn0038225,0,0,0.86652386,0.13347614,0.86652386,True
FBgn0038233,0,0,0.6130769,0.38692307,0.6130769,True
FBgn0038236,0,0,0.6101696,0.3898304,0.6101696,True
FBgn0038237,0,0,0.665512,0.33448797,0.665512,True
FBgn0038238,0,0,0.65445423,0.34554577,0.65445423,True
FBgn0038240,0,0,0.6065746,0.3934254,0.6065746,True
FBgn0038243,0,0,0.5251794,0.4748206,0.5251794,True
FBgn0038244,0,0,0.63008046,0.36991954,0.63008046,True
FBgn0038246,0,0,0.70361185,0.29638815,0.70361185,True
FBgn0038247,0,0,0.647413,0.35258698,0.647413,True
FBgn0038248,0,0,0.71635044,0.28364956,0.71635044,True
FBgn0038250,0,0,0.70620966,0.29379034,0.70620966,True
FBgn0038251,0,0,0.73643667,0.26356333,0.73643667,True
FBgn0038256,0,0,0.74370617,0.25629383,0.74370617,True
FBgn0038257,0,0,0.64574504,0.35425496,0.64574504,True
FBgn0038258,0,0,0.6355541,0.36444592,0.6355541,True
FBgn0038260,0,0,0.67857254,0.32142746,0.67857254,True
FBgn0038261,0,0,0.653841,0.34615898,0.653841,True
FBgn0038266,0,0,0.69619817,0.30380183,0.69619817,True
FBgn0038268,0,0,0.6630904,0.3369096,0.6630904,True
FBgn0038272,0,0,0.5661999,0.4338001,0.5661999,True
FBgn0038273,0,0,0.499818,0.50018203,0.50018203,True
FBgn0038274,0,0,0.6416327,0.35836732,0.6416327,True
FBgn0038279,0,0,0.6093742,0.39062577,0.6093742,True
FBgn0038280,0,0,0.5043831,0.4956169,0.5043831,True
FBgn0038282,0,0,0.64668554,0.35331446,0.64668554,True
FBgn0038285,0,0,0.63747865,0.36252135,0.63747865,True
FBgn0038286,0,0,0.73500377,0.26499623,0.73500377,True
FBgn0038290,0,0,0.6839776,0.3160224,0.6839776,True
FBgn0038291,0,0,0.64022315,0.35977685,0.64022315,True
FBgn0038292,0,0,0.58463097,0.41536903,0.58463097,True
FBgn0038295,0,0,0.63664114,0.36335886,0.63664114,True
FBgn0038296,0,0,0.6154748,0.38452518,0.6154748,True
FBgn0038299,0,0,0.6956903,0.30430973,0.6956903,True
FBgn0038302,0,0,0.68002605,0.31997395,0.68002605,True
FBgn0038303,0,0,0.6542892,0.3457108,0.6542892,True
FBgn0038306,0,0,0.64912605,0.35087395,0.64912605,True
FBgn0038312,0,0,0.61055136,0.38944864,0.61055136,True
FBgn0038313,0,0,0.5932505,0.4067495,0.5932505,True
FBgn0038315,0,0,0.70993304,0.29006696,0.70993304,True
FBgn0038316,0,0,0.65483755,0.34516245,0.65483755,True
FBgn0038318,0,0,0.64433956,0.35566044,0.64433956,True
FBgn0038321,0,0,0.69208115,0.30791885,0.69208115,True
FBgn0038324,0,0,0.62245405,0.37754595,0.62245405,True
FBgn0038325,0,0,0.6123502,0.38764977,0.6123502,True
FBgn0038327,0,0,0.6306743,0.3693257,0.6306743,True
FBgn0038330,0,0,0.68434304,0.31565696,0.68434304,True
FBgn0038332,0,0,0.6436375,0.35636252,0.6436375,True
FBgn0038334,0,0,0.888574,0.111425996,0.888574,True
FBgn0038337,0,0,0.6994388,0.3005612,0.6994388,True
FBgn0038349,0,0,0.60062426,0.39937574,0.60062426,True
FBgn0038350,0,0,0.62567115,0.37432885,0.62567115,True
FBgn0038353,0,0,0.6118168,0.38818318,0.6118168,True
FBgn0038354,0,0,0.6199658,0.3800342,0.6199658,True
FBgn0038355,0,0,0.616852,0.383148,0.616852,True
FBgn0038356,0,0,0.43436092,0.5656391,0.5656391,True
FBgn0038357,0,0,0.6945293,0.3054707,0.6945293,True
FBgn0038358,0,0,0.6275086,0.37249142,0.6275086,True
FBgn0038359,0,0,0.63785523,0.36214477,0.63785523,True
FBgn0038360,0,0,0.7608035,0.23919648,0.7608035,True
FBgn0038363,0,0,0.49941152,0.5005885,0.5005885,True
FBgn0038365,0,0,0.6435074,0.35649258,0.6435074,True
FBgn0038366,0,0,0.622905,0.37709498,0.622905,True
FBgn0038369,0,0,0.7877093,0.2122907,0.7877093,True
FBgn0038371,0,0,0.661651,0.33834898,0.661651,True
FBgn0038373,0,0,0.7657762,0.23422378,0.7657762,True
FBgn0038376,0,0,0.6403641,0.3596359,0.6403641,True
FBgn0038385,0,0,0.7041023,0.29589772,0.7041023,True
FBgn0038386,0,0,0.8155163,0.1844837,0.8155163,True
FBgn0038389,0,0,0.8816284,0.118371606,0.8816284,True
FBgn0038394,0,0,0.6969079,0.30309212,0.6969079,True
FBgn0038395,0,0,0.49901983,0.50098014,0.50098014,True
FBgn0038396,0,0,0.6539582,0.3460418,0.6539582,True
FBgn0038397,0,0,0.64444494,0.35555506,0.64444494,True
FBgn0038398,0,0,0.7201918,0.27980822,0.7201918,True
FBgn0038400,0,0,0.715025,0.284975,0.715025,True
FBgn0038404,0,0,0.6466186,0.3533814,0.6466186,True
FBgn0038405,0,0,0.7375166,0.26248342,0.7375166,True
FBgn0038407,0,0,0.6662579,0.33374208,0.6662579,True
FBgn0038412,0,0,0.72939813,0.27060187,0.72939813,True
FBgn0038414,0,0,0.62261945,0.37738055,0.62261945,True
FBgn0038415,0,0,0.6643869,0.33561307,0.6643869,True
FBgn0038416,0,0,0.6358203,0.36417967,0.6358203,True
FBgn0038419,0,0,0.5915118,0.4084882,0.5915118,True
FBgn0038420,0,0,0.54843986,0.45156014,0.54843986,True
FBgn0038421,0,0,0.8014739,0.19852608,0.8014739,True
FBgn0038423,0,0,0.7070325,0.2929675,0.7070325,True
FBgn0038424,0,0,0.63349587,0.36650413,0.63349587,True
FBgn0038425,0,0,0.60870767,0.39129233,0.60870767,True
FBgn0038426,0,0,0.73609436,0.26390564,0.73609436,True
FBgn0038429,0,0,0.6142793,0.38572067,0.6142793,True
FBgn0038432,0,0,0.5074799,0.4925201,0.5074799,True
FBgn0038436,0,0,0.65264106,0.34735894,0.65264106,True
FBgn0038437,0,0,0.49894834,0.50105166,0.50105166,True
FBgn0038439,0,0,0.6378116,0.3621884,0.6378116,True
FBgn0038440,0,0,0.6304779,0.3695221,0.6304779,True
FBgn0038445,0,0,0.67426467,0.32573533,0.67426467,True
FBgn0038446,0,0,0.48041716,0.51958287,0.51958287,True
FBgn0038448,0,0,0.63739425,0.36260575,0.63739425,True
FBgn0038449,0,0,0.64368314,0.35631686,0.64368314,True
FBgn0038450,0,0,0.62580264,0.37419736,0.62580264,True
FBgn0038451,0,0,0.60318446,0.39681554,0.60318446,True
FBgn0038452,0,0,0.65057015,0.34942985,0.65057015,True
FBgn0038453,0,0,0.74023473,0.25976527,0.74023473,True
FBgn0038455,0,0,0.5424058,0.45759422,0.5424058,True
FBgn0038458,0,0,0.53540164,0.46459836,0.53540164,True
FBgn0038460,0,0,0.8354588,0.16454118,0.8354588,True
FBgn0038463,0,0,0.6063236,0.3936764,0.6063236,True
FBgn0038468,0,0,0.56278425,0.43721575,0.56278425,True
FBgn0038469,0,0,0.5908832,0.4091168,0.5908832,True
FBgn0038470,0,0,0.63883865,0.36116135,0.63883865,True
FBgn0038471,0,0,0.6112584,0.3887416,0.6112584,True
FBgn0038472,0,0,0.6487544,0.35124558,0.6487544,True
FBgn0038474,0,0,0.6589097,0.34109032,0.6589097,True
FBgn0038479,0,0,0.5633817,0.43661833,0.5633817,True
FBgn0038481,0,0,0.6679799,0.3320201,0.6679799,True
FBgn0038482,0,0,0.60462016,0.39537984,0.60462016,True
FBgn0038484,0,0,0.60784996,0.39215004,0.60784996,True
FBgn0038485,0,0,0.64633596,0.35366404,0.64633596,True
FBgn0038486,0,0,0.6456746,0.3543254,0.6456746,True
FBgn0038488,0,0,0.60651314,0.39348686,0.60651314,True
FBgn0038490,0,0,0.60661876,0.39338124,0.60661876,True
FBgn0038491,0,0,0.7141665,0.28583348,0.7141665,True
FBgn0038494,0,0,0.6396861,0.3603139,0.6396861,True
FBgn0038498,0,0,0.6900242,0.3099758,0.6900242,True
FBgn0038504,0,0,0.6772433,0.3227567,0.6772433,True
FBgn0038505,0,0,0.5547881,0.4452119,0.5547881,True
FBgn0038506,0,0,0.59931487,0.40068513,0.59931487,True
FBgn0038507,0,0,0.6190298,0.38097018,0.6190298,True
FBgn0038508,0,0,0.6090418,0.3909582,0.6090418,True
FBgn0038509,0,0,0.59312075,0.40687925,0.59312075,True
FBgn0038510,0,0,0.55108327,0.44891673,0.55108327,True
FBgn0038511,0,0,0.6376275,0.36237252,0.6376275,True
FBgn0038512,0,0,0.6559446,0.3440554,0.6559446,True
FBgn0038515,0,0,0.6226951,0.3773049,0.6226951,True
FBgn0038516,0,0,0.6578724,0.34212762,0.6578724,True
FBgn0038519,0,0,0.77132326,0.22867674,0.77132326,True
FBgn0038523,0,0,0.6520943,0.3479057,0.6520943,True
FBgn0038526,0,0,0.5118695,0.4881305,0.5118695,True
FBgn0038527,0,0,0.46417907,0.53582096,0.53582096,True
FBgn0038528,0,0,0.5498397,0.45016032,0.5498397,True
FBgn0038529,0,0,0.70830745,0.29169255,0.70830745,True
FBgn0038530,0,0,0.59933335,0.40066665,0.59933335,True
FBgn0038531,0,0,0.60898775,0.39101225,0.60898775,True
FBgn0038532,0,0,0.60809094,0.39190906,0.60809094,True
FBgn0038536,0,0,0.64653796,0.35346204,0.64653796,True
FBgn0038539,0,0,0.897186,0.10281402,0.897186,True
FBgn0038540,0,0,0.6614121,0.33858788,0.6614121,True
FBgn0038541,0,0,0.7381061,0.26189393,0.7381061,True
FBgn0038542,0,0,0.6093453,0.39065468,0.6093453,True
FBgn0038546,0,0,0.6182083,0.3817917,0.6182083,True
FBgn0038547,0,0,0.52590245,0.47409755,0.52590245,True
FBgn0038548,0,0,0.6127799,0.38722008,0.6127799,True
FBgn0038550,0,0,0.50253206,0.49746794,0.50253206,True
FBgn0038558,0,0,0.5186324,0.4813676,0.5186324,True
FBgn0038564,0,0,0.6923069,0.30769312,0.6923069,True
FBgn0038565,0,0,0.68939674,0.31060326,0.68939674,True
FBgn0038566,0,0,0.6710912,0.3289088,0.6710912,True
FBgn0038567,0,0,0.60890955,0.39109045,0.60890955,True
FBgn0038568,0,0,0.6769196,0.32308042,0.6769196,True
FBgn0038569,0,0,0.6552517,0.34474832,0.6552517,True
FBgn0038575,0,0,0.63690597,0.36309403,0.63690597,True
FBgn0038576,0,0,0.70951843,0.29048157,0.70951843,True
FBgn0038577,0,0,0.6899667,0.31003332,0.6899667,True
FBgn0038579,0,0,0.610858,0.38914198,0.610858,True
FBgn0038581,0,0,0.67019486,0.32980514,0.67019486,True
FBgn0038582,0,0,0.6022203,0.3977797,0.6022203,True
FBgn0038586,0,0,0.62975967,0.37024033,0.62975967,True
FBgn0038588,0,0,0.6277029,0.3722971,0.6277029,True
FBgn0038590,0,0,0.7252871,0.27471292,0.7252871,True
FBgn0038593,0,0,0.69482046,0.30517954,0.69482046,True
FBgn0038596,0,0,0.7671254,0.23287457,0.7671254,True
FBgn0038601,0,0,0.62678677,0.37321323,0.62678677,True
FBgn0038602,0,0,0.5322864,0.4677136,0.5322864,True
FBgn0038603,0,0,0.67757666,0.32242334,0.67757666,True
FBgn0038606,0,0,0.64006007,0.35993993,0.64006007,True
FBgn0038607,0,0,0.63062626,0.36937374,0.63062626,True
FBgn0038609,0,0,0.6043834,0.3956166,0.6043834,True
FBgn0038610,0,0,0.68833584,0.31166416,0.68833584,True
FBgn0038611,0,0,0.6259563,0.3740437,0.6259563,True
FBgn0038612,0,0,0.6484975,0.35150248,0.6484975,True
FBgn0038619,0,0,0.8242398,0.17576021,0.8242398,True
FBgn0038621,0,0,0.74706024,0.25293976,0.74706024,True
FBgn0038626,0,0,0.6308177,0.3691823,0.6308177,True
FBgn0038627,0,0,0.6798876,0.3201124,0.6798876,True
FBgn0038629,0,0,0.6472911,0.35270888,0.6472911,True
FBgn0038630,0,0,0.71794075,0.28205925,0.71794075,True
FBgn0038632,0,0,0.6777956,0.3222044,0.6777956,True
FBgn0038638,0,0,0.6188875,0.38111252,0.6188875,True
FBgn0038640,0,0,0.6423049,0.3576951,0.6423049,True
FBgn0038643,0,0,0.7714311,0.22856891,0.7714311,True
FBgn0038645,0,0,0.6524277,0.34757233,0.6524277,True
FBgn0038646,0,0,0.9348664,0.06513357,0.9348664,True
FBgn0038647,0,0,0.4903885,0.5096115,0.5096115,True
FBgn0038651,0,0,0.6543169,0.3456831,0.6543169,True
FBgn0038652,0,0,0.6472826,0.3527174,0.6472826,True
FBgn0038653,0,0,0.645968,0.35403198,0.645968,True
FBgn0038654,0,0,0.8023138,0.1976862,0.8023138,True
FBgn0038656,0,0,0.4975672,0.5024328,0.5024328,True
FBgn0038658,0,0,0.7786015,0.22139847,0.7786015,True
FBgn0038660,0,0,0.6530764,0.3469236,0.6530764,True
FBgn0038665,0,0,0.69017917,0.30982083,0.69017917,True
FBgn0038672,0,0,0.71196437,0.28803563,0.71196437,True
FBgn0038673,0,0,0.67121994,0.32878006,0.67121994,True
FBgn0038674,0,0,0.7161213,0.28387868,0.7161213,True
FBgn0038675,0,0,0.7591256,0.24087441,0.7591256,True
FBgn0038679,0,0,0.63176185,0.36823815,0.63176185,True
FBgn0038680,0,0,0.62649786,0.37350214,0.62649786,True
FBgn0038681,0,0,0.6351523,0.36484772,0.6351523,True
FBgn0038682,0,0,0.74932307,0.25067693,0.74932307,True
FBgn0038683,0,0,0.64623,0.35377002,0.64623,True
FBgn0038690,0,0,0.79554254,0.20445746,0.79554254,True
FBgn0038691,0,0,0.6447326,0.3552674,0.6447326,True
FBgn0038693,0,0,0.6471441,0.35285592,0.6471441,True
FBgn0038694,0,0,0.66422105,0.33577895,0.66422105,True
FBgn0038695,0,0,0.59750795,0.40249205,0.59750795,True
FBgn0038697,0,0,0.66934675,0.33065325,0.66934675,True
FBgn0038700,0,0,0.6141377,0.3858623,0.6141377,True
FBgn0038701,0,0,0.66894716,0.33105284,0.66894716,True
FBgn0038702,0,0,0.6477588,0.35224122,0.6477588,True
FBgn0038705,0,0,0.5998982,0.40010178,0.5998982,True
FBgn0038708,0,0,0.61157614,0.38842386,0.61157614,True
FBgn0038709,0,0,0.6256394,0.37436062,0.6256394,True
FBgn0038716,0,0,0.62668,0.37331998,0.62668,True
FBgn0038717,0,0,0.61178976,0.38821024,0.61178976,True
FBgn0038719,0,0,0.6824,0.3176,0.6824,True
FBgn0038725,0,0,0.6125846,0.3874154,0.6125846,True
FBgn0038727,0,0,0.5886128,0.4113872,0.5886128,True
FBgn0038732,0,0,0.6024328,0.3975672,0.6024328,True
FBgn0038734,0,0,0.6641775,0.33582252,0.6641775,True
FBgn0038735,0,0,0.5621512,0.4378488,0.5621512,True
FBgn0038737,0,0,0.7068599,0.2931401,0.7068599,True
FBgn0038738,0,0,0.6283286,0.37167138,0.6283286,True
FBgn0038739,0,0,0.7137529,0.28624707,0.7137529,True
FBgn0038741,0,0,0.6892053,0.3107947,0.6892053,True
FBgn0038742,0,0,0.67241204,0.32758796,0.67241204,True
FBgn0038744,0,0,0.66752654,0.33247346,0.66752654,True
FBgn0038745,0,0,0.62622845,0.37377155,0.62622845,True
FBgn0038747,0,0,0.708434,0.291566,0.708434,True
FBgn0038749,0,0,0.8311382,0.1688618,0.8311382,True
FBgn0038750,0,0,0.6458376,0.3541624,0.6458376,True
FBgn0038751,0,0,0.60476476,0.39523524,0.60476476,True
FBgn0038753,0,0,0.62011,0.37989002,0.62011,True
FBgn0038756,0,0,0.41899934,0.5810007,0.5810007,True
FBgn0038761,0,0,0.63571846,0.36428154,0.63571846,True
FBgn0038763,0,0,0.6621504,0.33784962,0.6621504,True
FBgn0038765,0,0,0.54084855,0.45915145,0.54084855,True
FBgn0038766,0,0,0.7039396,0.29606038,0.7039396,True
FBgn0038767,0,0,0.69887584,0.30112416,0.69887584,True
FBgn0038769,0,0,0.6439781,0.35602188,0.6439781,True
FBgn0038773,0,0,0.6082152,0.3917848,0.6082152,True
FBgn0038774,0,0,0.8073336,0.19266641,0.8073336,True
FBgn0038775,0,0,0.6188274,0.3811726,0.6188274,True
FBgn0038784,0,0,0.8095175,0.1904825,0.8095175,True
FBgn0038789,0,0,0.59383214,0.40616786,0.59383214,True
FBgn0038790,0,0,0.4594239,0.5405761,0.5405761,True
FBgn0038795,0,0,0.6167801,0.3832199,0.6167801,True
FBgn0038798,0,0,0.5520382,0.4479618,0.5520382,True
FBgn0038803,0,0,0.85103565,0.14896435,0.85103565,True
FBgn0038804,0,0,0.73747504,0.26252496,0.73747504,True
FBgn0038809,0,0,0.6277245,0.37227547,0.6277245,True
FBgn0038811,0,0,0.7227735,0.2772265,0.7227735,True
FBgn0038816,0,0,0.62002003,0.37997997,0.62002003,True
FBgn0038819,0,0,0.81420463,0.18579537,0.81420463,True
FBgn0038820,0,0,0.6145184,0.3854816,0.6145184,True
FBgn0038827,0,0,0.63081145,0.36918855,0.63081145,True
FBgn0038828,0,0,0.6105832,0.3894168,0.6105832,True
FBgn0038830,0,0,0.5737872,0.4262128,0.5737872,True
FBgn0038832,0,0,0.66731143,0.33268857,0.66731143,True
FBgn0038833,0,0,0.7881804,0.21181959,0.7881804,True
FBgn0038837,0,0,0.66480094,0.33519906,0.66480094,True
FBgn0038838,0,0,0.5058595,0.4941405,0.5058595,True
FBgn0038839,0,0,0.9405216,0.059478402,0.9405216,True
FBgn0038842,0,0,0.6425301,0.35746992,0.6425301,True
FBgn0038845,0,0,0.8030128,0.19698721,0.8030128,True
FBgn0038851,0,0,0.71624327,0.28375673,0.71624327,True
FBgn0038854,0,0,0.631076,0.36892402,0.631076,True
FBgn0038855,0,0,0.71602315,0.28397685,0.71602315,True
FBgn0038857,0,0,0.6247311,0.37526888,0.6247311,True
FBgn0038858,0,0,0.5716458,0.4283542,0.5716458,True
FBgn0038859,0,0,0.50312465,0.49687535,0.50312465,True
FBgn0038861,0,0,0.6049714,0.3950286,0.6049714,True
FBgn0038866,0,0,0.6019963,0.3980037,0.6019963,True
FBgn0038869,0,0,0.7088319,0.2911681,0.7088319,True
FBgn0038870,0,0,0.65501297,0.34498703,0.65501297,True
FBgn0038873,0,0,0.6382691,0.36173087,0.6382691,True
FBgn0038876,0,0,0.634154,0.36584598,0.634154,True
FBgn0038877,0,0,0.69473076,0.30526924,0.69473076,True
FBgn0038878,0,0,0.6037297,0.39627028,0.6037297,True
FBgn0038879,0,0,0.5166742,0.48332578,0.5166742,True
FBgn0038880,0,0,0.71238464,0.28761536,0.71238464,True
FBgn0038881,0,0,0.6142992,0.38570082,0.6142992,True
FBgn0038888,0,0,0.53379714,0.46620286,0.53379714,True
FBgn0038890,0,0,0.6261834,0.3738166,0.6261834,True
FBgn0038892,0,0,0.67805284,0.32194716,0.67805284,True
FBgn0038894,0,0,0.6974445,0.3025555,0.6974445,True
FBgn0038897,0,0,0.6492085,0.3507915,0.6492085,True
FBgn0038901,0,0,0.65521276,0.34478724,0.65521276,True
FBgn0038902,0,0,0.6831198,0.31688023,0.6831198,True
FBgn0038912,0,0,0.64236444,0.35763556,0.64236444,True
FBgn0038914,0,0,0.6064426,0.39355743,0.6064426,True
FBgn0038915,0,0,0.48388365,0.5161164,0.5161164,True
FBgn0038917,0,0,0.735729,0.26427102,0.735729,True
FBgn0038918,0,0,0.5927833,0.40721673,0.5927833,True
FBgn0038921,0,0,0.7652429,0.23475713,0.7652429,True
FBgn0038924,0,0,0.6969996,0.3030004,0.6969996,True
FBgn0038926,0,0,0.6398131,0.36018687,0.6398131,True
FBgn0038928,0,0,0.73729736,0.26270264,0.73729736,True
FBgn0038929,0,0,0.64319754,0.35680246,0.64319754,True
FBgn0038931,0,0,0.56848276,0.43151724,0.56848276,True
FBgn0038934,0,0,0.6125611,0.3874389,0.6125611,True
FBgn0038941,0,0,0.65432376,0.34567624,0.65432376,True
FBgn0038942,0,0,0.6819406,0.31805938,0.6819406,True
FBgn0038943,0,0,0.7289025,0.27109748,0.7289025,True
FBgn0038946,0,0,0.60241336,0.39758664,0.60241336,True
FBgn0038948,0,0,0.67278004,0.32721996,0.67278004,True
FBgn0038952,0,0,0.66701245,0.33298755,0.66701245,True
FBgn0038953,0,0,0.6181407,0.3818593,0.6181407,True
FBgn0038956,0,0,0.6806817,0.3193183,0.6806817,True
FBgn0038957,0,0,0.6445899,0.3554101,0.6445899,True
FBgn0038958,0,0,0.6748541,0.3251459,0.6748541,True
FBgn0038959,0,0,0.5575283,0.44247168,0.5575283,True
FBgn0038960,0,0,0.6218112,0.3781888,0.6218112,True
FBgn0038961,0,0,0.64230055,0.35769945,0.64230055,True
FBgn0038966,0,0,0.71202934,0.28797066,0.71202934,True
FBgn0038967,0,0,0.65186644,0.34813356,0.65186644,True
FBgn0038972,0,0,0.62868124,0.37131876,0.62868124,True
FBgn0038973,0,0,0.8925685,0.10743147,0.8925685,True
FBgn0038974,0,0,0.6312437,0.3687563,0.6312437,True
FBgn0038975,0,0,0.6309076,0.3690924,0.6309076,True
FBgn0038977,0,0,0.67035747,0.32964253,0.67035747,True
FBgn0038979,0,0,0.64471537,0.35528463,0.64471537,True
FBgn0038980,0,0,0.6348644,0.3651356,0.6348644,True
FBgn0038981,0,0,0.719983,0.28001702,0.719983,True
FBgn0038993,0,0,0.6005908,0.39940917,0.6005908,True
FBgn0039002,0,0,0.5937107,0.40628928,0.5937107,True
FBgn0039003,0,0,0.6190686,0.38093138,0.6190686,True
FBgn0039006,0,0,0.62183815,0.37816185,0.62183815,True
FBgn0039007,0,0,0.9495766,0.050423384,0.9495766,True
FBgn0039009,0,0,0.62660193,0.37339807,0.62660193,True
FBgn0039010,0,0,0.6167031,0.3832969,0.6167031,True
FBgn0039015,0,0,0.5416116,0.4583884,0.5416116,True
FBgn0039017,0,0,0.57514125,0.42485875,0.57514125,True
FBgn0039019,0,0,0.75392413,0.24607587,0.75392413,True
FBgn0039020,0,0,0.7019354,0.2980646,0.7019354,True
FBgn0039022,0,0,0.6265245,0.3734755,0.6265245,True
FBgn0039023,0,0,0.59273964,0.40726036,0.59273964,True
FBgn0039024,0,0,0.7256278,0.27437222,0.7256278,True
FBgn0039025,0,0,0.7012889,0.29871112,0.7012889,True
FBgn0039026,0,0,0.61715895,0.38284105,0.61715895,True
FBgn0039027,0,0,0.74853045,0.25146955,0.74853045,True
FBgn0039029,0,0,0.5416297,0.45837033,0.5416297,True
FBgn0039031,0,0,0.72841597,0.27158403,0.72841597,True
FBgn0039033,0,0,0.6290397,0.3709603,0.6290397,True
FBgn0039038,0,0,0.6720648,0.32793522,0.6720648,True
FBgn0039040,0,0,0.5954314,0.4045686,0.5954314,True
FBgn0039041,0,0,0.83768743,0.16231257,0.83768743,True
FBgn0039042,0,0,0.6184189,0.38158113,0.6184189,True
FBgn0039045,0,0,0.77242893,0.22757107,0.77242893,True
FBgn0039048,0,0,0.6508474,0.34915262,0.6508474,True
FBgn0039052,0,0,0.5861848,0.4138152,0.5861848,True
FBgn0039053,0,0,0.55396676,0.44603324,0.55396676,True
FBgn0039055,0,0,0.6446446,0.35535538,0.6446446,True
FBgn0039056,0,0,0.71936566,0.28063434,0.71936566,True
FBgn0039058,0,0,0.7140273,0.2859727,0.7140273,True
FBgn0039059,0,0,0.53270715,0.46729285,0.53270715,True
FBgn0039064,0,0,0.6058572,0.3941428,0.6058572,True
FBgn0039065,0,0,0.59012896,0.40987104,0.59012896,True
FBgn0039068,0,0,0.5496442,0.45035583,0.5496442,True
FBgn0039069,0,0,0.6969729,0.3030271,0.6969729,True
FBgn0039071,0,0,0.6302707,0.36972928,0.6302707,True
FBgn0039073,0,0,0.6799222,0.32007778,0.6799222,True
FBgn0039077,0,0,0.41161066,0.58838934,0.58838934,True
FBgn0039079,0,0,0.62274593,0.37725407,0.62274593,True
FBgn0039080,0,0,0.62480426,0.37519574,0.62480426,True
FBgn0039083,0,0,0.5942121,0.4057879,0.5942121,True
FBgn0039084,0,0,0.5752687,0.4247313,0.5752687,True
FBgn0039085,0,0,0.6285903,0.3714097,0.6285903,True
FBgn0039086,0,0,0.62217605,0.37782395,0.62217605,True
FBgn0039087,0,0,0.6073886,0.39261138,0.6073886,True
FBgn0039088,0,0,0.68117994,0.31882006,0.68117994,True
FBgn0039089,0,0,0.74961895,0.25038105,0.74961895,True
FBgn0039091,0,0,0.65555936,0.34444064,0.65555936,True
FBgn0039093,0,0,0.59249765,0.40750235,0.59249765,True
FBgn0039094,0,0,0.6577525,0.3422475,0.6577525,True
FBgn0039098,0,0,0.71433985,0.28566015,0.71433985,True
FBgn0039099,0,0,0.6847406,0.3152594,0.6847406,True
FBgn0039101,0,0,0.5908614,0.40913862,0.5908614,True
FBgn0039104,0,0,0.5471709,0.45282912,0.5471709,True
FBgn0039107,0,0,0.6859557,0.3140443,0.6859557,True
FBgn0039108,0,0,0.58017546,0.41982454,0.58017546,True
FBgn0039109,0,0,0.67883587,0.32116413,0.67883587,True
FBgn0039110,0,0,0.6891327,0.3108673,0.6891327,True
FBgn0039115,0,0,0.5314446,0.4685554,0.5314446,True
FBgn0039117,0,0,0.65498465,0.34501535,0.65498465,True
FBgn0039118,0,0,0.7090366,0.2909634,0.7090366,True
FBgn0039124,0,0,0.6106973,0.38930267,0.6106973,True
FBgn0039126,0,0,0.7283575,0.2716425,0.7283575,True
FBgn0039128,0,0,0.5336744,0.46632558,0.5336744,True
FBgn0039130,0,0,0.673037,0.326963,0.673037,True
FBgn0039135,0,0,0.5432009,0.4567991,0.5432009,True
FBgn0039136,0,0,0.64660305,0.35339695,0.64660305,True
FBgn0039137,0,0,0.629141,0.37085903,0.629141,True
FBgn0039145,0,0,0.6062905,0.39370948,0.6062905,True
FBgn0039147,0,0,0.6632459,0.33675408,0.6632459,True
FBgn0039149,0,0,0.5186528,0.4813472,0.5186528,True
FBgn0039151,0,0,0.65121055,0.34878945,0.65121055,True
FBgn0039152,0,0,0.6305718,0.36942822,0.6305718,True
FBgn0039154,0,0,0.5300429,0.4699571,0.5300429,True
FBgn0039156,0,0,0.78027296,0.21972704,0.78027296,True
FBgn0039157,0,0,0.6104463,0.38955373,0.6104463,True
FBgn0039158,0,0,0.6124853,0.3875147,0.6124853,True
FBgn0039160,0,0,0.6528386,0.3471614,0.6528386,True
FBgn0039161,0,0,0.61185724,0.38814276,0.61185724,True
FBgn0039163,0,0,0.89931184,0.10068816,0.89931184,True
FBgn0039165,0,0,0.6622077,0.33779228,0.6622077,True
FBgn0039167,0,0,0.60528034,0.39471966,0.60528034,True
FBgn0039170,0,0,0.6143601,0.3856399,0.6143601,True
FBgn0039178,0,0,0.59652644,0.40347356,0.59652644,True
FBgn0039180,0,0,0.66638047,0.33361953,0.66638047,True
FBgn0039184,0,0,0.6609847,0.3390153,0.6609847,True
FBgn0039187,0,0,0.6406941,0.35930592,0.6406941,True
FBgn0039189,0,0,0.67600965,0.32399035,0.67600965,True
FBgn0039192,0,0,0.5648154,0.4351846,0.5648154,True
FBgn0039193,0,0,0.65884995,0.34115005,0.65884995,True
FBgn0039194,0,0,0.63903743,0.36096257,0.63903743,True
FBgn0039196,0,0,0.6324408,0.3675592,0.6324408,True
FBgn0039197,0,0,0.528882,0.47111797,0.528882,True
FBgn0039198,0,0,0.5519705,0.44802952,0.5519705,True
FBgn0039199,0,0,0.5568817,0.44311827,0.5568817,True
FBgn0039200,0,0,0.5245008,0.4754992,0.5245008,True
FBgn0039201,0,0,0.6774151,0.32258493,0.6774151,True
FBgn0039202,0,0,0.68304396,0.31695604,0.68304396,True
FBgn0039203,0,0,0.67461294,0.32538706,0.67461294,True
FBgn0039217,0,0,0.70645016,0.29354984,0.70645016,True
FBgn0039223,0,0,0.6242595,0.37574053,0.6242595,True
FBgn0039224,0,0,0.6483934,0.3516066,0.6483934,True
FBgn0039226,0,0,0.7946788,0.2053212,0.7946788,True
FBgn0039227,0,0,0.6533465,0.34665352,0.6533465,True
FBgn0039228,0,0,0.6888492,0.3111508,0.6888492,True
FBgn0039232,0,0,0.57149506,0.42850494,0.57149506,True
FBgn0039235,0,0,0.6171479,0.38285208,0.6171479,True
FBgn0039237,0,0,0.58531076,0.41468924,0.58531076,True
FBgn0039238,0,0,0.6524351,0.34756488,0.6524351,True
FBgn0039239,0,0,0.52756524,0.47243476,0.52756524,True
FBgn0039240,0,0,0.66992974,0.33007026,0.66992974,True
FBgn0039241,0,0,0.7340539,0.2659461,0.7340539,True
FBgn0039244,0,0,0.6073532,0.3926468,0.6073532,True
FBgn0039250,0,0,0.59165496,0.40834504,0.59165496,True
FBgn0039251,0,0,0.63617224,0.36382776,0.63617224,True
FBgn0039252,0,0,0.6397644,0.36023557,0.6397644,True
FBgn0039261,0,0,0.6235934,0.3764066,0.6235934,True
FBgn0039264,0,0,0.502755,0.497245,0.502755,True
FBgn0039265,0,0,0.64879006,0.35120994,0.64879006,True
FBgn0039266,0,0,0.62238836,0.37761164,0.62238836,True
FBgn0039269,0,0,0.7067168,0.29328322,0.7067168,True
FBgn0039270,0,0,0.6921595,0.30784053,0.6921595,True
FBgn0039271,0,0,0.5401221,0.4598779,0.5401221,True
FBgn0039273,0,0,0.58673143,0.41326857,0.58673143,True
FBgn0039277,0,0,0.5329806,0.46701938,0.5329806,True
FBgn0039280,0,0,0.6375498,0.36245018,0.6375498,True
FBgn0039283,0,0,0.75352436,0.24647564,0.75352436,True
FBgn0039288,0,0,0.78555226,0.21444774,0.78555226,True
FBgn0039290,0,0,0.6483352,0.35166478,0.6483352,True
FBgn0039291,0,0,0.6545467,0.34545332,0.6545467,True
FBgn0039293,0,0,0.59142137,0.40857863,0.59142137,True
FBgn0039294,0,0,0.6256133,0.37438673,0.6256133,True
FBgn0039297,0,0,0.84860533,0.15139467,0.84860533,True
FBgn0039299,0,0,0.6319757,0.3680243,0.6319757,True
FBgn0039303,0,0,0.58712643,0.41287357,0.58712643,True
FBgn0039304,0,0,0.64388436,0.35611564,0.64388436,True
FBgn0039305,0,0,0.7019561,0.2980439,0.7019561,True
FBgn0039310,0,0,0.6347512,0.3652488,0.6347512,True
FBgn0039311,0,0,0.57269096,0.42730904,0.57269096,True
FBgn0039312,0,0,0.5863815,0.4136185,0.5863815,True
FBgn0039313,0,0,0.55793303,0.44206697,0.55793303,True
FBgn0039316,0,0,0.66850865,0.33149135,0.66850865,True
FBgn0039319,0,0,0.7127743,0.28722572,0.7127743,True
FBgn0039321,0,0,0.75478715,0.24521285,0.75478715,True
FBgn0039323,0,0,0.70513433,0.29486567,0.70513433,True
FBgn0039324,0,0,0.646839,0.35316098,0.646839,True
FBgn0039325,0,0,0.6310737,0.3689263,0.6310737,True
FBgn0039326,0,0,0.64766395,0.35233605,0.64766395,True
FBgn0039328,0,0,0.55111605,0.44888395,0.55111605,True
FBgn0039329,0,0,0.6165769,0.3834231,0.6165769,True
FBgn0039331,0,0,0.6227681,0.3772319,0.6227681,True
FBgn0039332,0,0,0.54593545,0.45406455,0.54593545,True
FBgn0039335,0,0,0.6227661,0.37723392,0.6227661,True
FBgn0039336,0,0,0.60762244,0.39237756,0.60762244,True
FBgn0039339,0,0,0.62525064,0.37474936,0.62525064,True
FBgn0039341,0,0,0.63791317,0.36208683,0.63791317,True
FBgn0039342,0,0,0.54975694,0.45024306,0.54975694,True
FBgn0039343,0,0,0.61601114,0.38398886,0.61601114,True
FBgn0039344,0,0,0.6465914,0.35340858,0.6465914,True
FBgn0039347,0,0,0.67780113,0.32219887,0.67780113,True
FBgn0039350,0,0,0.6344587,0.36554128,0.6344587,True
FBgn0039355,0,0,0.7370432,0.2629568,0.7370432,True
FBgn0039356,0,0,0.6320903,0.36790973,0.6320903,True
FBgn0039357,0,0,0.64891595,0.35108405,0.64891595,True
FBgn0039358,0,0,0.79012996,0.20987004,0.79012996,True
FBgn0039360,0,0,0.7035403,0.29645967,0.7035403,True
FBgn0039366,0,0,0.5210384,0.4789616,0.5210384,True
FBgn0039367,0,0,0.5427967,0.45720333,0.5427967,True
FBgn0039368,0,0,0.6014753,0.3985247,0.6014753,True
FBgn0039370,0,0,0.55666184,0.44333816,0.55666184,True
FBgn0039371,0,0,0.5654284,0.43457162,0.5654284,True
FBgn0039373,0,0,0.64544296,0.35455704,0.64544296,True
FBgn0039374,0,0,0.4843913,0.51560867,0.51560867,True
FBgn0039379,0,0,0.6505607,0.34943932,0.6505607,True
FBgn0039380,0,0,0.6339173,0.36608273,0.6339173,True
FBgn0039381,0,0,0.7055283,0.29447168,0.7055283,True
FBgn0039387,0,0,0.60479224,0.39520776,0.60479224,True
FBgn0039395,0,0,0.6333937,0.3666063,0.6333937,True
FBgn0039396,0,0,0.78472203,0.21527797,0.78472203,True
FBgn0039398,0,0,0.6369579,0.36304212,0.6369579,True
FBgn0039405,0,0,0.6093369,0.3906631,0.6093369,True
FBgn0039408,0,0,0.63237387,0.36762613,0.63237387,True
FBgn0039415,0,0,0.66519964,0.33480036,0.66519964,True
FBgn0039417,0,0,0.59721893,0.40278107,0.59721893,True
FBgn0039419,0,0,0.63897604,0.36102396,0.63897604,True
FBgn0039420,0,0,0.6801022,0.31989777,0.6801022,True
FBgn0039421,0,0,0.5522482,0.44775182,0.5522482,True
FBgn0039424,0,0,0.6992588,0.3007412,0.6992588,True
FBgn0039425,0,0,0.5163838,0.48361617,0.5163838,True
FBgn0039427,0,0,0.6047415,0.3952585,0.6047415,True
FBgn0039429,0,0,0.725228,0.274772,0.725228,True
FBgn0039430,0,0,0.5594948,0.4405052,0.5594948,True
FBgn0039439,0,0,0.66677433,0.33322567,0.66677433,True
FBgn0039441,0,1,0.95945793,0.040542066,0.95945793,False
FBgn0039443,0,0,0.53495103,0.46504897,0.53495103,True
FBgn0039444,0,0,0.7878468,0.2121532,0.7878468,True
FBgn0039451,0,0,0.6334293,0.3665707,0.6334293,True
FBgn0039453,0,0,0.64094037,0.35905963,0.64094037,True
FBgn0039454,0,0,0.6228814,0.3771186,0.6228814,True
FBgn0039462,0,0,0.56953686,0.43046314,0.56953686,True
FBgn0039463,0,0,0.85148907,0.14851093,0.85148907,True
FBgn0039464,0,0,0.790842,0.209158,0.790842,True
FBgn0039465,0,0,0.580057,0.41994298,0.580057,True
FBgn0039466,0,0,0.6097515,0.39024848,0.6097515,True
FBgn0039467,0,0,0.6856482,0.3143518,0.6856482,True
FBgn0039470,0,0,0.6039461,0.3960539,0.6039461,True
FBgn0039471,0,0,0.8158404,0.18415958,0.8158404,True
FBgn0039472,0,0,0.64155084,0.35844916,0.64155084,True
FBgn0039476,0,0,0.8590689,0.14093113,0.8590689,True
FBgn0039478,0,0,0.6537249,0.3462751,0.6537249,True
FBgn0039479,0,0,0.7178013,0.28219873,0.7178013,True
FBgn0039482,0,0,0.70640445,0.29359555,0.70640445,True
FBgn0039483,0,0,0.63435704,0.36564296,0.63435704,True
FBgn0039485,0,0,0.62870175,0.37129825,0.62870175,True
FBgn0039487,0,0,0.66272014,0.33727986,0.66272014,True
FBgn0039490,0,0,0.6877235,0.31227648,0.6877235,True
FBgn0039491,0,0,0.7154946,0.28450543,0.7154946,True
FBgn0039494,0,0,0.68313074,0.31686926,0.68313074,True
FBgn0039498,0,0,0.54039264,0.45960736,0.54039264,True
FBgn0039500,0,0,0.6657129,0.3342871,0.6657129,True
FBgn0039501,0,0,0.75195605,0.24804395,0.75195605,True
FBgn0039503,0,0,0.7431036,0.25689638,0.7431036,True
FBgn0039504,0,0,0.8106579,0.18934208,0.8106579,True
FBgn0039505,0,0,0.87533283,0.12466717,0.87533283,True
FBgn0039507,0,0,0.69140255,0.30859745,0.69140255,True
FBgn0039508,0,0,0.6353117,0.36468828,0.6353117,True
FBgn0039510,0,0,0.64758015,0.35241985,0.64758015,True
FBgn0039511,0,0,0.64116955,0.35883045,0.64116955,True
FBgn0039518,0,0,0.6116953,0.3883047,0.6116953,True
FBgn0039519,0,0,0.6008911,0.3991089,0.6008911,True
FBgn0039520,0,0,0.52558976,0.47441024,0.52558976,True
FBgn0039522,0,0,0.72615445,0.27384555,0.72615445,True
FBgn0039525,0,0,0.845656,0.15434402,0.845656,True
FBgn0039528,0,0,0.6589153,0.34108472,0.6589153,True
FBgn0039529,0,0,0.61570746,0.38429254,0.61570746,True
FBgn0039530,0,0,0.60627437,0.39372563,0.60627437,True
FBgn0039531,0,0,0.590345,0.40965497,0.590345,True
FBgn0039532,0,0,0.767508,0.23249203,0.767508,True
FBgn0039536,0,0,0.62707835,0.37292165,0.62707835,True
FBgn0039537,0,0,0.8932324,0.106767595,0.8932324,True
FBgn0039544,0,0,0.60332507,0.39667493,0.60332507,True
FBgn0039551,0,0,0.56715375,0.43284625,0.56715375,True
FBgn0039554,0,0,0.63528335,0.36471665,0.63528335,True
FBgn0039559,0,0,0.62780136,0.37219864,0.62780136,True
FBgn0039560,0,0,0.6280674,0.37193263,0.6280674,True
FBgn0039563,0,0,0.6433633,0.3566367,0.6433633,True
FBgn0039565,0,0,0.65816855,0.34183145,0.65816855,True
FBgn0039568,0,0,0.706098,0.29390198,0.706098,True
FBgn0039581,0,0,0.5851092,0.41489083,0.5851092,True
FBgn0039582,0,0,0.59245056,0.40754944,0.59245056,True
FBgn0039584,0,0,0.8225137,0.1774863,0.8225137,True
FBgn0039585,0,0,0.6379097,0.3620903,0.6379097,True
FBgn0039589,0,0,0.6546454,0.34535462,0.6546454,True
FBgn0039590,0,0,0.64609766,0.35390234,0.64609766,True
FBgn0039591,0,0,0.58772343,0.41227657,0.58772343,True
FBgn0039592,0,0,0.6283007,0.37169927,0.6283007,True
FBgn0039596,0,0,0.6228579,0.37714207,0.6228579,True
FBgn0039597,0,0,0.5911113,0.4088887,0.5911113,True
FBgn0039599,0,0,0.5851684,0.41483158,0.5851684,True
FBgn0039600,0,0,0.6443463,0.3556537,0.6443463,True
FBgn0039601,0,0,0.6304745,0.3695255,0.6304745,True
FBgn0039602,0,0,0.61444545,0.38555455,0.61444545,True
FBgn0039609,0,0,0.6957605,0.3042395,0.6957605,True
FBgn0039612,0,0,0.693994,0.306006,0.693994,True
FBgn0039613,0,0,0.60676503,0.39323497,0.60676503,True
FBgn0039616,0,0,0.58118314,0.41881686,0.58118314,True
FBgn0039621,0,0,0.60289,0.39711,0.60289,True
FBgn0039623,0,0,0.6692188,0.33078122,0.6692188,True
FBgn0039625,0,0,0.82440907,0.17559093,0.82440907,True
FBgn0039629,0,0,0.73880833,0.26119167,0.73880833,True
FBgn0039630,0,0,0.63760126,0.36239874,0.63760126,True
FBgn0039631,0,0,0.6745219,0.32547808,0.6745219,True
FBgn0039634,0,0,0.67227334,0.32772666,0.67227334,True
FBgn0039637,0,0,0.6040851,0.3959149,0.6040851,True
FBgn0039638,0,0,0.7640126,0.23598742,0.7640126,True
FBgn0039640,0,0,0.65534514,0.34465486,0.65534514,True
FBgn0039641,0,0,0.6689844,0.3310156,0.6689844,True
FBgn0039642,0,0,0.7536915,0.2463085,0.7536915,True
FBgn0039644,0,0,0.6574749,0.34252512,0.6574749,True
FBgn0039645,0,0,0.6476618,0.3523382,0.6476618,True
FBgn0039647,0,0,0.63628167,0.36371833,0.63628167,True
FBgn0039648,0,0,0.7499978,0.2500022,0.7499978,True
FBgn0039650,0,0,0.56746405,0.43253595,0.56746405,True
FBgn0039654,0,0,0.61315787,0.38684213,0.61315787,True
FBgn0039655,0,0,0.68223166,0.31776834,0.68223166,True
FBgn0039656,0,0,0.615981,0.38401902,0.615981,True
FBgn0039659,0,0,0.516205,0.483795,0.516205,True
FBgn0039663,0,0,0.66442186,0.33557814,0.66442186,True
FBgn0039665,0,0,0.90208125,0.09791875,0.90208125,True
FBgn0039669,0,0,0.94343287,0.056567132,0.94343287,True
FBgn0039670,0,0,0.73975456,0.26024544,0.73975456,True
FBgn0039671,0,0,0.6655758,0.3344242,0.6655758,True
FBgn0039673,0,0,0.6438347,0.3561653,0.6438347,True
FBgn0039674,0,0,0.7915412,0.20845878,0.7915412,True
FBgn0039675,0,0,0.64919883,0.35080117,0.64919883,True
FBgn0039679,0,0,0.5902007,0.40979928,0.5902007,True
FBgn0039681,0,0,0.8021535,0.19784647,0.8021535,True
FBgn0039682,0,0,0.88574946,0.11425054,0.88574946,True
FBgn0039684,0,0,0.68122846,0.31877154,0.68122846,True
FBgn0039685,0,0,0.8850748,0.114925206,0.8850748,True
FBgn0039687,0,0,0.7368087,0.26319128,0.7368087,True
FBgn0039690,0,0,0.71218634,0.28781366,0.71218634,True
FBgn0039696,0,0,0.6323083,0.3676917,0.6323083,True
FBgn0039703,0,0,0.64920944,0.35079056,0.64920944,True
FBgn0039705,0,0,0.6254864,0.37451363,0.6254864,True
FBgn0039709,0,0,0.62206167,0.37793833,0.62206167,True
FBgn0039711,0,0,0.65321213,0.34678787,0.65321213,True
FBgn0039712,0,0,0.64619225,0.35380775,0.64619225,True
FBgn0039718,0,0,0.62520087,0.37479913,0.62520087,True
FBgn0039719,0,0,0.85120755,0.14879245,0.85120755,True
FBgn0039723,0,0,0.84795535,0.15204465,0.84795535,True
FBgn0039727,0,0,0.6438465,0.3561535,0.6438465,True
FBgn0039731,0,0,0.56573516,0.43426484,0.56573516,True
FBgn0039732,0,0,0.5387635,0.46123648,0.5387635,True
FBgn0039733,0,0,0.7651575,0.23484248,0.7651575,True
FBgn0039734,0,0,0.61993444,0.38006556,0.61993444,True
FBgn0039735,0,0,0.7054774,0.29452258,0.7054774,True
FBgn0039736,0,0,0.6600373,0.33996272,0.6600373,True
FBgn0039739,0,0,0.7024504,0.2975496,0.7024504,True
FBgn0039741,0,0,0.73758596,0.26241404,0.73758596,True
FBgn0039742,0,0,0.69437003,0.30562997,0.69437003,True
FBgn0039743,0,0,0.5731193,0.42688072,0.5731193,True
FBgn0039744,0,0,0.60647166,0.39352834,0.60647166,True
FBgn0039748,0,0,0.67183995,0.32816005,0.67183995,True
FBgn0039749,0,0,0.6937012,0.3062988,0.6937012,True
FBgn0039752,0,0,0.62152153,0.37847847,0.62152153,True
FBgn0039755,0,0,0.74005324,0.25994676,0.74005324,True
FBgn0039758,0,0,0.61688,0.38312,0.61688,True
FBgn0039760,0,0,0.6016213,0.39837867,0.6016213,True
FBgn0039764,0,0,0.58988076,0.41011924,0.58988076,True
FBgn0039767,0,0,0.76901317,0.23098683,0.76901317,True
FBgn0039768,0,0,0.68129045,0.31870955,0.68129045,True
FBgn0039769,0,0,0.6378074,0.36219257,0.6378074,True
FBgn0039771,0,0,0.556566,0.443434,0.556566,True
FBgn0039773,0,0,0.78171843,0.21828157,0.78171843,True
FBgn0039776,0,0,0.67948115,0.32051885,0.67948115,True
FBgn0039777,0,0,0.91517305,0.084826946,0.91517305,True
FBgn0039779,0,0,0.6673432,0.3326568,0.6673432,True
FBgn0039780,0,0,0.6676814,0.3323186,0.6676814,True
FBgn0039782,0,0,0.6001014,0.3998986,0.6001014,True
FBgn0039784,0,0,0.6902605,0.30973947,0.6902605,True
FBgn0039789,0,0,0.6691043,0.33089572,0.6691043,True
FBgn0039790,0,0,0.68823427,0.31176573,0.68823427,True
FBgn0039792,0,0,0.61676943,0.38323057,0.61676943,True
FBgn0039795,0,0,0.67057866,0.32942134,0.67057866,True
FBgn0039796,0,0,0.62011546,0.37988454,0.62011546,True
FBgn0039798,0,0,0.6282503,0.3717497,0.6282503,True
FBgn0039800,0,0,0.6691616,0.33083838,0.6691616,True
FBgn0039801,0,0,0.69000953,0.30999047,0.69000953,True
FBgn0039802,0,0,0.76757884,0.23242116,0.76757884,True
FBgn0039804,0,0,0.6089936,0.3910064,0.6089936,True
FBgn0039809,0,0,0.61932635,0.38067365,0.61932635,True
FBgn0039812,0,0,0.62030244,0.37969756,0.62030244,True
FBgn0039818,0,0,0.6375759,0.36242408,0.6375759,True
FBgn0039821,0,0,0.60682976,0.39317024,0.60682976,True
FBgn0039827,0,0,0.7008503,0.2991497,0.7008503,True
FBgn0039829,0,0,0.5972406,0.40275937,0.5972406,True
FBgn0039832,0,0,0.58372486,0.41627514,0.58372486,True
FBgn0039833,0,0,0.6773216,0.3226784,0.6773216,True
FBgn0039839,0,0,0.6263451,0.3736549,0.6263451,True
FBgn0039840,0,0,0.6601665,0.3398335,0.6601665,True
FBgn0039844,0,0,0.6476197,0.35238028,0.6476197,True
FBgn0039848,0,0,0.634934,0.365066,0.634934,True
FBgn0039849,0,0,0.6816555,0.31834447,0.6816555,True
FBgn0039850,0,0,0.72848344,0.27151656,0.72848344,True
FBgn0039851,0,0,0.73776233,0.26223767,0.73776233,True
FBgn0039854,0,0,0.6461797,0.35382032,0.6461797,True
FBgn0039855,0,0,0.7297327,0.2702673,0.7297327,True
FBgn0039856,0,0,0.66966844,0.33033156,0.66966844,True
FBgn0039859,0,0,0.6901967,0.3098033,0.6901967,True
FBgn0039860,0,0,0.647141,0.35285902,0.647141,True
FBgn0039863,0,0,0.60559213,0.39440787,0.60559213,True
FBgn0039867,0,0,0.6359015,0.3640985,0.6359015,True
FBgn0039868,0,0,0.6236827,0.37631732,0.6236827,True
FBgn0039869,0,0,0.86539537,0.13460463,0.86539537,True
FBgn0039872,0,0,0.6793406,0.3206594,0.6793406,True
FBgn0039876,0,0,0.65160877,0.34839123,0.65160877,True
FBgn0039877,0,0,0.6352339,0.36476612,0.6352339,True
FBgn0039879,0,0,0.58685255,0.41314745,0.58685255,True
FBgn0039881,0,0,0.7168867,0.2831133,0.7168867,True
FBgn0039886,0,0,0.58959067,0.41040933,0.58959067,True
FBgn0039887,0,0,0.6432798,0.3567202,0.6432798,True
FBgn0039889,0,0,0.5034601,0.4965399,0.5034601,True
FBgn0039890,0,0,0.57739305,0.42260695,0.57739305,True
FBgn0039896,0,0,0.50155437,0.49844563,0.50155437,True
FBgn0039897,0,0,0.5908162,0.4091838,0.5908162,True
FBgn0039900,0,0,0.51261145,0.48738855,0.51261145,True
FBgn0039902,0,0,0.5227144,0.47728562,0.5227144,True
FBgn0039911,0,0,0.55840105,0.44159895,0.55840105,True
FBgn0039916,0,0,0.61397964,0.38602036,0.61397964,True
FBgn0039920,0,0,0.5395202,0.4604798,0.5395202,True
FBgn0039925,0,0,0.5573755,0.4426245,0.5573755,True
FBgn0039927,0,0,0.57604665,0.42395335,0.57604665,True
FBgn0039928,0,0,0.5809237,0.41907632,0.5809237,True
FBgn0039929,0,0,0.63320225,0.36679775,0.63320225,True
FBgn0039930,0,0,0.6016297,0.39837033,0.6016297,True
FBgn0039936,0,0,0.59667915,0.40332085,0.59667915,True
FBgn0039941,0,0,0.69342613,0.30657387,0.69342613,True
FBgn0039955,0,0,0.6359913,0.36400872,0.6359913,True
FBgn0039965,0,0,0.57337815,0.42662185,0.57337815,True
FBgn0039972,0,0,0.61765754,0.38234246,0.61765754,True
FBgn0039993,0,0,0.63004434,0.36995566,0.63004434,True
FBgn0039994,0,0,0.6254646,0.37453538,0.6254646,True
FBgn0040005,0,0,0.5419,0.45810002,0.5419,True
FBgn0040010,0,0,0.47812206,0.52187794,0.52187794,True
FBgn0040031,0,0,0.595529,0.40447098,0.595529,True
FBgn0040038,0,0,0.5870332,0.4129668,0.5870332,True
FBgn0040060,0,0,0.6748891,0.3251109,0.6748891,True
FBgn0040063,0,0,0.5095263,0.4904737,0.5095263,True
FBgn0040064,0,0,0.6666907,0.3333093,0.6666907,True
FBgn0040069,0,0,0.65119886,0.34880114,0.65119886,True
FBgn0040070,0,0,0.6914055,0.30859452,0.6914055,True
FBgn0040076,0,0,0.4883473,0.5116527,0.5116527,True
FBgn0040077,0,0,0.89268297,0.10731703,0.89268297,True
FBgn0040089,0,0,0.7534534,0.24654663,0.7534534,True
FBgn0040091,0,0,0.6169831,0.38301688,0.6169831,True
FBgn0040092,0,0,0.6375493,0.36245072,0.6375493,True
FBgn0040096,0,0,0.58172923,0.41827077,0.58172923,True
FBgn0040097,0,0,0.45351046,0.54648954,0.54648954,True
FBgn0040099,0,0,0.4966392,0.5033608,0.5033608,True
FBgn0040102,0,0,0.6198778,0.38012218,0.6198778,True
FBgn0040106,0,0,0.59720427,0.40279573,0.59720427,True
FBgn0040107,0,0,0.55465525,0.44534475,0.55465525,True
FBgn0040211,0,0,0.6041146,0.3958854,0.6041146,True
FBgn0040212,0,0,0.64508176,0.35491824,0.64508176,True
FBgn0040230,0,0,0.6387304,0.3612696,0.6387304,True
FBgn0040234,0,0,0.6282018,0.37179822,0.6282018,True
FBgn0040236,0,0,0.6695035,0.3304965,0.6695035,True
FBgn0040238,0,0,0.6447977,0.35520232,0.6447977,True
FBgn0040239,0,0,0.46795738,0.5320426,0.5320426,True
FBgn0040250,0,0,0.61427444,0.38572556,0.61427444,True
FBgn0040251,0,0,0.6510465,0.3489535,0.6510465,True
FBgn0040253,0,0,0.5871824,0.4128176,0.5871824,True
FBgn0040256,0,0,0.6530896,0.34691042,0.6530896,True
FBgn0040257,0,0,0.61055183,0.38944817,0.61055183,True
FBgn0040259,0,0,0.62899184,0.37100816,0.62899184,True
FBgn0040260,0,0,0.73372173,0.26627827,0.73372173,True
FBgn0040261,0,0,0.6429478,0.3570522,0.6429478,True
FBgn0040285,0,0,0.70501876,0.29498124,0.70501876,True
FBgn0040291,0,0,0.566117,0.433883,0.566117,True
FBgn0040296,0,0,0.7153075,0.28469253,0.7153075,True
FBgn0040318,0,0,0.5776696,0.42233038,0.5776696,True
FBgn0040319,0,0,0.75521654,0.24478346,0.75521654,True
FBgn0040321,0,0,0.67784077,0.32215923,0.67784077,True
FBgn0040322,0,0,0.6111445,0.38885552,0.6111445,True
FBgn0040324,0,0,0.52561206,0.47438794,0.52561206,True
FBgn0040333,0,0,0.65340376,0.34659624,0.65340376,True
FBgn0040334,0,0,0.8433676,0.15663242,0.8433676,True
FBgn0040337,0,0,0.7077788,0.2922212,0.7077788,True
FBgn0040338,0,0,0.47656834,0.52343166,0.52343166,True
FBgn0040340,0,0,0.8196734,0.18032658,0.8196734,True
FBgn0040341,0,0,0.6941302,0.30586982,0.6941302,True
FBgn0040342,0,0,0.7338129,0.26618707,0.7338129,True
FBgn0040343,0,0,0.61073256,0.38926744,0.61073256,True
FBgn0040344,0,0,0.6754427,0.3245573,0.6754427,True
FBgn0040345,0,0,0.7015463,0.2984537,0.7015463,True
FBgn0040347,0,0,0.7203664,0.27963358,0.7203664,True
FBgn0040349,0,0,0.8251639,0.1748361,0.8251639,True
FBgn0040350,0,0,0.70741343,0.29258657,0.70741343,True
FBgn0040351,0,0,0.73130083,0.26869917,0.73130083,True
FBgn0040352,0,0,0.641017,0.35898298,0.641017,True
FBgn0040353,0,0,0.7244527,0.27554733,0.7244527,True
FBgn0040356,0,0,0.6656874,0.33431262,0.6656874,True
FBgn0040358,0,0,0.62745076,0.37254924,0.62745076,True
FBgn0040359,0,0,0.6529331,0.34706688,0.6529331,True
FBgn0040360,0,0,0.78440136,0.21559864,0.78440136,True
FBgn0040362,0,0,0.69664365,0.30335635,0.69664365,True
FBgn0040364,0,0,0.726574,0.273426,0.726574,True
FBgn0040365,0,0,0.5917567,0.4082433,0.5917567,True
FBgn0040367,0,0,0.61169404,0.38830596,0.61169404,True
FBgn0040368,0,0,0.56689787,0.43310213,0.56689787,True
FBgn0040370,0,0,0.6652994,0.33470058,0.6652994,True
FBgn0040371,0,0,0.61433303,0.38566697,0.61433303,True
FBgn0040372,0,0,0.60564095,0.39435905,0.60564095,True
FBgn0040373,0,0,0.61474264,0.38525736,0.61474264,True
FBgn0040375,0,0,0.59834,0.40166003,0.59834,True
FBgn0040382,0,0,0.77729714,0.22270286,0.77729714,True
FBgn0040383,0,0,0.6870124,0.31298763,0.6870124,True
FBgn0040384,0,0,0.7492092,0.25079077,0.7492092,True
FBgn0040388,0,0,0.6480842,0.35191578,0.6480842,True
FBgn0040391,0,0,0.6180012,0.38199878,0.6180012,True
FBgn0040392,0,0,0.651812,0.34818798,0.651812,True
FBgn0040393,0,0,0.9422335,0.057766497,0.9422335,True
FBgn0040396,0,0,0.5357202,0.46427977,0.5357202,True
FBgn0040397,0,0,0.7308371,0.2691629,0.7308371,True
FBgn0040465,0,0,0.78278536,0.21721464,0.78278536,True
FBgn0040466,0,0,0.62076074,0.37923926,0.62076074,True
FBgn0040467,0,0,0.6267658,0.3732342,0.6267658,True
FBgn0040475,0,0,0.72505474,0.27494526,0.72505474,True
FBgn0040502,0,0,0.7057156,0.2942844,0.7057156,True
FBgn0040503,0,0,0.5333898,0.4666102,0.5333898,True
FBgn0040508,0,0,0.6105694,0.38943058,0.6105694,True
FBgn0040509,0,0,0.638136,0.36186397,0.638136,True
FBgn0040510,0,0,0.6143739,0.38562608,0.6143739,True
FBgn0040513,0,0,0.78333044,0.21666956,0.78333044,True
FBgn0040519,0,0,0.5587641,0.4412359,0.5587641,True
FBgn0040524,0,0,0.57642424,0.42357576,0.57642424,True
FBgn0040528,0,0,0.60022193,0.39977807,0.60022193,True
FBgn0040532,0,0,0.67382973,0.32617027,0.67382973,True
FBgn0040571,0,0,0.4828197,0.5171803,0.5171803,True
FBgn0040582,0,0,0.46657228,0.5334277,0.5334277,True
FBgn0040600,0,0,0.84095913,0.15904087,0.84095913,True
FBgn0040601,0,0,0.6445059,0.35549408,0.6445059,True
FBgn0040602,0,0,0.79914004,0.20085996,0.79914004,True
FBgn0040606,0,0,0.45916232,0.54083765,0.54083765,True
FBgn0040607,0,0,0.6274934,0.37250662,0.6274934,True
FBgn0040609,0,0,0.6757077,0.3242923,0.6757077,True
FBgn0040628,0,0,0.6360829,0.3639171,0.6360829,True
FBgn0040629,0,0,0.68798274,0.31201726,0.68798274,True
FBgn0040634,0,0,0.5396871,0.4603129,0.5396871,True
FBgn0040636,0,0,0.45086676,0.54913324,0.54913324,True
FBgn0040637,0,0,0.64363164,0.35636836,0.64363164,True
FBgn0040648,0,0,0.5807,0.41930002,0.5807,True
FBgn0040650,0,0,0.60125124,0.39874876,0.60125124,True
FBgn0040651,0,0,0.64943635,0.35056365,0.64943635,True
FBgn0040653,0,0,0.58547574,0.41452426,0.58547574,True
FBgn0040660,0,0,0.83196646,0.16803354,0.83196646,True
FBgn0040674,0,0,0.56415707,0.43584293,0.56415707,True
FBgn0040679,0,0,0.5369963,0.4630037,0.5369963,True
FBgn0040687,0,0,0.4737151,0.52628493,0.52628493,True
FBgn0040696,0,0,0.71393263,0.28606737,0.71393263,True
FBgn0040697,0,0,0.70170146,0.29829854,0.70170146,True
FBgn0040699,0,0,0.523357,0.47664303,0.523357,True
FBgn0040705,0,0,0.80439436,0.19560564,0.80439436,True
FBgn0040717,0,0,0.42909887,0.57090116,0.57090116,True
FBgn0040718,0,0,0.5403,0.4597,0.5403,True
FBgn0040723,0,0,0.46455655,0.5354434,0.5354434,True
FBgn0040726,0,0,0.652411,0.34758902,0.652411,True
FBgn0040729,0,0,0.42165166,0.57834834,0.57834834,True
FBgn0040730,0,0,0.48202303,0.517977,0.517977,True
FBgn0040732,0,0,0.5467865,0.4532135,0.5467865,True
FBgn0040734,0,0,0.38198552,0.61801445,0.61801445,True
FBgn0040735,0,0,0.44737425,0.5526258,0.5526258,True
FBgn0040736,0,0,0.41864064,0.5813594,0.5813594,True
FBgn0040743,0,0,0.5779141,0.42208588,0.5779141,True
FBgn0040747,0,0,0.63615674,0.36384326,0.63615674,True
FBgn0040752,0,0,0.61867464,0.38132536,0.61867464,True
FBgn0040754,0,0,0.5058653,0.49413472,0.5058653,True
FBgn0040755,0,0,0.4996077,0.5003923,0.5003923,True
FBgn0040763,0,0,0.6622959,0.33770412,0.6622959,True
FBgn0040773,0,0,0.63015723,0.36984277,0.63015723,True
FBgn0040777,0,0,0.6307179,0.36928213,0.6307179,True
FBgn0040786,0,0,0.7791892,0.22081077,0.7791892,True
FBgn0040794,0,0,0.46743503,0.532565,0.532565,True
FBgn0040795,0,0,0.7300912,0.2699088,0.7300912,True
FBgn0040796,0,0,0.5028629,0.49713713,0.5028629,True
FBgn0040797,0,0,0.62373924,0.37626076,0.62373924,True
FBgn0040798,0,0,0.5344246,0.4655754,0.5344246,True
FBgn0040801,0,0,0.5180179,0.4819821,0.5180179,True
FBgn0040805,0,0,0.47426674,0.52573323,0.52573323,True
FBgn0040812,0,0,0.52649623,0.47350377,0.52649623,True
FBgn0040814,0,0,0.78635657,0.21364343,0.78635657,True
FBgn0040816,0,0,0.48410845,0.51589155,0.51589155,True
FBgn0040817,0,0,0.7136964,0.28630358,0.7136964,True
FBgn0040823,0,0,0.65701455,0.34298545,0.65701455,True
FBgn0040827,0,0,0.66392785,0.33607215,0.66392785,True
FBgn0040828,0,0,0.49450573,0.50549424,0.50549424,True
FBgn0040832,0,0,0.70473623,0.29526377,0.70473623,True
FBgn0040842,0,0,0.5146936,0.48530638,0.5146936,True
FBgn0040843,0,0,0.92786485,0.07213515,0.92786485,True
FBgn0040850,0,0,0.512597,0.48740298,0.512597,True
FBgn0040877,0,0,0.53464264,0.46535736,0.53464264,True
FBgn0040892,0,0,0.5674924,0.43250757,0.5674924,True
FBgn0040899,0,0,0.6569998,0.34300017,0.6569998,True
FBgn0040900,0,0,0.5365783,0.4634217,0.5365783,True
FBgn0040904,0,0,0.84911084,0.15088916,0.84911084,True
FBgn0040905,0,0,0.5565001,0.44349992,0.5565001,True
FBgn0040906,0,0,0.8279269,0.17207313,0.8279269,True
FBgn0040929,0,0,0.84315175,0.15684825,0.84315175,True
FBgn0040931,0,0,0.9256089,0.07439113,0.9256089,True
FBgn0040941,0,0,0.52723795,0.47276205,0.52723795,True
FBgn0040949,0,0,0.75169176,0.24830824,0.75169176,True
FBgn0040950,0,0,0.5847357,0.4152643,0.5847357,True
FBgn0040958,0,0,0.5165993,0.4834007,0.5165993,True
FBgn0040959,0,0,0.5372408,0.4627592,0.5372408,True
FBgn0040963,0,0,0.5582406,0.4417594,0.5582406,True
FBgn0040964,0,0,0.73526293,0.26473707,0.73526293,True
FBgn0040967,0,0,0.5901876,0.4098124,0.5901876,True
FBgn0040968,0,0,0.57556504,0.42443496,0.57556504,True
FBgn0040972,0,0,0.58372176,0.41627824,0.58372176,True
FBgn0040984,0,0,0.43706623,0.5629338,0.5629338,True
FBgn0040989,0,0,0.56711245,0.43288755,0.56711245,True
FBgn0040992,0,0,0.5344733,0.4655267,0.5344733,True
FBgn0040996,0,0,0.61680543,0.38319457,0.61680543,True
FBgn0041004,0,0,0.5611694,0.4388306,0.5611694,True
FBgn0041087,0,0,0.6641665,0.3358335,0.6641665,True
FBgn0041094,0,0,0.6713146,0.3286854,0.6713146,True
FBgn0041097,0,0,0.57414174,0.42585826,0.57414174,True
FBgn0041102,0,0,0.520874,0.47912598,0.520874,True
FBgn0041103,0,0,0.6800158,0.3199842,0.6800158,True
FBgn0041150,0,0,0.64507926,0.35492074,0.64507926,True
FBgn0041156,0,0,0.6509386,0.34906143,0.6509386,True
FBgn0041180,0,0,0.64646477,0.35353523,0.64646477,True
FBgn0041181,0,0,0.5679282,0.4320718,0.5679282,True
FBgn0041182,0,0,0.60693395,0.39306605,0.60693395,True
FBgn0041183,0,0,0.62683314,0.37316686,0.62683314,True
FBgn0041184,0,0,0.65099823,0.34900177,0.65099823,True
FBgn0041195,0,0,0.6084108,0.39158922,0.6084108,True
FBgn0041205,0,0,0.6998061,0.3001939,0.6998061,True
FBgn0041210,0,0,0.6293968,0.3706032,0.6293968,True
FBgn0041224,0,0,0.61172944,0.38827056,0.61172944,True
FBgn0041225,0,0,0.7507417,0.24925828,0.7507417,True
FBgn0041229,0,0,0.566646,0.43335402,0.566646,True
FBgn0041231,0,0,0.61741036,0.38258964,0.61741036,True
FBgn0041232,0,0,0.5313133,0.4686867,0.5313133,True
FBgn0041233,0,0,0.622067,0.37793303,0.622067,True
FBgn0041236,0,0,0.6268004,0.37319958,0.6268004,True
FBgn0041237,0,0,0.5872426,0.4127574,0.5872426,True
FBgn0041238,0,0,0.60135436,0.39864564,0.60135436,True
FBgn0041239,0,0,0.57523006,0.42476994,0.57523006,True
FBgn0041240,0,0,0.5923386,0.40766138,0.5923386,True
FBgn0041241,0,0,0.73318464,0.26681536,0.73318464,True
FBgn0041242,0,0,0.6542942,0.3457058,0.6542942,True
FBgn0041243,0,0,0.64071244,0.35928756,0.64071244,True
FBgn0041245,0,0,0.562913,0.437087,0.562913,True
FBgn0041246,0,0,0.6299033,0.37009668,0.6299033,True
FBgn0041247,0,0,0.61616063,0.38383937,0.61616063,True
FBgn0041252,0,0,0.5114501,0.4885499,0.5114501,True
FBgn0041337,0,0,0.6493213,0.35067868,0.6493213,True
FBgn0041581,0,0,0.67779493,0.32220507,0.67779493,True
FBgn0041588,0,0,0.7030483,0.2969517,0.7030483,True
FBgn0041621,0,0,0.5429862,0.4570138,0.5429862,True
FBgn0041622,0,0,0.5839809,0.41601908,0.5839809,True
FBgn0041623,0,0,0.6135752,0.38642478,0.6135752,True
FBgn0041624,0,0,0.61338454,0.38661546,0.61338454,True
FBgn0041625,0,0,0.59328544,0.40671456,0.59328544,True
FBgn0041627,0,0,0.67035824,0.32964176,0.67035824,True
FBgn0041629,0,0,0.75710374,0.24289626,0.75710374,True
FBgn0041630,0,0,0.63502026,0.36497974,0.63502026,True
FBgn0041702,0,0,0.77046555,0.22953445,0.77046555,True
FBgn0041706,0,0,0.594238,0.40576202,0.594238,True
FBgn0041710,0,0,0.5932311,0.40676892,0.5932311,True
FBgn0041711,0,0,0.59535074,0.40464926,0.59535074,True
FBgn0041712,0,0,0.73745346,0.26254654,0.73745346,True
FBgn0041780,0,0,0.55278736,0.44721264,0.55278736,True
FBgn0042098,0,0,0.63608533,0.36391467,0.63608533,True
FBgn0042101,0,0,0.6104083,0.3895917,0.6104083,True
FBgn0042102,0,0,0.6152268,0.3847732,0.6152268,True
FBgn0042103,0,0,0.6313434,0.36865658,0.6313434,True
FBgn0042104,0,0,0.6863934,0.31360662,0.6863934,True
FBgn0042105,0,0,0.61698425,0.38301575,0.61698425,True
FBgn0042106,0,0,0.7048084,0.2951916,0.7048084,True
FBgn0042110,0,0,0.51598,0.48402,0.51598,True
FBgn0042111,0,0,0.6566287,0.34337127,0.6566287,True
FBgn0042118,0,0,0.62215704,0.37784296,0.62215704,True
FBgn0042119,0,0,0.5100958,0.48990422,0.5100958,True
FBgn0042126,0,0,0.57656145,0.42343855,0.57656145,True
FBgn0042131,0,0,0.62566686,0.37433314,0.62566686,True
FBgn0042132,0,0,0.75693226,0.24306774,0.75693226,True
FBgn0042133,0,0,0.6387136,0.3612864,0.6387136,True
FBgn0042134,0,0,0.6573022,0.3426978,0.6573022,True
FBgn0042135,0,0,0.64489776,0.35510224,0.64489776,True
FBgn0042137,0,0,0.58401465,0.41598535,0.58401465,True
FBgn0042138,0,0,0.71453863,0.28546137,0.71453863,True
FBgn0042146,0,0,0.57494646,0.42505354,0.57494646,True
FBgn0042173,0,0,0.5469015,0.45309848,0.5469015,True
FBgn0042177,0,0,0.67825055,0.32174945,0.67825055,True
FBgn0042179,0,0,0.6168697,0.3831303,0.6168697,True
FBgn0042182,0,0,0.61140895,0.38859105,0.61140895,True
FBgn0042185,0,0,0.61185205,0.38814795,0.61185205,True
FBgn0042187,0,0,0.64542335,0.35457665,0.64542335,True
FBgn0042189,0,0,0.4658443,0.5341557,0.5341557,True
FBgn0042198,0,0,0.6762377,0.3237623,0.6762377,True
FBgn0042199,0,0,0.6409566,0.35904342,0.6409566,True
FBgn0042201,0,0,0.47110957,0.52889043,0.52889043,True
FBgn0042206,0,0,0.5727937,0.42720628,0.5727937,True
FBgn0042207,0,0,0.6066336,0.3933664,0.6066336,True
FBgn0042213,0,0,0.62107724,0.37892276,0.62107724,True
FBgn0042710,0,0,0.636834,0.36316597,0.636834,True
FBgn0042711,0,0,0.6668527,0.3331473,0.6668527,True
FBgn0042712,0,0,0.67183775,0.32816225,0.67183775,True
FBgn0043001,0,0,0.8371337,0.1628663,0.8371337,True
FBgn0043002,0,0,0.7911386,0.20886141,0.7911386,True
FBgn0043005,0,0,0.6007283,0.39927173,0.6007283,True
FBgn0043025,0,0,0.63182825,0.36817175,0.63182825,True
FBgn0043043,0,0,0.60543376,0.39456624,0.60543376,True
FBgn0043069,0,0,0.63082427,0.36917573,0.63082427,True
FBgn0043362,0,0,0.6478771,0.3521229,0.6478771,True
FBgn0043455,0,0,0.6339043,0.36609572,0.6339043,True
FBgn0043457,0,0,0.6059571,0.3940429,0.6059571,True
FBgn0043458,0,0,0.625361,0.37463897,0.625361,True
FBgn0043470,0,0,0.67987645,0.32012355,0.67987645,True
FBgn0043530,0,0,0.41020495,0.58979505,0.58979505,True
FBgn0043532,0,0,0.5197838,0.4802162,0.5197838,True
FBgn0043533,0,0,0.46167424,0.5383258,0.5383258,True
FBgn0043534,0,0,0.4368307,0.5631693,0.5631693,True
FBgn0043536,0,0,0.43733606,0.5626639,0.5626639,True
FBgn0043539,0,0,0.48901457,0.51098543,0.51098543,True
FBgn0043550,0,0,0.5524766,0.44752342,0.5524766,True
FBgn0043575,0,0,0.8952773,0.10472268,0.8952773,True
FBgn0043576,0,0,0.6813642,0.31863582,0.6813642,True
FBgn0043783,0,0,0.6074877,0.39251232,0.6074877,True
FBgn0043792,0,0,0.70094776,0.29905224,0.70094776,True
FBgn0043796,0,0,0.5866472,0.4133528,0.5866472,True
FBgn0043799,0,0,0.6506145,0.3493855,0.6506145,True
FBgn0043806,0,0,0.554824,0.445176,0.554824,True
FBgn0043841,0,0,0.5491206,0.4508794,0.5491206,True
FBgn0043854,0,0,0.67392206,0.32607794,0.67392206,True
FBgn0043865,0,0,0.5713733,0.42862672,0.5713733,True
FBgn0044011,0,0,0.67044437,0.32955563,0.67044437,True
FBgn0044020,0,0,0.48118126,0.51881874,0.51881874,True
FBgn0044046,0,0,0.73357004,0.26642996,0.73357004,True
FBgn0044048,0,0,0.5341833,0.46581668,0.5341833,True
FBgn0044049,0,0,0.6235642,0.37643582,0.6235642,True
FBgn0044050,0,0,0.5463733,0.4536267,0.5463733,True
FBgn0044051,0,0,0.54771435,0.45228565,0.54771435,True
FBgn0044328,0,0,0.65708905,0.34291095,0.65708905,True
FBgn0044511,0,0,0.68717885,0.31282115,0.68717885,True
FBgn0044809,0,0,0.48500326,0.51499677,0.51499677,True
FBgn0044811,0,0,0.6857097,0.3142903,0.6857097,True
FBgn0044823,0,0,0.7847112,0.21528882,0.7847112,True
FBgn0044871,0,0,0.73123807,0.26876193,0.73123807,True
FBgn0045038,0,0,0.8326798,0.16732019,0.8326798,True
FBgn0045064,0,0,0.6369846,0.3630154,0.6369846,True
FBgn0045442,0,0,0.6195766,0.38042343,0.6195766,True
FBgn0045443,0,0,0.547458,0.452542,0.547458,True
FBgn0045468,0,0,0.53635216,0.46364784,0.53635216,True
FBgn0045469,0,0,0.56808573,0.43191427,0.56808573,True
FBgn0045470,0,0,0.66086626,0.33913374,0.66086626,True
FBgn0045473,0,0,0.52232975,0.47767025,0.52232975,True
FBgn0045478,0,0,0.54447097,0.45552903,0.54447097,True
FBgn0045479,0,0,0.6569566,0.3430434,0.6569566,True
FBgn0045485,0,0,0.50413215,0.49586785,0.50413215,True
FBgn0045486,0,0,0.6701895,0.3298105,0.6701895,True
FBgn0045487,0,0,0.55321586,0.44678414,0.55321586,True
FBgn0045495,0,0,0.6454384,0.35456163,0.6454384,True
FBgn0045497,0,0,0.5384235,0.46157652,0.5384235,True
FBgn0045761,0,0,0.64163476,0.35836524,0.64163476,True
FBgn0045770,0,0,0.66771674,0.33228326,0.66771674,True
FBgn0045823,0,0,0.70256495,0.29743505,0.70256495,True
FBgn0045827,0,0,0.41814318,0.58185685,0.58185685,True
FBgn0045842,0,0,0.7208661,0.27913392,0.7208661,True
FBgn0045852,0,0,0.6100545,0.3899455,0.6100545,True
FBgn0046114,0,0,0.71102136,0.28897864,0.71102136,True
FBgn0046214,0,0,0.7257227,0.27427733,0.7257227,True
FBgn0046225,0,0,0.70067656,0.29932344,0.70067656,True
FBgn0046247,0,0,0.6820572,0.3179428,0.6820572,True
FBgn0046253,0,0,0.58614033,0.41385967,0.58614033,True
FBgn0046258,0,0,0.7732083,0.22679168,0.7732083,True
FBgn0046294,0,0,0.77263314,0.22736686,0.77263314,True
FBgn0046296,0,0,0.5890303,0.41096967,0.5890303,True
FBgn0046301,0,0,0.67356336,0.32643664,0.67356336,True
FBgn0046302,0,0,0.6329462,0.3670538,0.6329462,True
FBgn0046332,0,0,0.7048633,0.2951367,0.7048633,True
FBgn0046687,0,0,0.6837882,0.31621182,0.6837882,True
FBgn0046689,0,0,0.6040857,0.39591432,0.6040857,True
FBgn0046793,0,0,0.5593691,0.4406309,0.5593691,True
FBgn0046873,0,0,0.3926209,0.6073791,0.6073791,True
FBgn0046876,0,0,0.721733,0.27826703,0.721733,True
FBgn0046878,0,0,0.6420571,0.35794288,0.6420571,True
FBgn0046880,0,0,0.53769314,0.46230686,0.53769314,True
FBgn0046885,0,0,0.5747574,0.4252426,0.5747574,True
FBgn0046886,0,0,0.62930965,0.37069035,0.62930965,True
FBgn0046887,0,0,0.661987,0.338013,0.661987,True
FBgn0046888,0,0,0.5876783,0.4123217,0.5876783,True
FBgn0046999,0,0,0.5905643,0.4094357,0.5905643,True
FBgn0047114,0,0,0.4943665,0.5056335,0.5056335,True
FBgn0047135,0,0,0.57194984,0.42805016,0.57194984,True
FBgn0047178,0,0,0.50691766,0.49308234,0.50691766,True
FBgn0047334,0,0,0.622788,0.377212,0.622788,True
FBgn0047338,0,0,0.51040924,0.48959076,0.51040924,True
FBgn0047351,0,0,0.506585,0.493415,0.506585,True
FBgn0050000,0,0,0.69337153,0.30662847,0.69337153,True
FBgn0050001,0,0,0.6099619,0.39003807,0.6099619,True
FBgn0050005,0,0,0.6312848,0.36871523,0.6312848,True
FBgn0050008,0,0,0.63466775,0.36533225,0.63466775,True
FBgn0050010,0,0,0.6098015,0.39019853,0.6098015,True
FBgn0050011,0,0,0.66813207,0.33186793,0.66813207,True
FBgn0050015,0,0,0.68727785,0.31272215,0.68727785,True
FBgn0050016,0,0,0.61892796,0.38107204,0.61892796,True
FBgn0050020,0,0,0.59889036,0.40110964,0.59889036,True
FBgn0050021,0,0,0.6705938,0.3294062,0.6705938,True
FBgn0050026,0,0,0.6675055,0.3324945,0.6675055,True
FBgn0050033,0,0,0.42060792,0.5793921,0.5793921,True
FBgn0050037,0,0,0.6897416,0.3102584,0.6897416,True
FBgn0050039,0,0,0.5787565,0.4212435,0.5787565,True
FBgn0050042,0,0,0.65220946,0.34779054,0.65220946,True
FBgn0050044,0,0,0.6746833,0.32531673,0.6746833,True
FBgn0050045,0,0,0.6922058,0.3077942,0.6922058,True
FBgn0050046,0,0,0.6465298,0.3534702,0.6465298,True
FBgn0050047,0,0,0.6509245,0.3490755,0.6509245,True
FBgn0050048,0,0,0.62808716,0.37191284,0.62808716,True
FBgn0050050,0,0,0.61419976,0.38580024,0.61419976,True
FBgn0050051,0,0,0.64009345,0.35990655,0.64009345,True
FBgn0050052,0,0,0.6967432,0.3032568,0.6967432,True
FBgn0050053,0,0,0.6136141,0.38638592,0.6136141,True
FBgn0050054,0,0,0.5596266,0.44037342,0.5596266,True
FBgn0050056,0,0,0.70860785,0.29139215,0.70860785,True
FBgn0050058,0,0,0.48062423,0.5193758,0.5193758,True
FBgn0050062,0,0,0.62588054,0.37411946,0.62588054,True
FBgn0050065,0,0,0.54423785,0.45576215,0.54423785,True
FBgn0050072,0,0,0.4609742,0.5390258,0.5390258,True
FBgn0050073,0,0,0.49247006,0.50753,0.50753,True
FBgn0050074,0,0,0.6228499,0.37715012,0.6228499,True
FBgn0050075,0,0,0.58477736,0.41522264,0.58477736,True
FBgn0050076,0,0,0.65656954,0.34343046,0.65656954,True
FBgn0050077,0,0,0.6514997,0.3485003,0.6514997,True
FBgn0050081,0,0,0.60294515,0.39705485,0.60294515,True
FBgn0050083,0,0,0.48243782,0.51756215,0.51756215,True
FBgn0050087,0,0,0.55458146,0.44541854,0.55458146,True
FBgn0050088,0,0,0.57313895,0.42686105,0.57313895,True
FBgn0050089,0,0,0.6499016,0.35009837,0.6499016,True
FBgn0050090,0,0,0.54043907,0.45956093,0.54043907,True
FBgn0050091,0,0,0.6740255,0.32597452,0.6740255,True
FBgn0050093,0,0,0.7230312,0.27696878,0.7230312,True
FBgn0050094,0,0,0.8116221,0.18837792,0.8116221,True
FBgn0050095,0,0,0.63536793,0.36463207,0.63536793,True
FBgn0050096,0,0,0.54487383,0.45512617,0.54487383,True
FBgn0050099,0,0,0.59822667,0.40177333,0.59822667,True
FBgn0050100,0,0,0.69031477,0.30968523,0.69031477,True
FBgn0050103,0,0,0.53505576,0.46494424,0.53505576,True
FBgn0050104,0,0,0.5242067,0.4757933,0.5242067,True
FBgn0050105,0,0,0.57781243,0.42218757,0.57781243,True
FBgn0050106,0,0,0.6168909,0.3831091,0.6168909,True
FBgn0050108,0,0,0.5333099,0.46669012,0.5333099,True
FBgn0050109,0,0,0.6966987,0.30330127,0.6966987,True
FBgn0050110,0,0,0.6140448,0.3859552,0.6140448,True
FBgn0050120,0,0,0.63681823,0.36318177,0.63681823,True
FBgn0050122,0,0,0.6036977,0.39630228,0.6036977,True
FBgn0050125,0,0,0.60501903,0.39498097,0.60501903,True
FBgn0050145,0,0,0.53440785,0.46559215,0.53440785,True
FBgn0050147,0,0,0.76945317,0.23054683,0.76945317,True
FBgn0050148,0,0,0.60123,0.39876997,0.60123,True
FBgn0050151,0,0,0.5114656,0.4885344,0.5114656,True
FBgn0050158,0,0,0.68590134,0.31409866,0.68590134,True
FBgn0050159,0,0,0.681059,0.318941,0.681059,True
FBgn0050163,0,0,0.674169,0.325831,0.674169,True
FBgn0050169,0,0,0.6362812,0.3637188,0.6362812,True
FBgn0050172,0,0,0.5254527,0.47454733,0.5254527,True
FBgn0050177,0,0,0.6633232,0.33667678,0.6633232,True
FBgn0050183,0,0,0.62057316,0.37942684,0.62057316,True
FBgn0050184,0,0,0.7866731,0.21332687,0.7866731,True
FBgn0050185,0,0,0.92671555,0.07328445,0.92671555,True
FBgn0050187,0,0,0.62120044,0.37879956,0.62120044,True
FBgn0050192,0,0,0.48786432,0.5121357,0.5121357,True
FBgn0050195,0,0,0.5773301,0.4226699,0.5773301,True
FBgn0050196,0,0,0.8318786,0.1681214,0.8318786,True
FBgn0050197,0,0,0.47922763,0.52077234,0.52077234,True
FBgn0050203,0,0,0.6265231,0.37347692,0.6265231,True
FBgn0050259,0,0,0.6258853,0.3741147,0.6258853,True
FBgn0050263,0,0,0.61755645,0.38244355,0.61755645,True
FBgn0050265,0,0,0.59783834,0.40216166,0.59783834,True
FBgn0050268,0,0,0.64406484,0.35593516,0.64406484,True
FBgn0050269,0,0,0.51475537,0.48524463,0.51475537,True
FBgn0050273,0,0,0.63601136,0.36398864,0.63601136,True
FBgn0050274,0,0,0.65705144,0.34294856,0.65705144,True
FBgn0050278,0,0,0.5608195,0.4391805,0.5608195,True
FBgn0050280,0,0,0.6566721,0.34332788,0.6566721,True
FBgn0050284,0,0,0.6514455,0.3485545,0.6514455,True
FBgn0050285,0,0,0.39410967,0.60589033,0.60589033,True
FBgn0050286,0,0,0.5557482,0.44425178,0.5557482,True
FBgn0050291,0,0,0.69469494,0.30530506,0.69469494,True
FBgn0050323,0,0,0.6201119,0.37988812,0.6201119,True
FBgn0050324,0,0,0.79101706,0.20898294,0.79101706,True
FBgn0050325,0,0,0.6276568,0.37234318,0.6276568,True
FBgn0050334,0,0,0.784549,0.215451,0.784549,True
FBgn0050339,0,0,0.6764057,0.32359427,0.6764057,True
FBgn0050343,0,0,0.4738773,0.5261227,0.5261227,True
FBgn0050344,0,0,0.65532005,0.34467995,0.65532005,True
FBgn0050345,0,0,0.5666244,0.4333756,0.5666244,True
FBgn0050355,0,0,0.4868798,0.5131202,0.5131202,True
FBgn0050356,0,0,0.6281719,0.37182808,0.6281719,True
FBgn0050357,0,0,0.6776506,0.32234943,0.6776506,True
FBgn0050359,0,0,0.6457303,0.35426968,0.6457303,True
FBgn0050360,0,0,0.6349104,0.3650896,0.6349104,True
FBgn0050361,0,0,0.6320075,0.36799252,0.6320075,True
FBgn0050362,0,0,0.83879656,0.16120344,0.83879656,True
FBgn0050363,0,0,0.6227964,0.37720358,0.6227964,True
FBgn0050364,0,0,0.665622,0.334378,0.665622,True
FBgn0050366,0,0,0.71843153,0.28156847,0.71843153,True
FBgn0050369,0,0,0.47353128,0.52646875,0.52646875,True
FBgn0050371,0,0,0.6099733,0.3900267,0.6099733,True
FBgn0050372,0,0,0.65519065,0.34480935,0.65519065,True
FBgn0050373,0,0,0.7770902,0.22290981,0.7770902,True
FBgn0050375,0,0,0.6185177,0.3814823,0.6185177,True
FBgn0050377,0,0,0.6666486,0.33335137,0.6666486,True
FBgn0050378,0,0,0.61240315,0.38759685,0.61240315,True
FBgn0050379,0,0,0.6001847,0.39981532,0.6001847,True
FBgn0050380,0,0,0.6043044,0.39569563,0.6043044,True
FBgn0050381,0,0,0.67575705,0.32424295,0.67575705,True
FBgn0050383,0,0,0.599549,0.400451,0.599549,True
FBgn0050384,0,0,0.6065127,0.39348727,0.6065127,True
FBgn0050389,0,0,0.684628,0.315372,0.684628,True
FBgn0050390,0,0,0.6227614,0.37723857,0.6227614,True
FBgn0050391,0,0,0.6729897,0.32701027,0.6729897,True
FBgn0050392,0,0,0.61996514,0.38003486,0.61996514,True
FBgn0050393,0,0,0.6562316,0.34376842,0.6562316,True
FBgn0050394,0,0,0.6458288,0.35417122,0.6458288,True
FBgn0050395,0,0,0.4895115,0.5104885,0.5104885,True
FBgn0050398,0,0,0.69961727,0.30038273,0.69961727,True
FBgn0050401,0,0,0.77201,0.22798997,0.77201,True
FBgn0050409,0,0,0.5503804,0.4496196,0.5503804,True
FBgn0050410,0,0,0.8235937,0.17640632,0.8235937,True
FBgn0050411,0,0,0.5856352,0.4143648,0.5856352,True
FBgn0050412,0,0,0.6899687,0.3100313,0.6899687,True
FBgn0050413,0,0,0.57446414,0.42553586,0.57446414,True
FBgn0050414,0,0,0.6230076,0.3769924,0.6230076,True
FBgn0050416,0,0,0.5762233,0.4237767,0.5762233,True
FBgn0050417,0,0,0.67720294,0.32279706,0.67720294,True
FBgn0050418,0,0,0.6645675,0.33543253,0.6645675,True
FBgn0050423,0,0,0.62476724,0.37523276,0.62476724,True
FBgn0050428,0,0,0.514204,0.48579597,0.514204,True
FBgn0050429,0,0,0.5612425,0.43875748,0.5612425,True
FBgn0050430,0,0,0.45225435,0.54774565,0.54774565,True
FBgn0050431,0,0,0.7969275,0.20307249,0.7969275,True
FBgn0050432,0,0,0.589774,0.410226,0.589774,True
FBgn0050438,0,0,0.657942,0.342058,0.657942,True
FBgn0050440,0,0,0.59354585,0.40645415,0.59354585,True
FBgn0050441,0,0,0.44432104,0.55567896,0.55567896,True
FBgn0050443,0,0,0.6072147,0.3927853,0.6072147,True
FBgn0050447,0,0,0.5062636,0.4937364,0.5062636,True
FBgn0050456,0,0,0.5947438,0.4052562,0.5947438,True
FBgn0050457,0,0,0.6234905,0.3765095,0.6234905,True
FBgn0050458,0,0,0.6505282,0.3494718,0.6505282,True
FBgn0050460,0,0,0.6572733,0.3427267,0.6572733,True
FBgn0050461,0,0,0.55350655,0.44649345,0.55350655,True
FBgn0050462,0,0,0.6922011,0.30779892,0.6922011,True
FBgn0050464,0,0,0.58632654,0.41367346,0.58632654,True
FBgn0050467,0,0,0.63071,0.36929,0.63071,True
FBgn0050469,0,0,0.5925738,0.40742618,0.5925738,True
FBgn0050471,0,0,0.6111305,0.38886952,0.6111305,True
FBgn0050472,0,0,0.4790231,0.5209769,0.5209769,True
FBgn0050479,0,0,0.51294506,0.48705494,0.51294506,True
FBgn0050484,0,0,0.58361244,0.41638756,0.58361244,True
FBgn0050485,0,0,0.58964217,0.41035783,0.58964217,True
FBgn0050486,0,0,0.6233286,0.37667137,0.6233286,True
FBgn0050487,0,0,0.6385951,0.3614049,0.6385951,True
FBgn0050488,0,0,0.59017366,0.40982634,0.59017366,True
FBgn0050491,0,0,0.69046944,0.30953056,0.69046944,True
FBgn0050495,0,0,0.5912807,0.4087193,0.5912807,True
FBgn0050496,0,0,0.6288245,0.37117553,0.6288245,True
FBgn0050499,0,0,0.66520137,0.33479863,0.66520137,True
FBgn0050502,0,0,0.68802375,0.31197625,0.68802375,True
FBgn0050503,0,0,0.877867,0.12213302,0.877867,True
FBgn0051002,0,0,0.6382741,0.36172593,0.6382741,True
FBgn0051010,0,0,0.64657843,0.35342157,0.64657843,True
FBgn0051013,0,0,0.59282494,0.40717506,0.59282494,True
FBgn0051014,0,0,0.6013503,0.3986497,0.6013503,True
FBgn0051015,0,0,0.65965956,0.34034044,0.65965956,True
FBgn0051016,0,0,0.5898241,0.41017592,0.5898241,True
FBgn0051017,0,0,0.57824767,0.42175233,0.57824767,True
FBgn0051021,0,0,0.57516485,0.42483515,0.57516485,True
FBgn0051025,0,0,0.6267215,0.3732785,0.6267215,True
FBgn0051028,0,0,0.6249863,0.3750137,0.6249863,True
FBgn0051029,0,0,0.632575,0.36742502,0.632575,True
FBgn0051036,0,0,0.6303756,0.36962438,0.6303756,True
FBgn0051038,0,0,0.66885805,0.33114195,0.66885805,True
FBgn0051040,0,0,0.62492764,0.37507236,0.62492764,True
FBgn0051041,0,0,0.8804668,0.11953318,0.8804668,True
FBgn0051050,0,0,0.51025724,0.48974276,0.51025724,True
FBgn0051051,0,0,0.6932906,0.3067094,0.6932906,True
FBgn0051053,0,0,0.6403654,0.35963458,0.6403654,True
FBgn0051055,0,0,0.6715753,0.3284247,0.6715753,True
FBgn0051064,0,0,0.62404877,0.37595123,0.62404877,True
FBgn0051072,0,0,0.60930127,0.39069873,0.60930127,True
FBgn0051075,0,0,0.78138715,0.21861285,0.78138715,True
FBgn0051076,0,0,0.5175412,0.48245877,0.5175412,True
FBgn0051077,0,0,0.5648972,0.43510282,0.5648972,True
FBgn0051080,0,0,0.6723381,0.32766187,0.6723381,True
FBgn0051081,0,0,0.63656104,0.36343896,0.63656104,True
FBgn0051086,0,0,0.88335097,0.11664903,0.88335097,True
FBgn0051088,0,0,0.49178278,0.5082172,0.5082172,True
FBgn0051089,0,0,0.6143618,0.38563818,0.6143618,True
FBgn0051091,0,0,0.61643267,0.38356733,0.61643267,True
FBgn0051092,0,0,0.59417146,0.40582854,0.59417146,True
FBgn0051093,0,0,0.47499004,0.52501,0.52501,True
FBgn0051098,0,0,0.7389581,0.26104188,0.7389581,True
FBgn0051102,0,0,0.6150743,0.38492572,0.6150743,True
FBgn0051103,0,0,0.553049,0.44695097,0.553049,True
FBgn0051104,0,0,0.57124895,0.42875105,0.57124895,True
FBgn0051105,0,0,0.63777506,0.36222494,0.63777506,True
FBgn0051106,0,0,0.59963447,0.40036553,0.59963447,True
FBgn0051109,0,0,0.48345733,0.5165427,0.5165427,True
FBgn0051115,0,0,0.64641404,0.35358596,0.64641404,True
FBgn0051118,0,0,0.7608139,0.23918611,0.7608139,True
FBgn0051122,0,0,0.6118925,0.38810748,0.6118925,True
FBgn0051125,0,0,0.6498559,0.3501441,0.6498559,True
FBgn0051128,0,0,0.56638217,0.43361783,0.56638217,True
FBgn0051141,0,0,0.6001039,0.3998961,0.6001039,True
FBgn0051146,0,0,0.64079535,0.35920465,0.64079535,True
FBgn0051148,0,0,0.6734442,0.3265558,0.6734442,True
FBgn0051151,0,0,0.6294556,0.37054437,0.6294556,True
FBgn0051157,0,0,0.5359403,0.4640597,0.5359403,True
FBgn0051158,0,0,0.62253386,0.37746614,0.62253386,True
FBgn0051161,0,0,0.62249404,0.37750596,0.62249404,True
FBgn0051163,0,0,0.6642032,0.33579677,0.6642032,True
FBgn0051164,0,0,0.57959384,0.42040616,0.57959384,True
FBgn0051176,0,0,0.6291758,0.37082422,0.6291758,True
FBgn0051183,0,0,0.6574361,0.34256393,0.6574361,True
FBgn0051189,0,0,0.51775527,0.48224473,0.51775527,True
FBgn0051198,0,0,0.72950864,0.27049136,0.72950864,True
FBgn0051199,0,0,0.62430185,0.37569815,0.62430185,True
FBgn0051200,0,0,0.6664547,0.33354533,0.6664547,True
FBgn0051202,0,0,0.5846176,0.4153824,0.5846176,True
FBgn0051204,0,0,0.57457733,0.42542267,0.57457733,True
FBgn0051205,0,0,0.61961174,0.38038826,0.61961174,True
FBgn0051206,0,0,0.4613181,0.53868186,0.53868186,True
FBgn0051207,0,0,0.50961566,0.49038434,0.50961566,True
FBgn0051211,0,0,0.64756995,0.35243005,0.64756995,True
FBgn0051213,0,0,0.63389003,0.36610997,0.63389003,True
FBgn0051216,0,0,0.6640882,0.3359118,0.6640882,True
FBgn0051219,0,0,0.6478048,0.3521952,0.6478048,True
FBgn0051220,0,0,0.64646393,0.35353607,0.64646393,True
FBgn0051221,0,0,0.8603544,0.13964558,0.8603544,True
FBgn0051226,0,0,0.42485192,0.5751481,0.5751481,True
FBgn0051230,0,0,0.44759533,0.55240464,0.55240464,True
FBgn0051245,0,0,0.61886686,0.38113314,0.61886686,True
FBgn0051248,0,0,0.6050262,0.3949738,0.6050262,True
FBgn0051249,0,0,0.6860064,0.31399357,0.6860064,True
FBgn0051259,0,0,0.8474204,0.1525796,0.8474204,True
FBgn0051262,0,0,0.5923751,0.4076249,0.5923751,True
FBgn0051265,0,0,0.5556414,0.4443586,0.5556414,True
FBgn0051266,0,0,0.69271964,0.30728036,0.69271964,True
FBgn0051267,0,0,0.6296915,0.37030852,0.6296915,True
FBgn0051268,0,0,0.5225035,0.4774965,0.5225035,True
FBgn0051269,0,0,0.59758013,0.40241987,0.59758013,True
FBgn0051272,0,0,0.65208906,0.34791094,0.65208906,True
FBgn0051278,0,0,0.63079536,0.36920464,0.63079536,True
FBgn0051287,0,0,0.63152355,0.36847645,0.63152355,True
FBgn0051288,0,0,0.63591254,0.36408746,0.63591254,True
FBgn0051296,0,0,0.5561425,0.4438575,0.5561425,True
FBgn0051300,0,0,0.64738184,0.35261816,0.64738184,True
FBgn0051301,0,0,0.5931089,0.4068911,0.5931089,True
FBgn0051313,0,0,0.5218927,0.47810727,0.5218927,True
FBgn0051321,0,0,0.6263978,0.3736022,0.6263978,True
FBgn0051323,0,0,0.6028545,0.3971455,0.6028545,True
FBgn0051324,0,0,0.66390705,0.33609295,0.66390705,True
FBgn0051326,0,0,0.6672163,0.3327837,0.6672163,True
FBgn0051337,0,0,0.8745474,0.12545258,0.8745474,True
FBgn0051342,0,0,0.6311561,0.3688439,0.6311561,True
FBgn0051343,0,0,0.6529186,0.34708142,0.6529186,True
FBgn0051345,0,0,0.70653075,0.29346925,0.70653075,True
FBgn0051347,0,0,0.5931284,0.40687162,0.5931284,True
FBgn0051352,0,0,0.6753705,0.3246295,0.6753705,True
FBgn0051357,0,0,0.7281102,0.2718898,0.7281102,True
FBgn0051358,0,0,0.5712188,0.4287812,0.5712188,True
FBgn0051360,0,0,0.5570261,0.4429739,0.5570261,True
FBgn0051363,0,0,0.8559944,0.1440056,0.8559944,True
FBgn0051365,0,0,0.6900937,0.3099063,0.6900937,True
FBgn0051370,0,0,0.5754455,0.42455453,0.5754455,True
FBgn0051371,0,0,0.63131535,0.36868465,0.63131535,True
FBgn0051391,0,0,0.596056,0.40394402,0.596056,True
FBgn0051404,0,0,0.56749874,0.43250126,0.56749874,True
FBgn0051407,0,0,0.6027037,0.3972963,0.6027037,True
FBgn0051410,0,0,0.61062425,0.38937575,0.61062425,True
FBgn0051414,0,0,0.6700946,0.3299054,0.6700946,True
FBgn0051418,0,0,0.59357494,0.40642506,0.59357494,True
FBgn0051423,0,0,0.62461936,0.37538064,0.62461936,True
FBgn0051431,0,0,0.6728599,0.3271401,0.6728599,True
FBgn0051437,0,0,0.644861,0.35513902,0.644861,True
FBgn0051438,0,0,0.5669635,0.4330365,0.5669635,True
FBgn0051445,0,0,0.63209975,0.36790025,0.63209975,True
FBgn0051446,0,0,0.46454147,0.53545856,0.53545856,True
FBgn0051450,0,0,0.70699763,0.29300237,0.70699763,True
FBgn0051453,0,0,0.6313338,0.36866617,0.6313338,True
FBgn0051454,0,0,0.5850637,0.4149363,0.5850637,True
FBgn0051457,0,0,0.65868616,0.34131384,0.65868616,True
FBgn0051459,0,0,0.5764957,0.4235043,0.5764957,True
FBgn0051463,0,0,0.5826583,0.4173417,0.5826583,True
FBgn0051464,0,0,0.6479524,0.35204762,0.6479524,True
FBgn0051465,0,0,0.52791476,0.47208524,0.52791476,True
FBgn0051467,0,0,0.57926136,0.42073864,0.57926136,True
FBgn0051469,0,0,0.5615822,0.4384178,0.5615822,True
FBgn0051473,0,0,0.75837624,0.24162376,0.75837624,True
FBgn0051477,0,0,0.440653,0.55934703,0.55934703,True
FBgn0051493,0,0,0.6564431,0.34355688,0.6564431,True
FBgn0051496,0,0,0.6054577,0.39454228,0.6054577,True
FBgn0051501,0,0,0.61585754,0.38414246,0.61585754,True
FBgn0051510,0,0,0.5526357,0.44736427,0.5526357,True
FBgn0051515,0,0,0.5413422,0.4586578,0.5413422,True
FBgn0051516,0,0,0.65600353,0.34399647,0.65600353,True
FBgn0051522,0,0,0.6755684,0.3244316,0.6755684,True
FBgn0051524,0,0,0.691898,0.308102,0.691898,True
FBgn0051525,0,0,0.5637632,0.4362368,0.5637632,True
FBgn0051526,0,0,0.41643456,0.5835655,0.5835655,True
FBgn0051528,0,0,0.70864403,0.29135597,0.70864403,True
FBgn0051538,0,0,0.64810175,0.35189825,0.64810175,True
FBgn0051542,0,0,0.9073565,0.0926435,0.9073565,True
FBgn0051546,0,0,0.8131845,0.1868155,0.8131845,True
FBgn0051547,0,0,0.6391881,0.3608119,0.6391881,True
FBgn0051548,0,0,0.8721676,0.12783241,0.8721676,True
FBgn0051550,0,0,0.79460984,0.20539016,0.79460984,True
FBgn0051559,0,0,0.78697914,0.21302086,0.78697914,True
FBgn0051560,0,0,0.62893367,0.37106633,0.62893367,True
FBgn0051601,0,0,0.5936982,0.4063018,0.5936982,True
FBgn0051606,0,0,0.50720966,0.49279034,0.50720966,True
FBgn0051609,0,0,0.4379726,0.5620274,0.5620274,True
FBgn0051611,0,0,0.68292,0.31708002,0.68292,True
FBgn0051612,0,0,0.56761676,0.43238324,0.56761676,True
FBgn0051632,0,0,0.8508087,0.14919132,0.8508087,True
FBgn0051634,0,0,0.545951,0.454049,0.545951,True
FBgn0051636,0,0,0.6782222,0.32177782,0.6782222,True
FBgn0051637,0,0,0.6777612,0.3222388,0.6777612,True
FBgn0051639,0,0,0.34535906,0.6546409,0.6546409,True
FBgn0051644,0,0,0.4525399,0.5474601,0.5474601,True
FBgn0051646,0,0,0.66852605,0.33147395,0.66852605,True
FBgn0051648,0,0,0.73360455,0.26639545,0.73360455,True
FBgn0051659,0,0,0.54224133,0.45775867,0.54224133,True
FBgn0051660,0,0,0.61494046,0.38505954,0.61494046,True
FBgn0051661,0,0,0.68144536,0.31855464,0.68144536,True
FBgn0051664,0,0,0.5689334,0.43106657,0.5689334,True
FBgn0051665,0,0,0.611016,0.38898402,0.611016,True
FBgn0051668,0,0,0.6063345,0.3936655,0.6063345,True
FBgn0051673,0,0,0.57768154,0.42231846,0.57768154,True
FBgn0051674,0,0,0.6393235,0.36067653,0.6393235,True
FBgn0051675,0,0,0.537617,0.46238297,0.537617,True
FBgn0051676,0,0,0.68303293,0.31696707,0.68303293,True
FBgn0051677,0,0,0.453441,0.546559,0.546559,True
FBgn0051679,0,0,0.6216178,0.3783822,0.6216178,True
FBgn0051680,0,0,0.4633684,0.5366316,0.5366316,True
FBgn0051681,0,0,0.5064341,0.49356592,0.5064341,True
FBgn0051682,0,0,0.65822494,0.34177506,0.65822494,True
FBgn0051687,0,0,0.65273297,0.34726703,0.65273297,True
FBgn0051690,0,0,0.6722624,0.32773763,0.6722624,True
FBgn0051693,0,0,0.6183483,0.3816517,0.6183483,True
FBgn0051694,0,0,0.7745239,0.22547609,0.7745239,True
FBgn0051697,0,0,0.69941115,0.30058885,0.69941115,True
FBgn0051709,0,0,0.5251337,0.47486627,0.5251337,True
FBgn0051710,0,0,0.85313684,0.14686316,0.85313684,True
FBgn0051712,0,0,0.6729075,0.32709253,0.6729075,True
FBgn0051715,0,0,0.4536877,0.54631233,0.54631233,True
FBgn0051716,0,0,0.6252543,0.37474573,0.6252543,True
FBgn0051718,0,0,0.62975544,0.37024456,0.62975544,True
FBgn0051719,0,0,0.62618464,0.37381536,0.62618464,True
FBgn0051729,0,0,0.6401769,0.3598231,0.6401769,True
FBgn0051730,0,0,0.46875113,0.53124887,0.53124887,True
FBgn0051740,0,0,0.36752057,0.6324794,0.6324794,True
FBgn0051741,0,0,0.56804717,0.43195283,0.56804717,True
FBgn0051752,0,0,0.5893671,0.4106329,0.5893671,True
FBgn0051760,0,0,0.68737304,0.31262696,0.68737304,True
FBgn0051774,0,0,0.60962415,0.39037585,0.60962415,True
FBgn0051776,0,0,0.59109956,0.40890044,0.59109956,True
FBgn0051777,0,0,0.56627727,0.43372273,0.56627727,True
FBgn0051778,0,0,0.49777845,0.5022216,0.5022216,True
FBgn0051779,0,0,0.41185588,0.5881441,0.5881441,True
FBgn0051784,0,0,0.61770403,0.38229597,0.61770403,True
FBgn0051785,0,0,0.53955257,0.46044743,0.53955257,True
FBgn0051787,0,0,0.585571,0.414429,0.585571,True
FBgn0051788,0,0,0.45060843,0.54939157,0.54939157,True
FBgn0051793,0,0,0.62307084,0.37692916,0.62307084,True
FBgn0051798,0,0,0.7315638,0.2684362,0.7315638,True
FBgn0051802,0,0,0.6450309,0.35496908,0.6450309,True
FBgn0051804,0,0,0.49662158,0.5033784,0.5033784,True
FBgn0051805,0,0,0.59768707,0.40231293,0.59768707,True
FBgn0051806,0,0,0.631357,0.368643,0.631357,True
FBgn0051807,0,0,0.6022417,0.3977583,0.6022417,True
FBgn0051812,0,0,0.53103095,0.46896905,0.53103095,True
FBgn0051813,0,0,0.7731858,0.22681421,0.7731858,True
FBgn0051815,0,0,0.538158,0.461842,0.538158,True
FBgn0051816,0,0,0.6882398,0.3117602,0.6882398,True
FBgn0051820,0,0,0.37320805,0.62679195,0.62679195,True
FBgn0051821,0,0,0.6030839,0.3969161,0.6030839,True
FBgn0051823,0,0,0.60929596,0.39070404,0.60929596,True
FBgn0051826,0,0,0.8142409,0.18575913,0.8142409,True
FBgn0051832,0,0,0.44032168,0.5596783,0.5596783,True
FBgn0051835,0,0,0.67697203,0.32302797,0.67697203,True
FBgn0051851,0,0,0.4946951,0.50530493,0.50530493,True
FBgn0051855,0,0,0.73966974,0.26033026,0.73966974,True
FBgn0051858,0,0,0.47541222,0.52458775,0.52458775,True
FBgn0051862,0,0,0.5426019,0.45739812,0.5426019,True
FBgn0051864,0,0,0.53730565,0.46269435,0.53730565,True
FBgn0051867,0,0,0.51785165,0.48214835,0.51785165,True
FBgn0051871,0,0,0.5916784,0.40832162,0.5916784,True
FBgn0051872,0,0,0.5661658,0.4338342,0.5661658,True
FBgn0051874,0,0,0.6721356,0.3278644,0.6721356,True
FBgn0051875,0,0,0.7609537,0.23904628,0.7609537,True
FBgn0051882,0,0,0.630151,0.36984903,0.630151,True
FBgn0051897,0,0,0.61288893,0.38711107,0.61288893,True
FBgn0051898,0,0,0.5398315,0.46016848,0.5398315,True
FBgn0051901,0,0,0.6438984,0.35610157,0.6438984,True
FBgn0051907,0,0,0.5830341,0.4169659,0.5830341,True
FBgn0051910,0,0,0.5522565,0.44774348,0.5522565,True
FBgn0051913,0,0,0.7928986,0.2071014,0.7928986,True
FBgn0051921,0,0,0.5944158,0.40558422,0.5944158,True
FBgn0051922,0,0,0.45669344,0.5433066,0.5433066,True
FBgn0051924,0,0,0.64695686,0.35304314,0.64695686,True
FBgn0051928,0,0,0.6003709,0.39962912,0.6003709,True
FBgn0051933,0,0,0.59007406,0.40992594,0.59007406,True
FBgn0051935,0,0,0.6285169,0.3714831,0.6285169,True
FBgn0051948,0,0,0.63268507,0.36731493,0.63268507,True
FBgn0051949,0,0,0.5110546,0.48894542,0.5110546,True
FBgn0051950,0,0,0.58894783,0.41105217,0.58894783,True
FBgn0051952,0,0,0.72828364,0.27171636,0.72828364,True
FBgn0051954,0,0,0.63835126,0.36164874,0.63835126,True
FBgn0051955,0,0,0.5741953,0.42580467,0.5741953,True
FBgn0051957,0,0,0.7720709,0.22792912,0.7720709,True
FBgn0051960,0,0,0.51693326,0.48306674,0.51693326,True
FBgn0051973,0,0,0.5538248,0.44617522,0.5538248,True
FBgn0051974,0,0,0.71023595,0.28976405,0.71023595,True
FBgn0051976,0,0,0.88752544,0.11247456,0.88752544,True
FBgn0051988,0,0,0.6871138,0.31288618,0.6871138,True
FBgn0051989,0,0,0.62102795,0.37897205,0.62102795,True
FBgn0051997,0,0,0.5394306,0.46056938,0.5394306,True
FBgn0052000,0,0,0.5837139,0.4162861,0.5837139,True
FBgn0052016,0,0,0.57380474,0.42619526,0.57380474,True
FBgn0052017,0,0,0.5902051,0.40979493,0.5902051,True
FBgn0052022,0,0,0.5829497,0.4170503,0.5829497,True
FBgn0052024,0,0,0.49272537,0.5072746,0.5072746,True
FBgn0052026,0,0,0.5835004,0.4164996,0.5835004,True
FBgn0052029,0,0,0.8151266,0.1848734,0.8151266,True
FBgn0052036,0,0,0.58421284,0.41578716,0.58421284,True
FBgn0052039,0,0,0.69109535,0.30890465,0.69109535,True
FBgn0052040,0,0,0.5296842,0.4703158,0.5296842,True
FBgn0052054,0,0,0.64684486,0.35315514,0.64684486,True
FBgn0052055,0,0,0.5407095,0.4592905,0.5407095,True
FBgn0052056,0,0,0.5527805,0.4472195,0.5527805,True
FBgn0052058,0,0,0.6384398,0.36156023,0.6384398,True
FBgn0052064,0,0,0.5626934,0.43730658,0.5626934,True
FBgn0052066,0,0,0.7965323,0.20346773,0.7965323,True
FBgn0052072,0,0,0.6039649,0.39603508,0.6039649,True
FBgn0052073,0,0,0.56968087,0.43031913,0.56968087,True
FBgn0052076,0,0,0.66220504,0.33779496,0.66220504,True
FBgn0052079,0,0,0.5655972,0.43440282,0.5655972,True
FBgn0052081,0,0,0.65033144,0.34966856,0.65033144,True
FBgn0052082,0,0,0.700128,0.29987198,0.700128,True
FBgn0052086,0,0,0.6219123,0.3780877,0.6219123,True
FBgn0052087,0,0,0.64980537,0.35019463,0.64980537,True
FBgn0052088,0,0,0.624984,0.37501597,0.624984,True
FBgn0052091,0,0,0.7282371,0.2717629,0.7282371,True
FBgn0052095,0,0,0.5269673,0.4730327,0.5269673,True
FBgn0052099,0,0,0.618385,0.38161498,0.618385,True
FBgn0052100,0,0,0.69477385,0.30522615,0.69477385,True
FBgn0052102,0,0,0.43073118,0.5692688,0.5692688,True
FBgn0052103,0,0,0.67218465,0.32781535,0.67218465,True
FBgn0052104,0,0,0.6044803,0.39551967,0.6044803,True
FBgn0052105,0,0,0.65359193,0.34640807,0.65359193,True
FBgn0052106,0,0,0.5978443,0.4021557,0.5978443,True
FBgn0052107,0,0,0.6061111,0.3938889,0.6061111,True
FBgn0052110,0,0,0.61268896,0.38731104,0.61268896,True
FBgn0052112,0,0,0.6160629,0.38393712,0.6160629,True
FBgn0052115,0,0,0.5836956,0.4163044,0.5836956,True
FBgn0052117,0,0,0.6305047,0.36949527,0.6305047,True
FBgn0052119,0,0,0.68857163,0.31142837,0.68857163,True
FBgn0052137,0,0,0.6323366,0.36766338,0.6323366,True
FBgn0052141,0,0,0.50589895,0.49410105,0.50589895,True
FBgn0052152,0,0,0.5876876,0.4123124,0.5876876,True
FBgn0052161,0,0,0.6713124,0.3286876,0.6713124,True
FBgn0052163,0,0,0.46759418,0.53240585,0.53240585,True
FBgn0052170,0,0,0.6919642,0.3080358,0.6919642,True
FBgn0052176,0,0,0.5504548,0.4495452,0.5504548,True
FBgn0052177,0,0,0.69354564,0.30645436,0.69354564,True
FBgn0052181,0,0,0.6294658,0.37053418,0.6294658,True
FBgn0052182,0,0,0.61907333,0.38092667,0.61907333,True
FBgn0052183,0,0,0.6316213,0.3683787,0.6316213,True
FBgn0052189,0,0,0.9004597,0.09954029,0.9004597,True
FBgn0052190,0,0,0.743127,0.256873,0.743127,True
FBgn0052191,0,0,0.6122543,0.38774568,0.6122543,True
FBgn0052192,0,0,0.42646253,0.57353747,0.57353747,True
FBgn0052195,0,0,0.5237875,0.4762125,0.5237875,True
FBgn0052198,0,0,0.4973039,0.5026961,0.5026961,True
FBgn0052199,0,0,0.63744587,0.36255413,0.63744587,True
FBgn0052201,0,0,0.54322314,0.45677686,0.54322314,True
FBgn0052202,0,0,0.66480553,0.33519447,0.66480553,True
FBgn0052203,0,0,0.5733524,0.4266476,0.5733524,True
FBgn0052206,0,0,0.6510362,0.3489638,0.6510362,True
FBgn0052219,0,0,0.4408795,0.55912054,0.55912054,True
FBgn0052220,0,0,0.46742964,0.53257036,0.53257036,True
FBgn0052221,0,0,0.7154738,0.28452623,0.7154738,True
FBgn0052225,0,0,0.68510336,0.31489664,0.68510336,True
FBgn0052226,0,0,0.6243446,0.3756554,0.6243446,True
FBgn0052228,0,0,0.55708504,0.44291496,0.55708504,True
FBgn0052230,0,0,0.5849533,0.4150467,0.5849533,True
FBgn0052232,0,0,0.60035604,0.39964396,0.60035604,True
FBgn0052237,0,0,0.8126275,0.1873725,0.8126275,True
FBgn0052238,0,0,0.540804,0.45919597,0.540804,True
FBgn0052240,0,0,0.5533503,0.44664967,0.5533503,True
FBgn0052241,0,0,0.62998176,0.37001824,0.62998176,True
FBgn0052243,0,0,0.55972826,0.44027174,0.55972826,True
FBgn0052246,0,0,0.60465854,0.39534146,0.60465854,True
FBgn0052248,0,0,0.80266166,0.19733834,0.80266166,True
FBgn0052249,0,0,0.49221727,0.5077827,0.5077827,True
FBgn0052250,0,0,0.82403404,0.17596596,0.82403404,True
FBgn0052255,0,0,0.63858587,0.36141413,0.63858587,True
FBgn0052259,0,0,0.65179515,0.34820485,0.65179515,True
FBgn0052260,0,0,0.62371093,0.37628907,0.62371093,True
FBgn0052264,0,0,0.6971921,0.30280793,0.6971921,True
FBgn0052266,0,0,0.53372896,0.46627104,0.53372896,True
FBgn0052267,0,0,0.47726625,0.52273375,0.52273375,True
FBgn0052268,0,0,0.7913154,0.20868462,0.7913154,True
FBgn0052271,0,0,0.65104276,0.34895724,0.65104276,True
FBgn0052274,0,0,0.42474857,0.57525146,0.57525146,True
FBgn0052278,0,0,0.61066794,0.38933206,0.61066794,True
FBgn0052279,0,0,0.42596313,0.57403684,0.57403684,True
FBgn0052280,0,0,0.47619206,0.52380794,0.52380794,True
FBgn0052281,0,0,0.6550515,0.34494847,0.6550515,True
FBgn0052282,0,0,0.4394707,0.5605293,0.5605293,True
FBgn0052284,0,0,0.47727576,0.5227243,0.5227243,True
FBgn0052299,0,0,0.5601014,0.4398986,0.5601014,True
FBgn0052301,0,0,0.6303766,0.36962342,0.6303766,True
FBgn0052304,0,0,0.59379816,0.40620184,0.59379816,True
FBgn0052305,0,0,0.6286218,0.37137818,0.6286218,True
FBgn0052311,0,0,0.65431905,0.34568095,0.65431905,True
FBgn0052313,0,0,0.5333551,0.46664488,0.5333551,True
FBgn0052319,0,0,0.63097924,0.36902076,0.63097924,True
FBgn0052320,0,0,0.5959824,0.40401763,0.5959824,True
FBgn0052333,0,0,0.649594,0.350406,0.649594,True
FBgn0052351,0,0,0.67175764,0.32824236,0.67175764,True
FBgn0052364,0,0,0.6163445,0.3836555,0.6163445,True
FBgn0052365,0,0,0.6817312,0.31826878,0.6817312,True
FBgn0052368,0,0,0.45968163,0.54031837,0.54031837,True
FBgn0052369,0,0,0.6553281,0.3446719,0.6553281,True
FBgn0052371,0,0,0.5200682,0.47993177,0.5200682,True
FBgn0052373,0,0,0.5683897,0.4316103,0.5683897,True
FBgn0052376,0,0,0.5991679,0.40083212,0.5991679,True
FBgn0052380,0,0,0.6408478,0.3591522,0.6408478,True
FBgn0052382,0,0,0.5703737,0.4296263,0.5703737,True
FBgn0052392,0,0,0.7249708,0.27502918,0.7249708,True
FBgn0052404,0,0,0.57246923,0.42753077,0.57246923,True
FBgn0052405,0,0,0.62777966,0.37222034,0.62777966,True
FBgn0052407,0,0,0.5808402,0.41915983,0.5808402,True
FBgn0052409,0,0,0.8684643,0.13153571,0.8684643,True
FBgn0052412,0,0,0.64422876,0.35577124,0.64422876,True
FBgn0052413,0,0,0.6241473,0.3758527,0.6241473,True
FBgn0052418,0,0,0.80694777,0.19305223,0.80694777,True
FBgn0052425,0,0,0.6293215,0.37067848,0.6293215,True
FBgn0052432,0,0,0.6611922,0.33880782,0.6611922,True
FBgn0052436,0,0,0.6229059,0.3770941,0.6229059,True
FBgn0052447,0,0,0.6305684,0.3694316,0.6305684,True
FBgn0052448,0,0,0.6807755,0.31922448,0.6807755,True
FBgn0052450,0,0,0.5830393,0.41696072,0.5830393,True
FBgn0052451,0,0,0.6287017,0.3712983,0.6287017,True
FBgn0052459,0,0,0.5809666,0.4190334,0.5809666,True
FBgn0052461,0,0,0.532283,0.467717,0.532283,True
FBgn0052462,0,0,0.7691814,0.23081863,0.7691814,True
FBgn0052463,0,0,0.65952563,0.34047437,0.65952563,True
FBgn0052473,0,0,0.61820513,0.38179487,0.61820513,True
FBgn0052475,0,0,0.5423931,0.4576069,0.5423931,True
FBgn0052476,0,0,0.55136645,0.44863355,0.55136645,True
FBgn0052483,0,0,0.6815162,0.31848383,0.6815162,True
FBgn0052485,0,0,0.71626073,0.28373927,0.71626073,True
FBgn0052488,0,0,0.57438225,0.42561775,0.57438225,True
FBgn0052499,0,0,0.65628785,0.34371215,0.65628785,True
FBgn0052506,0,0,0.7201137,0.2798863,0.7201137,True
FBgn0052529,0,0,0.66396034,0.33603966,0.66396034,True
FBgn0052533,0,0,0.720845,0.27915502,0.720845,True
FBgn0052537,0,0,0.73585147,0.26414853,0.73585147,True
FBgn0052547,0,0,0.6464342,0.3535658,0.6464342,True
FBgn0052548,0,0,0.8387791,0.16122091,0.8387791,True
FBgn0052549,0,0,0.8412118,0.1587882,0.8412118,True
FBgn0052554,0,0,0.69966495,0.30033505,0.69966495,True
FBgn0052557,0,0,0.86460406,0.13539594,0.86460406,True
FBgn0052568,0,0,0.64164877,0.35835123,0.64164877,True
FBgn0052569,0,0,0.51838297,0.48161703,0.51838297,True
FBgn0052570,0,0,0.7361511,0.2638489,0.7361511,True
FBgn0052572,0,0,0.71516025,0.28483975,0.71516025,True
FBgn0052579,0,0,0.5714581,0.4285419,0.5714581,True
FBgn0052580,0,0,0.64798707,0.35201293,0.64798707,True
FBgn0052588,0,0,0.5326012,0.46739882,0.5326012,True
FBgn0052600,0,0,0.71182686,0.28817314,0.71182686,True
FBgn0052625,0,0,0.4544638,0.54553616,0.54553616,True
FBgn0052631,0,0,0.72553337,0.27446663,0.72553337,True
FBgn0052639,0,0,0.6616275,0.33837253,0.6616275,True
FBgn0052640,0,0,0.5362026,0.4637974,0.5362026,True
FBgn0052643,0,0,0.64164,0.35836,0.64164,True
FBgn0052647,0,0,0.6860924,0.31390762,0.6860924,True
FBgn0052650,0,0,0.7816227,0.21837729,0.7816227,True
FBgn0052654,0,0,0.62292993,0.37707007,0.62292993,True
FBgn0052656,0,0,0.64461064,0.35538936,0.64461064,True
FBgn0052668,0,0,0.64812297,0.35187703,0.64812297,True
FBgn0052669,0,0,0.65739334,0.34260666,0.65739334,True
FBgn0052675,0,0,0.647058,0.352942,0.647058,True
FBgn0052677,0,0,0.6324539,0.36754608,0.6324539,True
FBgn0052679,0,0,0.63562596,0.36437404,0.63562596,True
FBgn0052683,0,0,0.7398394,0.26016062,0.7398394,True
FBgn0052685,0,0,0.6384828,0.3615172,0.6384828,True
FBgn0052686,0,0,0.63505167,0.36494833,0.63505167,True
FBgn0052687,0,0,0.85921395,0.14078605,0.85921395,True
FBgn0052693,0,0,0.69169956,0.30830044,0.69169956,True
FBgn0052695,0,0,0.51169,0.48830998,0.51169,True
FBgn0052699,0,0,0.63648564,0.36351436,0.63648564,True
FBgn0052702,0,0,0.6317364,0.3682636,0.6317364,True
FBgn0052703,0,0,0.6926866,0.30731338,0.6926866,True
FBgn0052704,0,0,0.70087963,0.29912037,0.70087963,True
FBgn0052707,0,0,0.6270061,0.3729939,0.6270061,True
FBgn0052712,0,0,0.5994359,0.40056407,0.5994359,True
FBgn0052726,0,0,0.4722182,0.52778184,0.52778184,True
FBgn0052732,0,0,0.6421714,0.35782862,0.6421714,True
FBgn0052750,0,0,0.63400954,0.36599046,0.63400954,True
FBgn0052755,0,0,0.6546955,0.3453045,0.6546955,True
FBgn0052758,0,0,0.6939068,0.30609322,0.6939068,True
FBgn0052762,0,0,0.71233135,0.28766865,0.71233135,True
FBgn0052767,0,0,0.6385924,0.36140758,0.6385924,True
FBgn0052792,0,0,0.5945091,0.40549088,0.5945091,True
FBgn0052793,0,0,0.63746023,0.36253977,0.63746023,True
FBgn0052801,0,0,0.80933744,0.19066256,0.80933744,True
FBgn0052813,0,0,0.72022164,0.27977836,0.72022164,True
FBgn0052815,0,0,0.7666398,0.23336017,0.7666398,True
FBgn0052816,0,0,0.5920168,0.40798318,0.5920168,True
FBgn0052829,0,0,0.697031,0.30296898,0.697031,True
FBgn0052833,0,0,0.6389545,0.36104548,0.6389545,True
FBgn0052834,0,0,0.6118742,0.38812578,0.6118742,True
FBgn0052843,0,0,0.73269373,0.26730627,0.73269373,True
FBgn0052847,0,0,0.5632249,0.4367751,0.5632249,True
FBgn0052850,0,0,0.47617826,0.5238217,0.5238217,True
FBgn0052855,0,0,0.66417956,0.33582044,0.66417956,True
FBgn0052856,0,0,0.72123706,0.27876294,0.72123706,True
FBgn0052944,0,0,0.52612287,0.47387713,0.52612287,True
FBgn0052945,0,0,0.6673109,0.3326891,0.6673109,True
FBgn0052971,0,0,0.55555004,0.44444996,0.55555004,True
FBgn0052982,0,0,0.67882806,0.32117194,0.67882806,True
FBgn0052983,0,0,0.5863022,0.41369778,0.5863022,True
FBgn0052984,0,0,0.58905953,0.41094047,0.58905953,True
FBgn0052986,0,0,0.63481426,0.36518574,0.63481426,True
FBgn0052988,0,0,0.6245531,0.37544692,0.6245531,True
FBgn0053012,0,0,0.6262089,0.3737911,0.6262089,True
FBgn0053017,0,0,0.6002792,0.3997208,0.6002792,True
FBgn0053056,0,0,0.70399487,0.29600513,0.70399487,True
FBgn0053057,0,0,0.5592428,0.44075722,0.5592428,True
FBgn0053087,0,0,0.6171641,0.38283592,0.6171641,True
FBgn0053093,0,0,0.56020504,0.43979496,0.56020504,True
FBgn0053095,0,0,0.63980454,0.36019546,0.63980454,True
FBgn0053096,0,0,0.70384914,0.29615086,0.70384914,True
FBgn0053098,0,0,0.6897412,0.3102588,0.6897412,True
FBgn0053099,0,0,0.5487763,0.45122367,0.5487763,True
FBgn0053107,0,0,0.6829767,0.31702328,0.6829767,True
FBgn0053108,0,0,0.6215021,0.3784979,0.6215021,True
FBgn0053111,0,0,0.72472864,0.27527136,0.72472864,True
FBgn0053113,0,0,0.8839926,0.11600739,0.8839926,True
FBgn0053116,0,0,0.6725765,0.3274235,0.6725765,True
FBgn0053120,0,0,0.5431583,0.4568417,0.5431583,True
FBgn0053121,0,0,0.52768904,0.47231096,0.52768904,True
FBgn0053124,0,0,0.6228377,0.37716228,0.6228377,True
FBgn0053125,0,0,0.62378025,0.37621975,0.62378025,True
FBgn0053126,0,0,0.7102654,0.2897346,0.7102654,True
FBgn0053128,0,0,0.64172083,0.35827917,0.64172083,True
FBgn0053129,0,0,0.63434315,0.36565685,0.63434315,True
FBgn0053138,0,0,0.6915539,0.3084461,0.6915539,True
FBgn0053140,0,0,0.5961778,0.40382218,0.5961778,True
FBgn0053147,0,0,0.68545425,0.31454575,0.68545425,True
FBgn0053158,0,0,0.6012264,0.3987736,0.6012264,True
FBgn0053159,0,0,0.57515615,0.42484385,0.57515615,True
FBgn0053160,0,0,0.70242184,0.29757816,0.70242184,True
FBgn0053170,0,0,0.4093875,0.59061253,0.59061253,True
FBgn0053172,0,0,0.5995002,0.40049982,0.5995002,True
FBgn0053178,0,0,0.6083629,0.3916371,0.6083629,True
FBgn0053181,0,0,0.56661254,0.43338746,0.56661254,True
FBgn0053189,0,0,0.64552665,0.35447335,0.64552665,True
FBgn0053191,0,0,0.5821719,0.41782808,0.5821719,True
FBgn0053194,0,0,0.47864115,0.52135885,0.52135885,True
FBgn0053198,0,0,0.47595125,0.52404875,0.52404875,True
FBgn0053199,0,0,0.7648348,0.23516518,0.7648348,True
FBgn0053202,0,0,0.8241421,0.1758579,0.8241421,True
FBgn0053207,0,0,0.6200788,0.3799212,0.6200788,True
FBgn0053208,0,0,0.65544456,0.34455544,0.65544456,True
FBgn0053229,0,0,0.5623745,0.43762553,0.5623745,True
FBgn0053252,0,0,0.50154376,0.49845624,0.50154376,True
FBgn0053260,0,0,0.6347835,0.3652165,0.6347835,True
FBgn0053262,0,0,0.47057635,0.52942365,0.52942365,True
FBgn0053263,0,0,0.5676987,0.43230128,0.5676987,True
FBgn0053265,0,0,0.500358,0.499642,0.500358,True
FBgn0053278,0,0,0.67913204,0.32086796,0.67913204,True
FBgn0053281,0,0,0.6261287,0.37387133,0.6261287,True
FBgn0053282,0,0,0.64858925,0.35141075,0.64858925,True
FBgn0053286,0,0,0.60408765,0.39591235,0.60408765,True
FBgn0053290,0,0,0.64734435,0.35265565,0.64734435,True
FBgn0053299,0,0,0.52745354,0.47254646,0.52745354,True
FBgn0053306,0,0,0.62180454,0.37819546,0.62180454,True
FBgn0053307,0,0,0.6075522,0.39244783,0.6075522,True
FBgn0053310,0,0,0.5910796,0.4089204,0.5910796,True
FBgn0053322,0,0,0.5853905,0.4146095,0.5853905,True
FBgn0053325,0,0,0.57448685,0.42551315,0.57448685,True
FBgn0053333,0,0,0.5562947,0.44370532,0.5562947,True
FBgn0053340,0,0,0.9085409,0.091459095,0.9085409,True
FBgn0053346,0,0,0.6526558,0.34734422,0.6526558,True
FBgn0053348,0,0,0.6156561,0.38434392,0.6156561,True
FBgn0053453,0,0,0.4710798,0.5289202,0.5289202,True
FBgn0053458,0,0,0.48796797,0.51203203,0.51203203,True
FBgn0053462,0,0,0.57631195,0.42368805,0.57631195,True
FBgn0053468,0,0,0.4665036,0.5334964,0.5334964,True
FBgn0053474,0,0,0.58394176,0.41605824,0.58394176,True
FBgn0053481,0,0,0.48643804,0.51356196,0.51356196,True
FBgn0053489,0,0,0.6372916,0.3627084,0.6372916,True
FBgn0053490,0,0,0.6534281,0.34657192,0.6534281,True
FBgn0053493,0,0,0.67881113,0.32118887,0.67881113,True
FBgn0053494,0,0,0.5893614,0.41063857,0.5893614,True
FBgn0053506,0,0,0.67492706,0.32507294,0.67492706,True
FBgn0053508,0,0,0.6366326,0.36336738,0.6366326,True
FBgn0053509,0,0,0.5431304,0.4568696,0.5431304,True
FBgn0053510,0,0,0.5649215,0.4350785,0.5649215,True
FBgn0053512,0,0,0.7227069,0.2772931,0.7227069,True
FBgn0053517,0,0,0.5677546,0.43224537,0.5677546,True
FBgn0053519,0,0,0.6315513,0.36844867,0.6315513,True
FBgn0053523,0,0,0.67080873,0.32919127,0.67080873,True
FBgn0053530,0,0,0.5269123,0.47308773,0.5269123,True
FBgn0053531,0,0,0.5933201,0.40667993,0.5933201,True
FBgn0053533,0,0,0.6144058,0.3855942,0.6144058,True
FBgn0053542,0,0,0.93449557,0.06550443,0.93449557,True
FBgn0053543,0,0,0.6851816,0.31481838,0.6851816,True
FBgn0053544,0,0,0.43990788,0.5600921,0.5600921,True
FBgn0053547,0,0,0.639501,0.36049902,0.639501,True
FBgn0053548,0,0,0.68558836,0.31441164,0.68558836,True
FBgn0053552,0,0,0.6161521,0.3838479,0.6161521,True
FBgn0053556,0,0,0.6225834,0.3774166,0.6225834,True
FBgn0053557,0,0,0.6630784,0.33692157,0.6630784,True
FBgn0053558,0,0,0.61465514,0.38534486,0.61465514,True
FBgn0053635,0,0,0.48318988,0.5168101,0.5168101,True
FBgn0053639,0,0,0.63761127,0.36238873,0.63761127,True
FBgn0053641,0,0,0.52848583,0.47151417,0.52848583,True
FBgn0053642,0,0,0.6064901,0.39350992,0.6064901,True
FBgn0053643,0,0,0.4914989,0.5085011,0.5085011,True
FBgn0053644,0,0,0.5751023,0.42489767,0.5751023,True
FBgn0053680,0,0,0.5005689,0.49943107,0.5005689,True
FBgn0053688,0,0,0.45165282,0.5483472,0.5483472,True
FBgn0053696,0,0,0.6333374,0.36666262,0.6333374,True
FBgn0053704,0,0,0.6611966,0.3388034,0.6611966,True
FBgn0053710,0,0,0.46727163,0.5327284,0.5327284,True
FBgn0053768,0,0,0.5454507,0.4545493,0.5454507,True
FBgn0053770,0,0,0.6290932,0.37090677,0.6290932,True
FBgn0053771,0,0,0.6457405,0.3542595,0.6457405,True
FBgn0053772,0,0,0.55755365,0.44244635,0.55755365,True
FBgn0053795,0,0,0.46940982,0.5305902,0.5305902,True
FBgn0053798,0,0,0.56069565,0.43930435,0.56069565,True
FBgn0053922,0,0,0.44549924,0.55450076,0.55450076,True
FBgn0053958,0,0,0.65467525,0.34532475,0.65467525,True
FBgn0053966,0,0,0.6325037,0.3674963,0.6325037,True
FBgn0053969,0,0,0.6445062,0.35549378,0.6445062,True
FBgn0053983,0,0,0.5312152,0.4687848,0.5312152,True
FBgn0053993,0,0,0.6300816,0.3699184,0.6300816,True
FBgn0054010,0,0,0.50262576,0.49737424,0.50262576,True
FBgn0054021,0,0,0.49858567,0.5014143,0.5014143,True
FBgn0054031,0,0,0.5015732,0.4984268,0.5015732,True
FBgn0054056,0,0,0.61791164,0.38208836,0.61791164,True
FBgn0058002,0,0,0.48459777,0.5154022,0.5154022,True
FBgn0058045,0,0,0.6683796,0.3316204,0.6683796,True
FBgn0061196,0,0,0.62797505,0.37202495,0.62797505,True
FBgn0061197,0,0,0.6256423,0.3743577,0.6256423,True
FBgn0061356,0,0,0.6079445,0.3920555,0.6079445,True
FBgn0061435,0,0,0.44333458,0.5566654,0.5566654,True
FBgn0061476,0,0,0.60035783,0.39964217,0.60035783,True
FBgn0062442,0,0,0.76185846,0.23814154,0.76185846,True
FBgn0062449,0,0,0.7277295,0.2722705,0.7277295,True
FBgn0063261,0,0,0.55076075,0.44923925,0.55076075,True
FBgn0063491,0,0,0.58839935,0.41160065,0.58839935,True
FBgn0063493,0,0,0.6849654,0.31503463,0.6849654,True
FBgn0063494,0,0,0.6854912,0.3145088,0.6854912,True
FBgn0063495,0,0,0.78229326,0.21770674,0.78229326,True
FBgn0063496,0,0,0.70692855,0.29307145,0.70692855,True
FBgn0063497,0,0,0.6942412,0.30575877,0.6942412,True
FBgn0063498,0,0,0.56808996,0.43191004,0.56808996,True
FBgn0063499,0,0,0.68967855,0.31032145,0.68967855,True
FBgn0063649,0,0,0.6472838,0.3527162,0.6472838,True
FBgn0064123,0,0,0.60329133,0.39670867,0.60329133,True
FBgn0064126,0,0,0.6861488,0.31385118,0.6861488,True
FBgn0064766,0,0,0.6021633,0.3978367,0.6021633,True
FBgn0065035,0,0,0.63575715,0.36424285,0.63575715,True
FBgn0065108,0,0,0.6069084,0.39309162,0.6069084,True
FBgn0065109,0,0,0.590485,0.40951502,0.590485,True
FBgn0065110,0,0,0.523145,0.47685498,0.523145,True
FBgn0066084,0,0,0.697171,0.30282903,0.697171,True
FBgn0066101,0,0,0.5564808,0.44351918,0.5564808,True
FBgn0066293,0,0,0.5320583,0.4679417,0.5320583,True
FBgn0066365,0,0,0.7394793,0.2605207,0.7394793,True
FBgn0067052,0,0,0.63702226,0.36297774,0.63702226,True
FBgn0067311,0,0,0.46239302,0.53760695,0.53760695,True
FBgn0067317,0,0,0.6642109,0.33578908,0.6642109,True
FBgn0067628,0,0,0.66839,0.33161002,0.66839,True
FBgn0067629,0,0,0.55929816,0.44070184,0.55929816,True
FBgn0082585,0,0,0.6133483,0.3866517,0.6133483,True
FBgn0083141,0,0,0.58577526,0.41422474,0.58577526,True
FBgn0083228,0,0,0.75224936,0.24775064,0.75224936,True
FBgn0083940,0,0,0.59087914,0.40912086,0.59087914,True
FBgn0083945,0,0,0.65655744,0.34344256,0.65655744,True
FBgn0083946,0,0,0.6302507,0.3697493,0.6302507,True
FBgn0083950,0,0,0.69748145,0.30251855,0.69748145,True
FBgn0083951,0,0,0.47522402,0.524776,0.524776,True
FBgn0083956,0,0,0.80105877,0.19894123,0.80105877,True
FBgn0083960,0,0,0.666708,0.333292,0.666708,True
FBgn0083962,0,0,0.64381254,0.35618746,0.64381254,True
FBgn0083965,0,0,0.5869975,0.4130025,0.5869975,True
FBgn0083966,0,0,0.626489,0.37351102,0.626489,True
FBgn0083969,0,0,0.5958792,0.4041208,0.5958792,True
FBgn0083975,0,0,0.62913954,0.37086046,0.62913954,True
FBgn0083976,0,0,0.70050967,0.29949033,0.70050967,True
FBgn0083979,0,0,0.6699726,0.3300274,0.6699726,True
FBgn0083992,0,0,0.6408671,0.3591329,0.6408671,True
FBgn0085197,0,0,0.4472477,0.55275226,0.55275226,True
FBgn0085224,0,0,0.6850957,0.31490427,0.6850957,True
FBgn0085256,0,0,0.650111,0.34988898,0.650111,True
FBgn0085282,0,0,0.6120754,0.3879246,0.6120754,True
FBgn0085305,0,0,0.47664446,0.52335554,0.52335554,True
FBgn0085310,0,0,0.42747664,0.57252336,0.57252336,True
FBgn0085311,0,0,0.7823812,0.21761882,0.7823812,True
FBgn0085354,0,0,0.7376918,0.26230818,0.7376918,True
FBgn0085356,0,0,0.66706043,0.33293957,0.66706043,True
FBgn0085358,0,0,0.51501673,0.48498327,0.51501673,True
FBgn0085360,0,0,0.54573727,0.45426273,0.54573727,True
FBgn0085371,0,0,0.6350012,0.36499882,0.6350012,True
FBgn0085376,0,0,0.6222454,0.37775463,0.6222454,True
FBgn0085377,0,0,0.6644097,0.3355903,0.6644097,True
FBgn0085380,0,0,0.7572484,0.2427516,0.7572484,True
FBgn0085382,0,0,0.6310798,0.3689202,0.6310798,True
FBgn0085384,0,0,0.628482,0.37151802,0.628482,True
FBgn0085386,0,0,0.62285423,0.37714577,0.62285423,True
FBgn0085391,0,1,0.9682007,0.031799316,0.9682007,False
FBgn0085395,0,0,0.6560852,0.3439148,0.6560852,True
FBgn0085396,0,0,0.69143784,0.30856216,0.69143784,True
FBgn0085397,0,0,0.61337125,0.38662875,0.61337125,True
FBgn0085398,0,0,0.752458,0.24754202,0.752458,True
FBgn0085399,0,0,0.657074,0.34292603,0.657074,True
FBgn0085400,0,0,0.65236914,0.34763086,0.65236914,True
FBgn0085404,0,0,0.7213193,0.27868068,0.7213193,True
FBgn0085407,0,0,0.57683015,0.42316985,0.57683015,True
FBgn0085409,0,0,0.64120436,0.35879564,0.64120436,True
FBgn0085410,0,0,0.73641527,0.26358473,0.73641527,True
FBgn0085411,0,0,0.60029626,0.39970374,0.60029626,True
FBgn0085412,0,0,0.6455671,0.35443288,0.6455671,True
FBgn0085413,0,0,0.65226203,0.34773797,0.65226203,True
FBgn0085414,0,0,0.6385603,0.3614397,0.6385603,True
FBgn0085419,0,0,0.72765225,0.27234775,0.72765225,True
FBgn0085420,0,0,0.5426546,0.45734543,0.5426546,True
FBgn0085421,0,0,0.69438285,0.30561715,0.69438285,True
FBgn0085422,0,0,0.6373236,0.36267638,0.6373236,True
FBgn0085425,0,0,0.7429489,0.2570511,0.7429489,True
FBgn0085426,0,0,0.75332505,0.24667495,0.75332505,True
FBgn0085427,0,0,0.6142176,0.38578242,0.6142176,True
FBgn0085428,0,0,0.64266545,0.35733455,0.64266545,True
FBgn0085431,0,0,0.66955674,0.33044326,0.66955674,True
FBgn0085433,0,0,0.7093403,0.29065973,0.7093403,True
FBgn0085434,0,0,0.63385224,0.36614776,0.63385224,True
FBgn0085437,0,0,0.6656529,0.33434713,0.6656529,True
FBgn0085438,0,0,0.58645594,0.41354406,0.58645594,True
FBgn0085440,0,0,0.6180747,0.38192528,0.6180747,True
FBgn0085443,0,0,0.64497447,0.35502553,0.64497447,True
FBgn0085446,0,0,0.59530497,0.40469503,0.59530497,True
FBgn0085447,0,0,0.6286715,0.37132847,0.6286715,True
FBgn0085453,0,0,0.7062322,0.2937678,0.7062322,True
FBgn0085457,0,0,0.6360564,0.36394358,0.6360564,True
FBgn0085465,0,0,0.50655156,0.49344844,0.50655156,True
FBgn0085473,0,0,0.5106378,0.48936218,0.5106378,True
FBgn0085474,0,0,0.6458105,0.35418952,0.6458105,True
FBgn0085488,0,0,0.5502739,0.4497261,0.5502739,True
FBgn0085491,0,0,0.57877654,0.42122346,0.57877654,True
FBgn0086254,0,0,0.7520504,0.2479496,0.7520504,True
FBgn0086266,0,0,0.5959074,0.4040926,0.5959074,True
FBgn0086346,0,0,0.67971516,0.32028484,0.67971516,True
FBgn0086347,0,0,0.5949623,0.4050377,0.5949623,True
FBgn0086348,0,0,0.6720036,0.32799637,0.6720036,True
FBgn0086350,0,0,0.50691503,0.49308497,0.50691503,True
FBgn0086367,0,0,0.7086243,0.2913757,0.7086243,True
FBgn0086408,0,0,0.700195,0.299805,0.700195,True
FBgn0086450,0,0,0.69869024,0.30130976,0.69869024,True
FBgn0086472,0,1,0.97368115,0.026318848,0.97368115,False
FBgn0086519,0,0,0.8296352,0.1703648,0.8296352,True
FBgn0086558,0,0,0.885826,0.11417401,0.885826,True
FBgn0086605,0,0,0.64896476,0.35103524,0.64896476,True
FBgn0086673,0,0,0.59064645,0.40935355,0.59064645,True
FBgn0086675,0,0,0.68033916,0.31966084,0.68033916,True
FBgn0086679,0,0,0.6777004,0.3222996,0.6777004,True
FBgn0086683,0,0,0.5667315,0.4332685,0.5667315,True
FBgn0086687,0,0,0.64056927,0.35943073,0.64056927,True
FBgn0086704,0,0,0.81990695,0.18009305,0.81990695,True
FBgn0086778,0,0,0.69034636,0.30965364,0.69034636,True
FBgn0086855,0,0,0.6597519,0.3402481,0.6597519,True
FBgn0086898,0,0,0.64446336,0.35553664,0.64446336,True
FBgn0086907,0,0,0.49757624,0.50242376,0.50242376,True
FBgn0086909,0,0,0.5797923,0.42020768,0.5797923,True
FBgn0086913,0,0,0.6482614,0.35173857,0.6482614,True
FBgn0087005,0,0,0.7795498,0.22045022,0.7795498,True
FBgn0087035,0,0,0.6194417,0.3805583,0.6194417,True
FBgn0087039,0,0,0.6713681,0.32863188,0.6713681,True
FBgn0243513,0,0,0.58918834,0.41081166,0.58918834,True
FBgn0243514,0,0,0.5119966,0.48800337,0.5119966,True
FBgn0243516,0,0,0.64966047,0.35033953,0.64966047,True
FBgn0250754,0,0,0.6315106,0.36848938,0.6315106,True
FBgn0250755,0,0,0.6173494,0.3826506,0.6173494,True
FBgn0250757,0,0,0.6716404,0.3283596,0.6716404,True
FBgn0250815,0,0,0.94198054,0.05801946,0.94198054,True
FBgn0250816,0,0,0.6205048,0.3794952,0.6205048,True
FBgn0250819,0,0,0.50970423,0.49029577,0.50970423,True
FBgn0250821,0,0,0.6620796,0.33792043,0.6620796,True
FBgn0250831,0,0,0.4121674,0.58783257,0.58783257,True
FBgn0250834,0,0,0.5099443,0.49005568,0.5099443,True
FBgn0250835,0,0,0.6929328,0.30706722,0.6929328,True
FBgn0250836,0,0,0.7196265,0.2803735,0.7196265,True
FBgn0250837,0,0,0.68224627,0.31775373,0.68224627,True
FBgn0250841,0,0,0.6275953,0.3724047,0.6275953,True
FBgn0250842,0,0,0.6327971,0.36720288,0.6327971,True
FBgn0250845,0,0,0.6157732,0.3842268,0.6157732,True
FBgn0250849,0,0,0.6269419,0.37305808,0.6269419,True
FBgn0250862,0,0,0.66246223,0.33753777,0.66246223,True
FBgn0250867,0,0,0.548469,0.451531,0.548469,True
FBgn0250904,0,0,0.6461259,0.3538741,0.6461259,True
FBgn0250908,0,0,0.6704814,0.32951862,0.6704814,True
FBgn0250910,0,0,0.6613832,0.3386168,0.6613832,True
FBgn0259099,0,0,0.6100918,0.3899082,0.6100918,True
FBgn0259101,0,0,0.65012246,0.34987754,0.65012246,True
FBgn0259110,0,0,0.6490838,0.3509162,0.6490838,True
FBgn0259140,0,0,0.60925084,0.39074916,0.60925084,True
FBgn0259146,0,0,0.6380119,0.36198813,0.6380119,True
FBgn0259149,0,0,0.6362227,0.36377728,0.6362227,True
FBgn0259150,0,0,0.63578767,0.36421233,0.63578767,True
FBgn0259151,0,0,0.60717815,0.39282185,0.60717815,True
FBgn0259152,0,0,0.6343133,0.3656867,0.6343133,True
FBgn0259163,0,0,0.63045,0.36955,0.63045,True
FBgn0259166,0,0,0.6377974,0.36220258,0.6377974,True
FBgn0259167,0,0,0.6465648,0.35343522,0.6465648,True
FBgn0259170,0,0,0.77498454,0.22501546,0.77498454,True
FBgn0259171,0,0,0.61658615,0.38341385,0.61658615,True
FBgn0259173,0,0,0.64983064,0.35016936,0.64983064,True
FBgn0259174,0,0,0.6351544,0.36484557,0.6351544,True
FBgn0259175,0,0,0.6760914,0.32390863,0.6760914,True
FBgn0259178,0,0,0.6309787,0.3690213,0.6309787,True
FBgn0259179,0,0,0.61560065,0.38439935,0.61560065,True
FBgn0259184,0,0,0.44002184,0.5599781,0.5599781,True
FBgn0259188,0,0,0.592276,0.40772402,0.592276,True
FBgn0259192,0,0,0.59758896,0.40241104,0.59758896,True
FBgn0259194,0,0,0.6056714,0.3943286,0.6056714,True
FBgn0259195,0,0,0.6270768,0.3729232,0.6270768,True
FBgn0259196,0,0,0.60757315,0.39242685,0.60757315,True
FBgn0259209,0,0,0.6785892,0.32141078,0.6785892,True
FBgn0259210,0,0,0.63937527,0.36062473,0.63937527,True
FBgn0259213,0,0,0.6612991,0.3387009,0.6612991,True
FBgn0259215,0,0,0.64749926,0.35250074,0.64749926,True
FBgn0259219,0,0,0.8263053,0.17369467,0.8263053,True
FBgn0259221,0,0,0.63048714,0.36951286,0.63048714,True
FBgn0259223,0,0,0.6615874,0.33841258,0.6615874,True
FBgn0259224,0,0,0.65194046,0.34805954,0.65194046,True
FBgn0259226,0,0,0.6394217,0.3605783,0.6394217,True
FBgn0259227,0,0,0.62872404,0.37127596,0.62872404,True
FBgn0259229,0,0,0.6579477,0.34205228,0.6579477,True
FBgn0259233,0,0,0.6423785,0.3576215,0.6423785,True
FBgn0259234,0,0,0.6739274,0.32607257,0.6739274,True
FBgn0259236,0,0,0.66797197,0.33202803,0.66797197,True
FBgn0259237,0,0,0.66733533,0.33266467,0.66733533,True
FBgn0259238,0,0,0.81381565,0.18618435,0.81381565,True
FBgn0259242,0,0,0.6138019,0.3861981,0.6138019,True
FBgn0259244,0,0,0.64145124,0.35854876,0.64145124,True
FBgn0259245,0,0,0.604316,0.395684,0.604316,True
FBgn0259481,0,0,0.591059,0.40894097,0.591059,True
FBgn0259482,0,0,0.5953555,0.4046445,0.5953555,True
FBgn0259677,0,0,0.6315594,0.36844063,0.6315594,True
FBgn0259678,0,0,0.66311777,0.33688223,0.66311777,True
FBgn0259680,0,0,0.60390764,0.39609236,0.60390764,True
FBgn0259682,0,0,0.6070131,0.3929869,0.6070131,True
FBgn0259699,0,0,0.6108511,0.3891489,0.6108511,True
FBgn0259701,0,0,0.63328326,0.36671674,0.63328326,True
FBgn0259704,0,0,0.6464995,0.3535005,0.6464995,True
FBgn0259707,0,0,0.8289501,0.1710499,0.8289501,True
FBgn0259713,0,0,0.68616146,0.31383854,0.68616146,True
FBgn0259714,0,0,0.65098053,0.34901947,0.65098053,True
FBgn0259715,0,0,0.7032722,0.29672778,0.7032722,True
FBgn0259716,0,0,0.6502649,0.34973508,0.6502649,True
FBgn0259729,0,0,0.6417102,0.35828978,0.6417102,True
FBgn0259734,0,0,0.74644923,0.25355077,0.74644923,True
FBgn0259735,0,0,0.6435223,0.35647768,0.6435223,True
FBgn0259742,0,0,0.58898,0.41101998,0.58898,True
FBgn0259794,0,0,0.7666281,0.23337191,0.7666281,True
FBgn0259795,0,0,0.81974643,0.18025357,0.81974643,True
FBgn0259818,0,0,0.6272314,0.37276858,0.6272314,True
FBgn0259821,0,0,0.60247505,0.39752495,0.60247505,True
FBgn0259831,0,0,0.40741536,0.5925846,0.5925846,True
FBgn0259878,0,0,0.56513536,0.43486464,0.56513536,True
FBgn0259896,0,0,0.5261919,0.4738081,0.5261919,True
FBgn0259916,0,0,0.60876316,0.39123684,0.60876316,True
FBgn0259926,0,0,0.65972775,0.34027225,0.65972775,True
FBgn0259927,0,0,0.63443834,0.36556166,0.63443834,True
FBgn0259953,0,0,0.47470716,0.5252929,0.5252929,True
FBgn0259977,0,0,0.66982734,0.33017266,0.66982734,True
FBgn0259979,0,0,0.59522456,0.40477544,0.59522456,True
FBgn0259985,0,0,0.5726214,0.4273786,0.5726214,True
FBgn0259998,0,0,0.9402479,0.059752107,0.9402479,True
FBgn0260000,0,0,0.7261406,0.27385938,0.7261406,True
FBgn0260004,0,0,0.6634555,0.3365445,0.6634555,True
FBgn0260388,0,0,0.6516367,0.34836328,0.6516367,True
FBgn0260393,0,0,0.6643859,0.3356141,0.6643859,True
FBgn0260398,0,0,0.6375229,0.36247712,0.6375229,True
FBgn0260444,0,0,0.6225255,0.3774745,0.6225255,True
FBgn0260450,0,0,0.69115615,0.30884385,0.69115615,True
FBgn0260452,0,0,0.49101523,0.5089848,0.5089848,True
FBgn0260459,0,0,0.59862936,0.40137064,0.59862936,True
FBgn0260461,0,0,0.6758229,0.3241771,0.6758229,True
FBgn0260462,0,0,0.639897,0.360103,0.639897,True
FBgn0260464,0,0,0.6019482,0.3980518,0.6019482,True
FBgn0260467,0,0,0.64409053,0.35590947,0.64409053,True
FBgn0260470,0,0,0.7949172,0.20508277,0.7949172,True
FBgn0260474,0,0,0.6526792,0.3473208,0.6526792,True
FBgn0260475,0,0,0.5954113,0.4045887,0.5954113,True
FBgn0260481,0,0,0.6210722,0.37892783,0.6210722,True
FBgn0260482,0,0,0.9338435,0.06615651,0.9338435,True
FBgn0260486,0,0,0.6439763,0.35602373,0.6439763,True
FBgn0260499,0,0,0.6193122,0.38068777,0.6193122,True
FBgn0260634,0,0,0.65504324,0.34495676,0.65504324,True
FBgn0260648,0,0,0.5827099,0.4172901,0.5827099,True
FBgn0260657,0,0,0.816266,0.183734,0.816266,True
FBgn0260658,0,0,0.6523682,0.3476318,0.6523682,True
FBgn0260659,0,0,0.5825284,0.4174716,0.5825284,True
FBgn0260660,0,0,0.66915363,0.33084637,0.66915363,True
FBgn0260741,0,0,0.5683518,0.4316482,0.5683518,True
FBgn0260742,0,0,0.63529307,0.36470693,0.63529307,True
FBgn0260745,0,0,0.72473365,0.27526635,0.72473365,True
FBgn0260746,0,0,0.64289814,0.35710186,0.64289814,True
FBgn0260747,0,0,0.71116364,0.28883636,0.71116364,True
FBgn0260750,0,0,0.6696949,0.3303051,0.6696949,True
FBgn0260753,0,0,0.6408489,0.35915112,0.6408489,True
FBgn0260758,0,0,0.68600065,0.31399935,0.68600065,True
FBgn0260764,0,0,0.51560503,0.48439497,0.51560503,True
FBgn0260766,0,0,0.653792,0.34620798,0.653792,True
FBgn0260767,0,0,0.7473282,0.25267178,0.7473282,True
FBgn0260793,0,0,0.61415136,0.38584864,0.61415136,True
FBgn0260798,0,0,0.5329665,0.4670335,0.5329665,True
FBgn0260862,0,0,0.74198174,0.25801826,0.74198174,True
FBgn0260866,0,0,0.75253284,0.24746716,0.75253284,True
FBgn0260874,0,0,0.5932543,0.40674567,0.5932543,True
FBgn0260932,0,0,0.54737884,0.45262116,0.54737884,True
FBgn0260942,0,0,0.66887414,0.33112586,0.66887414,True
FBgn0260943,0,0,0.6585563,0.34144372,0.6585563,True
FBgn0260986,0,0,0.7241178,0.27588218,0.7241178,True
FBgn0261015,0,0,0.6408728,0.35912722,0.6408728,True
FBgn0261016,0,0,0.6529361,0.3470639,0.6529361,True
FBgn0261046,0,0,0.64768076,0.35231924,0.64768076,True
FBgn0261053,0,0,0.6111007,0.38889933,0.6111007,True
FBgn0261067,0,0,0.57143664,0.42856336,0.57143664,True
FBgn0261086,0,0,0.6790405,0.3209595,0.6790405,True
FBgn0261090,0,0,0.6450588,0.3549412,0.6450588,True
FBgn0261113,0,0,0.5875727,0.4124273,0.5875727,True
FBgn0261239,0,0,0.64637744,0.35362256,0.64637744,True
FBgn0261258,0,0,0.68048245,0.31951755,0.68048245,True
FBgn0261262,0,0,0.600028,0.39997202,0.600028,True
FBgn0261266,0,0,0.7146514,0.2853486,0.7146514,True
FBgn0261285,0,0,0.6593904,0.3406096,0.6593904,True
FBgn0261287,0,0,0.49647036,0.50352967,0.50352967,True
FBgn0261289,0,0,0.6677683,0.3322317,0.6677683,True
FBgn0261291,0,0,0.5083612,0.49163878,0.5083612,True
FBgn0261358,0,0,0.48374918,0.51625085,0.51625085,True
FBgn0261363,0,0,0.736515,0.263485,0.736515,True
FBgn0261393,0,0,0.5859952,0.4140048,0.5859952,True
FBgn0261395,0,0,0.6996805,0.3003195,0.6996805,True
FBgn0261401,0,0,0.645207,0.354793,0.645207,True
FBgn0261446,0,0,0.585675,0.414325,0.585675,True
FBgn0261461,0,0,0.638363,0.361637,0.638363,True
FBgn0261514,0,0,0.68106556,0.31893444,0.68106556,True
FBgn0261526,0,0,0.63533944,0.36466056,0.63533944,True
FBgn0261547,0,0,0.65315485,0.34684515,0.65315485,True
FBgn0261550,0,0,0.63900787,0.36099213,0.63900787,True
FBgn0261554,0,0,0.640578,0.35942203,0.640578,True
FBgn0261556,0,0,0.60928863,0.39071137,0.60928863,True
FBgn0261560,0,0,0.94579214,0.05420786,0.94579214,True
FBgn0261561,0,0,0.66992676,0.33007324,0.66992676,True
FBgn0261564,0,0,0.68157786,0.31842214,0.68157786,True
FBgn0261565,0,0,0.60929066,0.39070934,0.60929066,True
FBgn0261570,0,0,0.6351855,0.36481452,0.6351855,True
FBgn0261571,0,0,0.61187845,0.38812155,0.61187845,True
FBgn0261573,0,0,0.62052405,0.37947595,0.62052405,True
FBgn0261574,0,0,0.60227823,0.39772177,0.60227823,True
FBgn0261575,0,0,0.6557802,0.3442198,0.6557802,True
FBgn0261610,0,0,0.7030346,0.29696542,0.7030346,True
FBgn0261625,0,0,0.73353827,0.26646173,0.73353827,True
FBgn0261641,0,0,0.605442,0.394558,0.605442,True
FBgn0261647,0,0,0.5789926,0.4210074,0.5789926,True
FBgn0261673,0,0,0.80350184,0.19649816,0.80350184,True
FBgn0261679,0,0,0.8129059,0.18709409,0.8129059,True
FBgn0261686,0,0,0.45021975,0.54978025,0.54978025,True
FBgn0261698,0,0,0.6081072,0.3918928,0.6081072,True
FBgn0261714,0,0,0.6042109,0.3957891,0.6042109,True
FBgn0261723,0,0,0.67504036,0.32495964,0.67504036,True
FBgn0261787,0,0,0.6275488,0.3724512,0.6275488,True
FBgn0261802,0,0,0.6514264,0.34857363,0.6514264,True
FBgn0261803,0,0,0.93495095,0.06504905,0.93495095,True
FBgn0261804,0,0,0.63254356,0.36745644,0.63254356,True
FBgn0261858,0,0,0.44390905,0.55609095,0.55609095,True
FBgn0261859,0,0,0.6386054,0.36139458,0.6386054,True
FBgn0261862,0,0,0.6201027,0.3798973,0.6201027,True
FBgn0261928,0,0,0.620012,0.379988,0.620012,True
FBgn0261931,0,0,0.6064354,0.39356458,0.6064354,True
FBgn0261934,0,0,0.6613847,0.3386153,0.6613847,True
FBgn0261985,0,0,0.5967489,0.4032511,0.5967489,True
FBgn0261986,0,0,0.6115319,0.3884681,0.6115319,True
FBgn0261989,0,0,0.5182541,0.4817459,0.5182541,True
FBgn0261992,0,0,0.65385795,0.34614205,0.65385795,True
FBgn0261996,0,0,0.5446554,0.45534462,0.5446554,True
FBgn0261997,0,0,0.60388047,0.39611953,0.60388047,True
FBgn0261999,0,0,0.6507361,0.3492639,0.6507361,True
FBgn0262002,0,0,0.6464154,0.3535846,0.6464154,True
FBgn0262007,0,0,0.5997182,0.4002818,0.5997182,True
FBgn0262009,0,0,0.44979274,0.55020726,0.55020726,True
FBgn0262010,0,0,0.48159897,0.518401,0.518401,True
FBgn0262018,0,0,0.62759227,0.37240773,0.62759227,True
FBgn0262111,0,0,0.66824967,0.33175033,0.66824967,True
FBgn0262169,0,0,0.6711722,0.3288278,0.6711722,True
FBgn0262475,0,0,0.64047664,0.35952336,0.64047664,True
FBgn0262476,0,0,0.64430726,0.35569274,0.64430726,True
FBgn0262508,0,0,0.64666975,0.35333025,0.64666975,True
FBgn0262562,0,0,0.6320241,0.3679759,0.6320241,True
FBgn0262593,0,0,0.61908317,0.38091683,0.61908317,True
FBgn0262594,0,0,0.49022335,0.50977665,0.50977665,True
FBgn0262595,0,0,0.5764398,0.4235602,0.5764398,True
FBgn0262598,0,0,0.6396451,0.3603549,0.6396451,True
FBgn0262599,0,0,0.60131073,0.39868927,0.60131073,True
FBgn0262614,0,0,0.6102324,0.3897676,0.6102324,True
FBgn0262717,0,0,0.7582429,0.2417571,0.7582429,True
FBgn0262719,0,0,0.62972885,0.37027115,0.62972885,True
FBgn0262732,0,0,0.6946012,0.30539882,0.6946012,True
FBgn0262734,0,0,0.66026056,0.33973944,0.66026056,True
FBgn0262738,0,0,0.6266488,0.37335122,0.6266488,True
FBgn0262740,0,0,0.78958607,0.21041393,0.78958607,True
FBgn0262782,0,0,0.8655708,0.13442922,0.8655708,True
FBgn0262866,0,0,0.64551055,0.35448945,0.64551055,True
FBgn0262869,0,0,0.59927005,0.40072995,0.59927005,True
FBgn0262870,0,0,0.61235327,0.38764673,0.61235327,True
FBgn0263023,0,0,0.61643255,0.38356745,0.61643255,True
FBgn0263025,0,0,0.6478288,0.35217118,0.6478288,True
FBgn0263027,0,0,0.56359065,0.43640935,0.56359065,True
FBgn0263048,0,0,0.6415512,0.3584488,0.6415512,True
FBgn0263076,0,0,0.62169576,0.37830424,0.62169576,True
FBgn0263077,0,0,0.6527978,0.34720218,0.6527978,True
FBgn0263109,0,0,0.60780793,0.39219207,0.60780793,True
FBgn0263110,0,0,0.6455813,0.3544187,0.6455813,True
FBgn0263113,0,0,0.64626247,0.35373753,0.64626247,True
FBgn0263117,0,0,0.7217711,0.27822888,0.7217711,True
FBgn0263118,0,0,0.6021357,0.39786428,0.6021357,True
FBgn0263131,0,0,0.6266254,0.37337458,0.6266254,True
FBgn0263143,0,0,0.62593937,0.37406063,0.62593937,True
FBgn0263199,0,0,0.5774004,0.4225996,0.5774004,True
FBgn0263219,0,0,0.6329929,0.36700708,0.6329929,True
FBgn0263232,0,0,0.6149436,0.38505638,0.6149436,True
FBgn0263235,0,0,0.6117332,0.3882668,0.6117332,True
FBgn0263256,0,0,0.6542331,0.3457669,0.6542331,True
FBgn0263258,0,0,0.66037345,0.33962655,0.66037345,True
FBgn0263353,0,0,0.8088218,0.1911782,0.8088218,True
FBgn0263354,0,0,0.5912312,0.40876877,0.5912312,True
FBgn0263355,0,0,0.81157255,0.18842745,0.81157255,True
FBgn0263395,0,0,0.61359346,0.38640654,0.61359346,True
FBgn0263397,0,0,0.66543394,0.33456606,0.66543394,True
FBgn0263456,0,0,0.6258898,0.37411022,0.6258898,True
FBgn0263512,0,0,0.73541176,0.26458824,0.73541176,True
FBgn0263594,0,0,0.6586965,0.34130353,0.6586965,True
FBgn0263705,0,0,0.6401202,0.3598798,0.6401202,True
FBgn0263706,0,0,0.6678283,0.33217168,0.6678283,True
FBgn0263750,0,0,0.63093877,0.36906123,0.63093877,True
FBgn0263755,0,0,0.6231995,0.37680048,0.6231995,True
FBgn0263772,0,0,0.6072078,0.39279222,0.6072078,True
FBgn0263774,0,0,0.60617507,0.39382493,0.60617507,True
FBgn0263776,0,0,0.69869345,0.30130655,0.69869345,True
FBgn0263780,0,0,0.563517,0.43648303,0.563517,True
FBgn0263830,0,0,0.71477616,0.28522384,0.71477616,True
FBgn0263831,0,0,0.60042185,0.39957815,0.60042185,True
FBgn0263846,0,0,0.60483336,0.39516664,0.60483336,True
FBgn0263934,0,0,0.7643685,0.23563153,0.7643685,True
FBgn0263968,0,0,0.65074277,0.34925723,0.65074277,True
FBgn0263974,0,0,0.62844414,0.37155586,0.62844414,True
FBgn0263980,0,0,0.6825448,0.31745517,0.6825448,True
FBgn0263986,0,0,0.6196013,0.3803987,0.6196013,True
FBgn0263987,0,0,0.65149534,0.34850466,0.65149534,True
FBgn0263994,0,0,0.6383188,0.36168122,0.6383188,True
FBgn0264000,0,0,0.65551174,0.34448826,0.65551174,True
FBgn0264006,0,0,0.6076477,0.39235228,0.6076477,True
FBgn0264078,0,0,0.7020297,0.2979703,0.7020297,True
FBgn0264086,0,0,0.62986505,0.37013495,0.62986505,True
FBgn0264087,0,0,0.5960927,0.4039073,0.5960927,True
FBgn0264253,0,0,0.51523703,0.48476297,0.51523703,True
FBgn0264272,0,0,0.6658958,0.33410418,0.6658958,True
FBgn0264273,0,0,0.68158895,0.31841105,0.68158895,True
FBgn0264296,0,0,0.58225656,0.41774344,0.58225656,True
FBgn0264297,0,0,0.89428884,0.10571116,0.89428884,True
FBgn0264298,0,0,0.7022091,0.29779088,0.7022091,True
FBgn0264299,0,0,0.730849,0.26915097,0.730849,True
FBgn0264301,0,0,0.5484325,0.45156747,0.5484325,True
FBgn0264302,0,0,0.76594216,0.23405784,0.76594216,True
FBgn0264303,0,0,0.5549938,0.4450062,0.5549938,True
FBgn0264305,0,0,0.63665235,0.36334765,0.63665235,True
FBgn0264308,0,0,0.6361375,0.3638625,0.6361375,True
FBgn0264339,0,0,0.69294673,0.30705327,0.69294673,True
FBgn0264386,0,0,0.6210016,0.3789984,0.6210016,True
FBgn0264443,0,0,0.63214314,0.36785686,0.63214314,True
FBgn0264449,0,0,0.62899566,0.37100434,0.62899566,True
FBgn0264486,0,0,0.51625794,0.48374206,0.51625794,True
FBgn0264488,0,0,0.5939898,0.4060102,0.5939898,True
FBgn0264494,0,0,0.6379126,0.36208743,0.6379126,True
FBgn0264502,0,0,0.63371027,0.36628973,0.63371027,True
FBgn0264542,0,0,0.6387268,0.36127323,0.6387268,True
FBgn0264561,0,0,0.6390018,0.3609982,0.6390018,True
FBgn0264598,0,0,0.64157623,0.35842377,0.64157623,True
FBgn0264693,0,0,0.6678482,0.33215177,0.6678482,True
FBgn0264712,0,0,0.82419926,0.17580074,0.82419926,True
FBgn0264738,0,0,0.54816496,0.45183504,0.54816496,True
FBgn0264744,0,0,0.58729184,0.41270816,0.58729184,True
FBgn0264750,0,0,0.5049081,0.49509192,0.5049081,True
FBgn0264751,0,0,0.86600244,0.13399756,0.86600244,True
FBgn0264776,0,0,0.6358931,0.3641069,0.6358931,True
FBgn0264815,0,0,0.69907445,0.30092555,0.69907445,True
FBgn0264816,0,0,0.70021707,0.29978293,0.70021707,True
FBgn0264895,0,0,0.6566948,0.34330517,0.6566948,True
FBgn0264907,0,0,0.76536196,0.23463804,0.76536196,True
FBgn0264953,0,0,0.62698996,0.37301004,0.62698996,True
FBgn0264979,0,0,0.6690087,0.33099133,0.6690087,True
FBgn0265001,0,0,0.63789123,0.36210877,0.63789123,True
FBgn0265002,0,0,0.630499,0.369501,0.630499,True
FBgn0265003,0,0,0.66052,0.33947998,0.66052,True
FBgn0265042,0,0,0.63989365,0.36010635,0.63989365,True
FBgn0265048,0,0,0.66099316,0.33900684,0.66099316,True
FBgn0265052,0,0,0.6297842,0.37021577,0.6297842,True
FBgn0265082,0,0,0.61545205,0.38454795,0.61545205,True
FBgn0265102,0,0,0.65778124,0.34221876,0.65778124,True
FBgn0265138,0,0,0.653447,0.34655303,0.653447,True
FBgn0265139,0,0,0.584597,0.415403,0.584597,True
FBgn0265140,0,0,0.5954622,0.4045378,0.5954622,True
FBgn0265177,0,0,0.65300995,0.34699005,0.65300995,True
FBgn0265182,0,0,0.65632,0.34368002,0.65632,True
FBgn0265184,0,0,0.65599835,0.34400165,0.65599835,True
FBgn0265185,0,0,0.86124223,0.13875777,0.86124223,True
FBgn0265187,0,0,0.63664293,0.36335707,0.63664293,True
FBgn0265191,0,0,0.6003442,0.39965582,0.6003442,True
FBgn0265192,0,0,0.7874276,0.2125724,0.7874276,True
FBgn0265264,0,0,0.62980604,0.37019396,0.62980604,True
FBgn0265265,0,0,0.52414566,0.47585434,0.52414566,True
FBgn0265267,0,0,0.66667587,0.33332413,0.66667587,True
FBgn0265268,0,0,0.6547245,0.34527552,0.6547245,True
FBgn0265269,0,0,0.65541476,0.34458524,0.65541476,True
FBgn0265271,0,0,0.6833485,0.31665152,0.6833485,True
FBgn0265272,0,0,0.609624,0.39037597,0.609624,True
FBgn0265274,0,0,0.7846318,0.21536821,0.7846318,True
FBgn0265298,0,0,0.6873114,0.3126886,0.6873114,True
FBgn0265413,0,0,0.7099725,0.2900275,0.7099725,True
FBgn0265464,0,0,0.7890318,0.2109682,0.7890318,True
FBgn0265512,0,0,0.7106954,0.2893046,0.7106954,True
FBgn0265575,0,0,0.60824883,0.39175117,0.60824883,True
FBgn0265605,0,0,0.8283049,0.17169511,0.8283049,True
FBgn0265607,0,0,0.6601402,0.33985978,0.6601402,True
FBgn0265626,0,0,0.60210246,0.39789754,0.60210246,True
FBgn0265627,0,0,0.5711801,0.4288199,0.5711801,True
FBgn0265959,0,0,0.65249217,0.34750783,0.65249217,True
FBgn0265988,0,0,0.6532297,0.3467703,0.6532297,True
FBgn0266000,0,0,0.60709065,0.39290935,0.60709065,True
FBgn0266019,0,0,0.6360431,0.36395693,0.6360431,True
FBgn0266099,0,0,0.666875,0.333125,0.666875,True
FBgn0266101,0,0,0.6461894,0.3538106,0.6461894,True
FBgn0266111,0,0,0.6295299,0.3704701,0.6295299,True
FBgn0266124,0,0,0.5153017,0.4846983,0.5153017,True
FBgn0266129,0,0,0.6800842,0.31991577,0.6800842,True
FBgn0266137,0,0,0.66695076,0.33304924,0.66695076,True
FBgn0266377,0,0,0.7172626,0.28273737,0.7172626,True
FBgn0266409,0,0,0.6103833,0.38961673,0.6103833,True
FBgn0266420,0,0,0.6816313,0.31836867,0.6816313,True
FBgn0266429,0,0,0.6649242,0.3350758,0.6649242,True
FBgn0266430,0,0,0.69911313,0.30088687,0.69911313,True
FBgn0266435,0,0,0.6926259,0.30737412,0.6926259,True
FBgn0266437,0,0,0.6071279,0.3928721,0.6071279,True
FBgn0266439,0,0,0.7768368,0.22316319,0.7768368,True
FBgn0266442,0,0,0.6107105,0.3892895,0.6107105,True
FBgn0266449,0,0,0.7808554,0.21914458,0.7808554,True
FBgn0266465,0,0,0.61259586,0.38740414,0.61259586,True
FBgn0266566,0,0,0.6182499,0.3817501,0.6182499,True
FBgn0266570,0,0,0.61566734,0.38433266,0.61566734,True
FBgn0266579,0,0,0.8136084,0.18639159,0.8136084,True
FBgn0266667,0,0,0.65305996,0.34694004,0.65305996,True
FBgn0266696,0,0,0.6661057,0.3338943,0.6661057,True
FBgn0266709,0,0,0.7375829,0.26241708,0.7375829,True
FBgn0266710,0,0,0.5634905,0.4365095,0.5634905,True
FBgn0266717,0,0,0.6324887,0.36751127,0.6324887,True
FBgn0266720,0,0,0.8504969,0.14950311,0.8504969,True
FBgn0266721,0,0,0.590046,0.409954,0.590046,True
FBgn0266722,0,0,0.5313862,0.4686138,0.5313862,True
FBgn0266757,0,0,0.65502447,0.34497553,0.65502447,True
FBgn0266758,0,0,0.6055054,0.3944946,0.6055054,True
FBgn0266801,0,0,0.6615451,0.3384549,0.6615451,True
FBgn0267001,0,0,0.6399703,0.3600297,0.6399703,True
FBgn0267252,0,0,0.475045,0.52495503,0.52495503,True
FBgn0267253,0,0,0.6791904,0.3208096,0.6791904,True
FBgn0267327,0,0,0.42390624,0.5760938,0.5760938,True
FBgn0267337,0,0,0.69439757,0.30560243,0.69439757,True
FBgn0267351,0,0,0.61015475,0.38984525,0.61015475,True
FBgn0267363,0,0,0.62047,0.37953,0.62047,True
FBgn0267366,0,0,0.77442074,0.22557926,0.77442074,True
FBgn0267431,0,0,0.5752843,0.4247157,0.5752843,True
FBgn0267432,0,0,0.6232521,0.3767479,0.6232521,True
FBgn0267433,0,0,0.6120342,0.3879658,0.6120342,True
FBgn0267435,0,0,0.6265475,0.37345248,0.6265475,True
FBgn0267486,0,0,0.68149346,0.31850654,0.68149346,True
FBgn0267487,0,0,0.67840374,0.32159626,0.67840374,True
FBgn0267689,0,0,0.67863417,0.32136583,0.67863417,True
FBgn0267690,0,0,0.5388737,0.46112633,0.5388737,True
FBgn0267727,0,0,0.7385188,0.26148123,0.7385188,True
FBgn0267792,0,0,0.6386239,0.3613761,0.6386239,True
